element_kind,element_id,name,mode,pre_path_count_all,post_path_count_all,delta_path_count_all,abs_delta_path_count_all,pre_path_count_changed_od,post_path_count_changed_od,delta_path_count_changed_od,abs_delta_path_count_changed_od,link_type,route_id,service_no,line_name,from_node,to_node,from_name,to_name,time_min,distance_m
run_segment,MRTRUN::CC30->CC31,MRTRUN::CC30->CC31,mrt,0,4246,4246,4246,0,4246,4246,4246,mrt_run,CCL_RING,CCL,Circle Line,CC30,CC31,Keppel,Cantonment,2.0,
run_segment,MRTRUN::CC29->CC30,MRTRUN::CC29->CC30,mrt,0,3854,3854,3854,0,3854,3854,3854,mrt_run,CCL_RING,CCL,Circle Line,CC29,CC30,HarbourFront,Keppel,2.0,
run_segment,MRTRUN::CC31->CC32,MRTRUN::CC31->CC32,mrt,0,3854,3854,3854,0,3854,3854,3854,mrt_run,CCL_RING,CCL,Circle Line,CC31,CC32,Cantonment,Prince Edward Road,2.0,
run_segment,MRTRUN::CC32->CE2,MRTRUN::CC32->CE2,mrt,0,2402,2402,2402,0,2402,2402,2402,mrt_run,CCL_RING,CCL,Circle Line,CC32,CE2,Prince Edward Road,Marina Bay,2.0,
run_segment,MRTRUN::CC28->CC29,MRTRUN::CC28->CC29,mrt,2154,4125,1971,1971,1709,3680,1971,1971,mrt_run,CCL_1,CCL,Circle Line,CC28,CC29,Telok Blangah,HarbourFront,2.0,
run_segment,MRTRUN::EW16->EW15,MRTRUN::EW16->EW15,mrt,4548,2753,-1795,1795,1797,2,-1795,1795,mrt_run,EWL_2,EWL,East-West Line,EW16,EW15,Outram Park,Tanjong Pagar,1.0,
run_segment,MRTRUN::CC27->CC28,MRTRUN::CC27->CC28,mrt,1713,3446,1733,1733,1352,3085,1733,1733,mrt_run,CCL_1,CCL,Circle Line,CC27,CC28,Labrador Park,Telok Blangah,1.0,
run_segment,MRTRUN::NE1->NE3,MRTRUN::NE1->NE3,mrt,2460,733,-1727,1727,1729,2,-1727,1727,mrt_run,NEL_1,NEL,North East Line,NE1,NE3,HarbourFront,Outram Park,4.0,
run_segment,MRTRUN::CE2->CE1,MRTRUN::CE2->CE1,mrt,57,1666,1609,1609,54,1663,1609,1609,mrt_run,CCLe_2,CCLe,Circle Line Extension,CE2,CE1,Marina Bay,Bayfront,1.0,
run_segment,MRTRUN::CC26->CC27,MRTRUN::CC26->CC27,mrt,1269,2808,1539,1539,991,2530,1539,1539,mrt_run,CCL_1,CCL,Circle Line,CC26,CC27,Pasir Panjang,Labrador Park,2.0,
run_segment,MRTRUN::CC25->CC26,MRTRUN::CC25->CC26,mrt,329,1643,1314,1314,211,1525,1314,1314,mrt_run,CCL_1,CCL,Circle Line,CC25,CC26,Haw Par Villa,Pasir Panjang,2.0,
run_segment,MRTRUN::CC23->CC22,MRTRUN::CC23->CC22,mrt,2824,1582,-1242,1242,1242,0,-1242,1242,mrt_run,CCL_2,CCL,Circle Line,CC23,CC22,one-north,Buona Vista,1.0,
run_segment,MRTRUN::CC24->CC23,MRTRUN::CC24->CC23,mrt,2821,1582,-1239,1239,1239,0,-1239,1239,mrt_run,CCL_2,CCL,Circle Line,CC24,CC23,Kent Ridge,one-north,1.0,
run_segment,MRTRUN::EW17->EW16,MRTRUN::EW17->EW16,mrt,3824,2654,-1170,1170,1170,0,-1170,1170,mrt_run,EWL_2,EWL,East-West Line,EW17,EW16,Tiong Bahru,Outram Park,2.0,
run_segment,MRTRUN::EW18->EW17,MRTRUN::EW18->EW17,mrt,3484,2372,-1112,1112,1112,0,-1112,1112,mrt_run,EWL_2,EWL,East-West Line,EW18,EW17,Redhill,Tiong Bahru,2.0,
run_segment,MRTRUN::EW19->EW18,MRTRUN::EW19->EW18,mrt,3065,2044,-1021,1021,1021,0,-1021,1021,mrt_run,EWL_2,EWL,East-West Line,EW19,EW18,Queenstown,Redhill,2.0,
run_segment,MRTRUN::EW20->EW19,MRTRUN::EW20->EW19,mrt,2817,1836,-981,981,981,0,-981,981,mrt_run,EWL_2,EWL,East-West Line,EW20,EW19,Commonwealth,Queenstown,2.0,
run_segment,MRTRUN::EW21->EW20,MRTRUN::EW21->EW20,mrt,2817,1836,-981,981,981,0,-981,981,mrt_run,EWL_2,EWL,East-West Line,EW21,EW20,Buona Vista,Commonwealth,1.0,
run_segment,MRTRUN::NE3->NE4,MRTRUN::NE3->NE4,mrt,1076,313,-763,763,763,0,-763,763,mrt_run,NEL_1,NEL,North East Line,NE3,NE4,Outram Park,Chinatown,1.0,
run_segment,MRTRUN::DT19->DT18,MRTRUN::DT19->DT18,mrt,720,39,-681,681,681,0,-681,681,mrt_run,DTL_2,DTL,Downtown Line,DT19,DT18,Chinatown,Telok Ayer,1.0,
run_segment,MRTRUN::CE1->CC4,MRTRUN::CE1->CC4,mrt,0,666,666,666,0,666,666,666,mrt_run,CCLe_2,CCLe,Circle Line Extension,CE1,CC4,Bayfront,Promenade,2.0,
run_segment,MRTRUN::CC24->CC25,MRTRUN::CC24->CC25,mrt,34,692,658,658,34,692,658,658,mrt_run,CCL_1,CCL,Circle Line,CC24,CC25,Kent Ridge,Haw Par Villa,2.0,
run_segment,MRTRUN::EW15->EW14,MRTRUN::EW15->EW14,mrt,2147,1502,-645,645,645,0,-645,645,mrt_run,EWL_2,EWL,East-West Line,EW15,EW14,Tanjong Pagar,Raffles Place,2.0,
run_segment,MRTRUN::DT18->DT17,MRTRUN::DT18->DT17,mrt,654,39,-615,615,615,0,-615,615,mrt_run,DTL_2,DTL,Downtown Line,DT18,DT17,Telok Ayer,Downtown,1.0,
run_segment,MRTRUN::CC4->CC5,MRTRUN::CC4->CC5,mrt,0,571,571,571,0,571,571,571,mrt_run,CCL_1,CCL,Circle Line,CC4,CC5,Promenade,Nicoll Highway,1.0,
run_segment,MRTRUN::CC5->CC6,MRTRUN::CC5->CC6,mrt,0,571,571,571,0,571,571,571,mrt_run,CCL_1,CCL,Circle Line,CC5,CC6,Nicoll Highway,Stadium,2.0,
run_segment,MRTRUN::CC6->CC7,MRTRUN::CC6->CC7,mrt,0,571,571,571,0,571,571,571,mrt_run,CCL_1,CCL,Circle Line,CC6,CC7,Stadium,Mountbatten,1.0,
run_segment,MRTRUN::CC7->CC8,MRTRUN::CC7->CC8,mrt,0,571,571,571,0,571,571,571,mrt_run,CCL_1,CCL,Circle Line,CC7,CC8,Mountbatten,Dakota,1.0,
run_segment,MRTRUN::CC8->CC9,MRTRUN::CC8->CC9,mrt,0,571,571,571,0,571,571,571,mrt_run,CCL_1,CCL,Circle Line,CC8,CC9,Dakota,Paya Lebar,2.0,
run_segment,MRTRUN::TE18->TE19,MRTRUN::TE18->TE19,mrt,705,185,-520,520,520,0,-520,520,mrt_run,TEL_1,TEL,Thomson-East Coast Line,TE18,TE19,Maxwell,Shenton Way,1.0,
run_segment,MRTRUN::CC25->CC24,MRTRUN::CC25->CC24,mrt,837,350,-487,487,487,0,-487,487,mrt_run,CCL_2,CCL,Circle Line,CC25,CC24,Haw Par Villa,Kent Ridge,2.0,
run_segment,MRTRUN::EW13->EW12,MRTRUN::EW13->EW12,mrt,1662,1180,-482,482,482,0,-482,482,mrt_run,EWL_2,EWL,East-West Line,EW13,EW12,City Hall,Bugis,1.0,
run_segment,MRTRUN::EW14->EW13,MRTRUN::EW14->EW13,mrt,1662,1180,-482,482,482,0,-482,482,mrt_run,EWL_2,EWL,East-West Line,EW14,EW13,Raffles Place,City Hall,1.0,
run_segment,MRTRUN::EW10->EW9,MRTRUN::EW10->EW9,mrt,1632,1165,-467,467,467,0,-467,467,mrt_run,EWL_2,EWL,East-West Line,EW10,EW9,Kallang,Aljunied,2.0,
run_segment,MRTRUN::EW11->EW10,MRTRUN::EW11->EW10,mrt,1632,1165,-467,467,467,0,-467,467,mrt_run,EWL_2,EWL,East-West Line,EW11,EW10,Lavender,Kallang,1.0,
run_segment,MRTRUN::EW12->EW11,MRTRUN::EW12->EW11,mrt,1632,1165,-467,467,467,0,-467,467,mrt_run,EWL_2,EWL,East-West Line,EW12,EW11,Bugis,Lavender,1.0,
run_segment,MRTRUN::EW9->EW8,MRTRUN::EW9->EW8,mrt,1632,1165,-467,467,467,0,-467,467,mrt_run,EWL_2,EWL,East-West Line,EW9,EW8,Aljunied,Paya Lebar,2.0,
run_segment,MRTRUN::TE17->TE18,MRTRUN::TE17->TE18,mrt,862,409,-453,453,453,0,-453,453,mrt_run,TEL_1,TEL,Thomson-East Coast Line,TE17,TE18,Outram Park,Maxwell,1.0,
run_segment,MRTRUN::DT14->DT15,MRTRUN::DT14->DT15,mrt,414,57,-357,357,357,0,-357,357,mrt_run,DTL_1,DTL,Downtown Line,DT14,DT15,Bugis,Promenade,1.0,
run_segment,MRTRUN::DT15->DT16,MRTRUN::DT15->DT16,mrt,414,57,-357,357,357,0,-357,357,mrt_run,DTL_1,DTL,Downtown Line,DT15,DT16,Promenade,Bayfront,2.0,
run_segment,MRTRUN::CC20->CC19,MRTRUN::CC20->CC19,mrt,384,42,-342,342,342,0,-342,342,mrt_run,CCL_2,CCL,Circle Line,CC20,CC19,Farrer Road,Botanic Gardens,1.0,
run_segment,MRTRUN::CC21->CC20,MRTRUN::CC21->CC20,mrt,384,42,-342,342,342,0,-342,342,mrt_run,CCL_2,CCL,Circle Line,CC21,CC20,Holland Village,Farrer Road,2.0,
run_segment,MRTRUN::CC22->CC21,MRTRUN::CC22->CC21,mrt,384,42,-342,342,342,0,-342,342,mrt_run,CCL_2,CCL,Circle Line,CC22,CC21,Buona Vista,Holland Village,1.0,
run_segment,MRTRUN::DT10->DT11,MRTRUN::DT10->DT11,mrt,384,42,-342,342,342,0,-342,342,mrt_run,DTL_1,DTL,Downtown Line,DT10,DT11,Stevens,Newton,2.0,
run_segment,MRTRUN::DT11->DT12,MRTRUN::DT11->DT12,mrt,384,42,-342,342,342,0,-342,342,mrt_run,DTL_1,DTL,Downtown Line,DT11,DT12,Newton,Little India,2.0,
run_segment,MRTRUN::DT12->DT13,MRTRUN::DT12->DT13,mrt,384,42,-342,342,342,0,-342,342,mrt_run,DTL_1,DTL,Downtown Line,DT12,DT13,Little India,Rochor,2.0,
run_segment,MRTRUN::DT13->DT14,MRTRUN::DT13->DT14,mrt,384,42,-342,342,342,0,-342,342,mrt_run,DTL_1,DTL,Downtown Line,DT13,DT14,Rochor,Bugis,1.0,
run_segment,MRTRUN::DT9->DT10,MRTRUN::DT9->DT10,mrt,384,42,-342,342,342,0,-342,342,mrt_run,DTL_1,DTL,Downtown Line,DT9,DT10,Botanic Gardens,Stevens,1.0,
run_segment,BUSRUN::80_2::#7::05631->80_2::#8::05629,BUSRUN::80_2::#7::05631->80_2::#8::05629,bus,113,421,308,308,84,392,308,308,bus_run,80_2,80,,80_2::#7::05631,80_2::#8::05629,Blk 16,Opp Southpoint,0.745,200.0
run_segment,MRTRUN::DT17->DT16,MRTRUN::DT17->DT16,mrt,306,0,-306,306,306,0,-306,306,mrt_run,DTL_2,DTL,Downtown Line,DT17,DT16,Downtown,Bayfront,1.0,
run_segment,MRTRUN::TE19->TE20,MRTRUN::TE19->TE20,mrt,297,37,-260,260,260,0,-260,260,mrt_run,TEL_1,TEL,Thomson-East Coast Line,TE19,TE20,Shenton Way,Marina Bay,1.0,
run_segment,BUSRUN::145_2::#26::05641->145_2::#27::05651,BUSRUN::145_2::#26::05641->145_2::#27::05651,bus,358,107,-251,251,251,0,-251,251,bus_run,145_2,145,,145_2::#26::05641,145_2::#27::05651,Bef Cantonment Rd,Opp Fuji Xerox Twrs,0.745,200.0
run_segment,BUSRUN::80_2::#8::05629->80_2::#9::05651,BUSRUN::80_2::#8::05629->80_2::#9::05651,bus,51,290,239,239,30,269,239,239,bus_run,80_2,80,,80_2::#8::05629,80_2::#9::05651,Opp Southpoint,Opp Fuji Xerox Twrs,0.745,200.0
run_segment,BUSRUN::124_2::#15::14229->124_2::#16::10391,BUSRUN::124_2::#15::14229->124_2::#16::10391,bus,521,294,-227,227,227,0,-227,227,bus_run,124_2,124,,124_2::#15::14229,124_2::#16::10391,Ch of St. Teresa,Opp Melati Blk 2,1.863,500.0
run_segment,BUSRUN::124_2::#16::10391->124_2::#17::10049,BUSRUN::124_2::#16::10391->124_2::#17::10049,bus,521,294,-227,227,227,0,-227,227,bus_run,124_2,124,,124_2::#16::10391,124_2::#17::10049,Opp Melati Blk 2,Opp Kampong Bahru Ter,1.491,400.0
run_segment,BUSRUN::124_2::#17::10049->124_2::#18::10017,BUSRUN::124_2::#17::10049->124_2::#18::10017,bus,521,294,-227,227,227,0,-227,227,bus_run,124_2,124,,124_2::#17::10049,124_2::#18::10017,Opp Kampong Bahru Ter,Aft Hosp Dr,1.491,400.0
run_segment,BUSRUN::145_2::#24::14089->145_2::#25::14069,BUSRUN::145_2::#24::14089->145_2::#25::14069,bus,310,99,-211,211,211,0,-211,211,bus_run,145_2,145,,145_2::#24::14089,145_2::#25::14069,Opp Tg Pagar DP Blk F5,Former Railway Stn,2.981,800.0
run_segment,BUSRUN::145_2::#25::14069->145_2::#26::05641,BUSRUN::145_2::#25::14069->145_2::#26::05641,bus,310,99,-211,211,211,0,-211,211,bus_run,145_2,145,,145_2::#25::14069,145_2::#26::05641,Former Railway Stn,Bef Cantonment Rd,2.236,600.0
run_segment,BUSRUN::106_2::#3::03111->106_2::#4::03071,BUSRUN::106_2::#3::03111->106_2::#4::03071,bus,379,188,-191,191,191,0,-191,191,bus_run,106_2,106,,106_2::#3::03111,106_2::#4::03071,Aft Capital Twr,80 Robinson Rd,1.118,300.0
run_segment,BUSRUN::10_2::#22::14139->10_2::#23::14129,BUSRUN::10_2::#22::14139->10_2::#23::14129,bus,303,126,-177,177,177,0,-177,177,bus_run,10_2,10,,10_2::#22::14139,10_2::#23::14129,Bef Seah Im Rd,HarbourFront Stn Exit A,1.863,500.0
run_segment,BUSRUN::10_2::#17::15149->10_2::#18::14189,BUSRUN::10_2::#17::15149->10_2::#18::14189,bus,287,112,-175,175,175,0,-175,175,bus_run,10_2,10,,10_2::#17::15149,10_2::#18::14189,Opp Labrador Pk Stn,Aft Alexandra Rd,1.491,400.0
run_segment,BUSRUN::10_2::#18::14189->10_2::#19::14179,BUSRUN::10_2::#18::14189->10_2::#19::14179,bus,288,113,-175,175,175,0,-175,175,bus_run,10_2,10,,10_2::#18::14189,10_2::#19::14179,Aft Alexandra Rd,Yeo's Bldg,1.118,300.0
run_segment,BUSRUN::10_2::#19::14179->10_2::#20::14169,BUSRUN::10_2::#19::14179->10_2::#20::14169,bus,291,116,-175,175,175,0,-175,175,bus_run,10_2,10,,10_2::#19::14179,10_2::#20::14169,Yeo's Bldg,Opp Telok Blangah Stn,1.491,400.0
run_segment,BUSRUN::10_2::#20::14169->10_2::#21::14159,BUSRUN::10_2::#20::14169->10_2::#21::14159,bus,293,118,-175,175,175,0,-175,175,bus_run,10_2,10,,10_2::#20::14169,10_2::#21::14159,Opp Telok Blangah Stn,Hotel Faber Pk,1.863,500.0
run_segment,BUSRUN::10_2::#21::14159->10_2::#22::14139,BUSRUN::10_2::#21::14159->10_2::#22::14139,bus,296,121,-175,175,175,0,-175,175,bus_run,10_2,10,,10_2::#21::14159,10_2::#22::14139,Hotel Faber Pk,Bef Seah Im Rd,1.491,400.0
run_segment,BUSRUN::106_2::#4::03071->106_2::#5::03381,BUSRUN::106_2::#4::03071->106_2::#5::03381,bus,315,143,-172,172,172,0,-172,172,bus_run,106_2,106,,106_2::#4::03071,106_2::#5::03381,80 Robinson Rd,The Sail,2.236,600.0
run_segment,BUSRUN::10_2::#16::15159->10_2::#17::15149,BUSRUN::10_2::#16::15159->10_2::#17::15149,bus,269,102,-167,167,167,0,-167,167,bus_run,10_2,10,,10_2::#16::15159,10_2::#17::15149,Mapletree Business City,Opp Labrador Pk Stn,1.118,300.0
run_segment,MRTRUN::TE20->TE19,MRTRUN::TE20->TE19,mrt,0,166,166,166,0,166,166,166,mrt_run,TEL_2,TEL,Thomson-East Coast Line,TE20,TE19,Marina Bay,Shenton Way,1.0,
run_segment,BUSRUN::400_1::#2::03223->400_1::#3::03151,BUSRUN::400_1::#2::03223->400_1::#3::03151,bus,0,164,164,164,0,164,164,164,bus_run,400_1,400,,400_1::#2::03223,400_1::#3::03151,Tanjong Pagar Stn Exit C,Aft Telok Ayer St,1.491,400.0
run_segment,BUSRUN::10_2::#23::14129->10_2::#24::14119,BUSRUN::10_2::#23::14129->10_2::#24::14119,bus,289,128,-161,161,161,0,-161,161,bus_run,10_2,10,,10_2::#23::14129,10_2::#24::14119,HarbourFront Stn Exit A,Opp VivoCity,1.118,300.0
run_segment,BUSRUN::400_1::#3::03151->400_1::#5::03381,BUSRUN::400_1::#3::03151->400_1::#5::03381,bus,24,174,150,150,14,164,150,150,bus_run,400_1,400,,400_1::#3::03151,400_1::#5::03381,Aft Telok Ayer St,The Sail,3.354,900.0
run_segment,BUSRUN::106_1::#44::03539->106_1::#45::03529,BUSRUN::106_1::#44::03539->106_1::#45::03529,bus,0,147,147,147,0,147,147,147,bus_run,106_1,106,,106_1::#44::03539,106_1::#45::03529,Marina Bay Stn,Downtown Stn Exit E,1.491,400.0
run_segment,BUSRUN::10_2::#15::15169->10_2::#16::15159,BUSRUN::10_2::#15::15169->10_2::#16::15159,bus,235,92,-143,143,143,0,-143,143,bus_run,10_2,10,,10_2::#15::15169,10_2::#16::15159,HarbourSide Bldg 2,Mapletree Business City,0.745,200.0
run_segment,BUSRUN::10_2::#24::14119->10_2::#25::14109,BUSRUN::10_2::#24::14119->10_2::#25::14109,bus,274,131,-143,143,143,0,-143,143,bus_run,10_2,10,,10_2::#24::14119,10_2::#25::14109,Opp VivoCity,Keppel DP Blk 517,2.609,700.0
run_segment,BUSRUN::10_2::#25::14109->10_2::#26::14089,BUSRUN::10_2::#25::14109->10_2::#26::14089,bus,276,133,-143,143,143,0,-143,143,bus_run,10_2,10,,10_2::#25::14109,10_2::#26::14089,Keppel DP Blk 517,Opp Tg Pagar DP Blk F5,1.491,400.0
run_segment,BUSRUN::131_2::#20::03223->131_2::#21::03151,BUSRUN::131_2::#20::03223->131_2::#21::03151,bus,166,302,136,136,50,186,136,136,bus_run,131_2,131,,131_2::#20::03223,131_2::#21::03151,Tanjong Pagar Stn Exit C,Aft Telok Ayer St,1.491,400.0
run_segment,BUSRUN::145_2::#23::14109->145_2::#24::14089,BUSRUN::145_2::#23::14109->145_2::#24::14089,bus,219,83,-136,136,136,0,-136,136,bus_run,145_2,145,,145_2::#23::14109,145_2::#24::14089,Keppel DP Blk 517,Opp Tg Pagar DP Blk F5,1.491,400.0
run_segment,BUSRUN::106_2::#5::03381->106_2::#6::03391,BUSRUN::106_2::#5::03381->106_2::#6::03391,bus,218,83,-135,135,135,0,-135,135,bus_run,106_2,106,,106_2::#5::03381,106_2::#6::03391,The Sail,Marina Bay Financial Ctr,0.745,200.0
run_segment,BUSRUN::10_2::#26::14089->10_2::#27::14069,BUSRUN::10_2::#26::14089->10_2::#27::14069,bus,269,136,-133,133,133,0,-133,133,bus_run,10_2,10,,10_2::#26::14089,10_2::#27::14069,Opp Tg Pagar DP Blk F5,Former Railway Stn,2.981,800.0
run_segment,BUSRUN::106_2::#6::03391->106_2::#7::03511,BUSRUN::106_2::#6::03391->106_2::#7::03511,bus,154,23,-131,131,131,0,-131,131,bus_run,106_2,106,,106_2::#6::03391,106_2::#7::03511,Marina Bay Financial Ctr,Aft Bayfront Stn Exit E,2.609,700.0
run_segment,MRTRUN::CC9->CC10,MRTRUN::CC9->CC10,mrt,0,130,130,130,0,130,130,130,mrt_run,CCL_1,CCL,Circle Line,CC9,CC10,Paya Lebar,MacPherson,1.0,
run_segment,BUSRUN::145_2::#27::05651->145_2::#28::05411,BUSRUN::145_2::#27::05651->145_2::#28::05411,bus,189,60,-129,129,129,0,-129,129,bus_run,145_2,145,,145_2::#27::05651,145_2::#28::05411,Opp Fuji Xerox Twrs,Tg Pagar Plaza,0.745,200.0
run_segment,BUSRUN::10_2::#14::15199->10_2::#15::15169,BUSRUN::10_2::#14::15199->10_2::#15::15169,bus,195,77,-118,118,118,0,-118,118,bus_run,10_2,10,,10_2::#14::15199,10_2::#15::15169,Opp Currency Hse,HarbourSide Bldg 2,1.863,500.0
run_segment,BUSRUN::124_2::#14::14239->124_2::#15::14229,BUSRUN::124_2::#14::14239->124_2::#15::14229,bus,369,251,-118,118,118,0,-118,118,bus_run,124_2,124,,124_2::#14::14239,124_2::#15::14229,Opp Keppel DP Blk 519,Ch of St. Teresa,1.118,300.0
run_segment,BUSRUN::80_2::#9::05651->80_2::#10::05411,BUSRUN::80_2::#9::05651->80_2::#10::05411,bus,24,141,117,117,14,131,117,117,bus_run,80_2,80,,80_2::#9::05651,80_2::#10::05411,Opp Fuji Xerox Twrs,Tg Pagar Plaza,0.745,200.0
run_segment,BUSRUN::145_2::#22::14119->145_2::#23::14109,BUSRUN::145_2::#22::14119->145_2::#23::14109,bus,180,66,-114,114,114,0,-114,114,bus_run,145_2,145,,145_2::#22::14119,145_2::#23::14109,Opp VivoCity,Keppel DP Blk 517,2.609,700.0
run_segment,BUSRUN::10_2::#27::14069->10_2::#28::05641,BUSRUN::10_2::#27::14069->10_2::#28::05641,bus,246,136,-110,110,110,0,-110,110,bus_run,10_2,10,,10_2::#27::14069,10_2::#28::05641,Former Railway Stn,Bef Cantonment Rd,2.236,600.0
run_segment,MRTRUN::DT19->DT20,MRTRUN::DT19->DT20,mrt,132,28,-104,104,104,0,-104,104,mrt_run,DTL_1,DTL,Downtown Line,DT19,DT20,Chinatown,Fort Canning,1.0,
run_segment,MRTRUN::DT20->DT21,MRTRUN::DT20->DT21,mrt,132,28,-104,104,104,0,-104,104,mrt_run,DTL_1,DTL,Downtown Line,DT20,DT21,Fort Canning,Bencoolen,1.0,
run_segment,MRTRUN::DT21->DT22,MRTRUN::DT21->DT22,mrt,132,28,-104,104,104,0,-104,104,mrt_run,DTL_1,DTL,Downtown Line,DT21,DT22,Bencoolen,Jalan Besar,1.0,
run_segment,MRTRUN::DT22->DT23,MRTRUN::DT22->DT23,mrt,132,28,-104,104,104,0,-104,104,mrt_run,DTL_1,DTL,Downtown Line,DT22,DT23,Jalan Besar,Bendemeer,2.0,
run_segment,MRTRUN::DT23->DT24,MRTRUN::DT23->DT24,mrt,132,28,-104,104,104,0,-104,104,mrt_run,DTL_1,DTL,Downtown Line,DT23,DT24,Bendemeer,Geylang Bahru,2.0,
run_segment,MRTRUN::DT24->DT25,MRTRUN::DT24->DT25,mrt,132,28,-104,104,104,0,-104,104,mrt_run,DTL_1,DTL,Downtown Line,DT24,DT25,Geylang Bahru,Mattar,2.0,
run_segment,MRTRUN::DT25->DT26,MRTRUN::DT25->DT26,mrt,132,28,-104,104,104,0,-104,104,mrt_run,DTL_1,DTL,Downtown Line,DT25,DT26,Mattar,MacPherson,1.0,
run_segment,BUSRUN::186_1::#2::03223->186_1::#3::03151,BUSRUN::186_1::#2::03223->186_1::#3::03151,bus,0,103,103,103,0,103,103,103,bus_run,186_1,186,,186_1::#2::03223,186_1::#3::03151,Tanjong Pagar Stn Exit C,Aft Telok Ayer St,1.491,400.0
run_segment,BUSRUN::651_1::#11::03241->651_1::#12::03111,BUSRUN::651_1::#11::03241->651_1::#12::03111,bus,0,96,96,96,0,96,96,96,bus_run,651_1,651,,651_1::#11::03241,651_1::#12::03111,Aft Enggor St,Aft Capital Twr,1.863,500.0
run_segment,BUSRUN::100_1::#27::02029->100_1::#28::03019,BUSRUN::100_1::#27::02029->100_1::#28::03019,bus,0,95,95,95,0,95,95,95,bus_run,100_1,100,,100_1::#27::02029,100_1::#28::03019,Aft Esplanade Stn Exit D,OUE Bayfront,2.981,800.0
run_segment,MRTRUN::CC4->CC3,MRTRUN::CC4->CC3,mrt,0,95,95,95,0,95,95,95,mrt_run,CCL_2,CCL,Circle Line,CC4,CC3,Promenade,Esplanade,1.0,
run_segment,BUSRUN::124_2::#13::14029->124_2::#14::14239,BUSRUN::124_2::#13::14029->124_2::#14::14239,bus,331,237,-94,94,94,0,-94,94,bus_run,124_2,124,,124_2::#13::14029,124_2::#14::14239,Blk 105,Opp Keppel DP Blk 519,1.491,400.0
run_segment,BUSRUN::10_2::#13::15209->10_2::#14::15199,BUSRUN::10_2::#13::15209->10_2::#14::15199,bus,170,77,-93,93,93,0,-93,93,bus_run,10_2,10,,10_2::#13::15209,10_2::#14::15199,Bef Pasir Panjang Stn,Opp Currency Hse,1.118,300.0
run_segment,BUSRUN::10_2::#28::05641->10_2::#29::03222,BUSRUN::10_2::#28::05641->10_2::#29::03222,bus,225,140,-85,85,85,0,-85,85,bus_run,10_2,10,,10_2::#28::05641,10_2::#29::03222,Bef Cantonment Rd,Hub Synergy Pt,1.491,400.0
run_segment,BUSRUN::80_2::#6::14069->80_2::#7::05631,BUSRUN::80_2::#6::14069->80_2::#7::05631,bus,113,29,-84,84,84,0,-84,84,bus_run,80_2,80,,80_2::#6::14069,80_2::#7::05631,Former Railway Stn,Blk 16,1.863,500.0
run_segment,BUSRUN::124_2::#18::10017->124_2::#19::10018,BUSRUN::124_2::#18::10017->124_2::#19::10018,bus,234,154,-80,80,80,0,-80,80,bus_run,124_2,124,,124_2::#18::10017,124_2::#19::10018,Aft Hosp Dr,Outram Pk Stn Exit 6/SGH,0.373,100.0
run_segment,BUSRUN::124_2::#19::10018->124_2::#20::05012,BUSRUN::124_2::#19::10018->124_2::#20::05012,bus,234,154,-80,80,80,0,-80,80,bus_run,124_2,124,,124_2::#19::10018,124_2::#20::05012,Outram Pk Stn Exit 6/SGH,Bef Pearl's Hill Terr,1.491,400.0
run_segment,MRTRUN::EW22->EW21,MRTRUN::EW22->EW21,mrt,377,298,-79,79,81,2,-79,79,mrt_run,EWL_2,EWL,East-West Line,EW22,EW21,Dover,Buona Vista,2.0,
run_segment,BUSRUN::167_2::#7::10017->167_2::#8::05539,BUSRUN::167_2::#7::10017->167_2::#8::05539,bus,284,206,-78,78,78,0,-78,78,bus_run,167_2,167,,167_2::#7::10017,167_2::#8::05539,Aft Hosp Dr,Opp Police Cantonment Cplx,1.491,400.0
run_segment,BUSRUN::167_2::#8::05539->167_2::#9::05519,BUSRUN::167_2::#8::05539->167_2::#9::05519,bus,284,206,-78,78,78,0,-78,78,bus_run,167_2,167,,167_2::#8::05539,167_2::#9::05519,Opp Police Cantonment Cplx,Blk 1G,1.118,300.0
run_segment,BUSRUN::167_2::#9::05519->167_2::#10::05629,BUSRUN::167_2::#9::05519->167_2::#10::05629,bus,284,206,-78,78,78,0,-78,78,bus_run,167_2,167,,167_2::#9::05519,167_2::#10::05629,Blk 1G,Opp Southpoint,1.118,300.0
run_segment,MRTRUN::DT16->DT17,MRTRUN::DT16->DT17,mrt,87,165,78,78,45,123,78,78,mrt_run,DTL_1,DTL,Downtown Line,DT16,DT17,Bayfront,Downtown,1.0,
run_segment,MRTRUN::EW23->EW22,MRTRUN::EW23->EW22,mrt,237,164,-73,73,73,0,-73,73,mrt_run,EWL_2,EWL,East-West Line,EW23,EW22,Clementi,Dover,2.0,
run_segment,MRTRUN::TE16->TE17,MRTRUN::TE16->TE17,mrt,157,84,-73,73,73,0,-73,73,mrt_run,TEL_1,TEL,Thomson-East Coast Line,TE16,TE17,Havelock,Outram Park,1.0,
run_segment,BUSRUN::400_1::#5::03381->400_1::#6::03391,BUSRUN::400_1::#5::03381->400_1::#6::03391,bus,12,84,72,72,7,79,72,72,bus_run,400_1,400,,400_1::#5::03381,400_1::#6::03391,The Sail,Marina Bay Financial Ctr,0.745,200.0
run_segment,BUSRUN::10_2::#12::15219->10_2::#13::15209,BUSRUN::10_2::#12::15219->10_2::#13::15209,bus,147,77,-70,70,70,0,-70,70,bus_run,10_2,10,,10_2::#12::15219,10_2::#13::15209,Pasir View Pk,Bef Pasir Panjang Stn,1.491,400.0
run_segment,MRTRUN::NS27->NS26,MRTRUN::NS27->NS26,mrt,0,68,68,68,0,68,68,68,mrt_run,NSL_2,NSL,North-South Line,NS27,NS26,Marina Bay,Raffles Place,1.0,
run_segment,BUSRUN::124_2::#12::14299->124_2::#13::14029,BUSRUN::124_2::#12::14299->124_2::#13::14029,bus,232,167,-65,65,65,0,-65,65,bus_run,124_2,124,,124_2::#12::14299,124_2::#13::14029,Opp Blk 27,Blk 105,1.491,400.0
run_segment,BUSRUN::131_2::#17::14089->131_2::#18::14069,BUSRUN::131_2::#17::14089->131_2::#18::14069,bus,227,165,-62,62,62,0,-62,62,bus_run,131_2,131,,131_2::#17::14089,131_2::#18::14069,Opp Tg Pagar DP Blk F5,Former Railway Stn,2.981,800.0
run_segment,BUSRUN::131_2::#18::14069->131_2::#19::05641,BUSRUN::131_2::#18::14069->131_2::#19::05641,bus,225,163,-62,62,62,0,-62,62,bus_run,131_2,131,,131_2::#18::14069,131_2::#19::05641,Former Railway Stn,Bef Cantonment Rd,2.236,600.0
run_segment,BUSRUN::131_2::#19::05641->131_2::#20::03223,BUSRUN::131_2::#19::05641->131_2::#20::03223,bus,210,148,-62,62,62,0,-62,62,bus_run,131_2,131,,131_2::#19::05641,131_2::#20::03223,Bef Cantonment Rd,Tanjong Pagar Stn Exit C,2.609,700.0
run_segment,BUSRUN::124_2::#11::14279->124_2::#12::14299,BUSRUN::124_2::#11::14279->124_2::#12::14299,bus,189,129,-60,60,60,0,-60,60,bus_run,124_2,124,,124_2::#11::14279,124_2::#12::14299,Blk 25,Opp Blk 27,1.118,300.0
run_segment,BUSRUN::97_1::#35::14129->97_1::#36::14119,BUSRUN::97_1::#35::14129->97_1::#36::14119,bus,164,104,-60,60,60,0,-60,60,bus_run,97_1,97,,97_1::#35::14129,97_1::#36::14119,HarbourFront Stn Exit A,Opp VivoCity,1.118,300.0
run_segment,BUSRUN::97_1::#36::14119->97_1::#37::14109,BUSRUN::97_1::#36::14119->97_1::#37::14109,bus,172,112,-60,60,60,0,-60,60,bus_run,97_1,97,,97_1::#36::14119,97_1::#37::14109,Opp VivoCity,Keppel DP Blk 517,2.609,700.0
run_segment,BUSRUN::97_1::#37::14109->97_1::#38::14089,BUSRUN::97_1::#37::14109->97_1::#38::14089,bus,180,120,-60,60,60,0,-60,60,bus_run,97_1,97,,97_1::#37::14109,97_1::#38::14089,Keppel DP Blk 517,Opp Tg Pagar DP Blk F5,1.491,400.0
run_segment,BUSRUN::97_1::#38::14089->97_1::#39::14069,BUSRUN::97_1::#38::14089->97_1::#39::14069,bus,192,132,-60,60,60,0,-60,60,bus_run,97_1,97,,97_1::#38::14089,97_1::#39::14069,Opp Tg Pagar DP Blk F5,Former Railway Stn,2.981,800.0
run_segment,BUSRUN::97_1::#39::14069->97_1::#40::05641,BUSRUN::97_1::#39::14069->97_1::#40::05641,bus,192,132,-60,60,60,0,-60,60,bus_run,97_1,97,,97_1::#39::14069,97_1::#40::05641,Former Railway Stn,Bef Cantonment Rd,2.236,600.0
run_segment,BUSRUN::97_1::#40::05641->97_1::#41::03222,BUSRUN::97_1::#40::05641->97_1::#41::03222,bus,192,132,-60,60,60,0,-60,60,bus_run,97_1,97,,97_1::#40::05641,97_1::#41::03222,Bef Cantonment Rd,Hub Synergy Pt,1.491,400.0
run_segment,BUSRUN::97_1::#41::03222->97_1::#42::03111,BUSRUN::97_1::#41::03222->97_1::#42::03111,bus,190,130,-60,60,60,0,-60,60,bus_run,97_1,97,,97_1::#41::03222,97_1::#42::03111,Hub Synergy Pt,Aft Capital Twr,2.609,700.0
run_segment,BUSRUN::97_1::#42::03111->97_1::#43::03071,BUSRUN::97_1::#42::03111->97_1::#43::03071,bus,190,130,-60,60,60,0,-60,60,bus_run,97_1,97,,97_1::#42::03111,97_1::#43::03071,Aft Capital Twr,80 Robinson Rd,1.118,300.0
run_segment,BUSRUN::97_1::#43::03071->97_1::#44::03381,BUSRUN::97_1::#43::03071->97_1::#44::03381,bus,186,126,-60,60,60,0,-60,60,bus_run,97_1,97,,97_1::#43::03071,97_1::#44::03381,80 Robinson Rd,The Sail,2.236,600.0
run_segment,BUSRUN::10_2::#11::15229->10_2::#12::15219,BUSRUN::10_2::#11::15229->10_2::#12::15219,bus,131,72,-59,59,59,0,-59,59,bus_run,10_2,10,,10_2::#11::15229,10_2::#12::15219,Bef Sth Buona Vista Rd,Pasir View Pk,0.745,200.0
run_segment,BUSRUN::120_1::#36::18011->120_1::#37::11511,BUSRUN::120_1::#36::18011->120_1::#37::11511,bus,174,115,-59,59,59,0,-59,59,bus_run,120_1,120,,120_1::#36::18011,120_1::#37::11511,Aft HortPark,Alexandra Hosp,2.236,600.0
run_segment,BUSRUN::120_1::#37::11511->120_1::#38::11521,BUSRUN::120_1::#37::11511->120_1::#38::11521,bus,180,121,-59,59,59,0,-59,59,bus_run,120_1,120,,120_1::#37::11511,120_1::#38::11521,Alexandra Hosp,Anchorpoint,1.491,400.0
run_segment,BUSRUN::120_1::#38::11521->120_1::#39::11531,BUSRUN::120_1::#38::11521->120_1::#39::11531,bus,180,121,-59,59,59,0,-59,59,bus_run,120_1,120,,120_1::#38::11521,120_1::#39::11531,Anchorpoint,Opp Lea Hin Hardware Fty,1.491,400.0
run_segment,BUSRUN::120_1::#39::11531->120_1::#40::10299,BUSRUN::120_1::#39::11531->120_1::#40::10299,bus,180,121,-59,59,59,0,-59,59,bus_run,120_1,120,,120_1::#39::11531,120_1::#40::10299,Opp Lea Hin Hardware Fty,Aft Dawson Pl,1.863,500.0
run_segment,BUSRUN::120_1::#40::10299->120_1::#41::10287,BUSRUN::120_1::#40::10299->120_1::#41::10287,bus,149,91,-58,58,58,0,-58,58,bus_run,120_1,120,,120_1::#40::10299,120_1::#41::10287,Aft Dawson Pl,Opp Cycle & Carriage,0.745,200.0
run_segment,BUSRUN::120_1::#41::10287->120_1::#42::10209,BUSRUN::120_1::#41::10287->120_1::#42::10209,bus,149,91,-58,58,58,0,-58,58,bus_run,120_1,120,,120_1::#41::10287,120_1::#42::10209,Opp Cycle & Carriage,Redhill Stn,1.863,500.0
run_segment,BUSRUN::121_1::#42::03222->121_1::#43::03218,BUSRUN::121_1::#42::03222->121_1::#43::03218,bus,82,24,-58,58,58,0,-58,58,bus_run,121_1,121,,121_1::#42::03222,121_1::#43::03218,Hub Synergy Pt,Opp MAS Bldg,2.981,800.0
run_segment,BUSRUN::10_2::#29::03222->10_2::#30::03111,BUSRUN::10_2::#29::03222->10_2::#30::03111,bus,171,115,-56,56,56,0,-56,56,bus_run,10_2,10,,10_2::#29::03222,10_2::#30::03111,Hub Synergy Pt,Aft Capital Twr,2.609,700.0
run_segment,BUSRUN::183_1::#39::16151->183_1::#40::17091,BUSRUN::183_1::#39::16151->183_1::#40::17091,bus,168,112,-56,56,56,0,-56,56,bus_run,183_1,183,,183_1::#39::16151,183_1::#40::17091,The Japanese Pr Sch,Aft Clementi Ave 1,3.727,1000.0
run_segment,BUSRUN::183_1::#40::17091->183_1::#41::17151,BUSRUN::183_1::#40::17091->183_1::#41::17151,bus,168,112,-56,56,56,0,-56,56,bus_run,183_1,183,,183_1::#40::17091,183_1::#41::17151,Aft Clementi Ave 1,Blk 410,2.236,600.0
run_segment,BUSRUN::183_1::#41::17151->183_1::#42::17161,BUSRUN::183_1::#41::17151->183_1::#42::17161,bus,168,112,-56,56,56,0,-56,56,bus_run,183_1,183,,183_1::#41::17151,183_1::#42::17161,Blk 410,Blk 455,1.118,300.0
run_segment,BUSRUN::188_1::#35::16139->188_1::#36::16089,BUSRUN::188_1::#35::16139->188_1::#36::16089,bus,9,65,56,56,7,63,56,56,bus_run,188_1,188,,188_1::#35::16139,188_1::#36::16089,Bef Kent Ridge Ter,Aft Clementi Rd,1.863,500.0
run_segment,BUSRUN::188_1::#36::16089->188_1::#37::16079,BUSRUN::188_1::#36::16089->188_1::#37::16079,bus,9,65,56,56,7,63,56,56,bus_run,188_1,188,,188_1::#36::16089,188_1::#37::16079,Aft Clementi Rd,Bef Pasir Panjang PO,1.118,300.0
run_segment,BUSRUN::188_1::#37::16079->188_1::#38::16069,BUSRUN::188_1::#37::16079->188_1::#38::16069,bus,9,65,56,56,7,63,56,56,bus_run,188_1,188,,188_1::#37::16079,188_1::#38::16069,Bef Pasir Panjang PO,Heng Mui Keng Terr,1.118,300.0
run_segment,BUSRUN::188_1::#38::16069->188_1::#39::16059,BUSRUN::188_1::#38::16069->188_1::#39::16059,bus,9,65,56,56,7,63,56,56,bus_run,188_1,188,,188_1::#38::16069,188_1::#39::16059,Heng Mui Keng Terr,Jamiyah Halfway Hse,1.118,300.0
run_segment,BUSRUN::188_1::#39::16059->188_1::#40::16049,BUSRUN::188_1::#39::16059->188_1::#40::16049,bus,9,65,56,56,7,63,56,56,bus_run,188_1,188,,188_1::#39::16059,188_1::#40::16049,Jamiyah Halfway Hse,Whitehaven,0.745,200.0
run_segment,BUSRUN::188_1::#40::16049->188_1::#41::16039,BUSRUN::188_1::#40::16049->188_1::#41::16039,bus,9,65,56,56,7,63,56,56,bus_run,188_1,188,,188_1::#40::16049,188_1::#41::16039,Whitehaven,S'pore Science Pk II,0.745,200.0
run_segment,BUSRUN::188_1::#41::16039->188_1::#42::16029,BUSRUN::188_1::#41::16039->188_1::#42::16029,bus,9,65,56,56,7,63,56,56,bus_run,188_1,188,,188_1::#41::16039,188_1::#42::16029,S'pore Science Pk II,Gloria Mansion,1.118,300.0
run_segment,BUSRUN::124_2::#10::14051->124_2::#11::14279,BUSRUN::124_2::#10::14051->124_2::#11::14279,bus,148,94,-54,54,54,0,-54,54,bus_run,124_2,124,,124_2::#10::14051,124_2::#11::14279,Aft Telok Blangah Hts,Blk 25,2.981,800.0
run_segment,BUSRUN::175_1::#28::10331->175_1::#29::10089,BUSRUN::175_1::#28::10331->175_1::#29::10089,bus,208,154,-54,54,54,0,-54,54,bus_run,175_1,175,,175_1::#28::10331,175_1::#29::10089,Bef Bt Merah Ctrl,Blk 119,1.863,500.0
run_segment,BUSRUN::10_2::#10::16209->10_2::#11::15229,BUSRUN::10_2::#10::16209->10_2::#11::15229,bus,114,62,-52,52,52,0,-52,52,bus_run,10_2,10,,10_2::#10::16209,10_2::#11::15229,Horizon Residences,Bef Sth Buona Vista Rd,1.118,300.0
run_segment,BUSRUN::175_1::#29::10089->175_1::#30::10079,BUSRUN::175_1::#29::10089->175_1::#30::10079,bus,179,127,-52,52,52,0,-52,52,bus_run,175_1,175,,175_1::#29::10089,175_1::#30::10079,Blk 119,Blk 201,2.609,700.0
run_segment,BUSRUN::10_2::#5::16059->10_2::#6::16049,BUSRUN::10_2::#5::16059->10_2::#6::16049,bus,313,364,51,51,160,211,51,51,bus_run,10_2,10,,10_2::#5::16059,10_2::#6::16049,Jamiyah Halfway Hse,Whitehaven,0.745,200.0
run_segment,BUSRUN::10_2::#6::16049->10_2::#7::16039,BUSRUN::10_2::#6::16049->10_2::#7::16039,bus,407,458,51,51,208,259,51,51,bus_run,10_2,10,,10_2::#6::16049,10_2::#7::16039,Whitehaven,S'pore Science Pk II,0.745,200.0
run_segment,BUSRUN::131_2::#21::03151->131_2::#22::03021,BUSRUN::131_2::#21::03151->131_2::#22::03021,bus,224,275,51,51,66,117,51,51,bus_run,131_2,131,,131_2::#21::03151,131_2::#22::03021,Aft Telok Ayer St,Prudential Twr,1.863,500.0
run_segment,BUSRUN::175_1::#27::14199->175_1::#28::10331,BUSRUN::175_1::#27::14199->175_1::#28::10331,bus,184,133,-51,51,51,0,-51,51,bus_run,175_1,175,,175_1::#27::14199,175_1::#28::10331,Blk 118,Bef Bt Merah Ctrl,2.609,700.0
run_segment,BUSRUN::80_2::#5::14089->80_2::#6::14069,BUSRUN::80_2::#5::14089->80_2::#6::14069,bus,73,22,-51,51,51,0,-51,51,bus_run,80_2,80,,80_2::#5::14089,80_2::#6::14069,Opp Tg Pagar DP Blk F5,Former Railway Stn,2.981,800.0
run_segment,BUSRUN::100_2::#22::14089->100_2::#23::14069,BUSRUN::100_2::#22::14089->100_2::#23::14069,bus,159,109,-50,50,50,0,-50,50,bus_run,100_2,100,,100_2::#22::14089,100_2::#23::14069,Opp Tg Pagar DP Blk F5,Former Railway Stn,2.981,800.0
run_segment,BUSRUN::183_1::#38::16141->183_1::#39::16151,BUSRUN::183_1::#38::16141->183_1::#39::16151,bus,125,75,-50,50,50,0,-50,50,bus_run,183_1,183,,183_1::#38::16141,183_1::#39::16151,Tentera Diraja Mque,The Japanese Pr Sch,1.118,300.0
run_segment,BUSRUN::97e_1::#19::14119->97e_1::#20::14069,BUSRUN::97e_1::#19::14119->97e_1::#20::14069,bus,93,44,-49,49,49,0,-49,49,bus_run,97e_1,97e,,97e_1::#19::14119,97e_1::#20::14069,Opp VivoCity,Former Railway Stn,7.081,1900.0
run_segment,BUSRUN::100_2::#20::14119->100_2::#21::14109,BUSRUN::100_2::#20::14119->100_2::#21::14109,bus,141,93,-48,48,48,0,-48,48,bus_run,100_2,100,,100_2::#20::14119,100_2::#21::14109,Opp VivoCity,Keppel DP Blk 517,2.609,700.0
run_segment,BUSRUN::124_2::#9::14341->124_2::#10::14051,BUSRUN::124_2::#9::14341->124_2::#10::14051,bus,124,76,-48,48,48,0,-48,48,bus_run,124_2,124,,124_2::#9::14341,124_2::#10::14051,Opp Blk 59,Aft Telok Blangah Hts,0.745,200.0
run_segment,BUSRUN::175_2::#42::15059->175_2::#43::15049,BUSRUN::175_2::#42::15059->175_2::#43::15049,bus,15,63,48,48,14,62,48,48,bus_run,175_2,175,,175_2::#42::15059,175_2::#43::15049,Opp Alexandra Pt,Opp Alexandra Retail Ctr,1.118,300.0
run_segment,BUSRUN::651_1::#12::03111->651_1::#13::03071,BUSRUN::651_1::#12::03111->651_1::#13::03071,bus,0,48,48,48,0,48,48,48,bus_run,651_1,651,,651_1::#12::03111,651_1::#13::03071,Aft Capital Twr,80 Robinson Rd,1.118,300.0
run_segment,BUSRUN::652_2::#1::03241->652_2::#2::03111,BUSRUN::652_2::#1::03241->652_2::#2::03111,bus,0,48,48,48,0,48,48,48,bus_run,652_2,652,,652_2::#1::03241,652_2::#2::03111,Aft Enggor St,Aft Capital Twr,1.863,500.0
run_segment,BUSRUN::652_2::#2::03111->652_2::#3::03071,BUSRUN::652_2::#2::03111->652_2::#3::03071,bus,0,48,48,48,0,48,48,48,bus_run,652_2,652,,652_2::#2::03111,652_2::#3::03071,Aft Capital Twr,80 Robinson Rd,1.118,300.0
run_segment,BUSRUN::652_2::#3::03071->652_2::#4::03031,BUSRUN::652_2::#3::03071->652_2::#4::03031,bus,0,48,48,48,0,48,48,48,bus_run,652_2,652,,652_2::#3::03071,652_2::#4::03031,80 Robinson Rd,Raffles Pl Stn Exit F,1.118,300.0
run_segment,BUSRUN::167_2::#10::05629->167_2::#11::03223,BUSRUN::167_2::#10::05629->167_2::#11::03223,bus,188,141,-47,47,47,0,-47,47,bus_run,167_2,167,,167_2::#10::05629,167_2::#11::03223,Opp Southpoint,Tanjong Pagar Stn Exit C,2.609,700.0
run_segment,BUSRUN::80_2::#3::14119->80_2::#4::14109,BUSRUN::80_2::#3::14119->80_2::#4::14109,bus,62,15,-47,47,47,0,-47,47,bus_run,80_2,80,,80_2::#3::14119,80_2::#4::14109,Opp VivoCity,Keppel DP Blk 517,2.609,700.0
run_segment,BUSRUN::80_2::#4::14109->80_2::#5::14089,BUSRUN::80_2::#4::14109->80_2::#5::14089,bus,64,17,-47,47,47,0,-47,47,bus_run,80_2,80,,80_2::#4::14109,80_2::#5::14089,Keppel DP Blk 517,Opp Tg Pagar DP Blk F5,1.491,400.0
run_segment,BUSRUN::97_1::#44::03381->97_1::#45::03391,BUSRUN::97_1::#44::03381->97_1::#45::03391,bus,136,89,-47,47,47,0,-47,47,bus_run,97_1,97,,97_1::#44::03381,97_1::#45::03391,The Sail,Marina Bay Financial Ctr,0.745,200.0
run_segment,BUSRUN::97e_1::#18::14129->97e_1::#19::14119,BUSRUN::97e_1::#18::14129->97e_1::#19::14119,bus,91,44,-47,47,47,0,-47,47,bus_run,97e_1,97e,,97e_1::#18::14129,97e_1::#19::14119,HarbourFront Stn Exit A,Opp VivoCity,1.118,300.0
run_segment,BUSRUN::131_2::#16::14109->131_2::#17::14089,BUSRUN::131_2::#16::14109->131_2::#17::14089,bus,200,154,-46,46,46,0,-46,46,bus_run,131_2,131,,131_2::#16::14109,131_2::#17::14089,Keppel DP Blk 517,Opp Tg Pagar DP Blk F5,1.491,400.0
run_segment,BUSRUN::97e_1::#17::14169->97e_1::#18::14129,BUSRUN::97e_1::#17::14169->97e_1::#18::14129,bus,90,44,-46,46,46,0,-46,46,bus_run,97e_1,97e,,97e_1::#17::14169,97e_1::#18::14129,Opp Telok Blangah Stn,HarbourFront Stn Exit A,5.217,1400.0
run_segment,BUSRUN::10_2::#8::16029->10_2::#9::16019,BUSRUN::10_2::#8::16029->10_2::#9::16019,bus,107,62,-45,45,45,0,-45,45,bus_run,10_2,10,,10_2::#8::16029,10_2::#9::16019,Gloria Mansion,Haw Par Villa Stn,1.863,500.0
run_segment,BUSRUN::10_2::#9::16019->10_2::#10::16209,BUSRUN::10_2::#9::16019->10_2::#10::16209,bus,107,62,-45,45,45,0,-45,45,bus_run,10_2,10,,10_2::#9::16019,10_2::#10::16209,Haw Par Villa Stn,Horizon Residences,0.745,200.0
run_segment,BUSRUN::175_2::#40::14211->175_2::#41::18019,BUSRUN::175_2::#40::14211->175_2::#41::18019,bus,19,64,45,45,17,62,45,45,bus_run,175_2,175,,175_2::#40::14211,175_2::#41::18019,ISS Intl Sch,Bef Telok Blangah Hill Pk,1.491,400.0
run_segment,BUSRUN::175_2::#41::18019->175_2::#42::15059,BUSRUN::175_2::#41::18019->175_2::#42::15059,bus,19,64,45,45,17,62,45,45,bus_run,175_2,175,,175_2::#41::18019,175_2::#42::15059,Bef Telok Blangah Hill Pk,Opp Alexandra Pt,1.863,500.0
run_segment,BUSRUN::97e_1::#20::14069->97e_1::#21::05641,BUSRUN::97e_1::#20::14069->97e_1::#21::05641,bus,89,44,-45,45,45,0,-45,45,bus_run,97e_1,97e,,97e_1::#20::14069,97e_1::#21::05641,Former Railway Stn,Bef Cantonment Rd,2.236,600.0
run_segment,BUSRUN::100_2::#23::14069->100_2::#24::05641,BUSRUN::100_2::#23::14069->100_2::#24::05641,bus,148,104,-44,44,44,0,-44,44,bus_run,100_2,100,,100_2::#23::14069,100_2::#24::05641,Former Railway Stn,Bef Cantonment Rd,2.236,600.0
run_segment,BUSRUN::121_1::#39::05539->121_1::#40::05519,BUSRUN::121_1::#39::05539->121_1::#40::05519,bus,54,10,-44,44,44,0,-44,44,bus_run,121_1,121,,121_1::#39::05539,121_1::#40::05519,Opp Police Cantonment Cplx,Blk 1G,1.118,300.0
run_segment,BUSRUN::121_1::#40::05519->121_1::#41::05629,BUSRUN::121_1::#40::05519->121_1::#41::05629,bus,54,10,-44,44,44,0,-44,44,bus_run,121_1,121,,121_1::#40::05519,121_1::#41::05629,Blk 1G,Opp Southpoint,1.118,300.0
run_segment,BUSRUN::167_2::#11::03223->167_2::#12::03151,BUSRUN::167_2::#11::03223->167_2::#12::03151,bus,155,111,-44,44,44,0,-44,44,bus_run,167_2,167,,167_2::#11::03223,167_2::#12::03151,Tanjong Pagar Stn Exit C,Aft Telok Ayer St,1.491,400.0
run_segment,BUSRUN::97e_1::#16::15049->97e_1::#17::14169,BUSRUN::97e_1::#16::15049->97e_1::#17::14169,bus,88,44,-44,44,44,0,-44,44,bus_run,97e_1,97e,,97e_1::#16::15049,97e_1::#17::14169,Opp Alexandra Retail Ctr,Opp Telok Blangah Stn,4.099,1100.0
run_segment,BUSRUN::10_2::#7::16039->10_2::#8::16029,BUSRUN::10_2::#7::16039->10_2::#8::16029,bus,420,463,43,43,216,259,43,43,bus_run,10_2,10,,10_2::#7::16039,10_2::#8::16029,S'pore Science Pk II,Gloria Mansion,1.118,300.0
run_segment,BUSRUN::92B_1::#10::18269->92B_1::#11::18249,BUSRUN::92B_1::#10::18269->92B_1::#11::18249,bus,97,54,-43,43,60,17,-43,43,bus_run,92B_1,92B,,92B_1::#10::18269,92B_1::#11::18249,DSO Natl Laboratories,DNV Technology Ctr,1.118,300.0
run_segment,BUSRUN::92B_1::#11::18249->92B_1::#12::15189,BUSRUN::92B_1::#11::18249->92B_1::#12::15189,bus,97,54,-43,43,60,17,-43,43,bus_run,92B_1,92B,,92B_1::#11::18249,92B_1::#12::15189,DNV Technology Ctr,Ascent,0.745,200.0
run_segment,BUSRUN::92B_1::#8::18289->92B_1::#9::18279,BUSRUN::92B_1::#8::18289->92B_1::#9::18279,bus,97,54,-43,43,60,17,-43,43,bus_run,92B_1,92B,,92B_1::#8::18289,92B_1::#9::18279,Opp R'ford/Normanton Pk,Opp Blk 85,0.745,200.0
run_segment,BUSRUN::92B_1::#9::18279->92B_1::#10::18269,BUSRUN::92B_1::#9::18279->92B_1::#10::18269,bus,97,54,-43,43,60,17,-43,43,bus_run,92B_1,92B,,92B_1::#9::18279,92B_1::#10::18269,Opp Blk 85,DSO Natl Laboratories,0.745,200.0
run_segment,BUSRUN::10_2::#30::03111->10_2::#31::03071,BUSRUN::10_2::#30::03111->10_2::#31::03071,bus,135,93,-42,42,42,0,-42,42,bus_run,10_2,10,,10_2::#30::03111,10_2::#31::03071,Aft Capital Twr,80 Robinson Rd,1.118,300.0
run_segment,BUSRUN::124_1::#45::14359->124_1::#46::14159,BUSRUN::124_1::#45::14359->124_1::#46::14159,bus,59,17,-42,42,42,0,-42,42,bus_run,124_1,124,,124_1::#45::14359,124_1::#46::14159,Blk 50,Hotel Faber Pk,2.236,600.0
run_segment,BUSRUN::124_1::#46::14159->124_1::#47::14139,BUSRUN::124_1::#46::14159->124_1::#47::14139,bus,59,17,-42,42,42,0,-42,42,bus_run,124_1,124,,124_1::#46::14159,124_1::#47::14139,Hotel Faber Pk,Bef Seah Im Rd,1.491,400.0
run_segment,BUSRUN::186_1::#3::03151->186_1::#4::03041,BUSRUN::186_1::#3::03151->186_1::#4::03041,bus,154,196,42,42,61,103,42,42,bus_run,186_1,186,,186_1::#3::03151,186_1::#4::03041,Aft Telok Ayer St,Telok Ayer Stn Exit A,1.863,500.0
run_segment,BUSRUN::100_2::#21::14109->100_2::#22::14089,BUSRUN::100_2::#21::14109->100_2::#22::14089,bus,151,110,-41,41,48,7,-41,41,bus_run,100_2,100,,100_2::#21::14109,100_2::#22::14089,Keppel DP Blk 517,Opp Tg Pagar DP Blk F5,1.491,400.0
run_segment,BUSRUN::131_2::#15::14119->131_2::#16::14109,BUSRUN::131_2::#15::14119->131_2::#16::14109,bus,185,144,-41,41,41,0,-41,41,bus_run,131_2,131,,131_2::#15::14119,131_2::#16::14109,Opp VivoCity,Keppel DP Blk 517,2.609,700.0
run_segment,BUSRUN::14_1::#66::18041->14_1::#67::18131,BUSRUN::14_1::#66::18041->14_1::#67::18131,bus,132,91,-41,41,70,29,-41,41,bus_run,14_1,14,,14_1::#66::18041,14_1::#67::18131,Normanton Pk,Science Pk,0.745,200.0
run_segment,BUSRUN::14_1::#67::18131->14_1::#68::18101,BUSRUN::14_1::#67::18131->14_1::#68::18101,bus,132,91,-41,41,70,29,-41,41,bus_run,14_1,14,,14_1::#67::18131,14_1::#68::18101,Science Pk,5 Sci Pk Dr,2.981,800.0
run_segment,BUSRUN::100_2::#24::05641->100_2::#25::03222,BUSRUN::100_2::#24::05641->100_2::#25::03222,bus,149,109,-40,40,40,0,-40,40,bus_run,100_2,100,,100_2::#24::05641,100_2::#25::03222,Bef Cantonment Rd,Hub Synergy Pt,1.491,400.0
run_segment,BUSRUN::131_2::#13::14139->131_2::#14::14129,BUSRUN::131_2::#13::14139->131_2::#14::14129,bus,192,152,-40,40,40,0,-40,40,bus_run,131_2,131,,131_2::#13::14139,131_2::#14::14129,Bef Seah Im Rd,HarbourFront Stn Exit A,1.863,500.0
run_segment,BUSRUN::100_2::#19::14129->100_2::#20::14119,BUSRUN::100_2::#19::14129->100_2::#20::14119,bus,119,80,-39,39,39,0,-39,39,bus_run,100_2,100,,100_2::#19::14129,100_2::#20::14119,HarbourFront Stn Exit A,Opp VivoCity,1.118,300.0
run_segment,BUSRUN::175_1::#26::14209->175_1::#27::14199,BUSRUN::175_1::#26::14209->175_1::#27::14199,bus,117,78,-39,39,39,0,-39,39,bus_run,175_1,175,,175_1::#26::14209,175_1::#27::14199,Aft Hewlett Packard,Blk 118,1.491,400.0
run_segment,BUSRUN::100_2::#18::14139->100_2::#19::14129,BUSRUN::100_2::#18::14139->100_2::#19::14129,bus,112,74,-38,38,38,0,-38,38,bus_run,100_2,100,,100_2::#18::14139,100_2::#19::14129,Bef Seah Im Rd,HarbourFront Stn Exit A,1.863,500.0
run_segment,BUSRUN::175_1::#30::10079->175_1::#32::06051,BUSRUN::175_1::#30::10079->175_1::#32::06051,bus,79,41,-38,38,38,0,-38,38,bus_run,175_1,175,,175_1::#30::10079,175_1::#32::06051,Blk 201,Blk 55,5.217,1400.0
run_segment,BUSRUN::175_1::#32::06051->175_1::#33::06071,BUSRUN::175_1::#32::06051->175_1::#33::06071,bus,79,41,-38,38,38,0,-38,38,bus_run,175_1,175,,175_1::#32::06051,175_1::#33::06071,Blk 55,Havelock Stn Exit 2,0.745,200.0
run_segment,BUSRUN::183_1::#37::16131->183_1::#38::16141,BUSRUN::183_1::#37::16131->183_1::#38::16141,bus,84,46,-38,38,38,0,-38,38,bus_run,183_1,183,,183_1::#37::16131,183_1::#38::16141,Opp Kent Ridge Ter,Tentera Diraja Mque,1.118,300.0
run_segment,BUSRUN::97_1::#45::03391->97_1::#46::03511,BUSRUN::97_1::#45::03391->97_1::#46::03511,bus,90,52,-38,38,38,0,-38,38,bus_run,97_1,97,,97_1::#45::03391,97_1::#46::03511,Marina Bay Financial Ctr,Aft Bayfront Stn Exit E,2.609,700.0
run_segment,BUSRUN::970_1::#61::05013->970_1::#62::05129,BUSRUN::970_1::#61::05013->970_1::#62::05129,bus,178,141,-37,37,37,0,-37,37,bus_run,970_1,970,,970_1::#61::05013,970_1::#62::05129,Chinatown Stn Exit C,Opp One Upp Pickering,1.863,500.0
run_segment,BUSRUN::970_1::#62::05129->970_1::#63::05319,BUSRUN::970_1::#62::05129->970_1::#63::05319,bus,178,141,-37,37,37,0,-37,37,bus_run,970_1,970,,970_1::#62::05129,970_1::#63::05319,Opp One Upp Pickering,OCBC Ctr,1.491,400.0
run_segment,BUSRUN::970_1::#63::05319->970_1::#64::03059,BUSRUN::970_1::#63::05319->970_1::#64::03059,bus,122,85,-37,37,37,0,-37,37,bus_run,970_1,970,,970_1::#63::05319,970_1::#64::03059,OCBC Ctr,One Raffles Quay,2.236,600.0
run_segment,BUSRUN::10_2::#2::16089->10_2::#3::16079,BUSRUN::10_2::#2::16089->10_2::#3::16079,bus,58,94,36,36,31,67,36,36,bus_run,10_2,10,,10_2::#2::16089,10_2::#3::16079,Aft Clementi Rd,Bef Pasir Panjang PO,1.118,300.0
run_segment,BUSRUN::10_2::#3::16079->10_2::#4::16069,BUSRUN::10_2::#3::16079->10_2::#4::16069,bus,152,188,36,36,79,115,36,36,bus_run,10_2,10,,10_2::#3::16079,10_2::#4::16069,Bef Pasir Panjang PO,Heng Mui Keng Terr,1.118,300.0
run_segment,BUSRUN::131_2::#12::14159->131_2::#13::14139,BUSRUN::131_2::#12::14159->131_2::#13::14139,bus,164,128,-36,36,36,0,-36,36,bus_run,131_2,131,,131_2::#12::14159,131_2::#13::14139,Hotel Faber Pk,Bef Seah Im Rd,1.491,400.0
run_segment,BUSRUN::10_2::#4::16069->10_2::#5::16059,BUSRUN::10_2::#4::16069->10_2::#5::16059,bus,248,283,35,35,128,163,35,35,bus_run,10_2,10,,10_2::#4::16069,10_2::#5::16059,Heng Mui Keng Terr,Jamiyah Halfway Hse,1.118,300.0
run_segment,BUSRUN::61_1::#53::14229->61_1::#54::10391,BUSRUN::61_1::#53::14229->61_1::#54::10391,bus,73,38,-35,35,35,0,-35,35,bus_run,61_1,61,,61_1::#53::14229,61_1::#54::10391,Ch of St. Teresa,Opp Melati Blk 2,1.863,500.0
run_segment,BUSRUN::61_1::#54::10391->61_1::#55::10049,BUSRUN::61_1::#54::10391->61_1::#55::10049,bus,73,38,-35,35,35,0,-35,35,bus_run,61_1,61,,61_1::#54::10391,61_1::#55::10049,Opp Melati Blk 2,Opp Kampong Bahru Ter,1.491,400.0
run_segment,BUSRUN::61_1::#55::10049->61_1::#56::10017,BUSRUN::61_1::#55::10049->61_1::#56::10017,bus,73,38,-35,35,35,0,-35,35,bus_run,61_1,61,,61_1::#55::10049,61_1::#56::10017,Opp Kampong Bahru Ter,Aft Hosp Dr,1.491,400.0
run_segment,BUSRUN::61_1::#56::10017->61_1::#57::10018,BUSRUN::61_1::#56::10017->61_1::#57::10018,bus,73,38,-35,35,35,0,-35,35,bus_run,61_1,61,,61_1::#56::10017,61_1::#57::10018,Aft Hosp Dr,Outram Pk Stn Exit 6/SGH,0.373,100.0
run_segment,BUSRUN::61_1::#57::10018->61_1::#58::05013,BUSRUN::61_1::#57::10018->61_1::#58::05013,bus,73,38,-35,35,35,0,-35,35,bus_run,61_1,61,,61_1::#57::10018,61_1::#58::05013,Outram Pk Stn Exit 6/SGH,Chinatown Stn Exit C,2.981,800.0
run_segment,BUSRUN::970_1::#64::03059->970_1::#65::03129,BUSRUN::970_1::#64::03059->970_1::#65::03129,bus,71,36,-35,35,35,0,-35,35,bus_run,970_1,970,,970_1::#64::03059,970_1::#65::03129,One Raffles Quay,UIC Bldg,1.491,400.0
run_segment,BUSRUN::175_2::#39::14471->175_2::#40::14211,BUSRUN::175_2::#39::14471->175_2::#40::14211,bus,6,40,34,34,4,38,34,34,bus_run,175_2,175,,175_2::#39::14471,175_2::#40::14211,Blk 114,ISS Intl Sch,0.745,200.0
run_segment,BUSRUN::97e_1::#21::05641->97e_1::#22::03222,BUSRUN::97e_1::#21::05641->97e_1::#22::03222,bus,78,44,-34,34,34,0,-34,34,bus_run,97e_1,97e,,97e_1::#21::05641,97e_1::#22::03222,Bef Cantonment Rd,Hub Synergy Pt,1.491,400.0
run_segment,BUSRUN::123M_1::#10::10361->123M_1::#11::10371,BUSRUN::123M_1::#10::10361->123M_1::#11::10371,bus,101,69,-32,32,32,0,-32,32,bus_run,123M_1,123M,,123M_1::#10::10361,123M_1::#11::10371,Cendex Ctr,Blk 129,1.491,400.0
run_segment,BUSRUN::123M_1::#11::10371->123M_1::#12::10169,BUSRUN::123M_1::#11::10371->123M_1::#12::10169,bus,101,69,-32,32,32,0,-32,32,bus_run,123M_1,123M,,123M_1::#11::10371,123M_1::#12::10169,Blk 129,Tiong Bahru Stn/Plaza,2.236,600.0
run_segment,BUSRUN::123M_1::#9::14031->123M_1::#10::10361,BUSRUN::123M_1::#9::14031->123M_1::#10::10361,bus,101,69,-32,32,32,0,-32,32,bus_run,123M_1,123M,,123M_1::#9::14031,123M_1::#10::10361,St. Theresa's Convent,Cendex Ctr,1.863,500.0
run_segment,BUSRUN::188_1::#34::16149->188_1::#35::16139,BUSRUN::188_1::#34::16149->188_1::#35::16139,bus,3,35,32,32,3,35,32,32,bus_run,188_1,188,,188_1::#34::16149,188_1::#35::16139,SDE3,Bef Kent Ridge Ter,1.118,300.0
run_segment,BUSRUN::124_1::#44::14499->124_1::#45::14359,BUSRUN::124_1::#44::14499->124_1::#45::14359,bus,48,17,-31,31,31,0,-31,31,bus_run,124_1,124,,124_1::#44::14499,124_1::#45::14359,Telok Blangah Mkt/FC,Blk 50,1.118,300.0
run_segment,BUSRUN::97_1::#34::14139->97_1::#35::14129,BUSRUN::97_1::#34::14139->97_1::#35::14129,bus,99,68,-31,31,31,0,-31,31,bus_run,97_1,97,,97_1::#34::14139,97_1::#35::14129,Bef Seah Im Rd,HarbourFront Stn Exit A,1.863,500.0
run_segment,BUSRUN::100_2::#17::14159->100_2::#18::14139,BUSRUN::100_2::#17::14159->100_2::#18::14139,bus,81,51,-30,30,30,0,-30,30,bus_run,100_2,100,,100_2::#17::14159,100_2::#18::14139,Hotel Faber Pk,Bef Seah Im Rd,1.491,400.0
run_segment,BUSRUN::970_1::#65::03129->970_1::#66::03218,BUSRUN::970_1::#65::03129->970_1::#66::03218,bus,37,7,-30,30,30,0,-30,30,bus_run,970_1,970,,970_1::#65::03129,970_1::#66::03218,UIC Bldg,Opp MAS Bldg,1.863,500.0
run_segment,BUSRUN::124_1::#43::14509->124_1::#44::14499,BUSRUN::124_1::#43::14509->124_1::#44::14499,bus,46,17,-29,29,29,0,-29,29,bus_run,124_1,124,,124_1::#43::14509,124_1::#44::14499,Blk 92B,Telok Blangah Mkt/FC,1.863,500.0
run_segment,BUSRUN::124_2::#8::14331->124_2::#9::14341,BUSRUN::124_2::#8::14331->124_2::#9::14341,bus,76,47,-29,29,29,0,-29,29,bus_run,124_2,124,,124_2::#8::14331,124_2::#9::14341,Opp Blk 70B,Opp Blk 59,1.118,300.0
run_segment,BUSRUN::10_2::#31::03071->10_2::#32::03031,BUSRUN::10_2::#31::03071->10_2::#32::03031,bus,69,43,-26,26,26,0,-26,26,bus_run,10_2,10,,10_2::#31::03071,10_2::#32::03031,80 Robinson Rd,Raffles Pl Stn Exit F,1.118,300.0
run_segment,BUSRUN::121_1::#43::03218->121_1::#44::03239,BUSRUN::121_1::#43::03218->121_1::#44::03239,bus,35,9,-26,26,26,0,-26,26,bus_run,121_1,121,,121_1::#43::03218,121_1::#44::03239,Opp MAS Bldg,Shenton Way Ter,0.745,200.0
run_segment,BUSRUN::145_1::#39::14051->145_1::#40::14241,BUSRUN::145_1::#39::14051->145_1::#40::14241,bus,44,18,-26,26,26,0,-26,26,bus_run,145_1,145,,145_1::#39::14051,145_1::#40::14241,Aft Telok Blangah Hts,Opp Blk 1,1.863,500.0
run_segment,BUSRUN::145_1::#40::14241->145_1::#41::10331,BUSRUN::145_1::#40::14241->145_1::#41::10331,bus,82,56,-26,26,26,0,-26,26,bus_run,145_1,145,,145_1::#40::14241,145_1::#41::10331,Opp Blk 1,Bef Bt Merah Ctrl,1.118,300.0
run_segment,BUSRUN::145_1::#41::10331->145_1::#42::10341,BUSRUN::145_1::#41::10331->145_1::#42::10341,bus,103,77,-26,26,26,0,-26,26,bus_run,145_1,145,,145_1::#41::10331,145_1::#42::10341,Bef Bt Merah Ctrl,Opp Blk 116,1.863,500.0
run_segment,BUSRUN::145_1::#42::10341->145_1::#43::10351,BUSRUN::145_1::#42::10341->145_1::#43::10351,bus,103,77,-26,26,26,0,-26,26,bus_run,145_1,145,,145_1::#42::10341,145_1::#43::10351,Opp Blk 116,Blk 95B,1.118,300.0
run_segment,BUSRUN::145_1::#43::10351->145_1::#44::10181,BUSRUN::145_1::#43::10351->145_1::#44::10181,bus,103,77,-26,26,26,0,-26,26,bus_run,145_1,145,,145_1::#43::10351,145_1::#44::10181,Blk 95B,Bef Ar-Rabitah Mque,1.118,300.0
run_segment,BUSRUN::145_1::#44::10181->145_1::#45::10191,BUSRUN::145_1::#44::10181->145_1::#45::10191,bus,103,77,-26,26,26,0,-26,26,bus_run,145_1,145,,145_1::#44::10181,145_1::#45::10191,Bef Ar-Rabitah Mque,Blk 78,0.745,200.0
run_segment,BUSRUN::24_1::#44::96051->24_1::#45::96061,BUSRUN::24_1::#44::96051->24_1::#45::96061,bus,260,234,-26,26,26,0,-26,26,bus_run,24_1,24,,24_1::#44::96051,24_1::#45::96061,Opp Changi Ct,Opp Mera Terr P/G,1.491,400.0
run_segment,BUSRUN::24_1::#45::96061->24_1::#47::95151,BUSRUN::24_1::#45::96061->24_1::#47::95151,bus,260,234,-26,26,26,0,-26,26,bus_run,24_1,24,,24_1::#45::96061,24_1::#47::95151,Opp Mera Terr P/G,Airport Police Stn,13.416,3600.0
run_segment,BUSRUN::34B_1::#17::76231->34B_1::#18::76241,BUSRUN::34B_1::#17::76231->34B_1::#18::76241,bus,132,158,26,26,104,130,26,26,bus_run,34B_1,34B,,34B_1::#17::76231,34B_1::#18::76241,Opp Blk 390,Blk 497D,1.118,300.0
run_segment,BUSRUN::34B_1::#18::76241->34B_1::#20::95151,BUSRUN::34B_1::#18::76241->34B_1::#20::95151,bus,132,158,26,26,104,130,26,26,bus_run,34B_1,34B,,34B_1::#18::76241,34B_1::#20::95151,Blk 497D,Airport Police Stn,16.025,4300.0
run_segment,MRTRUN::DT26->DT27,MRTRUN::DT26->DT27,mrt,132,158,26,26,104,130,26,26,mrt_run,DTL_1,DTL,Downtown Line,DT26,DT27,MacPherson,Ubi,1.0,
run_segment,MRTRUN::DT27->DT28,MRTRUN::DT27->DT28,mrt,132,158,26,26,104,130,26,26,mrt_run,DTL_1,DTL,Downtown Line,DT27,DT28,Ubi,Kaki Bukit,2.0,
run_segment,MRTRUN::DT28->DT29,MRTRUN::DT28->DT29,mrt,132,158,26,26,104,130,26,26,mrt_run,DTL_1,DTL,Downtown Line,DT28,DT29,Kaki Bukit,Bedok North,1.0,
run_segment,MRTRUN::DT29->DT30,MRTRUN::DT29->DT30,mrt,132,158,26,26,104,130,26,26,mrt_run,DTL_1,DTL,Downtown Line,DT29,DT30,Bedok North,Bedok Reservoir,3.0,
run_segment,MRTRUN::DT30->DT31,MRTRUN::DT30->DT31,mrt,132,158,26,26,104,130,26,26,mrt_run,DTL_1,DTL,Downtown Line,DT30,DT31,Bedok Reservoir,Tampines West,2.0,
run_segment,MRTRUN::DT31->DT32,MRTRUN::DT31->DT32,mrt,132,158,26,26,104,130,26,26,mrt_run,DTL_1,DTL,Downtown Line,DT31,DT32,Tampines West,Tampines,2.0,
run_segment,MRTRUN::DT32->DT33,MRTRUN::DT32->DT33,mrt,132,158,26,26,104,130,26,26,mrt_run,DTL_1,DTL,Downtown Line,DT32,DT33,Tampines,Tampines East,2.0,
run_segment,MRTRUN::DT35->DT34,MRTRUN::DT35->DT34,mrt,260,234,-26,26,26,0,-26,26,mrt_run,DTL_2,DTL,Downtown Line,DT35,DT34,Expo,Upper Changi,1.0,
run_segment,MRTRUN::EW4->CG1,MRTRUN::EW4->CG1,mrt,1632,1606,-26,26,467,441,-26,26,mrt_run,CGL_1,CGL,Changi Airport Branch Line,EW4,CG1,Tanah Merah,Expo,3.0,
run_segment,MRTRUN::EW5->EW4,MRTRUN::EW5->EW4,mrt,1632,1606,-26,26,467,441,-26,26,mrt_run,EWL_2,EWL,East-West Line,EW5,EW4,Bedok,Tanah Merah,3.0,
run_segment,MRTRUN::EW6->EW5,MRTRUN::EW6->EW5,mrt,1632,1606,-26,26,467,441,-26,26,mrt_run,EWL_2,EWL,East-West Line,EW6,EW5,Kembangan,Bedok,3.0,
run_segment,MRTRUN::EW7->EW6,MRTRUN::EW7->EW6,mrt,1632,1606,-26,26,467,441,-26,26,mrt_run,EWL_2,EWL,East-West Line,EW7,EW6,Eunos,Kembangan,1.0,
run_segment,MRTRUN::EW8->EW7,MRTRUN::EW8->EW7,mrt,1632,1606,-26,26,467,441,-26,26,mrt_run,EWL_2,EWL,East-West Line,EW8,EW7,Paya Lebar,Eunos,1.0,
run_segment,BUSRUN::100_2::#16::14169->100_2::#17::14159,BUSRUN::100_2::#16::14169->100_2::#17::14159,bus,65,40,-25,25,25,0,-25,25,bus_run,100_2,100,,100_2::#16::14169,100_2::#17::14159,Opp Telok Blangah Stn,Hotel Faber Pk,1.863,500.0
run_segment,BUSRUN::195A_1::#30::11511->195A_1::#31::11521,BUSRUN::195A_1::#30::11511->195A_1::#31::11521,bus,193,168,-25,25,25,0,-25,25,bus_run,195A_1,195A,,195A_1::#30::11511,195A_1::#31::11521,Alexandra Hosp,Anchorpoint,1.491,400.0
run_segment,BUSRUN::195A_1::#31::11521->195A_1::#32::11531,BUSRUN::195A_1::#31::11521->195A_1::#32::11531,bus,193,168,-25,25,25,0,-25,25,bus_run,195A_1,195A,,195A_1::#31::11521,195A_1::#32::11531,Anchorpoint,Opp Lea Hin Hardware Fty,1.491,400.0
run_segment,BUSRUN::195A_1::#32::11531->195A_1::#33::11131,BUSRUN::195A_1::#32::11531->195A_1::#33::11131,bus,193,168,-25,25,25,0,-25,25,bus_run,195A_1,195A,,195A_1::#32::11531,195A_1::#33::11131,Opp Lea Hin Hardware Fty,Queens Condo,1.118,300.0
run_segment,BUSRUN::97e_1::#15::15059->97e_1::#16::15049,BUSRUN::97e_1::#15::15059->97e_1::#16::15049,bus,62,38,-24,24,24,0,-24,24,bus_run,97e_1,97e,,97e_1::#15::15059,97e_1::#16::15049,Opp Alexandra Pt,Opp Alexandra Retail Ctr,1.118,300.0
run_segment,BUSRUN::175_1::#25::14219->175_1::#26::14209,BUSRUN::175_1::#25::14219->175_1::#26::14209,bus,73,50,-23,23,23,0,-23,23,bus_run,175_1,175,,175_1::#25::14219,175_1::#26::14209,Opp Blk 114,Aft Hewlett Packard,1.118,300.0
run_segment,BUSRUN::196_2::#32::10017->196_2::#33::05539,BUSRUN::196_2::#32::10017->196_2::#33::05539,bus,199,176,-23,23,23,0,-23,23,bus_run,196_2,196,,196_2::#32::10017,196_2::#33::05539,Aft Hosp Dr,Opp Police Cantonment Cplx,1.491,400.0
run_segment,BUSRUN::196_2::#33::05539->196_2::#34::05519,BUSRUN::196_2::#33::05539->196_2::#34::05519,bus,199,176,-23,23,23,0,-23,23,bus_run,196_2,196,,196_2::#33::05539,196_2::#34::05519,Opp Police Cantonment Cplx,Blk 1G,1.118,300.0
run_segment,BUSRUN::196_2::#34::05519->196_2::#35::05629,BUSRUN::196_2::#34::05519->196_2::#35::05629,bus,199,176,-23,23,23,0,-23,23,bus_run,196_2,196,,196_2::#34::05519,196_2::#35::05629,Blk 1G,Opp Southpoint,1.118,300.0
run_segment,BUSRUN::97e_1::#22::03222->97e_1::#23::03111,BUSRUN::97e_1::#22::03222->97e_1::#23::03111,bus,60,37,-23,23,23,0,-23,23,bus_run,97e_1,97e,,97e_1::#22::03222,97e_1::#23::03111,Hub Synergy Pt,Aft Capital Twr,2.609,700.0
run_segment,BUSRUN::100_2::#15::14179->100_2::#16::14169,BUSRUN::100_2::#15::14179->100_2::#16::14169,bus,56,34,-22,22,22,0,-22,22,bus_run,100_2,100,,100_2::#15::14179,100_2::#16::14169,Yeo's Bldg,Opp Telok Blangah Stn,1.491,400.0
run_segment,BUSRUN::100_2::#26::03111->100_2::#27::03031,BUSRUN::100_2::#26::03111->100_2::#27::03031,bus,104,82,-22,22,22,0,-22,22,bus_run,100_2,100,,100_2::#26::03111,100_2::#27::03031,Aft Capital Twr,Raffles Pl Stn Exit F,2.236,600.0
run_segment,BUSRUN::97e_1::#23::03111->97e_1::#24::03071,BUSRUN::97e_1::#23::03111->97e_1::#24::03071,bus,52,30,-22,22,22,0,-22,22,bus_run,97e_1,97e,,97e_1::#23::03111,97e_1::#24::03071,Aft Capital Twr,80 Robinson Rd,1.118,300.0
run_segment,MRTRUN::TE19->TE18,MRTRUN::TE19->TE18,mrt,0,22,22,22,0,22,22,22,mrt_run,TEL_2,TEL,Thomson-East Coast Line,TE19,TE18,Shenton Way,Maxwell,1.0,
run_segment,BUSRUN::167_2::#5::10059->167_2::#6::10049,BUSRUN::167_2::#5::10059->167_2::#6::10049,bus,155,134,-21,21,21,0,-21,21,bus_run,167_2,167,,167_2::#5::10059,167_2::#6::10049,Opp Blk 149,Opp Kampong Bahru Ter,1.118,300.0
run_segment,BUSRUN::167_2::#6::10049->167_2::#7::10017,BUSRUN::167_2::#6::10049->167_2::#7::10017,bus,155,134,-21,21,21,0,-21,21,bus_run,167_2,167,,167_2::#6::10049,167_2::#7::10017,Opp Kampong Bahru Ter,Aft Hosp Dr,1.491,400.0
run_segment,BUSRUN::97e_1::#24::03071->97e_1::#25::03381,BUSRUN::97e_1::#24::03071->97e_1::#25::03381,bus,44,23,-21,21,21,0,-21,21,bus_run,97e_1,97e,,97e_1::#24::03071,97e_1::#25::03381,80 Robinson Rd,The Sail,2.236,600.0
run_segment,BUSRUN::123M_1::#12::10169->123M_1::#13::10149,BUSRUN::123M_1::#12::10169->123M_1::#13::10149,bus,45,25,-20,20,20,0,-20,20,bus_run,123M_1,123M,,123M_1::#12::10169,123M_1::#13::10149,Tiong Bahru Stn/Plaza,Blk 1,2.236,600.0
run_segment,BUSRUN::131_2::#14::14129->131_2::#15::14119,BUSRUN::131_2::#14::14129->131_2::#15::14119,bus,158,138,-20,20,20,0,-20,20,bus_run,131_2,131,,131_2::#14::14129,131_2::#15::14119,HarbourFront Stn Exit A,Opp VivoCity,1.118,300.0
run_segment,BUSRUN::145_2::#28::05411->145_2::#29::05421,BUSRUN::145_2::#28::05411->145_2::#29::05421,bus,20,0,-20,20,20,0,-20,20,bus_run,145_2,145,,145_2::#28::05411,145_2::#29::05421,Tg Pagar Plaza,Aft Craig Rd,1.118,300.0
run_segment,BUSRUN::97_1::#46::03511->97_1::#47::03501,BUSRUN::97_1::#46::03511->97_1::#47::03501,bus,44,25,-19,19,19,0,-19,19,bus_run,97_1,97,,97_1::#46::03511,97_1::#47::03501,Aft Bayfront Stn Exit E,Marina Bay Sands Theatre,1.491,400.0
run_segment,BUSRUN::167_2::#3::10079->167_2::#4::10069,BUSRUN::167_2::#3::10079->167_2::#4::10069,bus,151,133,-18,18,18,0,-18,18,bus_run,167_2,167,,167_2::#3::10079,167_2::#4::10069,Blk 201,Opp Blk 140,1.491,400.0
run_segment,BUSRUN::167_2::#4::10069->167_2::#5::10059,BUSRUN::167_2::#4::10069->167_2::#5::10059,bus,151,133,-18,18,18,0,-18,18,bus_run,167_2,167,,167_2::#4::10069,167_2::#5::10059,Opp Blk 140,Opp Blk 149,1.118,300.0
run_segment,BUSRUN::195A_1::#29::14211->195A_1::#30::11511,BUSRUN::195A_1::#29::14211->195A_1::#30::11511,bus,92,74,-18,18,18,0,-18,18,bus_run,195A_1,195A,,195A_1::#29::14211,195A_1::#30::11511,ISS Intl Sch,Alexandra Hosp,3.727,1000.0
run_segment,BUSRUN::196_2::#35::05629->196_2::#36::03222,BUSRUN::196_2::#35::05629->196_2::#36::03222,bus,189,171,-18,18,18,0,-18,18,bus_run,196_2,196,,196_2::#35::05629,196_2::#36::03222,Opp Southpoint,Hub Synergy Pt,1.491,400.0
run_segment,BUSRUN::673_1::#14::03151->673_1::#15::03381,BUSRUN::673_1::#14::03151->673_1::#15::03381,bus,24,6,-18,18,18,0,-18,18,bus_run,673_1,673,,673_1::#14::03151,673_1::#15::03381,Aft Telok Ayer St,The Sail,3.354,900.0
run_segment,BUSRUN::673_1::#15::03381->673_1::#16::03391,BUSRUN::673_1::#15::03381->673_1::#16::03391,bus,24,6,-18,18,18,0,-18,18,bus_run,673_1,673,,673_1::#15::03381,673_1::#16::03391,The Sail,Marina Bay Financial Ctr,0.745,200.0
run_segment,BUSRUN::673_1::#16::03391->673_1::#17::03511,BUSRUN::673_1::#16::03391->673_1::#17::03511,bus,24,6,-18,18,18,0,-18,18,bus_run,673_1,673,,673_1::#16::03391,673_1::#17::03511,Marina Bay Financial Ctr,Aft Bayfront Stn Exit E,2.609,700.0
run_segment,BUSRUN::970_1::#60::05012->970_1::#61::05013,BUSRUN::970_1::#60::05012->970_1::#61::05013,bus,98,80,-18,18,18,0,-18,18,bus_run,970_1,970,,970_1::#60::05012,970_1::#61::05013,Bef Pearl's Hill Terr,Chinatown Stn Exit C,1.491,400.0
run_segment,BUSRUN::97e_1::#25::03381->97e_1::#26::03391,BUSRUN::97e_1::#25::03381->97e_1::#26::03391,bus,33,15,-18,18,18,0,-18,18,bus_run,97e_1,97e,,97e_1::#25::03381,97e_1::#26::03391,The Sail,Marina Bay Financial Ctr,0.745,200.0
run_segment,BUSRUN::124_2::#7::14391->124_2::#8::14331,BUSRUN::124_2::#7::14391->124_2::#8::14331,bus,47,30,-17,17,17,0,-17,17,bus_run,124_2,124,,124_2::#7::14391,124_2::#8::14331,Opp Blk 85,Opp Blk 70B,1.118,300.0
run_segment,BUSRUN::145_2::#20::14139->145_2::#21::14129,BUSRUN::145_2::#20::14139->145_2::#21::14129,bus,81,64,-17,17,17,0,-17,17,bus_run,145_2,145,,145_2::#20::14139,145_2::#21::14129,Bef Seah Im Rd,HarbourFront Stn Exit A,1.863,500.0
run_segment,BUSRUN::106_2::#7::03511->106_2::#8::03501,BUSRUN::106_2::#7::03511->106_2::#8::03501,bus,27,11,-16,16,16,0,-16,16,bus_run,106_2,106,,106_2::#7::03511,106_2::#8::03501,Aft Bayfront Stn Exit E,Marina Bay Sands Theatre,1.491,400.0
run_segment,BUSRUN::145_2::#21::14129->145_2::#22::14119,BUSRUN::145_2::#21::14129->145_2::#22::14119,bus,78,62,-16,16,16,0,-16,16,bus_run,145_2,145,,145_2::#21::14129,145_2::#22::14119,HarbourFront Stn Exit A,Opp VivoCity,1.118,300.0
run_segment,BUSRUN::131_2::#22::03021->131_2::#23::03011,BUSRUN::131_2::#22::03021->131_2::#23::03011,bus,112,127,15,15,33,48,15,15,bus_run,131_2,131,,131_2::#22::03021,131_2::#23::03011,Prudential Twr,Fullerton Sq,2.236,600.0
run_segment,BUSRUN::188_1::#33::16159->188_1::#34::16149,BUSRUN::188_1::#33::16159->188_1::#34::16149,bus,2,17,15,15,2,17,15,15,bus_run,188_1,188,,188_1::#33::16159,188_1::#34::16149,Coll of Design & Engrg,SDE3,1.118,300.0
run_segment,BUSRUN::57_2::#12::14179->57_2::#13::14169,BUSRUN::57_2::#12::14179->57_2::#13::14169,bus,87,72,-15,15,15,0,-15,15,bus_run,57_2,57,,57_2::#12::14179,57_2::#13::14169,Yeo's Bldg,Opp Telok Blangah Stn,1.491,400.0
run_segment,BUSRUN::57_2::#13::14169->57_2::#14::14159,BUSRUN::57_2::#13::14169->57_2::#14::14159,bus,95,80,-15,15,15,0,-15,15,bus_run,57_2,57,,57_2::#13::14169,57_2::#14::14159,Opp Telok Blangah Stn,Hotel Faber Pk,1.863,500.0
run_segment,BUSRUN::57_2::#14::14159->57_2::#15::14139,BUSRUN::57_2::#14::14159->57_2::#15::14139,bus,95,80,-15,15,15,0,-15,15,bus_run,57_2,57,,57_2::#14::14159,57_2::#15::14139,Hotel Faber Pk,Bef Seah Im Rd,1.491,400.0
run_segment,BUSRUN::57_2::#15::14139->57_2::#16::14129,BUSRUN::57_2::#15::14139->57_2::#16::14129,bus,95,80,-15,15,15,0,-15,15,bus_run,57_2,57,,57_2::#15::14139,57_2::#16::14129,Bef Seah Im Rd,HarbourFront Stn Exit A,1.863,500.0
run_segment,BUSRUN::57_2::#16::14129->57_2::#17::14119,BUSRUN::57_2::#16::14129->57_2::#17::14119,bus,95,80,-15,15,15,0,-15,15,bus_run,57_2,57,,57_2::#16::14129,57_2::#17::14119,HarbourFront Stn Exit A,Opp VivoCity,1.118,300.0
run_segment,BUSRUN::57_2::#17::14119->57_2::#18::14109,BUSRUN::57_2::#17::14119->57_2::#18::14109,bus,95,80,-15,15,15,0,-15,15,bus_run,57_2,57,,57_2::#17::14119,57_2::#18::14109,Opp VivoCity,Keppel DP Blk 517,2.609,700.0
run_segment,BUSRUN::57_2::#18::14109->57_2::#19::14089,BUSRUN::57_2::#18::14109->57_2::#19::14089,bus,95,80,-15,15,15,0,-15,15,bus_run,57_2,57,,57_2::#18::14109,57_2::#19::14089,Keppel DP Blk 517,Opp Tg Pagar DP Blk F5,1.491,400.0
run_segment,BUSRUN::57_2::#19::14089->57_2::#20::14069,BUSRUN::57_2::#19::14089->57_2::#20::14069,bus,93,78,-15,15,15,0,-15,15,bus_run,57_2,57,,57_2::#19::14089,57_2::#20::14069,Opp Tg Pagar DP Blk F5,Former Railway Stn,2.981,800.0
run_segment,BUSRUN::57_2::#20::14069->57_2::#21::05641,BUSRUN::57_2::#20::14069->57_2::#21::05641,bus,93,78,-15,15,15,0,-15,15,bus_run,57_2,57,,57_2::#20::14069,57_2::#21::05641,Former Railway Stn,Bef Cantonment Rd,2.236,600.0
run_segment,BUSRUN::57_2::#21::05641->57_2::#22::03223,BUSRUN::57_2::#21::05641->57_2::#22::03223,bus,91,76,-15,15,15,0,-15,15,bus_run,57_2,57,,57_2::#21::05641,57_2::#22::03223,Bef Cantonment Rd,Tanjong Pagar Stn Exit C,2.609,700.0
run_segment,BUSRUN::95B_1::#3::16189->95B_1::#4::16179,BUSRUN::95B_1::#3::16189->95B_1::#4::16179,bus,109,94,-15,15,49,34,-15,15,bus_run,95B_1,95B,,95B_1::#3::16189,95B_1::#4::16179,Information Technology,Opp Yusof Ishak Hse,1.118,300.0
run_segment,BUSRUN::970_1::#66::03218->970_1::#67::03239,BUSRUN::970_1::#66::03218->970_1::#67::03239,bus,18,3,-15,15,15,0,-15,15,bus_run,970_1,970,,970_1::#66::03218,970_1::#67::03239,Opp MAS Bldg,Shenton Way Ter,0.745,200.0
run_segment,BUSRUN::97e_1::#26::03391->97e_1::#27::03511,BUSRUN::97e_1::#26::03391->97e_1::#27::03511,bus,22,7,-15,15,15,0,-15,15,bus_run,97e_1,97e,,97e_1::#26::03391,97e_1::#27::03511,Marina Bay Financial Ctr,Aft Bayfront Stn Exit E,2.609,700.0
run_segment,BUSRUN::175_2::#38::14201->175_2::#39::14471,BUSRUN::175_2::#38::14201->175_2::#39::14471,bus,0,14,14,14,0,14,14,14,bus_run,175_2,175,,175_2::#38::14201,175_2::#39::14471,Blk 110,Blk 114,1.118,300.0
run_segment,BUSRUN::196_2::#30::10059->196_2::#31::10049,BUSRUN::196_2::#30::10059->196_2::#31::10049,bus,111,97,-14,14,14,0,-14,14,bus_run,196_2,196,,196_2::#30::10059,196_2::#31::10049,Opp Blk 149,Opp Kampong Bahru Ter,1.118,300.0
run_segment,BUSRUN::196_2::#31::10049->196_2::#32::10017,BUSRUN::196_2::#31::10049->196_2::#32::10017,bus,111,97,-14,14,14,0,-14,14,bus_run,196_2,196,,196_2::#31::10049,196_2::#32::10017,Opp Kampong Bahru Ter,Aft Hosp Dr,1.491,400.0
run_segment,BUSRUN::10_2::#32::03031->10_2::#33::03011,BUSRUN::10_2::#32::03031->10_2::#33::03011,bus,34,21,-13,13,13,0,-13,13,bus_run,10_2,10,,10_2::#32::03031,10_2::#33::03011,Raffles Pl Stn Exit F,Fullerton Sq,2.236,600.0
run_segment,BUSRUN::121_1::#26::14031->121_1::#27::10361,BUSRUN::121_1::#26::14031->121_1::#27::10361,bus,76,63,-13,13,13,0,-13,13,bus_run,121_1,121,,121_1::#26::14031,121_1::#27::10361,St. Theresa's Convent,Cendex Ctr,1.863,500.0
run_segment,BUSRUN::121_1::#27::10361->121_1::#28::10079,BUSRUN::121_1::#27::10361->121_1::#28::10079,bus,76,63,-13,13,13,0,-13,13,bus_run,121_1,121,,121_1::#27::10361,121_1::#28::10079,Cendex Ctr,Blk 201,2.236,600.0
run_segment,BUSRUN::123M_1::#8::14381->123M_1::#9::14031,BUSRUN::123M_1::#8::14381->123M_1::#9::14031,bus,23,10,-13,13,13,0,-13,13,bus_run,123M_1,123M,,123M_1::#8::14381,123M_1::#9::14031,Blk 109,St. Theresa's Convent,1.863,500.0
run_segment,BUSRUN::183_1::#36::16081->183_1::#37::16131,BUSRUN::183_1::#36::16081->183_1::#37::16131,bus,27,14,-13,13,13,0,-13,13,bus_run,183_1,183,,183_1::#36::16081,183_1::#37::16131,Aft Palm Green Condo,Opp Kent Ridge Ter,1.491,400.0
run_segment,BUSRUN::24_1::#47::95151->24_1::#48::95011,BUSRUN::24_1::#47::95151->24_1::#48::95011,bus,130,117,-13,13,13,0,-13,13,bus_run,24_1,24,,24_1::#47::95151,24_1::#48::95011,Airport Police Stn,Aft Aircraft Flyover,1.863,500.0
run_segment,BUSRUN::34B_1::#20::95151->34B_1::#21::95011,BUSRUN::34B_1::#20::95151->34B_1::#21::95011,bus,66,79,13,13,52,65,13,13,bus_run,34B_1,34B,,34B_1::#20::95151,34B_1::#21::95011,Airport Police Stn,Aft Aircraft Flyover,1.863,500.0
run_segment,BUSRUN::57_2::#22::03223->57_2::#23::03151,BUSRUN::57_2::#22::03223->57_2::#23::03151,bus,71,58,-13,13,13,0,-13,13,bus_run,57_2,57,,57_2::#22::03223,57_2::#23::03151,Tanjong Pagar Stn Exit C,Aft Telok Ayer St,1.491,400.0
run_segment,BUSRUN::195_1::#49::14249->195_1::#50::14279,BUSRUN::195_1::#49::14249->195_1::#50::14279,bus,24,12,-12,12,12,0,-12,12,bus_run,195_1,195,,195_1::#49::14249,195_1::#50::14279,Blk 1,Blk 25,1.863,500.0
run_segment,BUSRUN::195_1::#50::14279->195_1::#51::14299,BUSRUN::195_1::#50::14279->195_1::#51::14299,bus,24,12,-12,12,12,0,-12,12,bus_run,195_1,195,,195_1::#50::14279,195_1::#51::14299,Blk 25,Opp Blk 27,1.118,300.0
run_segment,BUSRUN::195_1::#51::14299->195_1::#52::14031,BUSRUN::195_1::#51::14299->195_1::#52::14031,bus,24,12,-12,12,12,0,-12,12,bus_run,195_1,195,,195_1::#51::14299,195_1::#52::14031,Opp Blk 27,St. Theresa's Convent,1.118,300.0
run_segment,BUSRUN::195_1::#52::14031->195_1::#53::10361,BUSRUN::195_1::#52::14031->195_1::#53::10361,bus,24,12,-12,12,12,0,-12,12,bus_run,195_1,195,,195_1::#52::14031,195_1::#53::10361,St. Theresa's Convent,Cendex Ctr,1.863,500.0
run_segment,BUSRUN::195_1::#53::10361->195_1::#54::10371,BUSRUN::195_1::#53::10361->195_1::#54::10371,bus,24,12,-12,12,12,0,-12,12,bus_run,195_1,195,,195_1::#53::10361,195_1::#54::10371,Cendex Ctr,Blk 129,1.491,400.0
run_segment,BUSRUN::195_1::#54::10371->195_1::#55::10169,BUSRUN::195_1::#54::10371->195_1::#55::10169,bus,24,12,-12,12,12,0,-12,12,bus_run,195_1,195,,195_1::#54::10371,195_1::#55::10169,Blk 129,Tiong Bahru Stn/Plaza,2.236,600.0
run_segment,BUSRUN::195_1::#55::10169->195_1::#56::10149,BUSRUN::195_1::#55::10169->195_1::#56::10149,bus,24,12,-12,12,12,0,-12,12,bus_run,195_1,195,,195_1::#55::10169,195_1::#56::10149,Tiong Bahru Stn/Plaza,Blk 1,2.236,600.0
run_segment,BUSRUN::196_2::#28::10079->196_2::#29::10069,BUSRUN::196_2::#28::10079->196_2::#29::10069,bus,108,96,-12,12,12,0,-12,12,bus_run,196_2,196,,196_2::#28::10079,196_2::#29::10069,Blk 201,Opp Blk 140,1.491,400.0
run_segment,BUSRUN::196_2::#29::10069->196_2::#30::10059,BUSRUN::196_2::#29::10069->196_2::#30::10059,bus,108,96,-12,12,12,0,-12,12,bus_run,196_2,196,,196_2::#29::10069,196_2::#30::10059,Opp Blk 140,Opp Blk 149,1.118,300.0
run_segment,BUSRUN::201_1::#1::16009->201_1::#2::17011,BUSRUN::201_1::#1::16009->201_1::#2::17011,bus,27,15,-12,12,12,0,-12,12,bus_run,201_1,201,,201_1::#1::16009,201_1::#2::17011,Kent Ridge Ter,Opp Varsity Pk,1.863,500.0
run_segment,BUSRUN::201_1::#2::17011->201_1::#3::17021,BUSRUN::201_1::#2::17011->201_1::#3::17021,bus,27,15,-12,12,12,0,-12,12,bus_run,201_1,201,,201_1::#2::17011,201_1::#3::17021,Opp Varsity Pk,Waseda S Snr High Sch,1.118,300.0
run_segment,BUSRUN::201_1::#3::17021->201_1::#4::17381,BUSRUN::201_1::#3::17021->201_1::#4::17381,bus,27,15,-12,12,12,0,-12,12,bus_run,201_1,201,,201_1::#3::17021,201_1::#4::17381,Waseda S Snr High Sch,West Bay Resort Condo,1.118,300.0
run_segment,BUSRUN::201_1::#4::17381->201_1::#5::17031,BUSRUN::201_1::#4::17381->201_1::#5::17031,bus,27,15,-12,12,12,0,-12,12,bus_run,201_1,201,,201_1::#4::17381,201_1::#5::17031,West Bay Resort Condo,Kent Ridge Sec Sch,1.118,300.0
run_segment,BUSRUN::201_1::#5::17031->201_1::#6::17041,BUSRUN::201_1::#5::17031->201_1::#6::17041,bus,27,15,-12,12,12,0,-12,12,bus_run,201_1,201,,201_1::#5::17031,201_1::#6::17041,Kent Ridge Sec Sch,Blk 726 Clementi West Mkt,1.118,300.0
run_segment,BUSRUN::201_1::#6::17041->201_1::#7::17251,BUSRUN::201_1::#6::17041->201_1::#7::17251,bus,27,15,-12,12,12,0,-12,12,bus_run,201_1,201,,201_1::#6::17041,201_1::#7::17251,Blk 726 Clementi West Mkt,Blk 460,3.727,1000.0
run_segment,BUSRUN::201_1::#7::17251->201_1::#8::17161,BUSRUN::201_1::#7::17251->201_1::#8::17161,bus,27,15,-12,12,12,0,-12,12,bus_run,201_1,201,,201_1::#7::17251,201_1::#8::17161,Blk 460,Blk 455,0.745,200.0
run_segment,BUSRUN::57_2::#10::15049->57_2::#11::14189,BUSRUN::57_2::#10::15049->57_2::#11::14189,bus,68,56,-12,12,12,0,-12,12,bus_run,57_2,57,,57_2::#10::15049,57_2::#11::14189,Opp Alexandra Retail Ctr,Aft Alexandra Rd,1.491,400.0
run_segment,BUSRUN::57_2::#11::14189->57_2::#12::14179,BUSRUN::57_2::#11::14189->57_2::#12::14179,bus,72,60,-12,12,12,0,-12,12,bus_run,57_2,57,,57_2::#11::14189,57_2::#12::14179,Aft Alexandra Rd,Yeo's Bldg,1.118,300.0
run_segment,BUSRUN::97_1::#33::14159->97_1::#34::14139,BUSRUN::97_1::#33::14159->97_1::#34::14139,bus,58,46,-12,12,12,0,-12,12,bus_run,97_1,97,,97_1::#33::14159,97_1::#34::14139,Hotel Faber Pk,Bef Seah Im Rd,1.491,400.0
run_segment,BUSRUN::121_1::#41::05629->121_1::#42::03222,BUSRUN::121_1::#41::05629->121_1::#42::03222,bus,26,15,-11,11,11,0,-11,11,bus_run,121_1,121,,121_1::#41::05629,121_1::#42::03222,Opp Southpoint,Hub Synergy Pt,1.491,400.0
run_segment,BUSRUN::124_1::#42::14399->124_1::#43::14509,BUSRUN::124_1::#42::14399->124_1::#43::14509,bus,13,2,-11,11,11,0,-11,11,bus_run,124_1,124,,124_1::#42::14399,124_1::#43::14509,Blk 85,Blk 92B,1.863,500.0
run_segment,BUSRUN::145_2::#16::14249->145_2::#17::14059,BUSRUN::145_2::#16::14249->145_2::#17::14059,bus,27,38,11,11,1,12,11,11,bus_run,145_2,145,,145_2::#16::14249,145_2::#17::14059,Blk 1,Bef Telok Blangah Hts,1.863,500.0
run_segment,BUSRUN::145_2::#17::14059->145_2::#18::14049,BUSRUN::145_2::#17::14059->145_2::#18::14049,bus,37,48,11,11,1,12,11,11,bus_run,145_2,145,,145_2::#17::14059,145_2::#18::14049,Bef Telok Blangah Hts,Opp Blk 55,1.491,400.0
run_segment,BUSRUN::175_1::#24::14369->175_1::#25::14219,BUSRUN::175_1::#24::14369->175_1::#25::14219,bus,28,17,-11,11,11,0,-11,11,bus_run,175_1,175,,175_1::#24::14369,175_1::#25::14219,The Interlace,Opp Blk 114,1.491,400.0
run_segment,BUSRUN::80_2::#1::14009->80_2::#2::14129,BUSRUN::80_2::#1::14009->80_2::#2::14129,bus,23,12,-11,11,11,0,-11,11,bus_run,80_2,80,,80_2::#1::14009,80_2::#2::14129,HarbourFront Int,HarbourFront Stn Exit A,1.491,400.0
run_segment,BUSRUN::80_2::#2::14129->80_2::#3::14119,BUSRUN::80_2::#2::14129->80_2::#3::14119,bus,24,13,-11,11,11,0,-11,11,bus_run,80_2,80,,80_2::#2::14129,80_2::#3::14119,HarbourFront Stn Exit A,Opp VivoCity,1.118,300.0
run_segment,BUSRUN::100_2::#11::18019->100_2::#12::15059,BUSRUN::100_2::#11::18019->100_2::#12::15059,bus,32,42,10,10,14,24,10,10,bus_run,100_2,100,,100_2::#11::18019,100_2::#12::15059,Bef Telok Blangah Hill Pk,Opp Alexandra Pt,1.863,500.0
run_segment,BUSRUN::100_2::#12::15059->100_2::#13::15049,BUSRUN::100_2::#12::15059->100_2::#13::15049,bus,35,45,10,10,14,24,10,10,bus_run,100_2,100,,100_2::#12::15059,100_2::#13::15049,Opp Alexandra Pt,Opp Alexandra Retail Ctr,1.118,300.0
run_segment,BUSRUN::10_2::#1::16009->10_2::#2::16089,BUSRUN::10_2::#1::16009->10_2::#2::16089,bus,22,32,10,10,13,23,10,10,bus_run,10_2,10,,10_2::#1::16009,10_2::#2::16089,Kent Ridge Ter,Aft Clementi Rd,1.491,400.0
run_segment,BUSRUN::121_1::#24::14309->121_1::#25::14379,BUSRUN::121_1::#24::14309->121_1::#25::14379,bus,26,16,-10,10,10,0,-10,10,bus_run,121_1,121,,121_1::#24::14309,121_1::#25::14379,Blk 41,Blk 40,0.745,200.0
run_segment,BUSRUN::121_1::#25::14379->121_1::#26::14031,BUSRUN::121_1::#25::14379->121_1::#26::14031,bus,26,16,-10,10,10,0,-10,10,bus_run,121_1,121,,121_1::#25::14379,121_1::#26::14031,Blk 40,St. Theresa's Convent,1.491,400.0
run_segment,BUSRUN::124_1::#47::14139->124_1::#48::14009,BUSRUN::124_1::#47::14139->124_1::#48::14009,bus,29,19,-10,10,10,0,-10,10,bus_run,124_1,124,,124_1::#47::14139,124_1::#48::14009,Bef Seah Im Rd,HarbourFront Int,1.491,400.0
run_segment,BUSRUN::196_2::#36::03222->196_2::#37::03111,BUSRUN::196_2::#36::03222->196_2::#37::03111,bus,138,128,-10,10,10,0,-10,10,bus_run,196_2,196,,196_2::#36::03222,196_2::#37::03111,Hub Synergy Pt,Aft Capital Twr,2.609,700.0
run_segment,BUSRUN::95B_1::#2::16199->95B_1::#3::16189,BUSRUN::95B_1::#2::16199->95B_1::#3::16189,bus,57,47,-10,10,27,17,-10,10,bus_run,95B_1,95B,,95B_1::#2::16199,95B_1::#3::16189,Aft Architecture Dr,Information Technology,0.745,200.0
run_segment,BUSRUN::95B_1::#4::16179->95B_1::#5::18329,BUSRUN::95B_1::#4::16179->95B_1::#5::18329,bus,161,151,-10,10,70,60,-10,10,bus_run,95B_1,95B,,95B_1::#4::16179,95B_1::#5::18329,Opp Yusof Ishak Hse,University Health Ctr,1.118,300.0
run_segment,BUSRUN::95B_1::#5::18329->95B_1::#6::18319,BUSRUN::95B_1::#5::18329->95B_1::#6::18319,bus,255,245,-10,10,104,94,-10,10,bus_run,95B_1,95B,,95B_1::#5::18329,95B_1::#6::18319,University Health Ctr,Opp University Hall,1.118,300.0
run_segment,BUSRUN::97_1::#32::14169->97_1::#33::14159,BUSRUN::97_1::#32::14169->97_1::#33::14159,bus,46,36,-10,10,10,0,-10,10,bus_run,97_1,97,,97_1::#32::14169,97_1::#33::14159,Opp Telok Blangah Stn,Hotel Faber Pk,1.863,500.0
run_segment,BUSRUN::100_2::#14::14189->100_2::#15::14179,BUSRUN::100_2::#14::14189->100_2::#15::14179,bus,34,25,-9,9,9,0,-9,9,bus_run,100_2,100,,100_2::#14::14189,100_2::#15::14179,Aft Alexandra Rd,Yeo's Bldg,1.118,300.0
run_segment,BUSRUN::120_1::#30::14341->120_1::#31::14049,BUSRUN::120_1::#30::14341->120_1::#31::14049,bus,35,26,-9,9,9,0,-9,9,bus_run,120_1,120,,120_1::#30::14341,120_1::#31::14049,Opp Blk 59,Opp Blk 55,1.863,500.0
run_segment,BUSRUN::124_1::#41::14339->124_1::#42::14399,BUSRUN::124_1::#41::14339->124_1::#42::14399,bus,9,0,-9,9,9,0,-9,9,bus_run,124_1,124,,124_1::#41::14339,124_1::#42::14399,Blk 70A,Blk 85,1.118,300.0
run_segment,BUSRUN::145_2::#18::14049->145_2::#19::14159,BUSRUN::145_2::#18::14049->145_2::#19::14159,bus,53,62,9,9,3,12,9,9,bus_run,145_2,145,,145_2::#18::14049,145_2::#19::14159,Opp Blk 55,Hotel Faber Pk,1.863,500.0
run_segment,BUSRUN::61_1::#52::14239->61_1::#53::14229,BUSRUN::61_1::#52::14239->61_1::#53::14229,bus,34,25,-9,9,9,0,-9,9,bus_run,61_1,61,,61_1::#52::14239,61_1::#53::14229,Opp Keppel DP Blk 519,Ch of St. Teresa,1.118,300.0
run_segment,BUSRUN::65_2::#5::14021->65_2::#6::14379,BUSRUN::65_2::#5::14021->65_2::#6::14379,bus,21,12,-9,9,9,0,-9,9,bus_run,65_2,65,,65_2::#5::14021,65_2::#6::14379,The Pearl @ Mt Faber,Blk 40,0.745,200.0
run_segment,BUSRUN::65_2::#6::14379->65_2::#7::14031,BUSRUN::65_2::#6::14379->65_2::#7::14031,bus,21,12,-9,9,9,0,-9,9,bus_run,65_2,65,,65_2::#6::14379,65_2::#7::14031,Blk 40,St. Theresa's Convent,1.491,400.0
run_segment,BUSRUN::65_2::#7::14031->65_2::#8::10361,BUSRUN::65_2::#7::14031->65_2::#8::10361,bus,21,12,-9,9,9,0,-9,9,bus_run,65_2,65,,65_2::#7::14031,65_2::#8::10361,St. Theresa's Convent,Cendex Ctr,1.863,500.0
run_segment,BUSRUN::65_2::#8::10361->65_2::#9::10371,BUSRUN::65_2::#8::10361->65_2::#9::10371,bus,21,12,-9,9,9,0,-9,9,bus_run,65_2,65,,65_2::#8::10361,65_2::#9::10371,Cendex Ctr,Blk 129,1.491,400.0
run_segment,BUSRUN::65_2::#9::10371->65_2::#10::10381,BUSRUN::65_2::#9::10371->65_2::#10::10381,bus,21,12,-9,9,9,0,-9,9,bus_run,65_2,65,,65_2::#9::10371,65_2::#10::10381,Blk 129,Opp Blk 48,2.236,600.0
run_segment,BUSRUN::673_1::#17::03511->673_1::#18::03501,BUSRUN::673_1::#17::03511->673_1::#18::03501,bus,12,3,-9,9,9,0,-9,9,bus_run,673_1,673,,673_1::#17::03511,673_1::#18::03501,Aft Bayfront Stn Exit E,Marina Bay Sands Theatre,1.491,400.0
run_segment,BUSRUN::95B_1::#6::18319->95B_1::#7::18309,BUSRUN::95B_1::#6::18319->95B_1::#7::18309,bus,301,292,-9,9,120,111,-9,9,bus_run,95B_1,95B,,95B_1::#6::18319,95B_1::#7::18309,Opp University Hall,Blk S17,1.118,300.0
run_segment,BUSRUN::95B_1::#7::18309->95B_1::#8::18239,BUSRUN::95B_1::#7::18309->95B_1::#8::18239,bus,301,292,-9,9,120,111,-9,9,bus_run,95B_1,95B,,95B_1::#7::18309,95B_1::#8::18239,Blk S17,Opp NUH,1.118,300.0
run_segment,BUSRUN::120_1::#29::14331->120_1::#30::14341,BUSRUN::120_1::#29::14331->120_1::#30::14341,bus,28,20,-8,8,8,0,-8,8,bus_run,120_1,120,,120_1::#29::14331,120_1::#30::14341,Opp Blk 70B,Opp Blk 59,1.118,300.0
run_segment,BUSRUN::131_2::#9::14281->131_2::#10::14059,BUSRUN::131_2::#9::14281->131_2::#10::14059,bus,56,64,8,8,7,15,8,8,bus_run,131_2,131,,131_2::#9::14281,131_2::#10::14059,SAFRA Mt Faber,Bef Telok Blangah Hts,1.863,500.0
run_segment,BUSRUN::95B_1::#1::16009->95B_1::#2::16199,BUSRUN::95B_1::#1::16009->95B_1::#2::16199,bus,8,0,-8,8,8,0,-8,8,bus_run,95B_1,95B,,95B_1::#1::16009,95B_1::#2::16199,Kent Ridge Ter,Aft Architecture Dr,2.236,600.0
run_segment,BUSRUN::97e_1::#27::03511->97e_1::#28::03501,BUSRUN::97e_1::#27::03511->97e_1::#28::03501,bus,11,3,-8,8,8,0,-8,8,bus_run,97e_1,97e,,97e_1::#27::03511,97e_1::#28::03501,Aft Bayfront Stn Exit E,Marina Bay Sands Theatre,1.491,400.0
run_segment,BUSRUN::195A_1::#28::14471->195A_1::#29::14211,BUSRUN::195A_1::#28::14471->195A_1::#29::14211,bus,36,29,-7,7,7,0,-7,7,bus_run,195A_1,195A,,195A_1::#28::14471,195A_1::#29::14211,Blk 114,ISS Intl Sch,0.745,200.0
run_segment,BUSRUN::97e_1::#14::18049->97e_1::#15::15059,BUSRUN::97e_1::#14::18049->97e_1::#15::15059,bus,26,19,-7,7,7,0,-7,7,bus_run,97e_1,97e,,97e_1::#14::18049,97e_1::#15::15059,Opp Science Pk,Opp Alexandra Pt,8.571,2300.0
run_segment,BUSRUN::121_1::#23::14489->121_1::#24::14309,BUSRUN::121_1::#23::14489->121_1::#24::14309,bus,22,16,-6,6,6,0,-6,6,bus_run,121_1,121,,121_1::#23::14489,121_1::#24::14309,Blk 36 Mkt/FC,Blk 41,0.745,200.0
run_segment,BUSRUN::131_2::#10::14059->131_2::#11::14049,BUSRUN::131_2::#10::14059->131_2::#11::14049,bus,108,114,6,6,25,31,6,6,bus_run,131_2,131,,131_2::#10::14059,131_2::#11::14049,Bef Telok Blangah Hts,Opp Blk 55,1.491,400.0
run_segment,BUSRUN::175_1::#22::15051->175_1::#24::14369,BUSRUN::175_1::#22::15051->175_1::#24::14369,bus,6,0,-6,6,6,0,-6,6,bus_run,175_1,175,,175_1::#22::15051,175_1::#24::14369,Alexandra Pt,The Interlace,2.609,700.0
run_segment,BUSRUN::196_2::#27::10089->196_2::#28::10079,BUSRUN::196_2::#27::10089->196_2::#28::10079,bus,42,36,-6,6,6,0,-6,6,bus_run,196_2,196,,196_2::#27::10089,196_2::#28::10079,Blk 119,Blk 201,2.609,700.0
run_segment,BUSRUN::196_2::#37::03111->196_2::#38::03071,BUSRUN::196_2::#37::03111->196_2::#38::03071,bus,92,86,-6,6,6,0,-6,6,bus_run,196_2,196,,196_2::#37::03111,196_2::#38::03071,Aft Capital Twr,80 Robinson Rd,1.118,300.0
run_segment,BUSRUN::33_2::#12::18049->33_2::#13::11511,BUSRUN::33_2::#12::18049->33_2::#13::11511,bus,24,18,-6,6,6,0,-6,6,bus_run,33_2,33,,33_2::#12::18049,33_2::#13::11511,Opp Science Pk,Alexandra Hosp,5.59,1500.0
run_segment,BUSRUN::33_2::#13::11511->33_2::#14::11521,BUSRUN::33_2::#13::11511->33_2::#14::11521,bus,24,18,-6,6,6,0,-6,6,bus_run,33_2,33,,33_2::#13::11511,33_2::#14::11521,Alexandra Hosp,Anchorpoint,1.491,400.0
run_segment,BUSRUN::33_2::#14::11521->33_2::#15::11531,BUSRUN::33_2::#14::11521->33_2::#15::11531,bus,24,18,-6,6,6,0,-6,6,bus_run,33_2,33,,33_2::#14::11521,33_2::#15::11531,Anchorpoint,Opp Lea Hin Hardware Fty,1.491,400.0
run_segment,BUSRUN::33_2::#15::11531->33_2::#16::10299,BUSRUN::33_2::#15::11531->33_2::#16::10299,bus,24,18,-6,6,6,0,-6,6,bus_run,33_2,33,,33_2::#15::11531,33_2::#16::10299,Opp Lea Hin Hardware Fty,Aft Dawson Pl,1.863,500.0
run_segment,BUSRUN::33_2::#16::10299->33_2::#17::10287,BUSRUN::33_2::#16::10299->33_2::#17::10287,bus,24,18,-6,6,6,0,-6,6,bus_run,33_2,33,,33_2::#16::10299,33_2::#17::10287,Aft Dawson Pl,Opp Cycle & Carriage,0.745,200.0
run_segment,BUSRUN::33_2::#17::10287->33_2::#18::10209,BUSRUN::33_2::#17::10287->33_2::#18::10209,bus,24,18,-6,6,6,0,-6,6,bus_run,33_2,33,,33_2::#17::10287,33_2::#18::10209,Opp Cycle & Carriage,Redhill Stn,1.863,500.0
run_segment,BUSRUN::97_1::#31::14179->97_1::#32::14169,BUSRUN::97_1::#31::14179->97_1::#32::14169,bus,38,32,-6,6,6,0,-6,6,bus_run,97_1,97,,97_1::#31::14179,97_1::#32::14169,Yeo's Bldg,Opp Telok Blangah Stn,1.491,400.0
run_segment,BUSRUN::100_2::#13::15049->100_2::#14::14189,BUSRUN::100_2::#13::15049->100_2::#14::14189,bus,27,22,-5,5,5,0,-5,5,bus_run,100_2,100,,100_2::#13::15049,100_2::#14::14189,Opp Alexandra Retail Ctr,Aft Alexandra Rd,1.491,400.0
run_segment,BUSRUN::100_2::#25::03222->100_2::#26::03111,BUSRUN::100_2::#25::03222->100_2::#26::03111,bus,73,68,-5,5,5,0,-5,5,bus_run,100_2,100,,100_2::#25::03222,100_2::#26::03111,Hub Synergy Pt,Aft Capital Twr,2.609,700.0
run_segment,BUSRUN::120_1::#42::10209->120_1::#43::10199,BUSRUN::120_1::#42::10209->120_1::#43::10199,bus,7,2,-5,5,5,0,-5,5,bus_run,120_1,120,,120_1::#42::10209,120_1::#43::10199,Redhill Stn,Delta Swim Cplx,1.118,300.0
run_segment,BUSRUN::120_1::#43::10199->120_1::#44::10189,BUSRUN::120_1::#43::10199->120_1::#44::10189,bus,7,2,-5,5,5,0,-5,5,bus_run,120_1,120,,120_1::#43::10199,120_1::#44::10189,Delta Swim Cplx,Blk 104A CP,1.118,300.0
run_segment,BUSRUN::120_1::#44::10189->120_1::#45::10179,BUSRUN::120_1::#44::10189->120_1::#45::10179,bus,7,2,-5,5,5,0,-5,5,bus_run,120_1,120,,120_1::#44::10189,120_1::#45::10179,Blk 104A CP,Tiong Bahru Pk,1.118,300.0
run_segment,BUSRUN::120_1::#45::10179->120_1::#46::10379,BUSRUN::120_1::#45::10179->120_1::#46::10379,bus,7,2,-5,5,5,0,-5,5,bus_run,120_1,120,,120_1::#45::10179,120_1::#46::10379,Tiong Bahru Pk,Blk 25B,1.863,500.0
run_segment,BUSRUN::120_1::#46::10379->120_1::#47::10079,BUSRUN::120_1::#46::10379->120_1::#47::10079,bus,7,2,-5,5,5,0,-5,5,bus_run,120_1,120,,120_1::#46::10379,120_1::#47::10079,Blk 25B,Blk 201,2.236,600.0
run_segment,BUSRUN::120_1::#47::10079->120_1::#48::10069,BUSRUN::120_1::#47::10079->120_1::#48::10069,bus,7,2,-5,5,5,0,-5,5,bus_run,120_1,120,,120_1::#47::10079,120_1::#48::10069,Blk 201,Opp Blk 140,1.491,400.0
run_segment,BUSRUN::120_1::#48::10069->120_1::#49::10059,BUSRUN::120_1::#48::10069->120_1::#49::10059,bus,7,2,-5,5,5,0,-5,5,bus_run,120_1,120,,120_1::#48::10069,120_1::#49::10059,Opp Blk 140,Opp Blk 149,1.118,300.0
run_segment,BUSRUN::121_1::#22::14319->121_1::#23::14489,BUSRUN::121_1::#22::14319->121_1::#23::14489,bus,12,7,-5,5,5,0,-5,5,bus_run,121_1,121,,121_1::#22::14319,121_1::#23::14489,Blk 28,Blk 36 Mkt/FC,0.745,200.0
run_segment,BUSRUN::123M_1::#1::14009->123M_1::#2::14129,BUSRUN::123M_1::#1::14009->123M_1::#2::14129,bus,9,4,-5,5,5,0,-5,5,bus_run,123M_1,123M,,123M_1::#1::14009,123M_1::#2::14129,HarbourFront Int,HarbourFront Stn Exit A,1.491,400.0
run_segment,BUSRUN::188_1::#42::16029->188_1::#43::16019,BUSRUN::188_1::#42::16029->188_1::#43::16019,bus,5,0,-5,5,5,0,-5,5,bus_run,188_1,188,,188_1::#42::16029,188_1::#43::16019,Gloria Mansion,Haw Par Villa Stn,1.863,500.0
run_segment,BUSRUN::188_1::#43::16019->188_1::#44::16209,BUSRUN::188_1::#43::16019->188_1::#44::16209,bus,5,0,-5,5,5,0,-5,5,bus_run,188_1,188,,188_1::#43::16019,188_1::#44::16209,Haw Par Villa Stn,Horizon Residences,0.745,200.0
run_segment,BUSRUN::188_1::#44::16209->188_1::#45::15229,BUSRUN::188_1::#44::16209->188_1::#45::15229,bus,5,0,-5,5,5,0,-5,5,bus_run,188_1,188,,188_1::#44::16209,188_1::#45::15229,Horizon Residences,Bef Sth Buona Vista Rd,1.118,300.0
run_segment,BUSRUN::188_1::#45::15229->188_1::#46::15219,BUSRUN::188_1::#45::15229->188_1::#46::15219,bus,5,0,-5,5,5,0,-5,5,bus_run,188_1,188,,188_1::#45::15229,188_1::#46::15219,Bef Sth Buona Vista Rd,Pasir View Pk,0.745,200.0
run_segment,BUSRUN::188_1::#46::15219->188_1::#47::15209,BUSRUN::188_1::#46::15219->188_1::#47::15209,bus,5,0,-5,5,5,0,-5,5,bus_run,188_1,188,,188_1::#46::15219,188_1::#47::15209,Pasir View Pk,Bef Pasir Panjang Stn,1.491,400.0
run_segment,BUSRUN::188_1::#47::15209->188_1::#48::15199,BUSRUN::188_1::#47::15209->188_1::#48::15199,bus,5,0,-5,5,5,0,-5,5,bus_run,188_1,188,,188_1::#47::15209,188_1::#48::15199,Bef Pasir Panjang Stn,Opp Currency Hse,1.118,300.0
run_segment,BUSRUN::188_1::#48::15199->188_1::#49::15169,BUSRUN::188_1::#48::15199->188_1::#49::15169,bus,5,0,-5,5,5,0,-5,5,bus_run,188_1,188,,188_1::#48::15199,188_1::#49::15169,Opp Currency Hse,HarbourSide Bldg 2,1.863,500.0
run_segment,BUSRUN::188_1::#49::15169->188_1::#50::15159,BUSRUN::188_1::#49::15169->188_1::#50::15159,bus,5,0,-5,5,5,0,-5,5,bus_run,188_1,188,,188_1::#49::15169,188_1::#50::15159,HarbourSide Bldg 2,Mapletree Business City,0.745,200.0
run_segment,BUSRUN::188_1::#50::15159->188_1::#51::15149,BUSRUN::188_1::#50::15159->188_1::#51::15149,bus,5,0,-5,5,5,0,-5,5,bus_run,188_1,188,,188_1::#50::15159,188_1::#51::15149,Mapletree Business City,Opp Labrador Pk Stn,1.118,300.0
run_segment,BUSRUN::188_1::#51::15149->188_1::#52::14189,BUSRUN::188_1::#51::15149->188_1::#52::14189,bus,5,0,-5,5,5,0,-5,5,bus_run,188_1,188,,188_1::#51::15149,188_1::#52::14189,Opp Labrador Pk Stn,Aft Alexandra Rd,1.491,400.0
run_segment,BUSRUN::188_1::#52::14189->188_1::#53::14179,BUSRUN::188_1::#52::14189->188_1::#53::14179,bus,5,0,-5,5,5,0,-5,5,bus_run,188_1,188,,188_1::#52::14189,188_1::#53::14179,Aft Alexandra Rd,Yeo's Bldg,1.118,300.0
run_segment,BUSRUN::188_1::#53::14179->188_1::#54::14169,BUSRUN::188_1::#53::14179->188_1::#54::14169,bus,5,0,-5,5,5,0,-5,5,bus_run,188_1,188,,188_1::#53::14179,188_1::#54::14169,Yeo's Bldg,Opp Telok Blangah Stn,1.491,400.0
run_segment,BUSRUN::188_1::#54::14169->188_1::#55::14159,BUSRUN::188_1::#54::14169->188_1::#55::14159,bus,5,0,-5,5,5,0,-5,5,bus_run,188_1,188,,188_1::#54::14169,188_1::#55::14159,Opp Telok Blangah Stn,Hotel Faber Pk,1.863,500.0
run_segment,BUSRUN::188_1::#55::14159->188_1::#56::14139,BUSRUN::188_1::#55::14159->188_1::#56::14139,bus,5,0,-5,5,5,0,-5,5,bus_run,188_1,188,,188_1::#55::14159,188_1::#56::14139,Hotel Faber Pk,Bef Seah Im Rd,1.491,400.0
run_segment,BUSRUN::196_2::#23::10139->196_2::#24::10119,BUSRUN::196_2::#23::10139->196_2::#24::10119,bus,12,7,-5,5,5,0,-5,5,bus_run,196_2,196,,196_2::#23::10139,196_2::#24::10119,Blk 1,Opp Pacific Tech Ctr,1.118,300.0
run_segment,BUSRUN::196_2::#24::10119->196_2::#25::10109,BUSRUN::196_2::#24::10119->196_2::#25::10109,bus,20,15,-5,5,5,0,-5,5,bus_run,196_2,196,,196_2::#24::10119,196_2::#25::10109,Opp Pacific Tech Ctr,Bt Merah Sec Sch,0.745,200.0
run_segment,BUSRUN::196_2::#25::10109->196_2::#26::10099,BUSRUN::196_2::#25::10109->196_2::#26::10099,bus,20,15,-5,5,5,0,-5,5,bus_run,196_2,196,,196_2::#25::10109,196_2::#26::10099,Bt Merah Sec Sch,Opp Bt Merah Town Ctr,1.863,500.0
run_segment,BUSRUN::196_2::#26::10099->196_2::#27::10089,BUSRUN::196_2::#26::10099->196_2::#27::10089,bus,20,15,-5,5,5,0,-5,5,bus_run,196_2,196,,196_2::#26::10099,196_2::#27::10089,Opp Bt Merah Town Ctr,Blk 119,1.863,500.0
run_segment,BUSRUN::96B_1::#4::16169->96B_1::#5::17091,BUSRUN::96B_1::#4::16169->96B_1::#5::17091,bus,42,37,-5,5,5,0,-5,5,bus_run,96B_1,96B,,96B_1::#4::16169,96B_1::#5::17091,NUS Raffles Hall,Aft Clementi Ave 1,4.099,1100.0
run_segment,BUSRUN::96B_1::#5::17091->96B_1::#6::17151,BUSRUN::96B_1::#5::17091->96B_1::#6::17151,bus,42,37,-5,5,5,0,-5,5,bus_run,96B_1,96B,,96B_1::#5::17091,96B_1::#6::17151,Aft Clementi Ave 1,Blk 410,2.236,600.0
run_segment,BUSRUN::96B_1::#6::17151->96B_1::#7::17161,BUSRUN::96B_1::#6::17151->96B_1::#7::17161,bus,42,37,-5,5,5,0,-5,5,bus_run,96B_1,96B,,96B_1::#6::17151,96B_1::#7::17161,Blk 410,Blk 455,1.118,300.0
run_segment,BUSRUN::121_1::#28::10079->121_1::#29::10129,BUSRUN::121_1::#28::10079->121_1::#29::10129,bus,12,8,-4,4,4,0,-4,4,bus_run,121_1,121,,121_1::#28::10079,121_1::#29::10129,Blk 201,Blk 121,1.491,400.0
run_segment,BUSRUN::121_1::#29::10129->121_1::#30::10151,BUSRUN::121_1::#29::10129->121_1::#30::10151,bus,12,8,-4,4,4,0,-4,4,bus_run,121_1,121,,121_1::#29::10129,121_1::#30::10151,Blk 121,Ctrl Green Condo,1.863,500.0
run_segment,BUSRUN::121_1::#30::10151->121_1::#31::10161,BUSRUN::121_1::#30::10151->121_1::#31::10161,bus,12,8,-4,4,4,0,-4,4,bus_run,121_1,121,,121_1::#30::10151,121_1::#31::10161,Ctrl Green Condo,Opp Tiong Bahru Stn/Plaza,0.745,200.0
run_segment,BUSRUN::121_1::#31::10161->121_1::#32::10381,BUSRUN::121_1::#31::10161->121_1::#32::10381,bus,12,8,-4,4,4,0,-4,4,bus_run,121_1,121,,121_1::#31::10161,121_1::#32::10381,Opp Tiong Bahru Stn/Plaza,Opp Blk 48,1.863,500.0
run_segment,BUSRUN::121_1::#32::10381->121_1::#33::10239,BUSRUN::121_1::#32::10381->121_1::#33::10239,bus,12,8,-4,4,4,0,-4,4,bus_run,121_1,121,,121_1::#32::10381,121_1::#33::10239,Opp Blk 48,Blk 79,1.863,500.0
run_segment,BUSRUN::121_1::#33::10239->121_1::#34::10229,BUSRUN::121_1::#33::10239->121_1::#34::10229,bus,12,8,-4,4,4,0,-4,4,bus_run,121_1,121,,121_1::#33::10239,121_1::#34::10229,Blk 79,Opp Harvest Mansions,1.118,300.0
run_segment,BUSRUN::121_1::#34::10229->121_1::#36::06069,BUSRUN::121_1::#34::10229->121_1::#36::06069,bus,12,8,-4,4,4,0,-4,4,bus_run,121_1,121,,121_1::#34::10229,121_1::#36::06069,Opp Harvest Mansions,Aft Furama RiverFront,2.981,800.0
run_segment,BUSRUN::121_1::#36::06069->121_1::#37::06049,BUSRUN::121_1::#36::06069->121_1::#37::06049,bus,12,8,-4,4,4,0,-4,4,bus_run,121_1,121,,121_1::#36::06069,121_1::#37::06049,Aft Furama RiverFront,Bef Outram Flyover,0.745,200.0
run_segment,BUSRUN::121_1::#37::06049->121_1::#38::06029,BUSRUN::121_1::#37::06049->121_1::#38::06029,bus,12,8,-4,4,4,0,-4,4,bus_run,121_1,121,,121_1::#37::06049,121_1::#38::06029,Bef Outram Flyover,Outram Pk Stn Exit 1,1.863,500.0
run_segment,BUSRUN::121_1::#38::06029->121_1::#39::05539,BUSRUN::121_1::#38::06029->121_1::#39::05539,bus,12,8,-4,4,4,0,-4,4,bus_run,121_1,121,,121_1::#38::06029,121_1::#39::05539,Outram Pk Stn Exit 1,Opp Police Cantonment Cplx,1.491,400.0
run_segment,BUSRUN::124_1::#40::14349->124_1::#41::14339,BUSRUN::124_1::#40::14349->124_1::#41::14339,bus,4,0,-4,4,4,0,-4,4,bus_run,124_1,124,,124_1::#40::14349,124_1::#41::14339,Blk 59,Blk 70A,1.118,300.0
run_segment,BUSRUN::131_2::#11::14049->131_2::#12::14159,BUSRUN::131_2::#11::14049->131_2::#12::14159,bus,150,146,-4,4,35,31,-4,4,bus_run,131_2,131,,131_2::#11::14049,131_2::#12::14159,Opp Blk 55,Hotel Faber Pk,1.863,500.0
run_segment,BUSRUN::131_2::#6::14381->131_2::#7::14291,BUSRUN::131_2::#6::14381->131_2::#7::14291,bus,4,0,-4,4,4,0,-4,4,bus_run,131_2,131,,131_2::#6::14381,131_2::#7::14291,Blk 109,Blk 27,1.863,500.0
run_segment,BUSRUN::131_2::#7::14291->131_2::#8::14271,BUSRUN::131_2::#7::14291->131_2::#8::14271,bus,4,0,-4,4,4,0,-4,4,bus_run,131_2,131,,131_2::#7::14291,131_2::#8::14271,Blk 27,Al-Amin Mque,1.118,300.0
run_segment,BUSRUN::195A_1::#51::14299->195A_1::#52::14031,BUSRUN::195A_1::#51::14299->195A_1::#52::14031,bus,86,82,-4,4,4,0,-4,4,bus_run,195A_1,195A,,195A_1::#51::14299,195A_1::#52::14031,Opp Blk 27,St. Theresa's Convent,1.118,300.0
run_segment,BUSRUN::195A_1::#52::14031->195A_1::#53::10361,BUSRUN::195A_1::#52::14031->195A_1::#53::10361,bus,86,82,-4,4,4,0,-4,4,bus_run,195A_1,195A,,195A_1::#52::14031,195A_1::#53::10361,St. Theresa's Convent,Cendex Ctr,1.863,500.0
run_segment,BUSRUN::195A_1::#53::10361->195A_1::#54::10371,BUSRUN::195A_1::#53::10361->195A_1::#54::10371,bus,86,82,-4,4,4,0,-4,4,bus_run,195A_1,195A,,195A_1::#53::10361,195A_1::#54::10371,Cendex Ctr,Blk 129,1.491,400.0
run_segment,BUSRUN::195A_1::#54::10371->195A_1::#55::10169,BUSRUN::195A_1::#54::10371->195A_1::#55::10169,bus,86,82,-4,4,4,0,-4,4,bus_run,195A_1,195A,,195A_1::#54::10371,195A_1::#55::10169,Blk 129,Tiong Bahru Stn/Plaza,2.236,600.0
run_segment,BUSRUN::57_2::#9::15059->57_2::#10::15049,BUSRUN::57_2::#9::15059->57_2::#10::15049,bus,56,52,-4,4,4,0,-4,4,bus_run,57_2,57,,57_2::#9::15059,57_2::#10::15049,Opp Alexandra Pt,Opp Alexandra Retail Ctr,1.118,300.0
run_segment,BUSRUN::80_2::#10::05411->80_2::#11::05421,BUSRUN::80_2::#10::05411->80_2::#11::05421,bus,6,2,-4,4,4,0,-4,4,bus_run,80_2,80,,80_2::#10::05411,80_2::#11::05421,Tg Pagar Plaza,Aft Craig Rd,1.118,300.0
run_segment,BUSRUN::80_2::#11::05421->80_2::#12::05271,BUSRUN::80_2::#11::05421->80_2::#12::05271,bus,6,2,-4,4,4,0,-4,4,bus_run,80_2,80,,80_2::#11::05421,80_2::#12::05271,Aft Craig Rd,Opp Fairfield Meth Ch,0.745,200.0
run_segment,BUSRUN::80_2::#12::05271->80_2::#13::05241,BUSRUN::80_2::#12::05271->80_2::#13::05241,bus,6,2,-4,4,4,0,-4,4,bus_run,80_2,80,,80_2::#12::05271,80_2::#13::05241,Opp Fairfield Meth Ch,Opp Blk 333,1.491,400.0
run_segment,BUSRUN::80_2::#13::05241->80_2::#14::05013,BUSRUN::80_2::#13::05241->80_2::#14::05013,bus,6,2,-4,4,4,0,-4,4,bus_run,80_2,80,,80_2::#13::05241,80_2::#14::05013,Opp Blk 333,Chinatown Stn Exit C,1.863,500.0
run_segment,BUSRUN::123M_1::#21::14381->123M_1::#22::14029,BUSRUN::123M_1::#21::14381->123M_1::#22::14029,bus,3,0,-3,3,3,0,-3,3,bus_run,123M_1,123M,,123M_1::#21::14381,123M_1::#22::14029,Blk 109,Blk 105,1.863,500.0
run_segment,BUSRUN::123M_1::#23::14019->123M_1::#24::14141,BUSRUN::123M_1::#23::14019->123M_1::#24::14141,bus,3,0,-3,3,3,0,-3,3,bus_run,123M_1,123M,,123M_1::#23::14019,123M_1::#24::14141,Opp Mt Faber Lodge,HarbourFront Stn/Vivocity,2.609,700.0
run_segment,BUSRUN::123M_1::#24::14141->123M_1::#25::14009,BUSRUN::123M_1::#24::14141->123M_1::#25::14009,bus,3,0,-3,3,3,0,-3,3,bus_run,123M_1,123M,,123M_1::#24::14141,123M_1::#25::14009,HarbourFront Stn/Vivocity,HarbourFront Int,2.609,700.0
run_segment,BUSRUN::123M_1::#2::14129->123M_1::#3::14119,BUSRUN::123M_1::#2::14129->123M_1::#3::14119,bus,7,4,-3,3,3,0,-3,3,bus_run,123M_1,123M,,123M_1::#2::14129,123M_1::#3::14119,HarbourFront Stn Exit A,Opp VivoCity,1.118,300.0
run_segment,BUSRUN::131_2::#8::14271->131_2::#9::14281,BUSRUN::131_2::#8::14271->131_2::#9::14281,bus,31,28,-3,3,6,3,-3,3,bus_run,131_2,131,,131_2::#8::14271,131_2::#9::14281,Al-Amin Mque,SAFRA Mt Faber,0.745,200.0
run_segment,BUSRUN::145_2::#19::14159->145_2::#20::14139,BUSRUN::145_2::#19::14159->145_2::#20::14139,bus,59,56,-3,3,3,0,-3,3,bus_run,145_2,145,,145_2::#19::14159,145_2::#20::14139,Hotel Faber Pk,Bef Seah Im Rd,1.491,400.0
run_segment,BUSRUN::175_2::#37::14191->175_2::#38::14201,BUSRUN::175_2::#37::14191->175_2::#38::14201,bus,0,3,3,3,0,3,3,3,bus_run,175_2,175,,175_2::#37::14191,175_2::#38::14201,Blk 105 CP,Blk 110,1.118,300.0
run_segment,BUSRUN::195A_1::#27::14201->195A_1::#28::14471,BUSRUN::195A_1::#27::14201->195A_1::#28::14471,bus,17,14,-3,3,3,0,-3,3,bus_run,195A_1,195A,,195A_1::#27::14201,195A_1::#28::14471,Blk 110,Blk 114,1.118,300.0
run_segment,BUSRUN::197_2::#12::18079->197_2::#13::18109,BUSRUN::197_2::#12::18079->197_2::#13::18109,bus,5,2,-3,3,3,0,-3,3,bus_run,197_2,197,,197_2::#12::18079,197_2::#13::18109,Opp NUH,Blk 55/Opp 5 Sci Pk Dr,1.491,400.0
run_segment,BUSRUN::197_2::#13::18109->197_2::#14::18049,BUSRUN::197_2::#13::18109->197_2::#14::18049,bus,5,2,-3,3,3,0,-3,3,bus_run,197_2,197,,197_2::#13::18109,197_2::#14::18049,Blk 55/Opp 5 Sci Pk Dr,Opp Science Pk,2.609,700.0
run_segment,BUSRUN::197_2::#14::18049->197_2::#15::11511,BUSRUN::197_2::#14::18049->197_2::#15::11511,bus,7,4,-3,3,3,0,-3,3,bus_run,197_2,197,,197_2::#14::18049,197_2::#15::11511,Opp Science Pk,Alexandra Hosp,5.59,1500.0
run_segment,BUSRUN::197_2::#15::11511->197_2::#16::11019,BUSRUN::197_2::#15::11511->197_2::#16::11019,bus,13,10,-3,3,3,0,-3,3,bus_run,197_2,197,,197_2::#15::11511,197_2::#16::11019,Alexandra Hosp,Alexandra Ctrl,1.491,400.0
run_segment,BUSRUN::197_2::#16::11019->197_2::#17::10139,BUSRUN::197_2::#16::11019->197_2::#17::10139,bus,13,10,-3,3,3,0,-3,3,bus_run,197_2,197,,197_2::#16::11019,197_2::#17::10139,Alexandra Ctrl,Blk 1,1.118,300.0
run_segment,BUSRUN::33A_1::#4::16151->33A_1::#5::19051,BUSRUN::33A_1::#4::16151->33A_1::#5::19051,bus,3,0,-3,3,3,0,-3,3,bus_run,33A_1,33A,,33A_1::#4::16151,33A_1::#5::19051,The Japanese Pr Sch,New Town Sec Sch,4.845,1300.0
run_segment,BUSRUN::33A_1::#5::19051->33A_1::#6::19061,BUSRUN::33A_1::#5::19051->33A_1::#6::19061,bus,3,0,-3,3,3,0,-3,3,bus_run,33A_1,33A,,33A_1::#5::19051,33A_1::#6::19061,New Town Sec Sch,Ayer Rajah Telecoms,1.863,500.0
run_segment,BUSRUN::33A_1::#6::19061->33A_1::#7::19071,BUSRUN::33A_1::#6::19061->33A_1::#7::19071,bus,3,0,-3,3,3,0,-3,3,bus_run,33A_1,33A,,33A_1::#6::19061,33A_1::#7::19071,Ayer Rajah Telecoms,Opp ACS Independent,1.863,500.0
run_segment,BUSRUN::33A_1::#7::19071->33A_1::#8::19081,BUSRUN::33A_1::#7::19071->33A_1::#8::19081,bus,3,0,-3,3,3,0,-3,3,bus_run,33A_1,33A,,33A_1::#7::19071,33A_1::#8::19081,Opp ACS Independent,Opp ACS Boarding Sch,1.118,300.0
run_segment,BUSRUN::33A_1::#8::19081->33A_1::#9::18111,BUSRUN::33A_1::#8::19081->33A_1::#9::18111,bus,3,0,-3,3,3,0,-3,3,bus_run,33A_1,33A,,33A_1::#8::19081,33A_1::#9::18111,Opp ACS Boarding Sch,Fairfield Meth Pr Sch,1.118,300.0
run_segment,BUSRUN::57_2::#23::03151->57_2::#24::03021,BUSRUN::57_2::#23::03151->57_2::#24::03021,bus,39,36,-3,3,3,0,-3,3,bus_run,57_2,57,,57_2::#23::03151,57_2::#24::03021,Aft Telok Ayer St,Prudential Twr,1.863,500.0
run_segment,BUSRUN::5_2::#1::10009->5_2::#2::10089,BUSRUN::5_2::#1::10009->5_2::#2::10089,bus,9,6,-3,3,3,0,-3,3,bus_run,5_2,5,,5_2::#1::10009,5_2::#2::10089,Bt Merah Int,Blk 119,2.609,700.0
run_segment,BUSRUN::5_2::#2::10089->5_2::#3::10371,BUSRUN::5_2::#2::10089->5_2::#3::10371,bus,9,6,-3,3,3,0,-3,3,bus_run,5_2,5,,5_2::#2::10089,5_2::#3::10371,Blk 119,Blk 129,1.491,400.0
run_segment,BUSRUN::5_2::#3::10371->5_2::#4::10169,BUSRUN::5_2::#3::10371->5_2::#4::10169,bus,9,6,-3,3,3,0,-3,3,bus_run,5_2,5,,5_2::#3::10371,5_2::#4::10169,Blk 129,Tiong Bahru Stn/Plaza,2.236,600.0
run_segment,BUSRUN::5_2::#4::10169->5_2::#5::10149,BUSRUN::5_2::#4::10169->5_2::#5::10149,bus,9,6,-3,3,3,0,-3,3,bus_run,5_2,5,,5_2::#4::10169,5_2::#5::10149,Tiong Bahru Stn/Plaza,Blk 1,2.236,600.0
run_segment,BUSRUN::61_1::#51::14011->61_1::#52::14239,BUSRUN::61_1::#51::14011->61_1::#52::14239,bus,25,22,-3,3,3,0,-3,3,bus_run,61_1,61,,61_1::#51::14011,61_1::#52::14239,Bef Mt Faber Lodge,Opp Keppel DP Blk 519,2.236,600.0
run_segment,BUSRUN::14_2::#14::11511->14_2::#15::11019,BUSRUN::14_2::#14::11511->14_2::#15::11019,bus,35,33,-2,2,2,0,-2,2,bus_run,14_2,14,,14_2::#14::11511,14_2::#15::11019,Alexandra Hosp,Alexandra Ctrl,1.491,400.0
run_segment,BUSRUN::167_2::#12::03151->167_2::#13::03021,BUSRUN::167_2::#12::03151->167_2::#13::03021,bus,62,60,-2,2,2,0,-2,2,bus_run,167_2,167,,167_2::#12::03151,167_2::#13::03021,Aft Telok Ayer St,Prudential Twr,1.863,500.0
run_segment,BUSRUN::195A_1::#48::14199->195A_1::#49::14249,BUSRUN::195A_1::#48::14199->195A_1::#49::14249,bus,31,29,-2,2,2,0,-2,2,bus_run,195A_1,195A,,195A_1::#48::14199,195A_1::#49::14249,Blk 118,Blk 1,2.236,600.0
run_segment,BUSRUN::195A_1::#49::14249->195A_1::#50::14279,BUSRUN::195A_1::#49::14249->195A_1::#50::14279,bus,17,15,-2,2,2,0,-2,2,bus_run,195A_1,195A,,195A_1::#49::14249,195A_1::#50::14279,Blk 1,Blk 25,1.863,500.0
run_segment,BUSRUN::195A_1::#50::14279->195A_1::#51::14299,BUSRUN::195A_1::#50::14279->195A_1::#51::14299,bus,33,31,-2,2,2,0,-2,2,bus_run,195A_1,195A,,195A_1::#50::14279,195A_1::#51::14299,Blk 25,Opp Blk 27,1.118,300.0
run_segment,BUSRUN::196_2::#38::03071->196_2::#39::03031,BUSRUN::196_2::#38::03071->196_2::#39::03031,bus,46,44,-2,2,2,0,-2,2,bus_run,196_2,196,,196_2::#38::03071,196_2::#39::03031,80 Robinson Rd,Raffles Pl Stn Exit F,1.118,300.0
run_segment,BUSRUN::57_2::#8::18019->57_2::#9::15059,BUSRUN::57_2::#8::18019->57_2::#9::15059,bus,42,40,-2,2,2,0,-2,2,bus_run,57_2,57,,57_2::#8::18019,57_2::#9::15059,Bef Telok Blangah Hill Pk,Opp Alexandra Pt,1.863,500.0
run_segment,BUSRUN::65_1::#63::14029->65_1::#64::14019,BUSRUN::65_1::#63::14029->65_1::#64::14019,bus,1,3,2,2,1,3,2,2,bus_run,65_1,65,,65_1::#63::14029,65_1::#64::14019,Blk 105,Opp Mt Faber Lodge,1.863,500.0
run_segment,BUSRUN::65_1::#64::14019->65_1::#65::14141,BUSRUN::65_1::#64::14019->65_1::#65::14141,bus,1,3,2,2,1,3,2,2,bus_run,65_1,65,,65_1::#64::14019,65_1::#65::14141,Opp Mt Faber Lodge,HarbourFront Stn/Vivocity,2.609,700.0
run_segment,BUSRUN::963_1::#37::16099->963_1::#38::18079,BUSRUN::963_1::#37::16099->963_1::#38::18079,bus,2,0,-2,2,2,0,-2,2,bus_run,963_1,963,,963_1::#37::16099,963_1::#38::18079,Opp NUS Sports Centre,Opp NUH,2.981,800.0
run_segment,BUSRUN::963_1::#38::18079->963_1::#39::18109,BUSRUN::963_1::#38::18079->963_1::#39::18109,bus,2,0,-2,2,2,0,-2,2,bus_run,963_1,963,,963_1::#38::18079,963_1::#39::18109,Opp NUH,Blk 55/Opp 5 Sci Pk Dr,1.491,400.0
run_segment,BUSRUN::963_1::#39::18109->963_1::#40::18049,BUSRUN::963_1::#39::18109->963_1::#40::18049,bus,2,0,-2,2,2,0,-2,2,bus_run,963_1,963,,963_1::#39::18109,963_1::#40::18049,Blk 55/Opp 5 Sci Pk Dr,Opp Science Pk,2.609,700.0
run_segment,BUSRUN::963_1::#40::18049->963_1::#41::18019,BUSRUN::963_1::#40::18049->963_1::#41::18019,bus,2,0,-2,2,2,0,-2,2,bus_run,963_1,963,,963_1::#40::18049,963_1::#41::18019,Opp Science Pk,Bef Telok Blangah Hill Pk,6.708,1800.0
run_segment,BUSRUN::963_1::#41::18019->963_1::#42::15059,BUSRUN::963_1::#41::18019->963_1::#42::15059,bus,2,0,-2,2,2,0,-2,2,bus_run,963_1,963,,963_1::#41::18019,963_1::#42::15059,Bef Telok Blangah Hill Pk,Opp Alexandra Pt,1.863,500.0
run_segment,BUSRUN::963_1::#42::15059->963_1::#43::15049,BUSRUN::963_1::#42::15059->963_1::#43::15049,bus,2,0,-2,2,2,0,-2,2,bus_run,963_1,963,,963_1::#42::15059,963_1::#43::15049,Opp Alexandra Pt,Opp Alexandra Retail Ctr,1.118,300.0
run_segment,BUSRUN::963_1::#43::15049->963_1::#44::14189,BUSRUN::963_1::#43::15049->963_1::#44::14189,bus,2,0,-2,2,2,0,-2,2,bus_run,963_1,963,,963_1::#43::15049,963_1::#44::14189,Opp Alexandra Retail Ctr,Aft Alexandra Rd,1.491,400.0
run_segment,BUSRUN::963_1::#44::14189->963_1::#45::14179,BUSRUN::963_1::#44::14189->963_1::#45::14179,bus,2,0,-2,2,2,0,-2,2,bus_run,963_1,963,,963_1::#44::14189,963_1::#45::14179,Aft Alexandra Rd,Yeo's Bldg,1.118,300.0
run_segment,BUSRUN::963_1::#45::14179->963_1::#46::14169,BUSRUN::963_1::#45::14179->963_1::#46::14169,bus,2,0,-2,2,2,0,-2,2,bus_run,963_1,963,,963_1::#45::14179,963_1::#46::14169,Yeo's Bldg,Opp Telok Blangah Stn,1.491,400.0
run_segment,BUSRUN::963_1::#46::14169->963_1::#47::14159,BUSRUN::963_1::#46::14169->963_1::#47::14159,bus,2,0,-2,2,2,0,-2,2,bus_run,963_1,963,,963_1::#46::14169,963_1::#47::14159,Opp Telok Blangah Stn,Hotel Faber Pk,1.863,500.0
run_segment,BUSRUN::963_1::#47::14159->963_1::#48::14139,BUSRUN::963_1::#47::14159->963_1::#48::14139,bus,2,0,-2,2,2,0,-2,2,bus_run,963_1,963,,963_1::#47::14159,963_1::#48::14139,Hotel Faber Pk,Bef Seah Im Rd,1.491,400.0
run_segment,BUSRUN::97_1::#30::14189->97_1::#31::14179,BUSRUN::97_1::#30::14189->97_1::#31::14179,bus,26,24,-2,2,2,0,-2,2,bus_run,97_1,97,,97_1::#30::14189,97_1::#31::14179,Aft Alexandra Rd,Yeo's Bldg,1.118,300.0
run_segment,MRTRUN::CC22->CC23,MRTRUN::CC22->CC23,mrt,0,2,2,2,0,2,2,2,mrt_run,CCL_1,CCL,Circle Line,CC22,CC23,Buona Vista,one-north,1.0,
run_segment,MRTRUN::CC23->CC24,MRTRUN::CC23->CC24,mrt,0,2,2,2,0,2,2,2,mrt_run,CCL_1,CCL,Circle Line,CC23,CC24,one-north,Kent Ridge,1.0,
run_segment,MRTRUN::CC30->CC29,MRTRUN::CC30->CC29,mrt,0,2,2,2,0,2,2,2,mrt_run,CCL_RING,CCL,Circle Line,CC30,CC29,Keppel,HarbourFront,2.0,
run_segment,BUSRUN::120_1::#28::14391->120_1::#29::14331,BUSRUN::120_1::#28::14391->120_1::#29::14331,bus,15,14,-1,1,1,0,-1,1,bus_run,120_1,120,,120_1::#28::14391,120_1::#29::14331,Opp Blk 85,Opp Blk 70B,1.118,300.0
run_segment,BUSRUN::123M_1::#22::14029->123M_1::#23::14019,BUSRUN::123M_1::#22::14029->123M_1::#23::14019,bus,1,0,-1,1,1,0,-1,1,bus_run,123M_1,123M,,123M_1::#22::14029,123M_1::#23::14019,Blk 105,Opp Mt Faber Lodge,1.863,500.0
run_segment,BUSRUN::123_2::#10::10371->123_2::#11::10169,BUSRUN::123_2::#10::10371->123_2::#11::10169,bus,13,12,-1,1,1,0,-1,1,bus_run,123_2,123,,123_2::#10::10371,123_2::#11::10169,Blk 129,Tiong Bahru Stn/Plaza,2.236,600.0
run_segment,BUSRUN::123_2::#11::10169->123_2::#12::10149,BUSRUN::123_2::#11::10169->123_2::#12::10149,bus,13,12,-1,1,1,0,-1,1,bus_run,123_2,123,,123_2::#11::10169,123_2::#12::10149,Tiong Bahru Stn/Plaza,Blk 1,2.236,600.0
run_segment,BUSRUN::123_2::#12::10149->123_2::#13::06071,BUSRUN::123_2::#12::10149->123_2::#13::06071,bus,13,12,-1,1,1,0,-1,1,bus_run,123_2,123,,123_2::#12::10149,123_2::#13::06071,Blk 1,Havelock Stn Exit 2,0.745,200.0
run_segment,BUSRUN::123_2::#13::06071->123_2::#14::06081,BUSRUN::123_2::#13::06071->123_2::#14::06081,bus,13,12,-1,1,1,0,-1,1,bus_run,123_2,123,,123_2::#13::06071,123_2::#14::06081,Havelock Stn Exit 2,Havelock Stn Exit 3,0.745,200.0
run_segment,BUSRUN::123_2::#14::06081->123_2::#15::06149,BUSRUN::123_2::#14::06081->123_2::#15::06149,bus,13,12,-1,1,1,0,-1,1,bus_run,123_2,123,,123_2::#14::06081,123_2::#15::06149,Havelock Stn Exit 3,Havelock Stn Exit 4,1.118,300.0
run_segment,BUSRUN::123_2::#15::06149->123_2::#16::06159,BUSRUN::123_2::#15::06149->123_2::#16::06159,bus,13,12,-1,1,1,0,-1,1,bus_run,123_2,123,,123_2::#15::06149,123_2::#16::06159,Havelock Stn Exit 4,Opp Hotel Miramar,1.118,300.0
run_segment,BUSRUN::123_2::#16::06159->123_2::#17::06169,BUSRUN::123_2::#16::06159->123_2::#17::06169,bus,11,10,-1,1,1,0,-1,1,bus_run,123_2,123,,123_2::#16::06159,123_2::#17::06169,Opp Hotel Miramar,River Pl Condo,1.491,400.0
run_segment,BUSRUN::123_2::#17::06169->123_2::#18::04321,BUSRUN::123_2::#17::06169->123_2::#18::04321,bus,3,2,-1,1,1,0,-1,1,bus_run,123_2,123,,123_2::#17::06169,123_2::#18::04321,River Pl Condo,UE Sq,2.236,600.0
run_segment,BUSRUN::123_2::#8::14031->123_2::#9::10361,BUSRUN::123_2::#8::14031->123_2::#9::10361,bus,13,12,-1,1,1,0,-1,1,bus_run,123_2,123,,123_2::#8::14031,123_2::#9::10361,St. Theresa's Convent,Cendex Ctr,1.863,500.0
run_segment,BUSRUN::123_2::#9::10361->123_2::#10::10371,BUSRUN::123_2::#9::10361->123_2::#10::10371,bus,13,12,-1,1,1,0,-1,1,bus_run,123_2,123,,123_2::#9::10361,123_2::#10::10371,Cendex Ctr,Blk 129,1.491,400.0
run_segment,BUSRUN::124_2::#20::05012->124_2::#21::05022,BUSRUN::124_2::#20::05012->124_2::#21::05022,bus,4,3,-1,1,1,0,-1,1,bus_run,124_2,124,,124_2::#20::05012,124_2::#21::05022,Bef Pearl's Hill Terr,Aft Chinatown Stn Exit D,2.236,600.0
run_segment,BUSRUN::14_2::#13::18049->14_2::#14::11511,BUSRUN::14_2::#13::18049->14_2::#14::11511,bus,11,10,-1,1,1,0,-1,1,bus_run,14_2,14,,14_2::#13::18049,14_2::#14::11511,Opp Science Pk,Alexandra Hosp,5.59,1500.0
run_segment,BUSRUN::14_2::#15::11019->14_2::#16::10139,BUSRUN::14_2::#15::11019->14_2::#16::10139,bus,32,31,-1,1,1,0,-1,1,bus_run,14_2,14,,14_2::#15::11019,14_2::#16::10139,Alexandra Ctrl,Blk 1,1.118,300.0
run_segment,BUSRUN::167_2::#13::03021->167_2::#14::03011,BUSRUN::167_2::#13::03021->167_2::#14::03011,bus,31,30,-1,1,1,0,-1,1,bus_run,167_2,167,,167_2::#13::03021,167_2::#14::03011,Prudential Twr,Fullerton Sq,2.236,600.0
run_segment,BUSRUN::167_2::#2::10089->167_2::#3::10079,BUSRUN::167_2::#2::10089->167_2::#3::10079,bus,72,71,-1,1,1,0,-1,1,bus_run,167_2,167,,167_2::#2::10089,167_2::#3::10079,Blk 119,Blk 201,2.609,700.0
run_segment,BUSRUN::186_2::#30::10299->186_2::#31::10289,BUSRUN::186_2::#30::10299->186_2::#31::10289,bus,39,38,-1,1,1,0,-1,1,bus_run,186_2,186,,186_2::#30::10299,186_2::#31::10289,Aft Dawson Pl,Opp SIS Bldg,1.118,300.0
run_segment,BUSRUN::186_2::#31::10289->186_2::#32::10279,BUSRUN::186_2::#31::10289->186_2::#32::10279,bus,39,38,-1,1,1,0,-1,1,bus_run,186_2,186,,186_2::#31::10289,186_2::#32::10279,Opp SIS Bldg,Tanglin View,1.491,400.0
run_segment,BUSRUN::186_2::#32::10279->186_2::#33::10269,BUSRUN::186_2::#32::10279->186_2::#33::10269,bus,39,38,-1,1,1,0,-1,1,bus_run,186_2,186,,186_2::#32::10279,186_2::#33::10269,Tanglin View,Opp Delta Sports Hall,1.118,300.0
run_segment,BUSRUN::186_2::#33::10269->186_2::#34::10249,BUSRUN::186_2::#33::10269->186_2::#34::10249,bus,39,38,-1,1,1,0,-1,1,bus_run,186_2,186,,186_2::#33::10269,186_2::#34::10249,Opp Delta Sports Hall,Opp Gan Eng Seng Sec Sch,1.491,400.0
run_segment,BUSRUN::186_2::#34::10249->186_2::#35::10239,BUSRUN::186_2::#34::10249->186_2::#35::10239,bus,39,38,-1,1,1,0,-1,1,bus_run,186_2,186,,186_2::#34::10249,186_2::#35::10239,Opp Gan Eng Seng Sec Sch,Blk 79,1.863,500.0
run_segment,BUSRUN::186_2::#35::10239->186_2::#36::10229,BUSRUN::186_2::#35::10239->186_2::#36::10229,bus,39,38,-1,1,1,0,-1,1,bus_run,186_2,186,,186_2::#35::10239,186_2::#36::10229,Blk 79,Opp Harvest Mansions,1.118,300.0
run_segment,BUSRUN::186_2::#36::10229->186_2::#37::06149,BUSRUN::186_2::#36::10229->186_2::#37::06149,bus,39,38,-1,1,1,0,-1,1,bus_run,186_2,186,,186_2::#36::10229,186_2::#37::06149,Opp Harvest Mansions,Havelock Stn Exit 4,1.118,300.0
run_segment,BUSRUN::186_2::#37::06149->186_2::#38::06159,BUSRUN::186_2::#37::06149->186_2::#38::06159,bus,39,38,-1,1,1,0,-1,1,bus_run,186_2,186,,186_2::#37::06149,186_2::#38::06159,Havelock Stn Exit 4,Opp Hotel Miramar,1.118,300.0
run_segment,BUSRUN::186_2::#38::06159->186_2::#39::06169,BUSRUN::186_2::#38::06159->186_2::#39::06169,bus,41,40,-1,1,1,0,-1,1,bus_run,186_2,186,,186_2::#38::06159,186_2::#39::06169,Opp Hotel Miramar,River Pl Condo,1.491,400.0
run_segment,BUSRUN::186_2::#39::06169->186_2::#40::06189,BUSRUN::186_2::#39::06169->186_2::#40::06189,bus,49,48,-1,1,1,0,-1,1,bus_run,186_2,186,,186_2::#39::06169,186_2::#40::06189,River Pl Condo,Ctrl Sq,1.491,400.0
run_segment,BUSRUN::186_2::#40::06189->186_2::#41::05129,BUSRUN::186_2::#40::06189->186_2::#41::05129,bus,49,48,-1,1,1,0,-1,1,bus_run,186_2,186,,186_2::#40::06189,186_2::#41::05129,Ctrl Sq,Opp One Upp Pickering,1.491,400.0
run_segment,BUSRUN::186_2::#41::05129->186_2::#42::05319,BUSRUN::186_2::#41::05129->186_2::#42::05319,bus,203,202,-1,1,1,0,-1,1,bus_run,186_2,186,,186_2::#41::05129,186_2::#42::05319,Opp One Upp Pickering,OCBC Ctr,1.491,400.0
run_segment,BUSRUN::186_2::#42::05319->186_2::#43::03059,BUSRUN::186_2::#42::05319->186_2::#43::03059,bus,106,105,-1,1,1,0,-1,1,bus_run,186_2,186,,186_2::#42::05319,186_2::#43::03059,OCBC Ctr,One Raffles Quay,2.236,600.0
run_segment,BUSRUN::186_2::#43::03059->186_2::#44::03129,BUSRUN::186_2::#43::03059->186_2::#44::03129,bus,11,10,-1,1,1,0,-1,1,bus_run,186_2,186,,186_2::#43::03059,186_2::#44::03129,One Raffles Quay,UIC Bldg,1.491,400.0
run_segment,BUSRUN::188_1::#56::14139->188_1::#57::14009,BUSRUN::188_1::#56::14139->188_1::#57::14009,bus,1,0,-1,1,1,0,-1,1,bus_run,188_1,188,,188_1::#56::14139,188_1::#57::14009,Bef Seah Im Rd,HarbourFront Int,1.491,400.0
run_segment,BUSRUN::196_2::#22::11019->196_2::#23::10139,BUSRUN::196_2::#22::11019->196_2::#23::10139,bus,3,2,-1,1,1,0,-1,1,bus_run,196_2,196,,196_2::#22::11019,196_2::#23::10139,Alexandra Ctrl,Blk 1,1.118,300.0
run_segment,BUSRUN::197_2::#11::16099->197_2::#12::18079,BUSRUN::197_2::#11::16099->197_2::#12::18079,bus,91,92,1,1,31,32,1,1,bus_run,197_2,197,,197_2::#11::16099,197_2::#12::18079,Opp NUS Sports Centre,Opp NUH,2.981,800.0
run_segment,BUSRUN::57_2::#24::03021->57_2::#25::03011,BUSRUN::57_2::#24::03021->57_2::#25::03011,bus,19,18,-1,1,1,0,-1,1,bus_run,57_2,57,,57_2::#24::03021,57_2::#25::03011,Prudential Twr,Fullerton Sq,2.236,600.0
run_segment,BUSRUN::57_2::#7::14211->57_2::#8::18019,BUSRUN::57_2::#7::14211->57_2::#8::18019,bus,27,26,-1,1,1,0,-1,1,bus_run,57_2,57,,57_2::#7::14211,57_2::#8::18019,ISS Intl Sch,Bef Telok Blangah Hill Pk,1.491,400.0
run_segment,BUSRUN::61_1::#47::14159->61_1::#48::14139,BUSRUN::61_1::#47::14159->61_1::#48::14139,bus,3,2,-1,1,1,0,-1,1,bus_run,61_1,61,,61_1::#47::14159,61_1::#48::14139,Hotel Faber Pk,Bef Seah Im Rd,1.491,400.0
run_segment,BUSRUN::61_1::#48::14139->61_1::#49::14129,BUSRUN::61_1::#48::14139->61_1::#49::14129,bus,11,10,-1,1,1,0,-1,1,bus_run,61_1,61,,61_1::#48::14139,61_1::#49::14129,Bef Seah Im Rd,HarbourFront Stn Exit A,1.863,500.0
run_segment,BUSRUN::61_1::#49::14129->61_1::#50::14119,BUSRUN::61_1::#49::14129->61_1::#50::14119,bus,11,10,-1,1,1,0,-1,1,bus_run,61_1,61,,61_1::#49::14129,61_1::#50::14119,HarbourFront Stn Exit A,Opp VivoCity,1.118,300.0
run_segment,BUSRUN::61_1::#50::14119->61_1::#51::14011,BUSRUN::61_1::#50::14119->61_1::#51::14011,bus,11,10,-1,1,1,0,-1,1,bus_run,61_1,61,,61_1::#50::14119,61_1::#51::14011,Opp VivoCity,Bef Mt Faber Lodge,2.236,600.0
run_segment,BUSRUN::65_1::#62::14039->65_1::#63::14029,BUSRUN::65_1::#62::14039->65_1::#63::14029,bus,2,3,1,1,2,3,1,1,bus_run,65_1,65,,65_1::#62::14039,65_1::#63::14029,Opp St. Theresa's Convent,Blk 105,1.863,500.0
run_segment,BUSRUN::65_1::#65::14141->65_1::#66::14009,BUSRUN::65_1::#65::14141->65_1::#66::14009,bus,1,0,-1,1,1,0,-1,1,bus_run,65_1,65,,65_1::#65::14141,65_1::#66::14009,HarbourFront Stn/Vivocity,HarbourFront Int,2.609,700.0
run_segment,MRTRUN::DT20->DT19,MRTRUN::DT20->DT19,mrt,3,2,-1,1,1,0,-1,1,mrt_run,DTL_2,DTL,Downtown Line,DT20,DT19,Fort Canning,Chinatown,1.0,
run_segment,BUSRUN::110_1::#15::95109->110_1::#16::95029,BUSRUN::110_1::#15::95109->110_1::#16::95029,bus,196,196,0,0,63,63,0,0,bus_run,110_1,110,,110_1::#15::95109,110_1::#16::95029,Changi Airport Ter 3,Changi Airport Ter 1,2.981,800.0
run_segment,BUSRUN::110_1::#17::95129->110_1::#18::95019,BUSRUN::110_1::#17::95129->110_1::#18::95019,bus,392,392,0,0,126,126,0,0,bus_run,110_1,110,,110_1::#17::95129,110_1::#18::95019,Changi Airport Ter 2,Aft Changi Airport Ter 2,3.727,1000.0
run_segment,BUSRUN::110_1::#18::95019->110_1::#19::95209,BUSRUN::110_1::#18::95019->110_1::#19::95209,bus,196,196,0,0,63,63,0,0,bus_run,110_1,110,,110_1::#18::95019,110_1::#19::95209,Aft Changi Airport Ter 2,Changi Airport Ter 4,5.963,1600.0
run_segment,BUSRUN::120_1::#35::15051->120_1::#36::18011,BUSRUN::120_1::#35::15051->120_1::#36::18011,bus,5,5,0,0,0,0,0,0,bus_run,120_1,120,,120_1::#35::15051,120_1::#36::18011,Alexandra Pt,Aft HortPark,1.863,500.0
run_segment,BUSRUN::121_1::#20::14259->121_1::#21::14279,BUSRUN::121_1::#20::14259->121_1::#21::14279,bus,6,6,0,0,0,0,0,0,bus_run,121_1,121,,121_1::#20::14259,121_1::#21::14279,Blk 11,Blk 25,1.118,300.0
run_segment,BUSRUN::121_1::#21::14279->121_1::#22::14319,BUSRUN::121_1::#21::14279->121_1::#22::14319,bus,4,4,0,0,0,0,0,0,bus_run,121_1,121,,121_1::#21::14279,121_1::#22::14319,Blk 25,Blk 28,1.491,400.0
run_segment,BUSRUN::123_2::#7::14381->123_2::#8::14031,BUSRUN::123_2::#7::14381->123_2::#8::14031,bus,2,2,0,0,0,0,0,0,bus_run,123_2,123,,123_2::#7::14381,123_2::#8::14031,Blk 109,St. Theresa's Convent,1.863,500.0
run_segment,BUSRUN::124_2::#6::14501->124_2::#7::14391,BUSRUN::124_2::#6::14501->124_2::#7::14391,bus,5,5,0,0,0,0,0,0,bus_run,124_2,124,,124_2::#6::14501,124_2::#7::14391,Opp Blk 91A,Opp Blk 85,1.491,400.0
run_segment,BUSRUN::131_2::#1::10009->131_2::#2::10089,BUSRUN::131_2::#1::10009->131_2::#2::10089,bus,6,6,0,0,0,0,0,0,bus_run,131_2,131,,131_2::#1::10009,131_2::#2::10089,Bt Merah Int,Blk 119,2.609,700.0
run_segment,BUSRUN::143_2::#48::14011->143_2::#49::14239,BUSRUN::143_2::#48::14011->143_2::#49::14239,bus,9,9,0,0,0,0,0,0,bus_run,143_2,143,,143_2::#48::14011,143_2::#49::14239,Bef Mt Faber Lodge,Opp Keppel DP Blk 519,2.236,600.0
run_segment,BUSRUN::143_2::#49::14239->143_2::#50::14229,BUSRUN::143_2::#49::14239->143_2::#50::14229,bus,9,9,0,0,0,0,0,0,bus_run,143_2,143,,143_2::#49::14239,143_2::#50::14229,Opp Keppel DP Blk 519,Ch of St. Teresa,1.118,300.0
run_segment,BUSRUN::143_2::#50::14229->143_2::#51::10391,BUSRUN::143_2::#50::14229->143_2::#51::10391,bus,9,9,0,0,0,0,0,0,bus_run,143_2,143,,143_2::#50::14229,143_2::#51::10391,Ch of St. Teresa,Opp Melati Blk 2,1.863,500.0
run_segment,BUSRUN::143_2::#51::10391->143_2::#52::10049,BUSRUN::143_2::#51::10391->143_2::#52::10049,bus,9,9,0,0,0,0,0,0,bus_run,143_2,143,,143_2::#51::10391,143_2::#52::10049,Opp Melati Blk 2,Opp Kampong Bahru Ter,1.491,400.0
run_segment,BUSRUN::143_2::#52::10049->143_2::#53::10017,BUSRUN::143_2::#52::10049->143_2::#53::10017,bus,9,9,0,0,0,0,0,0,bus_run,143_2,143,,143_2::#52::10049,143_2::#53::10017,Opp Kampong Bahru Ter,Aft Hosp Dr,1.491,400.0
run_segment,BUSRUN::145_1::#24::05199->145_1::#25::05269,BUSRUN::145_1::#24::05199->145_1::#25::05269,bus,97,97,0,0,0,0,0,0,bus_run,145_1,145,,145_1::#24::05199,145_1::#25::05269,Opp Hong Lim Cplx,Maxwell Stn Exit 2,1.863,500.0
run_segment,BUSRUN::145_1::#26::05429->145_1::#27::05419,BUSRUN::145_1::#26::05429->145_1::#27::05419,bus,392,392,0,0,10,10,0,0,bus_run,145_1,145,,145_1::#26::05429,145_1::#27::05419,Bef Craig Rd,The Amara,1.118,300.0
run_segment,BUSRUN::145_1::#27::05419->145_1::#28::05431,BUSRUN::145_1::#27::05419->145_1::#28::05431,bus,196,196,0,0,5,5,0,0,bus_run,145_1,145,,145_1::#27::05419,145_1::#28::05431,The Amara,Aft Tanjong Pagar Rd,0.745,200.0
run_segment,BUSRUN::14_2::#16::10139->14_2::#17::10119,BUSRUN::14_2::#16::10139->14_2::#17::10119,bus,26,26,0,0,0,0,0,0,bus_run,14_2,14,,14_2::#16::10139,14_2::#17::10119,Blk 1,Opp Pacific Tech Ctr,1.118,300.0
run_segment,BUSRUN::14_2::#17::10119->14_2::#18::10109,BUSRUN::14_2::#17::10119->14_2::#18::10109,bus,18,18,0,0,0,0,0,0,bus_run,14_2,14,,14_2::#17::10119,14_2::#18::10109,Opp Pacific Tech Ctr,Bt Merah Sec Sch,0.745,200.0
run_segment,BUSRUN::14_2::#18::10109->14_2::#19::10099,BUSRUN::14_2::#18::10109->14_2::#19::10099,bus,18,18,0,0,0,0,0,0,bus_run,14_2,14,,14_2::#18::10109,14_2::#19::10099,Bt Merah Sec Sch,Opp Bt Merah Town Ctr,1.863,500.0
run_segment,BUSRUN::14_2::#19::10099->14_2::#20::10089,BUSRUN::14_2::#19::10099->14_2::#20::10089,bus,18,18,0,0,0,0,0,0,bus_run,14_2,14,,14_2::#19::10099,14_2::#20::10089,Opp Bt Merah Town Ctr,Blk 119,1.863,500.0
run_segment,BUSRUN::167_2::#1::10009->167_2::#2::10089,BUSRUN::167_2::#1::10009->167_2::#2::10089,bus,41,41,0,0,0,0,0,0,bus_run,167_2,167,,167_2::#1::10009,167_2::#2::10089,Bt Merah Int,Blk 119,2.609,700.0
run_segment,BUSRUN::16_2::#1::10009->16_2::#2::10341,BUSRUN::16_2::#1::10009->16_2::#2::10341,bus,35,35,0,0,0,0,0,0,bus_run,16_2,16,,16_2::#1::10009,16_2::#2::10341,Bt Merah Int,Opp Blk 116,2.609,700.0
run_segment,BUSRUN::16_2::#2::10341->16_2::#3::10351,BUSRUN::16_2::#2::10341->16_2::#3::10351,bus,35,35,0,0,0,0,0,0,bus_run,16_2,16,,16_2::#2::10341,16_2::#3::10351,Opp Blk 116,Blk 95B,1.118,300.0
run_segment,BUSRUN::16_2::#3::10351->16_2::#4::10179,BUSRUN::16_2::#3::10351->16_2::#4::10179,bus,35,35,0,0,0,0,0,0,bus_run,16_2,16,,16_2::#3::10351,16_2::#4::10179,Blk 95B,Tiong Bahru Pk,1.118,300.0
run_segment,BUSRUN::176_1::#58::14241->176_1::#59::10331,BUSRUN::176_1::#58::14241->176_1::#59::10331,bus,1,1,0,0,0,0,0,0,bus_run,176_1,176,,176_1::#58::14241,176_1::#59::10331,Opp Blk 1,Bef Bt Merah Ctrl,1.118,300.0
run_segment,BUSRUN::176_1::#59::10331->176_1::#60::10009,BUSRUN::176_1::#59::10331->176_1::#60::10009,bus,1,1,0,0,0,0,0,0,bus_run,176_1,176,,176_1::#59::10331,176_1::#60::10009,Bef Bt Merah Ctrl,Bt Merah Int,1.118,300.0
run_segment,BUSRUN::195A_1::#46::14219->195A_1::#47::14209,BUSRUN::195A_1::#46::14219->195A_1::#47::14209,bus,6,6,0,0,0,0,0,0,bus_run,195A_1,195A,,195A_1::#46::14219,195A_1::#47::14209,Opp Blk 114,Aft Hewlett Packard,1.118,300.0
run_segment,BUSRUN::195A_1::#47::14209->195A_1::#48::14199,BUSRUN::195A_1::#47::14209->195A_1::#48::14199,bus,8,8,0,0,0,0,0,0,bus_run,195A_1,195A,,195A_1::#47::14209,195A_1::#48::14199,Aft Hewlett Packard,Blk 118,1.491,400.0
run_segment,BUSRUN::197_2::#17::10139->197_2::#18::10119,BUSRUN::197_2::#17::10139->197_2::#18::10119,bus,10,10,0,0,0,0,0,0,bus_run,197_2,197,,197_2::#17::10139,197_2::#18::10119,Blk 1,Opp Pacific Tech Ctr,1.118,300.0
run_segment,BUSRUN::197_2::#18::10119->197_2::#19::10109,BUSRUN::197_2::#18::10119->197_2::#19::10109,bus,10,10,0,0,0,0,0,0,bus_run,197_2,197,,197_2::#18::10119,197_2::#19::10109,Opp Pacific Tech Ctr,Bt Merah Sec Sch,0.745,200.0
run_segment,BUSRUN::197_2::#19::10109->197_2::#20::10099,BUSRUN::197_2::#19::10109->197_2::#20::10099,bus,10,10,0,0,0,0,0,0,bus_run,197_2,197,,197_2::#19::10109,197_2::#20::10099,Bt Merah Sec Sch,Opp Bt Merah Town Ctr,1.863,500.0
run_segment,BUSRUN::197_2::#20::10099->197_2::#21::10089,BUSRUN::197_2::#20::10099->197_2::#21::10089,bus,10,10,0,0,0,0,0,0,bus_run,197_2,197,,197_2::#20::10099,197_2::#21::10089,Opp Bt Merah Town Ctr,Blk 119,1.863,500.0
run_segment,BUSRUN::197_2::#21::10089->197_2::#22::10079,BUSRUN::197_2::#21::10089->197_2::#22::10079,bus,10,10,0,0,0,0,0,0,bus_run,197_2,197,,197_2::#21::10089,197_2::#22::10079,Blk 119,Blk 201,2.609,700.0
run_segment,BUSRUN::197_2::#22::10079->197_2::#23::10069,BUSRUN::197_2::#22::10079->197_2::#23::10069,bus,29,29,0,0,0,0,0,0,bus_run,197_2,197,,197_2::#22::10079,197_2::#23::10069,Blk 201,Opp Blk 140,1.491,400.0
run_segment,BUSRUN::197_2::#23::10069->197_2::#24::10059,BUSRUN::197_2::#23::10069->197_2::#24::10059,bus,29,29,0,0,0,0,0,0,bus_run,197_2,197,,197_2::#23::10069,197_2::#24::10059,Opp Blk 140,Opp Blk 149,1.118,300.0
run_segment,BUSRUN::197_2::#24::10059->197_2::#25::10049,BUSRUN::197_2::#24::10059->197_2::#25::10049,bus,29,29,0,0,0,0,0,0,bus_run,197_2,197,,197_2::#24::10059,197_2::#25::10049,Opp Blk 149,Opp Kampong Bahru Ter,1.118,300.0
run_segment,BUSRUN::197_2::#25::10049->197_2::#26::10017,BUSRUN::197_2::#25::10049->197_2::#26::10017,bus,29,29,0,0,0,0,0,0,bus_run,197_2,197,,197_2::#25::10049,197_2::#26::10017,Opp Kampong Bahru Ter,Aft Hosp Dr,1.491,400.0
run_segment,BUSRUN::197_2::#26::10017->197_2::#27::10018,BUSRUN::197_2::#26::10017->197_2::#27::10018,bus,21,21,0,0,0,0,0,0,bus_run,197_2,197,,197_2::#26::10017,197_2::#27::10018,Aft Hosp Dr,Outram Pk Stn Exit 6/SGH,0.373,100.0
run_segment,BUSRUN::197_2::#27::10018->197_2::#28::05013,BUSRUN::197_2::#27::10018->197_2::#28::05013,bus,21,21,0,0,0,0,0,0,bus_run,197_2,197,,197_2::#27::10018,197_2::#28::05013,Outram Pk Stn Exit 6/SGH,Chinatown Stn Exit C,2.981,800.0
run_segment,BUSRUN::272_1::#11::14259->272_1::#12::14241,BUSRUN::272_1::#11::14259->272_1::#12::14241,bus,1,1,0,0,0,0,0,0,bus_run,272_1,272,,272_1::#11::14259,272_1::#12::14241,Blk 11,Opp Blk 1,1.118,300.0
run_segment,BUSRUN::272_1::#12::14241->272_1::#13::10331,BUSRUN::272_1::#12::14241->272_1::#13::10331,bus,1,1,0,0,0,0,0,0,bus_run,272_1,272,,272_1::#12::14241,272_1::#13::10331,Opp Blk 1,Bef Bt Merah Ctrl,1.118,300.0
run_segment,BUSRUN::272_1::#13::10331->272_1::#14::10009,BUSRUN::272_1::#13::10331->272_1::#14::10009,bus,1,1,0,0,0,0,0,0,bus_run,272_1,272,,272_1::#13::10331,272_1::#14::10009,Bef Bt Merah Ctrl,Bt Merah Int,1.118,300.0
run_segment,BUSRUN::27_1::#30::95129->27_1::#31::95019,BUSRUN::27_1::#30::95129->27_1::#31::95019,bus,196,196,0,0,63,63,0,0,bus_run,27_1,27,,27_1::#30::95129,27_1::#31::95019,Changi Airport Ter 2,Aft Changi Airport Ter 2,3.727,1000.0
run_segment,BUSRUN::27_1::#31::95019->27_1::#32::95159,BUSRUN::27_1::#31::95019->27_1::#32::95159,bus,196,196,0,0,63,63,0,0,bus_run,27_1,27,,27_1::#31::95019,27_1::#32::95159,Aft Changi Airport Ter 2,Near SATS Flight Kitchen,2.981,800.0
run_segment,BUSRUN::33A_1::#12::18049->33A_1::#13::11511,BUSRUN::33A_1::#12::18049->33A_1::#13::11511,bus,8,8,0,0,0,0,0,0,bus_run,33A_1,33A,,33A_1::#12::18049,33A_1::#13::11511,Opp Science Pk,Alexandra Hosp,5.59,1500.0
run_segment,BUSRUN::33A_1::#13::11511->33A_1::#14::11521,BUSRUN::33A_1::#13::11511->33A_1::#14::11521,bus,8,8,0,0,0,0,0,0,bus_run,33A_1,33A,,33A_1::#13::11511,33A_1::#14::11521,Alexandra Hosp,Anchorpoint,1.491,400.0
run_segment,BUSRUN::33A_1::#14::11521->33A_1::#15::11531,BUSRUN::33A_1::#14::11521->33A_1::#15::11531,bus,8,8,0,0,0,0,0,0,bus_run,33A_1,33A,,33A_1::#14::11521,33A_1::#15::11531,Anchorpoint,Opp Lea Hin Hardware Fty,1.491,400.0
run_segment,BUSRUN::33A_1::#15::11531->33A_1::#16::10299,BUSRUN::33A_1::#15::11531->33A_1::#16::10299,bus,8,8,0,0,0,0,0,0,bus_run,33A_1,33A,,33A_1::#15::11531,33A_1::#16::10299,Opp Lea Hin Hardware Fty,Aft Dawson Pl,1.863,500.0
run_segment,BUSRUN::57_2::#6::14471->57_2::#7::14211,BUSRUN::57_2::#6::14471->57_2::#7::14211,bus,9,9,0,0,0,0,0,0,bus_run,57_2,57,,57_2::#6::14471,57_2::#7::14211,Blk 114,ISS Intl Sch,0.745,200.0
run_segment,BUSRUN::655_1::#17::17019->655_1::#18::03241,BUSRUN::655_1::#17::17019->655_1::#18::03241,bus,3,3,0,0,0,0,0,0,bus_run,655_1,655,,655_1::#17::17019,655_1::#18::03241,Varsity Pk,Aft Enggor St,37.64,10100.0
run_segment,BUSRUN::655_1::#18::03241->655_1::#19::03111,BUSRUN::655_1::#18::03241->655_1::#19::03111,bus,2,2,0,0,0,0,0,0,bus_run,655_1,655,,655_1::#18::03241,655_1::#19::03111,Aft Enggor St,Aft Capital Twr,1.863,500.0
run_segment,BUSRUN::655_1::#19::03111->655_1::#20::03071,BUSRUN::655_1::#19::03111->655_1::#20::03071,bus,2,2,0,0,0,0,0,0,bus_run,655_1,655,,655_1::#19::03111,655_1::#20::03071,Aft Capital Twr,80 Robinson Rd,1.118,300.0
run_segment,BUSRUN::655_1::#20::03071->655_1::#21::03381,BUSRUN::655_1::#20::03071->655_1::#21::03381,bus,2,2,0,0,0,0,0,0,bus_run,655_1,655,,655_1::#20::03071,655_1::#21::03381,80 Robinson Rd,The Sail,2.236,600.0
run_segment,BUSRUN::655_1::#21::03381->655_1::#22::03391,BUSRUN::655_1::#21::03381->655_1::#22::03391,bus,1,1,0,0,0,0,0,0,bus_run,655_1,655,,655_1::#21::03381,655_1::#22::03391,The Sail,Marina Bay Financial Ctr,0.745,200.0
run_segment,BUSRUN::851_2::#1::10009->851_2::#2::10341,BUSRUN::851_2::#1::10009->851_2::#2::10341,bus,6,6,0,0,0,0,0,0,bus_run,851_2,851,,851_2::#1::10009,851_2::#2::10341,Bt Merah Int,Opp Blk 116,2.609,700.0
run_segment,BUSRUN::851_2::#2::10341->851_2::#3::10351,BUSRUN::851_2::#2::10341->851_2::#3::10351,bus,6,6,0,0,0,0,0,0,bus_run,851_2,851,,851_2::#2::10341,851_2::#3::10351,Opp Blk 116,Blk 95B,1.118,300.0
run_segment,BUSRUN::851_2::#3::10351->851_2::#4::10179,BUSRUN::851_2::#3::10351->851_2::#4::10179,bus,6,6,0,0,0,0,0,0,bus_run,851_2,851,,851_2::#3::10351,851_2::#4::10179,Blk 95B,Tiong Bahru Pk,1.118,300.0
run_segment,BUSRUN::851_2::#4::10179->851_2::#5::10169,BUSRUN::851_2::#4::10179->851_2::#5::10169,bus,6,6,0,0,0,0,0,0,bus_run,851_2,851,,851_2::#4::10179,851_2::#5::10169,Tiong Bahru Pk,Tiong Bahru Stn/Plaza,1.863,500.0
run_segment,BUSRUN::851_2::#5::10169->851_2::#6::10149,BUSRUN::851_2::#5::10169->851_2::#6::10149,bus,6,6,0,0,0,0,0,0,bus_run,851_2,851,,851_2::#5::10169,851_2::#6::10149,Tiong Bahru Stn/Plaza,Blk 1,2.236,600.0
run_segment,BUSRUN::851_2::#6::10149->851_2::#7::06049,BUSRUN::851_2::#6::10149->851_2::#7::06049,bus,6,6,0,0,0,0,0,0,bus_run,851_2,851,,851_2::#6::10149,851_2::#7::06049,Blk 1,Bef Outram Flyover,1.491,400.0
run_segment,BUSRUN::851_2::#7::06049->851_2::#8::06029,BUSRUN::851_2::#7::06049->851_2::#8::06029,bus,3,3,0,0,0,0,0,0,bus_run,851_2,851,,851_2::#7::06049,851_2::#8::06029,Bef Outram Flyover,Outram Pk Stn Exit 1,1.863,500.0
run_segment,BUSRUN::851_2::#8::06029->851_2::#9::05012,BUSRUN::851_2::#8::06029->851_2::#9::05012,bus,3,3,0,0,0,0,0,0,bus_run,851_2,851,,851_2::#8::06029,851_2::#9::05012,Outram Pk Stn Exit 1,Bef Pearl's Hill Terr,1.491,400.0
run_segment,BUSRUN::970_1::#58::06049->970_1::#59::06029,BUSRUN::970_1::#58::06049->970_1::#59::06029,bus,3,3,0,0,0,0,0,0,bus_run,970_1,970,,970_1::#58::06049,970_1::#59::06029,Bef Outram Flyover,Outram Pk Stn Exit 1,1.863,500.0
run_segment,BUSRUN::970_1::#59::06029->970_1::#60::05012,BUSRUN::970_1::#59::06029->970_1::#60::05012,bus,3,3,0,0,0,0,0,0,bus_run,970_1,970,,970_1::#59::06029,970_1::#60::05012,Outram Pk Stn Exit 1,Bef Pearl's Hill Terr,1.491,400.0
run_segment,BUSRUN::97_1::#23::16099->97_1::#24::18079,BUSRUN::97_1::#23::16099->97_1::#24::18079,bus,2,2,0,0,0,0,0,0,bus_run,97_1,97,,97_1::#23::16099,97_1::#24::18079,Opp NUS Sports Centre,Opp NUH,2.981,800.0
run_segment,BUSRUN::97_1::#24::18079->97_1::#25::18109,BUSRUN::97_1::#24::18079->97_1::#25::18109,bus,2,2,0,0,0,0,0,0,bus_run,97_1,97,,97_1::#24::18079,97_1::#25::18109,Opp NUH,Blk 55/Opp 5 Sci Pk Dr,1.491,400.0
run_segment,BUSRUN::97_1::#25::18109->97_1::#26::18049,BUSRUN::97_1::#25::18109->97_1::#26::18049,bus,2,2,0,0,0,0,0,0,bus_run,97_1,97,,97_1::#25::18109,97_1::#26::18049,Blk 55/Opp 5 Sci Pk Dr,Opp Science Pk,2.609,700.0
run_segment,BUSRUN::97_1::#26::18049->97_1::#27::18019,BUSRUN::97_1::#26::18049->97_1::#27::18019,bus,2,2,0,0,0,0,0,0,bus_run,97_1,97,,97_1::#26::18049,97_1::#27::18019,Opp Science Pk,Bef Telok Blangah Hill Pk,6.708,1800.0
run_segment,BUSRUN::97_1::#27::18019->97_1::#28::15059,BUSRUN::97_1::#27::18019->97_1::#28::15059,bus,22,22,0,0,0,0,0,0,bus_run,97_1,97,,97_1::#27::18019,97_1::#28::15059,Bef Telok Blangah Hill Pk,Opp Alexandra Pt,1.863,500.0
run_segment,BUSRUN::97_1::#28::15059->97_1::#29::15049,BUSRUN::97_1::#28::15059->97_1::#29::15049,bus,22,22,0,0,0,0,0,0,bus_run,97_1,97,,97_1::#28::15059,97_1::#29::15049,Opp Alexandra Pt,Opp Alexandra Retail Ctr,1.118,300.0
run_segment,BUSRUN::97_1::#29::15049->97_1::#30::14189,BUSRUN::97_1::#29::15049->97_1::#30::14189,bus,22,22,0,0,0,0,0,0,bus_run,97_1,97,,97_1::#29::15049,97_1::#30::14189,Opp Alexandra Retail Ctr,Aft Alexandra Rd,1.491,400.0
run_segment,MRTRUN::CG1->CG2,MRTRUN::CG1->CG2,mrt,1372,1372,0,0,441,441,0,0,mrt_run,CGL_1,CGL,Changi Airport Branch Line,CG1,CG2,Expo,Changi Airport,7.0,
run_segment,MRTRUN::NE4->NE5,MRTRUN::NE4->NE5,mrt,154,154,0,0,0,0,0,0,mrt_run,NEL_1,NEL,North East Line,NE4,NE5,Chinatown,Clarke Quay,1.0,
