origin_id,destination_id,destination_label,destination_group_raw,destination_group_major,destination_group_label,pre_time_min,post_time_min,saving_min,change_type
G_000_003,BUSSTOP_OUT::95011,AFT AIRCRAFT FLYOVER,airport_bus,Airport-bound,Airport Bus,88.272,88.272,-0.0,unchanged
G_000_003,BUSSTOP_OUT::95019,AFT CHANGI AIRPORT TER 2,airport_bus,Airport-bound,Airport Bus,76.829,76.829,-0.0,unchanged
G_000_003,BUSSTOP_OUT::95029,CHANGI AIRPORT TER 1,airport_bus,Airport-bound,Airport Bus,76.083,76.083,-0.0,unchanged
G_000_003,BUSSTOP_OUT::95109,CHANGI AIRPORT TER 3,airport_bus,Airport-bound,Airport Bus,73.102,73.102,-0.0,unchanged
G_000_003,BUSSTOP_OUT::95129,CHANGI AIRPORT TER 2,airport_bus,Airport-bound,Airport Bus,73.102,73.102,-0.0,unchanged
G_000_003,BUSSTOP_OUT::95151,AIRPORT POLICE STN,airport_bus,Airport-bound,Airport Bus,86.409,86.409,-0.0,unchanged
G_000_003,BUSSTOP_OUT::95159,NEAR SATS FLIGHT KITCHEN,airport_bus,Airport-bound,Airport Bus,79.81,79.81,-0.0,unchanged
G_000_003,BUSSTOP_OUT::95209,CHANGI AIRPORT TER 4,airport_bus,Airport-bound,Airport Bus,82.792,82.792,-0.0,unchanged
G_000_003,MRTHUB::Changi_Airport,Changi Airport,airport_mrt,Airport-bound,Airport Mrt,62.802,62.802,-0.0,unchanged
G_000_003,BUSSTOP_OUT::03011,FULLERTON SQ,cbd_bus,CBD-bound,Cbd Bus,49.015,47.423,1.592,improved
G_000_003,BUSSTOP_OUT::03019,OUE BAYFRONT,cbd_bus,CBD-bound,Cbd Bus,49.302,49.302,-0.0,unchanged
G_000_003,BUSSTOP_OUT::03021,PRUDENTIAL TWR,cbd_bus,CBD-bound,Cbd Bus,46.965,45.187,1.778,improved
G_000_003,BUSSTOP_OUT::03031,RAFFLES PL STN EXIT F,cbd_bus,CBD-bound,Cbd Bus,46.779,45.932,0.847,improved
G_000_003,BUSSTOP_OUT::03041,TELOK AYER STN EXIT A,cbd_bus,CBD-bound,Cbd Bus,46.965,45.187,1.778,improved
G_000_003,BUSSTOP_OUT::03059,ONE RAFFLES QUAY,cbd_bus,CBD-bound,Cbd Bus,49.302,49.302,-0.0,unchanged
G_000_003,BUSSTOP_OUT::03071,OPP SO SOFITEL S'PORE,cbd_bus,CBD-bound,Cbd Bus,45.661,44.814,0.847,improved
G_000_003,BUSSTOP_OUT::03111,AFT CAPITAL TWR,cbd_bus,CBD-bound,Cbd Bus,44.543,43.696,0.847,improved
G_000_003,BUSSTOP_OUT::03129,UIC BLDG,cbd_bus,CBD-bound,Cbd Bus,45.102,45.102,-0.0,unchanged
G_000_003,BUSSTOP_OUT::03151,AFT TELOK AYER ST,cbd_bus,CBD-bound,Cbd Bus,45.102,43.324,1.778,improved
G_000_003,BUSSTOP_OUT::03217,AFT STRAITS BLVD,cbd_bus,CBD-bound,Cbd Bus,45.102,41.833,3.269,improved
G_000_003,BUSSTOP_OUT::03218,OPP MAS BLDG,cbd_bus,CBD-bound,Cbd Bus,45.102,41.833,3.269,improved
G_000_003,BUSSTOP_OUT::03222,HUB SYNERGY PT,cbd_bus,CBD-bound,Cbd Bus,41.934,41.833,0.101,improved
G_000_003,BUSSTOP_OUT::03223,TANJONG PAGAR STN EXIT C,cbd_bus,CBD-bound,Cbd Bus,45.102,41.833,3.269,improved
G_000_003,BUSSTOP_OUT::03239,SHENTON WAY TER,cbd_bus,CBD-bound,Cbd Bus,45.102,41.833,3.269,improved
G_000_003,BUSSTOP_OUT::03241,MAPLETREE ANSON,cbd_bus,CBD-bound,Cbd Bus,45.102,41.833,3.269,improved
G_000_003,BUSSTOP_OUT::03381,THE SAIL,cbd_bus,CBD-bound,Cbd Bus,48.456,46.678,1.778,improved
G_000_003,BUSSTOP_OUT::03391,MARINA BAY FINANCIAL CTR,cbd_bus,CBD-bound,Cbd Bus,49.201,47.423,1.778,improved
G_000_003,BUSSTOP_OUT::03501,MARINA BAY SANDS THEATRE,cbd_bus,CBD-bound,Cbd Bus,53.301,47.033,6.268,improved
G_000_003,BUSSTOP_OUT::03509,BAYFRONT STN EXIT B/MBS,cbd_bus,CBD-bound,Cbd Bus,53.505,47.033,6.472,improved
G_000_003,BUSSTOP_OUT::03511,AFT BAYFRONT STN EXIT E,cbd_bus,CBD-bound,Cbd Bus,51.81,47.033,4.777,improved
G_000_003,BUSSTOP_OUT::03519,BAYFRONT STN EXIT A,cbd_bus,CBD-bound,Cbd Bus,53.505,47.033,6.472,improved
G_000_003,BUSSTOP_OUT::03529,DOWNTOWN STN,cbd_bus,CBD-bound,Cbd Bus,50.502,47.524,2.978,improved
G_000_003,BUSSTOP_OUT::03539,Marina Bay Stn,cbd_bus,CBD-bound,Cbd Bus,51.633,46.033,5.6,improved
G_000_003,BUSSTOP_OUT::05269,MAXWELL RD FC,cbd_bus,CBD-bound,Cbd Bus,49.296,49.296,-0.0,unchanged
G_000_003,BUSSTOP_OUT::05319,OCBC CTR,cbd_bus,CBD-bound,Cbd Bus,47.724,47.724,-0.0,unchanged
G_000_003,BUSSTOP_OUT::05411,TG PAGAR PLAZA,cbd_bus,CBD-bound,Cbd Bus,45.102,42.068,3.034,improved
G_000_003,BUSSTOP_OUT::05419,THE AMARA,cbd_bus,CBD-bound,Cbd Bus,46.22,46.22,-0.0,unchanged
G_000_003,BUSSTOP_OUT::05431,TOWER 15,cbd_bus,CBD-bound,Cbd Bus,46.965,46.965,-0.0,unchanged
G_000_003,BUSSTOP_OUT::05629,OPP STH PT,cbd_bus,CBD-bound,Cbd Bus,47.382,40.578,6.804,improved
G_000_003,BUSSTOP_OUT::05651,OPP FUJI XEROX TWRS,cbd_bus,CBD-bound,Cbd Bus,46.636,41.323,5.313,improved
G_000_003,MRTHUB::Bayfront,Bayfront,cbd_mrt,CBD-bound,Cbd Mrt,43.205,36.733,6.472,improved
G_000_003,MRTHUB::Downtown,Downtown,cbd_mrt,CBD-bound,Cbd Mrt,41.333,39.933,1.4,improved
G_000_003,MRTHUB::Marina_Bay,Marina Bay,cbd_mrt,CBD-bound,Cbd Mrt,43.402,35.733,7.669,improved
G_000_003,MRTHUB::Maxwell,Maxwell,cbd_mrt,CBD-bound,Cbd Mrt,39.202,39.202,-0.0,unchanged
G_000_003,MRTHUB::Raffles_Place,Raffles Place,cbd_mrt,CBD-bound,Cbd Mrt,39.002,39.002,-0.0,unchanged
G_000_003,MRTHUB::Shenton_Way,Shenton Way,cbd_mrt,CBD-bound,Cbd Mrt,40.202,38.933,1.269,improved
G_000_003,MRTHUB::Tanjong_Pagar,Tanjong Pagar,cbd_mrt,CBD-bound,Cbd Mrt,34.802,34.802,-0.0,unchanged
G_000_004,BUSSTOP_OUT::95011,AFT AIRCRAFT FLYOVER,airport_bus,Airport-bound,Airport Bus,89.836,89.836,-0.0,unchanged
G_000_004,BUSSTOP_OUT::95019,AFT CHANGI AIRPORT TER 2,airport_bus,Airport-bound,Airport Bus,78.393,78.393,-0.0,unchanged
G_000_004,BUSSTOP_OUT::95029,CHANGI AIRPORT TER 1,airport_bus,Airport-bound,Airport Bus,77.647,77.647,-0.0,unchanged
G_000_004,BUSSTOP_OUT::95109,CHANGI AIRPORT TER 3,airport_bus,Airport-bound,Airport Bus,74.666,74.666,-0.0,unchanged
G_000_004,BUSSTOP_OUT::95129,CHANGI AIRPORT TER 2,airport_bus,Airport-bound,Airport Bus,74.666,74.666,-0.0,unchanged
G_000_004,BUSSTOP_OUT::95151,AIRPORT POLICE STN,airport_bus,Airport-bound,Airport Bus,87.973,87.973,-0.0,unchanged
G_000_004,BUSSTOP_OUT::95159,NEAR SATS FLIGHT KITCHEN,airport_bus,Airport-bound,Airport Bus,81.374,81.374,-0.0,unchanged
G_000_004,BUSSTOP_OUT::95209,CHANGI AIRPORT TER 4,airport_bus,Airport-bound,Airport Bus,84.356,84.356,-0.0,unchanged
G_000_004,MRTHUB::Changi_Airport,Changi Airport,airport_mrt,Airport-bound,Airport Mrt,64.366,64.366,-0.0,unchanged
G_000_004,BUSSTOP_OUT::03011,FULLERTON SQ,cbd_bus,CBD-bound,Cbd Bus,48.004,48.004,-0.0,unchanged
G_000_004,BUSSTOP_OUT::03019,OUE BAYFRONT,cbd_bus,CBD-bound,Cbd Bus,50.866,50.866,-0.0,unchanged
G_000_004,BUSSTOP_OUT::03021,PRUDENTIAL TWR,cbd_bus,CBD-bound,Cbd Bus,48.529,45.828,2.701,improved
G_000_004,BUSSTOP_OUT::03031,RAFFLES PL STN EXIT F,cbd_bus,CBD-bound,Cbd Bus,45.768,45.768,-0.0,unchanged
G_000_004,BUSSTOP_OUT::03041,TELOK AYER STN EXIT A,cbd_bus,CBD-bound,Cbd Bus,48.529,45.828,2.701,improved
G_000_004,BUSSTOP_OUT::03059,ONE RAFFLES QUAY,cbd_bus,CBD-bound,Cbd Bus,50.601,50.601,-0.0,unchanged
G_000_004,BUSSTOP_OUT::03071,OPP SO SOFITEL S'PORE,cbd_bus,CBD-bound,Cbd Bus,44.65,44.65,-0.0,unchanged
G_000_004,BUSSTOP_OUT::03111,AFT CAPITAL TWR,cbd_bus,CBD-bound,Cbd Bus,43.532,43.532,-0.0,unchanged
G_000_004,BUSSTOP_OUT::03129,UIC BLDG,cbd_bus,CBD-bound,Cbd Bus,46.666,46.666,-0.0,unchanged
G_000_004,BUSSTOP_OUT::03151,AFT TELOK AYER ST,cbd_bus,CBD-bound,Cbd Bus,46.666,43.965,2.701,improved
G_000_004,BUSSTOP_OUT::03217,AFT STRAITS BLVD,cbd_bus,CBD-bound,Cbd Bus,46.666,42.474,4.192,improved
G_000_004,BUSSTOP_OUT::03218,OPP MAS BLDG,cbd_bus,CBD-bound,Cbd Bus,46.666,42.474,4.192,improved
G_000_004,BUSSTOP_OUT::03222,HUB SYNERGY PT,cbd_bus,CBD-bound,Cbd Bus,40.923,40.923,-0.0,unchanged
G_000_004,BUSSTOP_OUT::03223,TANJONG PAGAR STN EXIT C,cbd_bus,CBD-bound,Cbd Bus,46.666,42.474,4.192,improved
G_000_004,BUSSTOP_OUT::03239,SHENTON WAY TER,cbd_bus,CBD-bound,Cbd Bus,46.666,42.474,4.192,improved
G_000_004,BUSSTOP_OUT::03241,MAPLETREE ANSON,cbd_bus,CBD-bound,Cbd Bus,41.833,41.833,-0.0,unchanged
G_000_004,BUSSTOP_OUT::03381,THE SAIL,cbd_bus,CBD-bound,Cbd Bus,47.05,47.05,-0.0,unchanged
G_000_004,BUSSTOP_OUT::03391,MARINA BAY FINANCIAL CTR,cbd_bus,CBD-bound,Cbd Bus,47.795,47.795,-0.0,unchanged
G_000_004,BUSSTOP_OUT::03501,MARINA BAY SANDS THEATRE,cbd_bus,CBD-bound,Cbd Bus,54.832,47.674,7.158,improved
G_000_004,BUSSTOP_OUT::03509,BAYFRONT STN EXIT B/MBS,cbd_bus,CBD-bound,Cbd Bus,54.832,47.674,7.158,improved
G_000_004,BUSSTOP_OUT::03511,AFT BAYFRONT STN EXIT E,cbd_bus,CBD-bound,Cbd Bus,53.374,47.674,5.7,improved
G_000_004,BUSSTOP_OUT::03519,BAYFRONT STN EXIT A,cbd_bus,CBD-bound,Cbd Bus,54.832,47.674,7.158,improved
G_000_004,BUSSTOP_OUT::03529,DOWNTOWN STN,cbd_bus,CBD-bound,Cbd Bus,51.274,48.165,3.109,improved
G_000_004,BUSSTOP_OUT::03539,Marina Bay Stn,cbd_bus,CBD-bound,Cbd Bus,52.274,46.674,5.6,improved
G_000_004,BUSSTOP_OUT::05269,MAXWELL RD FC,cbd_bus,CBD-bound,Cbd Bus,49.937,49.937,-0.0,unchanged
G_000_004,BUSSTOP_OUT::05319,OCBC CTR,cbd_bus,CBD-bound,Cbd Bus,48.365,48.365,-0.0,unchanged
G_000_004,BUSSTOP_OUT::05411,TG PAGAR PLAZA,cbd_bus,CBD-bound,Cbd Bus,46.666,42.709,3.957,improved
G_000_004,BUSSTOP_OUT::05419,THE AMARA,cbd_bus,CBD-bound,Cbd Bus,47.784,47.784,-0.0,unchanged
G_000_004,BUSSTOP_OUT::05431,TOWER 15,cbd_bus,CBD-bound,Cbd Bus,48.529,48.529,-0.0,unchanged
G_000_004,BUSSTOP_OUT::05629,OPP STH PT,cbd_bus,CBD-bound,Cbd Bus,46.904,41.219,5.685,improved
G_000_004,BUSSTOP_OUT::05651,OPP FUJI XEROX TWRS,cbd_bus,CBD-bound,Cbd Bus,47.277,41.964,5.313,improved
G_000_004,MRTHUB::Bayfront,Bayfront,cbd_mrt,CBD-bound,Cbd Mrt,44.532,37.374,7.158,improved
G_000_004,MRTHUB::Downtown,Downtown,cbd_mrt,CBD-bound,Cbd Mrt,41.974,40.574,1.4,improved
G_000_004,MRTHUB::Marina_Bay,Marina Bay,cbd_mrt,CBD-bound,Cbd Mrt,44.174,36.374,7.8,improved
G_000_004,MRTHUB::Maxwell,Maxwell,cbd_mrt,CBD-bound,Cbd Mrt,39.974,39.974,-0.0,unchanged
G_000_004,MRTHUB::Raffles_Place,Raffles Place,cbd_mrt,CBD-bound,Cbd Mrt,40.566,40.566,-0.0,unchanged
G_000_004,MRTHUB::Shenton_Way,Shenton Way,cbd_mrt,CBD-bound,Cbd Mrt,40.974,39.574,1.4,improved
G_000_004,MRTHUB::Tanjong_Pagar,Tanjong Pagar,cbd_mrt,CBD-bound,Cbd Mrt,36.366,36.366,-0.0,unchanged
G_000_005,BUSSTOP_OUT::95011,AFT AIRCRAFT FLYOVER,airport_bus,Airport-bound,Airport Bus,88.867,88.867,-0.0,unchanged
G_000_005,BUSSTOP_OUT::95019,AFT CHANGI AIRPORT TER 2,airport_bus,Airport-bound,Airport Bus,77.424,77.424,-0.0,unchanged
G_000_005,BUSSTOP_OUT::95029,CHANGI AIRPORT TER 1,airport_bus,Airport-bound,Airport Bus,76.678,76.678,-0.0,unchanged
G_000_005,BUSSTOP_OUT::95109,CHANGI AIRPORT TER 3,airport_bus,Airport-bound,Airport Bus,73.697,73.697,-0.0,unchanged
G_000_005,BUSSTOP_OUT::95129,CHANGI AIRPORT TER 2,airport_bus,Airport-bound,Airport Bus,73.697,73.697,-0.0,unchanged
G_000_005,BUSSTOP_OUT::95151,AIRPORT POLICE STN,airport_bus,Airport-bound,Airport Bus,87.004,87.004,-0.0,unchanged
G_000_005,BUSSTOP_OUT::95159,NEAR SATS FLIGHT KITCHEN,airport_bus,Airport-bound,Airport Bus,80.405,80.405,-0.0,unchanged
G_000_005,BUSSTOP_OUT::95209,CHANGI AIRPORT TER 4,airport_bus,Airport-bound,Airport Bus,83.387,83.387,-0.0,unchanged
G_000_005,MRTHUB::Changi_Airport,Changi Airport,airport_mrt,Airport-bound,Airport Mrt,63.397,63.397,-0.0,unchanged
G_000_005,BUSSTOP_OUT::03011,FULLERTON SQ,cbd_bus,CBD-bound,Cbd Bus,45.9,45.9,-0.0,unchanged
G_000_005,BUSSTOP_OUT::03019,OUE BAYFRONT,cbd_bus,CBD-bound,Cbd Bus,49.897,49.351,0.546,improved
G_000_005,BUSSTOP_OUT::03021,PRUDENTIAL TWR,cbd_bus,CBD-bound,Cbd Bus,47.56,43.724,3.836,improved
G_000_005,BUSSTOP_OUT::03031,RAFFLES PL STN EXIT F,cbd_bus,CBD-bound,Cbd Bus,43.664,43.664,-0.0,unchanged
G_000_005,BUSSTOP_OUT::03041,TELOK AYER STN EXIT A,cbd_bus,CBD-bound,Cbd Bus,47.56,43.724,3.836,improved
G_000_005,BUSSTOP_OUT::03059,ONE RAFFLES QUAY,cbd_bus,CBD-bound,Cbd Bus,48.497,48.497,-0.0,unchanged
G_000_005,BUSSTOP_OUT::03071,OPP SO SOFITEL S'PORE,cbd_bus,CBD-bound,Cbd Bus,42.546,42.546,-0.0,unchanged
G_000_005,BUSSTOP_OUT::03111,AFT CAPITAL TWR,cbd_bus,CBD-bound,Cbd Bus,41.428,41.428,-0.0,unchanged
G_000_005,BUSSTOP_OUT::03129,UIC BLDG,cbd_bus,CBD-bound,Cbd Bus,45.697,45.697,-0.0,unchanged
G_000_005,BUSSTOP_OUT::03151,AFT TELOK AYER ST,cbd_bus,CBD-bound,Cbd Bus,45.697,41.861,3.836,improved
G_000_005,BUSSTOP_OUT::03217,AFT STRAITS BLVD,cbd_bus,CBD-bound,Cbd Bus,45.697,40.37,5.327,improved
G_000_005,BUSSTOP_OUT::03218,OPP MAS BLDG,cbd_bus,CBD-bound,Cbd Bus,45.697,40.37,5.327,improved
G_000_005,BUSSTOP_OUT::03222,HUB SYNERGY PT,cbd_bus,CBD-bound,Cbd Bus,38.819,38.819,-0.0,unchanged
G_000_005,BUSSTOP_OUT::03223,TANJONG PAGAR STN EXIT C,cbd_bus,CBD-bound,Cbd Bus,45.697,40.37,5.327,improved
G_000_005,BUSSTOP_OUT::03239,SHENTON WAY TER,cbd_bus,CBD-bound,Cbd Bus,45.697,40.37,5.327,improved
G_000_005,BUSSTOP_OUT::03241,MAPLETREE ANSON,cbd_bus,CBD-bound,Cbd Bus,45.697,40.37,5.327,improved
G_000_005,BUSSTOP_OUT::03381,THE SAIL,cbd_bus,CBD-bound,Cbd Bus,49.051,45.215,3.836,improved
G_000_005,BUSSTOP_OUT::03391,MARINA BAY FINANCIAL CTR,cbd_bus,CBD-bound,Cbd Bus,49.796,45.96,3.836,improved
G_000_005,BUSSTOP_OUT::03501,MARINA BAY SANDS THEATRE,cbd_bus,CBD-bound,Cbd Bus,52.97,45.57,7.4,improved
G_000_005,BUSSTOP_OUT::03509,BAYFRONT STN EXIT B/MBS,cbd_bus,CBD-bound,Cbd Bus,52.97,45.57,7.4,improved
G_000_005,BUSSTOP_OUT::03511,AFT BAYFRONT STN EXIT E,cbd_bus,CBD-bound,Cbd Bus,52.405,45.57,6.835,improved
G_000_005,BUSSTOP_OUT::03519,BAYFRONT STN EXIT A,cbd_bus,CBD-bound,Cbd Bus,52.97,45.57,7.4,improved
G_000_005,BUSSTOP_OUT::03529,DOWNTOWN STN,cbd_bus,CBD-bound,Cbd Bus,49.17,46.061,3.109,improved
G_000_005,BUSSTOP_OUT::03539,Marina Bay Stn,cbd_bus,CBD-bound,Cbd Bus,50.17,44.57,5.6,improved
G_000_005,BUSSTOP_OUT::05269,MAXWELL RD FC,cbd_bus,CBD-bound,Cbd Bus,47.833,47.833,-0.0,unchanged
G_000_005,BUSSTOP_OUT::05319,OCBC CTR,cbd_bus,CBD-bound,Cbd Bus,46.261,46.261,-0.0,unchanged
G_000_005,BUSSTOP_OUT::05411,TG PAGAR PLAZA,cbd_bus,CBD-bound,Cbd Bus,45.697,40.605,5.092,improved
G_000_005,BUSSTOP_OUT::05419,THE AMARA,cbd_bus,CBD-bound,Cbd Bus,46.815,46.815,-0.0,unchanged
G_000_005,BUSSTOP_OUT::05431,TOWER 15,cbd_bus,CBD-bound,Cbd Bus,47.56,47.56,-0.0,unchanged
G_000_005,BUSSTOP_OUT::05629,OPP STH PT,cbd_bus,CBD-bound,Cbd Bus,44.8,39.115,5.685,improved
G_000_005,BUSSTOP_OUT::05651,OPP FUJI XEROX TWRS,cbd_bus,CBD-bound,Cbd Bus,45.173,39.86,5.313,improved
G_000_005,MRTHUB::Bayfront,Bayfront,cbd_mrt,CBD-bound,Cbd Mrt,42.67,35.27,7.4,improved
G_000_005,MRTHUB::Downtown,Downtown,cbd_mrt,CBD-bound,Cbd Mrt,39.87,38.47,1.4,improved
G_000_005,MRTHUB::Marina_Bay,Marina Bay,cbd_mrt,CBD-bound,Cbd Mrt,42.07,34.27,7.8,improved
G_000_005,MRTHUB::Maxwell,Maxwell,cbd_mrt,CBD-bound,Cbd Mrt,37.87,37.87,-0.0,unchanged
G_000_005,MRTHUB::Raffles_Place,Raffles Place,cbd_mrt,CBD-bound,Cbd Mrt,39.597,39.597,-0.0,unchanged
G_000_005,MRTHUB::Shenton_Way,Shenton Way,cbd_mrt,CBD-bound,Cbd Mrt,38.87,37.47,1.4,improved
G_000_005,MRTHUB::Tanjong_Pagar,Tanjong Pagar,cbd_mrt,CBD-bound,Cbd Mrt,35.397,35.397,-0.0,unchanged
G_001_000,BUSSTOP_OUT::95011,AFT AIRCRAFT FLYOVER,airport_bus,Airport-bound,Airport Bus,87.518,87.518,-0.0,unchanged
G_001_000,BUSSTOP_OUT::95019,AFT CHANGI AIRPORT TER 2,airport_bus,Airport-bound,Airport Bus,76.075,76.075,-0.0,unchanged
G_001_000,BUSSTOP_OUT::95029,CHANGI AIRPORT TER 1,airport_bus,Airport-bound,Airport Bus,75.329,75.329,-0.0,unchanged
G_001_000,BUSSTOP_OUT::95109,CHANGI AIRPORT TER 3,airport_bus,Airport-bound,Airport Bus,72.348,72.348,-0.0,unchanged
G_001_000,BUSSTOP_OUT::95129,CHANGI AIRPORT TER 2,airport_bus,Airport-bound,Airport Bus,72.348,72.348,-0.0,unchanged
G_001_000,BUSSTOP_OUT::95151,AIRPORT POLICE STN,airport_bus,Airport-bound,Airport Bus,85.655,85.655,-0.0,unchanged
G_001_000,BUSSTOP_OUT::95159,NEAR SATS FLIGHT KITCHEN,airport_bus,Airport-bound,Airport Bus,79.056,79.056,-0.0,unchanged
G_001_000,BUSSTOP_OUT::95209,CHANGI AIRPORT TER 4,airport_bus,Airport-bound,Airport Bus,82.038,82.038,-0.0,unchanged
G_001_000,MRTHUB::Changi_Airport,Changi Airport,airport_mrt,Airport-bound,Airport Mrt,62.048,62.048,-0.0,unchanged
G_001_000,BUSSTOP_OUT::03011,FULLERTON SQ,cbd_bus,CBD-bound,Cbd Bus,48.447,48.447,-0.0,unchanged
G_001_000,BUSSTOP_OUT::03019,OUE BAYFRONT,cbd_bus,CBD-bound,Cbd Bus,48.548,48.548,-0.0,unchanged
G_001_000,BUSSTOP_OUT::03021,PRUDENTIAL TWR,cbd_bus,CBD-bound,Cbd Bus,46.211,46.211,-0.0,unchanged
G_001_000,BUSSTOP_OUT::03031,RAFFLES PL STN EXIT F,cbd_bus,CBD-bound,Cbd Bus,46.584,46.584,-0.0,unchanged
G_001_000,BUSSTOP_OUT::03041,TELOK AYER STN EXIT A,cbd_bus,CBD-bound,Cbd Bus,46.211,46.211,-0.0,unchanged
G_001_000,BUSSTOP_OUT::03059,ONE RAFFLES QUAY,cbd_bus,CBD-bound,Cbd Bus,48.548,48.548,-0.0,unchanged
G_001_000,BUSSTOP_OUT::03071,OPP SO SOFITEL S'PORE,cbd_bus,CBD-bound,Cbd Bus,45.466,45.466,-0.0,unchanged
G_001_000,BUSSTOP_OUT::03111,AFT CAPITAL TWR,cbd_bus,CBD-bound,Cbd Bus,44.348,44.348,-0.0,unchanged
G_001_000,BUSSTOP_OUT::03129,UIC BLDG,cbd_bus,CBD-bound,Cbd Bus,44.348,44.348,-0.0,unchanged
G_001_000,BUSSTOP_OUT::03151,AFT TELOK AYER ST,cbd_bus,CBD-bound,Cbd Bus,44.348,44.348,-0.0,unchanged
G_001_000,BUSSTOP_OUT::03217,AFT STRAITS BLVD,cbd_bus,CBD-bound,Cbd Bus,44.348,44.348,-0.0,unchanged
G_001_000,BUSSTOP_OUT::03218,OPP MAS BLDG,cbd_bus,CBD-bound,Cbd Bus,44.348,44.348,-0.0,unchanged
G_001_000,BUSSTOP_OUT::03222,HUB SYNERGY PT,cbd_bus,CBD-bound,Cbd Bus,44.348,44.348,-0.0,unchanged
G_001_000,BUSSTOP_OUT::03223,TANJONG PAGAR STN EXIT C,cbd_bus,CBD-bound,Cbd Bus,44.348,44.348,-0.0,unchanged
G_001_000,BUSSTOP_OUT::03239,SHENTON WAY TER,cbd_bus,CBD-bound,Cbd Bus,44.348,44.348,-0.0,unchanged
G_001_000,BUSSTOP_OUT::03241,MAPLETREE ANSON,cbd_bus,CBD-bound,Cbd Bus,44.348,44.348,-0.0,unchanged
G_001_000,BUSSTOP_OUT::03381,THE SAIL,cbd_bus,CBD-bound,Cbd Bus,47.702,47.702,-0.0,unchanged
G_001_000,BUSSTOP_OUT::03391,MARINA BAY FINANCIAL CTR,cbd_bus,CBD-bound,Cbd Bus,48.447,48.447,-0.0,unchanged
G_001_000,BUSSTOP_OUT::03501,MARINA BAY SANDS THEATRE,cbd_bus,CBD-bound,Cbd Bus,52.547,52.547,-0.0,unchanged
G_001_000,BUSSTOP_OUT::03509,BAYFRONT STN EXIT B/MBS,cbd_bus,CBD-bound,Cbd Bus,57.948,53.776,4.172,improved
G_001_000,BUSSTOP_OUT::03511,AFT BAYFRONT STN EXIT E,cbd_bus,CBD-bound,Cbd Bus,51.056,51.056,-0.0,unchanged
G_001_000,BUSSTOP_OUT::03519,BAYFRONT STN EXIT A,cbd_bus,CBD-bound,Cbd Bus,57.948,53.776,4.172,improved
G_001_000,BUSSTOP_OUT::03529,DOWNTOWN STN,cbd_bus,CBD-bound,Cbd Bus,49.748,49.748,-0.0,unchanged
G_001_000,BUSSTOP_OUT::03539,Marina Bay Stn,cbd_bus,CBD-bound,Cbd Bus,52.948,52.776,0.172,improved
G_001_000,BUSSTOP_OUT::05269,MAXWELL RD FC,cbd_bus,CBD-bound,Cbd Bus,48.748,48.748,-0.0,unchanged
G_001_000,BUSSTOP_OUT::05319,OCBC CTR,cbd_bus,CBD-bound,Cbd Bus,48.548,48.548,-0.0,unchanged
G_001_000,BUSSTOP_OUT::05411,TG PAGAR PLAZA,cbd_bus,CBD-bound,Cbd Bus,44.348,44.348,-0.0,unchanged
G_001_000,BUSSTOP_OUT::05419,THE AMARA,cbd_bus,CBD-bound,Cbd Bus,45.466,45.466,-0.0,unchanged
G_001_000,BUSSTOP_OUT::05431,TOWER 15,cbd_bus,CBD-bound,Cbd Bus,46.211,46.211,-0.0,unchanged
G_001_000,BUSSTOP_OUT::05629,OPP STH PT,cbd_bus,CBD-bound,Cbd Bus,47.784,47.321,0.463,improved
G_001_000,BUSSTOP_OUT::05651,OPP FUJI XEROX TWRS,cbd_bus,CBD-bound,Cbd Bus,53.379,48.066,5.313,improved
G_001_000,MRTHUB::Bayfront,Bayfront,cbd_mrt,CBD-bound,Cbd Mrt,47.648,43.476,4.172,improved
G_001_000,MRTHUB::Downtown,Downtown,cbd_mrt,CBD-bound,Cbd Mrt,44.848,44.848,-0.0,unchanged
G_001_000,MRTHUB::Marina_Bay,Marina Bay,cbd_mrt,CBD-bound,Cbd Mrt,42.648,42.476,0.172,improved
G_001_000,MRTHUB::Maxwell,Maxwell,cbd_mrt,CBD-bound,Cbd Mrt,38.448,38.448,-0.0,unchanged
G_001_000,MRTHUB::Raffles_Place,Raffles Place,cbd_mrt,CBD-bound,Cbd Mrt,38.248,38.248,-0.0,unchanged
G_001_000,MRTHUB::Shenton_Way,Shenton Way,cbd_mrt,CBD-bound,Cbd Mrt,39.448,39.448,-0.0,unchanged
G_001_000,MRTHUB::Tanjong_Pagar,Tanjong Pagar,cbd_mrt,CBD-bound,Cbd Mrt,34.048,34.048,-0.0,unchanged
G_001_001,BUSSTOP_OUT::95011,AFT AIRCRAFT FLYOVER,airport_bus,Airport-bound,Airport Bus,86.929,86.929,-0.0,unchanged
G_001_001,BUSSTOP_OUT::95019,AFT CHANGI AIRPORT TER 2,airport_bus,Airport-bound,Airport Bus,75.486,75.486,-0.0,unchanged
G_001_001,BUSSTOP_OUT::95029,CHANGI AIRPORT TER 1,airport_bus,Airport-bound,Airport Bus,74.74,74.74,-0.0,unchanged
G_001_001,BUSSTOP_OUT::95109,CHANGI AIRPORT TER 3,airport_bus,Airport-bound,Airport Bus,71.759,71.759,-0.0,unchanged
G_001_001,BUSSTOP_OUT::95129,CHANGI AIRPORT TER 2,airport_bus,Airport-bound,Airport Bus,71.759,71.759,-0.0,unchanged
G_001_001,BUSSTOP_OUT::95151,AIRPORT POLICE STN,airport_bus,Airport-bound,Airport Bus,85.066,85.066,-0.0,unchanged
G_001_001,BUSSTOP_OUT::95159,NEAR SATS FLIGHT KITCHEN,airport_bus,Airport-bound,Airport Bus,78.467,78.467,-0.0,unchanged
G_001_001,BUSSTOP_OUT::95209,CHANGI AIRPORT TER 4,airport_bus,Airport-bound,Airport Bus,81.449,81.449,-0.0,unchanged
G_001_001,MRTHUB::Changi_Airport,Changi Airport,airport_mrt,Airport-bound,Airport Mrt,61.459,61.459,-0.0,unchanged
G_001_001,BUSSTOP_OUT::03011,FULLERTON SQ,cbd_bus,CBD-bound,Cbd Bus,47.858,47.858,-0.0,unchanged
G_001_001,BUSSTOP_OUT::03019,OUE BAYFRONT,cbd_bus,CBD-bound,Cbd Bus,47.959,47.959,-0.0,unchanged
G_001_001,BUSSTOP_OUT::03021,PRUDENTIAL TWR,cbd_bus,CBD-bound,Cbd Bus,45.622,45.622,-0.0,unchanged
G_001_001,BUSSTOP_OUT::03031,RAFFLES PL STN EXIT F,cbd_bus,CBD-bound,Cbd Bus,45.995,45.995,-0.0,unchanged
G_001_001,BUSSTOP_OUT::03041,TELOK AYER STN EXIT A,cbd_bus,CBD-bound,Cbd Bus,45.622,45.622,-0.0,unchanged
G_001_001,BUSSTOP_OUT::03059,ONE RAFFLES QUAY,cbd_bus,CBD-bound,Cbd Bus,47.959,47.959,-0.0,unchanged
G_001_001,BUSSTOP_OUT::03071,OPP SO SOFITEL S'PORE,cbd_bus,CBD-bound,Cbd Bus,44.877,44.877,-0.0,unchanged
G_001_001,BUSSTOP_OUT::03111,AFT CAPITAL TWR,cbd_bus,CBD-bound,Cbd Bus,43.759,43.759,-0.0,unchanged
G_001_001,BUSSTOP_OUT::03129,UIC BLDG,cbd_bus,CBD-bound,Cbd Bus,43.759,43.759,-0.0,unchanged
G_001_001,BUSSTOP_OUT::03151,AFT TELOK AYER ST,cbd_bus,CBD-bound,Cbd Bus,43.759,43.759,-0.0,unchanged
G_001_001,BUSSTOP_OUT::03217,AFT STRAITS BLVD,cbd_bus,CBD-bound,Cbd Bus,43.759,43.759,-0.0,unchanged
G_001_001,BUSSTOP_OUT::03218,OPP MAS BLDG,cbd_bus,CBD-bound,Cbd Bus,43.759,43.759,-0.0,unchanged
G_001_001,BUSSTOP_OUT::03222,HUB SYNERGY PT,cbd_bus,CBD-bound,Cbd Bus,43.759,43.759,-0.0,unchanged
G_001_001,BUSSTOP_OUT::03223,TANJONG PAGAR STN EXIT C,cbd_bus,CBD-bound,Cbd Bus,43.759,43.759,-0.0,unchanged
G_001_001,BUSSTOP_OUT::03239,SHENTON WAY TER,cbd_bus,CBD-bound,Cbd Bus,43.759,43.759,-0.0,unchanged
G_001_001,BUSSTOP_OUT::03241,MAPLETREE ANSON,cbd_bus,CBD-bound,Cbd Bus,43.759,43.759,-0.0,unchanged
G_001_001,BUSSTOP_OUT::03381,THE SAIL,cbd_bus,CBD-bound,Cbd Bus,47.113,47.113,-0.0,unchanged
G_001_001,BUSSTOP_OUT::03391,MARINA BAY FINANCIAL CTR,cbd_bus,CBD-bound,Cbd Bus,47.858,47.858,-0.0,unchanged
G_001_001,BUSSTOP_OUT::03501,MARINA BAY SANDS THEATRE,cbd_bus,CBD-bound,Cbd Bus,51.958,50.457,1.501,improved
G_001_001,BUSSTOP_OUT::03509,BAYFRONT STN EXIT B/MBS,cbd_bus,CBD-bound,Cbd Bus,56.085,50.457,5.628,improved
G_001_001,BUSSTOP_OUT::03511,AFT BAYFRONT STN EXIT E,cbd_bus,CBD-bound,Cbd Bus,50.467,50.457,0.01,improved
G_001_001,BUSSTOP_OUT::03519,BAYFRONT STN EXIT A,cbd_bus,CBD-bound,Cbd Bus,56.085,50.457,5.628,improved
G_001_001,BUSSTOP_OUT::03529,DOWNTOWN STN,cbd_bus,CBD-bound,Cbd Bus,49.159,49.159,-0.0,unchanged
G_001_001,BUSSTOP_OUT::03539,Marina Bay Stn,cbd_bus,CBD-bound,Cbd Bus,52.359,49.457,2.902,improved
G_001_001,BUSSTOP_OUT::05269,MAXWELL RD FC,cbd_bus,CBD-bound,Cbd Bus,48.159,48.159,-0.0,unchanged
G_001_001,BUSSTOP_OUT::05319,OCBC CTR,cbd_bus,CBD-bound,Cbd Bus,47.959,47.959,-0.0,unchanged
G_001_001,BUSSTOP_OUT::05411,TG PAGAR PLAZA,cbd_bus,CBD-bound,Cbd Bus,43.759,43.759,-0.0,unchanged
G_001_001,BUSSTOP_OUT::05419,THE AMARA,cbd_bus,CBD-bound,Cbd Bus,44.877,44.877,-0.0,unchanged
G_001_001,BUSSTOP_OUT::05431,TOWER 15,cbd_bus,CBD-bound,Cbd Bus,45.622,45.622,-0.0,unchanged
G_001_001,BUSSTOP_OUT::05629,OPP STH PT,cbd_bus,CBD-bound,Cbd Bus,47.195,44.002,3.193,improved
G_001_001,BUSSTOP_OUT::05651,OPP FUJI XEROX TWRS,cbd_bus,CBD-bound,Cbd Bus,50.06,44.747,5.313,improved
G_001_001,MRTHUB::Bayfront,Bayfront,cbd_mrt,CBD-bound,Cbd Mrt,45.785,40.157,5.628,improved
G_001_001,MRTHUB::Downtown,Downtown,cbd_mrt,CBD-bound,Cbd Mrt,44.259,43.357,0.902,improved
G_001_001,MRTHUB::Marina_Bay,Marina Bay,cbd_mrt,CBD-bound,Cbd Mrt,42.059,39.157,2.902,improved
G_001_001,MRTHUB::Maxwell,Maxwell,cbd_mrt,CBD-bound,Cbd Mrt,37.859,37.859,-0.0,unchanged
G_001_001,MRTHUB::Raffles_Place,Raffles Place,cbd_mrt,CBD-bound,Cbd Mrt,37.659,37.659,-0.0,unchanged
G_001_001,MRTHUB::Shenton_Way,Shenton Way,cbd_mrt,CBD-bound,Cbd Mrt,38.859,38.859,-0.0,unchanged
G_001_001,MRTHUB::Tanjong_Pagar,Tanjong Pagar,cbd_mrt,CBD-bound,Cbd Mrt,33.459,33.459,-0.0,unchanged
G_001_002,BUSSTOP_OUT::95011,AFT AIRCRAFT FLYOVER,airport_bus,Airport-bound,Airport Bus,88.59,88.59,-0.0,unchanged
G_001_002,BUSSTOP_OUT::95019,AFT CHANGI AIRPORT TER 2,airport_bus,Airport-bound,Airport Bus,77.147,77.147,-0.0,unchanged
G_001_002,BUSSTOP_OUT::95029,CHANGI AIRPORT TER 1,airport_bus,Airport-bound,Airport Bus,76.401,76.401,-0.0,unchanged
G_001_002,BUSSTOP_OUT::95109,CHANGI AIRPORT TER 3,airport_bus,Airport-bound,Airport Bus,73.42,73.42,-0.0,unchanged
G_001_002,BUSSTOP_OUT::95129,CHANGI AIRPORT TER 2,airport_bus,Airport-bound,Airport Bus,73.42,73.42,-0.0,unchanged
G_001_002,BUSSTOP_OUT::95151,AIRPORT POLICE STN,airport_bus,Airport-bound,Airport Bus,86.727,86.727,-0.0,unchanged
G_001_002,BUSSTOP_OUT::95159,NEAR SATS FLIGHT KITCHEN,airport_bus,Airport-bound,Airport Bus,80.128,80.128,-0.0,unchanged
G_001_002,BUSSTOP_OUT::95209,CHANGI AIRPORT TER 4,airport_bus,Airport-bound,Airport Bus,83.11,83.11,-0.0,unchanged
G_001_002,MRTHUB::Changi_Airport,Changi Airport,airport_mrt,Airport-bound,Airport Mrt,63.12,63.12,-0.0,unchanged
G_001_002,BUSSTOP_OUT::03011,FULLERTON SQ,cbd_bus,CBD-bound,Cbd Bus,49.519,49.519,-0.0,unchanged
G_001_002,BUSSTOP_OUT::03019,OUE BAYFRONT,cbd_bus,CBD-bound,Cbd Bus,49.62,49.62,-0.0,unchanged
G_001_002,BUSSTOP_OUT::03021,PRUDENTIAL TWR,cbd_bus,CBD-bound,Cbd Bus,47.283,47.283,-0.0,unchanged
G_001_002,BUSSTOP_OUT::03031,RAFFLES PL STN EXIT F,cbd_bus,CBD-bound,Cbd Bus,47.656,47.656,-0.0,unchanged
G_001_002,BUSSTOP_OUT::03041,TELOK AYER STN EXIT A,cbd_bus,CBD-bound,Cbd Bus,47.283,47.283,-0.0,unchanged
G_001_002,BUSSTOP_OUT::03059,ONE RAFFLES QUAY,cbd_bus,CBD-bound,Cbd Bus,49.62,49.62,-0.0,unchanged
G_001_002,BUSSTOP_OUT::03071,OPP SO SOFITEL S'PORE,cbd_bus,CBD-bound,Cbd Bus,46.538,46.538,-0.0,unchanged
G_001_002,BUSSTOP_OUT::03111,AFT CAPITAL TWR,cbd_bus,CBD-bound,Cbd Bus,45.42,45.42,-0.0,unchanged
G_001_002,BUSSTOP_OUT::03129,UIC BLDG,cbd_bus,CBD-bound,Cbd Bus,45.42,45.42,-0.0,unchanged
G_001_002,BUSSTOP_OUT::03151,AFT TELOK AYER ST,cbd_bus,CBD-bound,Cbd Bus,45.42,45.42,-0.0,unchanged
G_001_002,BUSSTOP_OUT::03217,AFT STRAITS BLVD,cbd_bus,CBD-bound,Cbd Bus,45.42,44.625,0.795,improved
G_001_002,BUSSTOP_OUT::03218,OPP MAS BLDG,cbd_bus,CBD-bound,Cbd Bus,45.42,44.625,0.795,improved
G_001_002,BUSSTOP_OUT::03222,HUB SYNERGY PT,cbd_bus,CBD-bound,Cbd Bus,45.42,44.625,0.795,improved
G_001_002,BUSSTOP_OUT::03223,TANJONG PAGAR STN EXIT C,cbd_bus,CBD-bound,Cbd Bus,45.42,44.625,0.795,improved
G_001_002,BUSSTOP_OUT::03239,SHENTON WAY TER,cbd_bus,CBD-bound,Cbd Bus,45.42,44.625,0.795,improved
G_001_002,BUSSTOP_OUT::03241,MAPLETREE ANSON,cbd_bus,CBD-bound,Cbd Bus,45.42,44.625,0.795,improved
G_001_002,BUSSTOP_OUT::03381,THE SAIL,cbd_bus,CBD-bound,Cbd Bus,48.774,48.774,-0.0,unchanged
G_001_002,BUSSTOP_OUT::03391,MARINA BAY FINANCIAL CTR,cbd_bus,CBD-bound,Cbd Bus,49.519,49.519,-0.0,unchanged
G_001_002,BUSSTOP_OUT::03501,MARINA BAY SANDS THEATRE,cbd_bus,CBD-bound,Cbd Bus,53.619,49.825,3.794,improved
G_001_002,BUSSTOP_OUT::03509,BAYFRONT STN EXIT B/MBS,cbd_bus,CBD-bound,Cbd Bus,54.293,49.825,4.468,improved
G_001_002,BUSSTOP_OUT::03511,AFT BAYFRONT STN EXIT E,cbd_bus,CBD-bound,Cbd Bus,52.128,49.825,2.303,improved
G_001_002,BUSSTOP_OUT::03519,BAYFRONT STN EXIT A,cbd_bus,CBD-bound,Cbd Bus,54.293,49.825,4.468,improved
G_001_002,BUSSTOP_OUT::03529,DOWNTOWN STN,cbd_bus,CBD-bound,Cbd Bus,50.82,50.316,0.504,improved
G_001_002,BUSSTOP_OUT::03539,Marina Bay Stn,cbd_bus,CBD-bound,Cbd Bus,53.093,48.825,4.268,improved
G_001_002,BUSSTOP_OUT::05269,MAXWELL RD FC,cbd_bus,CBD-bound,Cbd Bus,49.82,49.82,-0.0,unchanged
G_001_002,BUSSTOP_OUT::05319,OCBC CTR,cbd_bus,CBD-bound,Cbd Bus,49.62,49.62,-0.0,unchanged
G_001_002,BUSSTOP_OUT::05411,TG PAGAR PLAZA,cbd_bus,CBD-bound,Cbd Bus,45.42,44.86,0.56,improved
G_001_002,BUSSTOP_OUT::05419,THE AMARA,cbd_bus,CBD-bound,Cbd Bus,46.538,46.538,-0.0,unchanged
G_001_002,BUSSTOP_OUT::05431,TOWER 15,cbd_bus,CBD-bound,Cbd Bus,47.283,47.283,-0.0,unchanged
G_001_002,BUSSTOP_OUT::05629,OPP STH PT,cbd_bus,CBD-bound,Cbd Bus,48.856,43.37,5.486,improved
G_001_002,BUSSTOP_OUT::05651,OPP FUJI XEROX TWRS,cbd_bus,CBD-bound,Cbd Bus,49.428,44.115,5.313,improved
G_001_002,MRTHUB::Bayfront,Bayfront,cbd_mrt,CBD-bound,Cbd Mrt,43.993,39.525,4.468,improved
G_001_002,MRTHUB::Downtown,Downtown,cbd_mrt,CBD-bound,Cbd Mrt,42.793,42.725,0.068,improved
G_001_002,MRTHUB::Marina_Bay,Marina Bay,cbd_mrt,CBD-bound,Cbd Mrt,43.72,38.525,5.195,improved
G_001_002,MRTHUB::Maxwell,Maxwell,cbd_mrt,CBD-bound,Cbd Mrt,39.52,39.52,-0.0,unchanged
G_001_002,MRTHUB::Raffles_Place,Raffles Place,cbd_mrt,CBD-bound,Cbd Mrt,39.32,39.32,-0.0,unchanged
G_001_002,MRTHUB::Shenton_Way,Shenton Way,cbd_mrt,CBD-bound,Cbd Mrt,40.52,40.52,-0.0,unchanged
G_001_002,MRTHUB::Tanjong_Pagar,Tanjong Pagar,cbd_mrt,CBD-bound,Cbd Mrt,35.12,35.12,-0.0,unchanged
G_001_003,BUSSTOP_OUT::95011,AFT AIRCRAFT FLYOVER,airport_bus,Airport-bound,Airport Bus,86.925,86.925,-0.0,unchanged
G_001_003,BUSSTOP_OUT::95019,AFT CHANGI AIRPORT TER 2,airport_bus,Airport-bound,Airport Bus,75.482,75.482,-0.0,unchanged
G_001_003,BUSSTOP_OUT::95029,CHANGI AIRPORT TER 1,airport_bus,Airport-bound,Airport Bus,74.736,74.736,-0.0,unchanged
G_001_003,BUSSTOP_OUT::95109,CHANGI AIRPORT TER 3,airport_bus,Airport-bound,Airport Bus,71.755,71.755,-0.0,unchanged
G_001_003,BUSSTOP_OUT::95129,CHANGI AIRPORT TER 2,airport_bus,Airport-bound,Airport Bus,71.755,71.755,-0.0,unchanged
G_001_003,BUSSTOP_OUT::95151,AIRPORT POLICE STN,airport_bus,Airport-bound,Airport Bus,85.062,85.062,-0.0,unchanged
G_001_003,BUSSTOP_OUT::95159,NEAR SATS FLIGHT KITCHEN,airport_bus,Airport-bound,Airport Bus,78.463,78.463,-0.0,unchanged
G_001_003,BUSSTOP_OUT::95209,CHANGI AIRPORT TER 4,airport_bus,Airport-bound,Airport Bus,81.445,81.445,-0.0,unchanged
G_001_003,MRTHUB::Changi_Airport,Changi Airport,airport_mrt,Airport-bound,Airport Mrt,61.455,61.455,-0.0,unchanged
G_001_003,BUSSTOP_OUT::03011,FULLERTON SQ,cbd_bus,CBD-bound,Cbd Bus,47.854,47.854,-0.0,unchanged
G_001_003,BUSSTOP_OUT::03019,OUE BAYFRONT,cbd_bus,CBD-bound,Cbd Bus,47.955,47.955,-0.0,unchanged
G_001_003,BUSSTOP_OUT::03021,PRUDENTIAL TWR,cbd_bus,CBD-bound,Cbd Bus,45.618,45.618,-0.0,unchanged
G_001_003,BUSSTOP_OUT::03031,RAFFLES PL STN EXIT F,cbd_bus,CBD-bound,Cbd Bus,45.991,45.991,-0.0,unchanged
G_001_003,BUSSTOP_OUT::03041,TELOK AYER STN EXIT A,cbd_bus,CBD-bound,Cbd Bus,45.618,45.618,-0.0,unchanged
G_001_003,BUSSTOP_OUT::03059,ONE RAFFLES QUAY,cbd_bus,CBD-bound,Cbd Bus,47.955,47.955,-0.0,unchanged
G_001_003,BUSSTOP_OUT::03071,OPP SO SOFITEL S'PORE,cbd_bus,CBD-bound,Cbd Bus,44.873,44.873,-0.0,unchanged
G_001_003,BUSSTOP_OUT::03111,AFT CAPITAL TWR,cbd_bus,CBD-bound,Cbd Bus,43.755,43.755,-0.0,unchanged
G_001_003,BUSSTOP_OUT::03129,UIC BLDG,cbd_bus,CBD-bound,Cbd Bus,43.755,43.755,-0.0,unchanged
G_001_003,BUSSTOP_OUT::03151,AFT TELOK AYER ST,cbd_bus,CBD-bound,Cbd Bus,43.755,43.755,-0.0,unchanged
G_001_003,BUSSTOP_OUT::03217,AFT STRAITS BLVD,cbd_bus,CBD-bound,Cbd Bus,43.755,42.355,1.4,improved
G_001_003,BUSSTOP_OUT::03218,OPP MAS BLDG,cbd_bus,CBD-bound,Cbd Bus,43.755,42.355,1.4,improved
G_001_003,BUSSTOP_OUT::03222,HUB SYNERGY PT,cbd_bus,CBD-bound,Cbd Bus,43.629,42.355,1.274,improved
G_001_003,BUSSTOP_OUT::03223,TANJONG PAGAR STN EXIT C,cbd_bus,CBD-bound,Cbd Bus,43.755,42.355,1.4,improved
G_001_003,BUSSTOP_OUT::03239,SHENTON WAY TER,cbd_bus,CBD-bound,Cbd Bus,43.755,42.355,1.4,improved
G_001_003,BUSSTOP_OUT::03241,MAPLETREE ANSON,cbd_bus,CBD-bound,Cbd Bus,43.755,42.355,1.4,improved
G_001_003,BUSSTOP_OUT::03381,THE SAIL,cbd_bus,CBD-bound,Cbd Bus,47.109,47.109,-0.0,unchanged
G_001_003,BUSSTOP_OUT::03391,MARINA BAY FINANCIAL CTR,cbd_bus,CBD-bound,Cbd Bus,47.854,47.854,-0.0,unchanged
G_001_003,BUSSTOP_OUT::03501,MARINA BAY SANDS THEATRE,cbd_bus,CBD-bound,Cbd Bus,50.955,47.555,3.4,improved
G_001_003,BUSSTOP_OUT::03509,BAYFRONT STN EXIT B/MBS,cbd_bus,CBD-bound,Cbd Bus,50.955,47.555,3.4,improved
G_001_003,BUSSTOP_OUT::03511,AFT BAYFRONT STN EXIT E,cbd_bus,CBD-bound,Cbd Bus,50.463,47.555,2.908,improved
G_001_003,BUSSTOP_OUT::03519,BAYFRONT STN EXIT A,cbd_bus,CBD-bound,Cbd Bus,50.955,47.555,3.4,improved
G_001_003,BUSSTOP_OUT::03529,DOWNTOWN STN,cbd_bus,CBD-bound,Cbd Bus,49.155,48.046,1.109,improved
G_001_003,BUSSTOP_OUT::03539,Marina Bay Stn,cbd_bus,CBD-bound,Cbd Bus,49.755,46.555,3.2,improved
G_001_003,BUSSTOP_OUT::05269,MAXWELL RD FC,cbd_bus,CBD-bound,Cbd Bus,48.155,48.155,-0.0,unchanged
G_001_003,BUSSTOP_OUT::05319,OCBC CTR,cbd_bus,CBD-bound,Cbd Bus,47.955,47.955,-0.0,unchanged
G_001_003,BUSSTOP_OUT::05411,TG PAGAR PLAZA,cbd_bus,CBD-bound,Cbd Bus,43.755,42.59,1.165,improved
G_001_003,BUSSTOP_OUT::05419,THE AMARA,cbd_bus,CBD-bound,Cbd Bus,44.873,44.873,-0.0,unchanged
G_001_003,BUSSTOP_OUT::05431,TOWER 15,cbd_bus,CBD-bound,Cbd Bus,45.618,45.618,-0.0,unchanged
G_001_003,BUSSTOP_OUT::05629,OPP STH PT,cbd_bus,CBD-bound,Cbd Bus,47.191,41.1,6.091,improved
G_001_003,BUSSTOP_OUT::05651,OPP FUJI XEROX TWRS,cbd_bus,CBD-bound,Cbd Bus,48.617,41.845,6.772,improved
G_001_003,MRTHUB::Bayfront,Bayfront,cbd_mrt,CBD-bound,Cbd Mrt,40.655,37.255,3.4,improved
G_001_003,MRTHUB::Downtown,Downtown,cbd_mrt,CBD-bound,Cbd Mrt,39.455,39.455,-0.0,unchanged
G_001_003,MRTHUB::Marina_Bay,Marina Bay,cbd_mrt,CBD-bound,Cbd Mrt,42.055,36.255,5.8,improved
G_001_003,MRTHUB::Maxwell,Maxwell,cbd_mrt,CBD-bound,Cbd Mrt,37.855,37.855,-0.0,unchanged
G_001_003,MRTHUB::Raffles_Place,Raffles Place,cbd_mrt,CBD-bound,Cbd Mrt,37.655,37.655,-0.0,unchanged
G_001_003,MRTHUB::Shenton_Way,Shenton Way,cbd_mrt,CBD-bound,Cbd Mrt,38.855,38.855,-0.0,unchanged
G_001_003,MRTHUB::Tanjong_Pagar,Tanjong Pagar,cbd_mrt,CBD-bound,Cbd Mrt,33.455,33.455,-0.0,unchanged
G_001_004,BUSSTOP_OUT::95011,AFT AIRCRAFT FLYOVER,airport_bus,Airport-bound,Airport Bus,90.322,90.322,-0.0,unchanged
G_001_004,BUSSTOP_OUT::95019,AFT CHANGI AIRPORT TER 2,airport_bus,Airport-bound,Airport Bus,78.879,78.879,-0.0,unchanged
G_001_004,BUSSTOP_OUT::95029,CHANGI AIRPORT TER 1,airport_bus,Airport-bound,Airport Bus,78.133,78.133,-0.0,unchanged
G_001_004,BUSSTOP_OUT::95109,CHANGI AIRPORT TER 3,airport_bus,Airport-bound,Airport Bus,75.152,75.152,-0.0,unchanged
G_001_004,BUSSTOP_OUT::95129,CHANGI AIRPORT TER 2,airport_bus,Airport-bound,Airport Bus,75.152,75.152,-0.0,unchanged
G_001_004,BUSSTOP_OUT::95151,AIRPORT POLICE STN,airport_bus,Airport-bound,Airport Bus,88.459,88.459,-0.0,unchanged
G_001_004,BUSSTOP_OUT::95159,NEAR SATS FLIGHT KITCHEN,airport_bus,Airport-bound,Airport Bus,81.86,81.86,-0.0,unchanged
G_001_004,BUSSTOP_OUT::95209,CHANGI AIRPORT TER 4,airport_bus,Airport-bound,Airport Bus,84.842,84.842,-0.0,unchanged
G_001_004,MRTHUB::Changi_Airport,Changi Airport,airport_mrt,Airport-bound,Airport Mrt,64.852,64.852,-0.0,unchanged
G_001_004,BUSSTOP_OUT::03011,FULLERTON SQ,cbd_bus,CBD-bound,Cbd Bus,48.328,48.328,-0.0,unchanged
G_001_004,BUSSTOP_OUT::03019,OUE BAYFRONT,cbd_bus,CBD-bound,Cbd Bus,51.352,51.352,-0.0,unchanged
G_001_004,BUSSTOP_OUT::03021,PRUDENTIAL TWR,cbd_bus,CBD-bound,Cbd Bus,49.015,46.152,2.863,improved
G_001_004,BUSSTOP_OUT::03031,RAFFLES PL STN EXIT F,cbd_bus,CBD-bound,Cbd Bus,46.092,46.092,-0.0,unchanged
G_001_004,BUSSTOP_OUT::03041,TELOK AYER STN EXIT A,cbd_bus,CBD-bound,Cbd Bus,49.015,46.152,2.863,improved
G_001_004,BUSSTOP_OUT::03059,ONE RAFFLES QUAY,cbd_bus,CBD-bound,Cbd Bus,50.925,50.925,-0.0,unchanged
G_001_004,BUSSTOP_OUT::03071,OPP SO SOFITEL S'PORE,cbd_bus,CBD-bound,Cbd Bus,44.974,44.974,-0.0,unchanged
G_001_004,BUSSTOP_OUT::03111,AFT CAPITAL TWR,cbd_bus,CBD-bound,Cbd Bus,43.856,43.856,-0.0,unchanged
G_001_004,BUSSTOP_OUT::03129,UIC BLDG,cbd_bus,CBD-bound,Cbd Bus,47.152,47.152,-0.0,unchanged
G_001_004,BUSSTOP_OUT::03151,AFT TELOK AYER ST,cbd_bus,CBD-bound,Cbd Bus,47.152,44.289,2.863,improved
G_001_004,BUSSTOP_OUT::03217,AFT STRAITS BLVD,cbd_bus,CBD-bound,Cbd Bus,47.152,42.798,4.354,improved
G_001_004,BUSSTOP_OUT::03218,OPP MAS BLDG,cbd_bus,CBD-bound,Cbd Bus,47.152,42.798,4.354,improved
G_001_004,BUSSTOP_OUT::03222,HUB SYNERGY PT,cbd_bus,CBD-bound,Cbd Bus,41.247,41.247,-0.0,unchanged
G_001_004,BUSSTOP_OUT::03223,TANJONG PAGAR STN EXIT C,cbd_bus,CBD-bound,Cbd Bus,47.152,42.798,4.354,improved
G_001_004,BUSSTOP_OUT::03239,SHENTON WAY TER,cbd_bus,CBD-bound,Cbd Bus,47.152,42.798,4.354,improved
G_001_004,BUSSTOP_OUT::03241,MAPLETREE ANSON,cbd_bus,CBD-bound,Cbd Bus,47.152,42.798,4.354,improved
G_001_004,BUSSTOP_OUT::03381,THE SAIL,cbd_bus,CBD-bound,Cbd Bus,50.506,47.643,2.863,improved
G_001_004,BUSSTOP_OUT::03391,MARINA BAY FINANCIAL CTR,cbd_bus,CBD-bound,Cbd Bus,51.251,48.388,2.863,improved
G_001_004,BUSSTOP_OUT::03501,MARINA BAY SANDS THEATRE,cbd_bus,CBD-bound,Cbd Bus,54.516,47.998,6.518,improved
G_001_004,BUSSTOP_OUT::03509,BAYFRONT STN EXIT B/MBS,cbd_bus,CBD-bound,Cbd Bus,54.516,47.998,6.518,improved
G_001_004,BUSSTOP_OUT::03511,AFT BAYFRONT STN EXIT E,cbd_bus,CBD-bound,Cbd Bus,53.86,47.998,5.862,improved
G_001_004,BUSSTOP_OUT::03519,BAYFRONT STN EXIT A,cbd_bus,CBD-bound,Cbd Bus,54.516,47.998,6.518,improved
G_001_004,BUSSTOP_OUT::03529,DOWNTOWN STN,cbd_bus,CBD-bound,Cbd Bus,51.598,48.489,3.109,improved
G_001_004,BUSSTOP_OUT::03539,Marina Bay Stn,cbd_bus,CBD-bound,Cbd Bus,52.598,46.998,5.6,improved
G_001_004,BUSSTOP_OUT::05269,MAXWELL RD FC,cbd_bus,CBD-bound,Cbd Bus,50.261,50.261,-0.0,unchanged
G_001_004,BUSSTOP_OUT::05319,OCBC CTR,cbd_bus,CBD-bound,Cbd Bus,48.689,48.689,-0.0,unchanged
G_001_004,BUSSTOP_OUT::05411,TG PAGAR PLAZA,cbd_bus,CBD-bound,Cbd Bus,47.152,43.033,4.119,improved
G_001_004,BUSSTOP_OUT::05419,THE AMARA,cbd_bus,CBD-bound,Cbd Bus,48.27,48.27,-0.0,unchanged
G_001_004,BUSSTOP_OUT::05431,TOWER 15,cbd_bus,CBD-bound,Cbd Bus,49.015,49.015,-0.0,unchanged
G_001_004,BUSSTOP_OUT::05629,OPP STH PT,cbd_bus,CBD-bound,Cbd Bus,47.228,41.543,5.685,improved
G_001_004,BUSSTOP_OUT::05651,OPP FUJI XEROX TWRS,cbd_bus,CBD-bound,Cbd Bus,47.601,42.288,5.313,improved
G_001_004,MRTHUB::Bayfront,Bayfront,cbd_mrt,CBD-bound,Cbd Mrt,44.216,37.698,6.518,improved
G_001_004,MRTHUB::Downtown,Downtown,cbd_mrt,CBD-bound,Cbd Mrt,42.298,40.898,1.4,improved
G_001_004,MRTHUB::Marina_Bay,Marina Bay,cbd_mrt,CBD-bound,Cbd Mrt,44.498,36.698,7.8,improved
G_001_004,MRTHUB::Maxwell,Maxwell,cbd_mrt,CBD-bound,Cbd Mrt,40.298,40.298,-0.0,unchanged
G_001_004,MRTHUB::Raffles_Place,Raffles Place,cbd_mrt,CBD-bound,Cbd Mrt,41.052,41.052,-0.0,unchanged
G_001_004,MRTHUB::Shenton_Way,Shenton Way,cbd_mrt,CBD-bound,Cbd Mrt,41.298,39.898,1.4,improved
G_001_004,MRTHUB::Tanjong_Pagar,Tanjong Pagar,cbd_mrt,CBD-bound,Cbd Mrt,36.852,36.852,-0.0,unchanged
G_001_005,BUSSTOP_OUT::95011,AFT AIRCRAFT FLYOVER,airport_bus,Airport-bound,Airport Bus,88.295,88.295,-0.0,unchanged
G_001_005,BUSSTOP_OUT::95019,AFT CHANGI AIRPORT TER 2,airport_bus,Airport-bound,Airport Bus,76.852,76.852,-0.0,unchanged
G_001_005,BUSSTOP_OUT::95029,CHANGI AIRPORT TER 1,airport_bus,Airport-bound,Airport Bus,76.106,76.106,-0.0,unchanged
G_001_005,BUSSTOP_OUT::95109,CHANGI AIRPORT TER 3,airport_bus,Airport-bound,Airport Bus,73.125,73.125,-0.0,unchanged
G_001_005,BUSSTOP_OUT::95129,CHANGI AIRPORT TER 2,airport_bus,Airport-bound,Airport Bus,73.125,73.125,-0.0,unchanged
G_001_005,BUSSTOP_OUT::95151,AIRPORT POLICE STN,airport_bus,Airport-bound,Airport Bus,86.432,86.432,-0.0,unchanged
G_001_005,BUSSTOP_OUT::95159,NEAR SATS FLIGHT KITCHEN,airport_bus,Airport-bound,Airport Bus,79.833,79.833,-0.0,unchanged
G_001_005,BUSSTOP_OUT::95209,CHANGI AIRPORT TER 4,airport_bus,Airport-bound,Airport Bus,82.815,82.815,-0.0,unchanged
G_001_005,MRTHUB::Changi_Airport,Changi Airport,airport_mrt,Airport-bound,Airport Mrt,62.825,62.825,-0.0,unchanged
G_001_005,BUSSTOP_OUT::03011,FULLERTON SQ,cbd_bus,CBD-bound,Cbd Bus,45.255,45.255,-0.0,unchanged
G_001_005,BUSSTOP_OUT::03019,OUE BAYFRONT,cbd_bus,CBD-bound,Cbd Bus,49.325,48.706,0.619,improved
G_001_005,BUSSTOP_OUT::03021,PRUDENTIAL TWR,cbd_bus,CBD-bound,Cbd Bus,46.988,43.079,3.909,improved
G_001_005,BUSSTOP_OUT::03031,RAFFLES PL STN EXIT F,cbd_bus,CBD-bound,Cbd Bus,43.019,43.019,-0.0,unchanged
G_001_005,BUSSTOP_OUT::03041,TELOK AYER STN EXIT A,cbd_bus,CBD-bound,Cbd Bus,46.988,43.079,3.909,improved
G_001_005,BUSSTOP_OUT::03059,ONE RAFFLES QUAY,cbd_bus,CBD-bound,Cbd Bus,47.852,47.852,-0.0,unchanged
G_001_005,BUSSTOP_OUT::03071,OPP SO SOFITEL S'PORE,cbd_bus,CBD-bound,Cbd Bus,41.901,41.901,-0.0,unchanged
G_001_005,BUSSTOP_OUT::03111,AFT CAPITAL TWR,cbd_bus,CBD-bound,Cbd Bus,40.783,40.783,-0.0,unchanged
G_001_005,BUSSTOP_OUT::03129,UIC BLDG,cbd_bus,CBD-bound,Cbd Bus,45.125,45.125,-0.0,unchanged
G_001_005,BUSSTOP_OUT::03151,AFT TELOK AYER ST,cbd_bus,CBD-bound,Cbd Bus,45.125,41.216,3.909,improved
G_001_005,BUSSTOP_OUT::03217,AFT STRAITS BLVD,cbd_bus,CBD-bound,Cbd Bus,45.125,39.725,5.4,improved
G_001_005,BUSSTOP_OUT::03218,OPP MAS BLDG,cbd_bus,CBD-bound,Cbd Bus,45.125,39.725,5.4,improved
G_001_005,BUSSTOP_OUT::03222,HUB SYNERGY PT,cbd_bus,CBD-bound,Cbd Bus,38.174,38.174,-0.0,unchanged
G_001_005,BUSSTOP_OUT::03223,TANJONG PAGAR STN EXIT C,cbd_bus,CBD-bound,Cbd Bus,45.125,39.725,5.4,improved
G_001_005,BUSSTOP_OUT::03239,SHENTON WAY TER,cbd_bus,CBD-bound,Cbd Bus,45.125,39.725,5.4,improved
G_001_005,BUSSTOP_OUT::03241,MAPLETREE ANSON,cbd_bus,CBD-bound,Cbd Bus,45.125,39.725,5.4,improved
G_001_005,BUSSTOP_OUT::03381,THE SAIL,cbd_bus,CBD-bound,Cbd Bus,48.479,44.57,3.909,improved
G_001_005,BUSSTOP_OUT::03391,MARINA BAY FINANCIAL CTR,cbd_bus,CBD-bound,Cbd Bus,49.224,45.315,3.909,improved
G_001_005,BUSSTOP_OUT::03501,MARINA BAY SANDS THEATRE,cbd_bus,CBD-bound,Cbd Bus,52.325,44.925,7.4,improved
G_001_005,BUSSTOP_OUT::03509,BAYFRONT STN EXIT B/MBS,cbd_bus,CBD-bound,Cbd Bus,52.325,44.925,7.4,improved
G_001_005,BUSSTOP_OUT::03511,AFT BAYFRONT STN EXIT E,cbd_bus,CBD-bound,Cbd Bus,51.833,44.925,6.908,improved
G_001_005,BUSSTOP_OUT::03519,BAYFRONT STN EXIT A,cbd_bus,CBD-bound,Cbd Bus,52.325,44.925,7.4,improved
G_001_005,BUSSTOP_OUT::03529,DOWNTOWN STN,cbd_bus,CBD-bound,Cbd Bus,48.525,45.416,3.109,improved
G_001_005,BUSSTOP_OUT::03539,Marina Bay Stn,cbd_bus,CBD-bound,Cbd Bus,49.525,43.925,5.6,improved
G_001_005,BUSSTOP_OUT::05269,MAXWELL RD FC,cbd_bus,CBD-bound,Cbd Bus,47.188,47.188,-0.0,unchanged
G_001_005,BUSSTOP_OUT::05319,OCBC CTR,cbd_bus,CBD-bound,Cbd Bus,45.616,45.616,-0.0,unchanged
G_001_005,BUSSTOP_OUT::05411,TG PAGAR PLAZA,cbd_bus,CBD-bound,Cbd Bus,45.125,39.96,5.165,improved
G_001_005,BUSSTOP_OUT::05419,THE AMARA,cbd_bus,CBD-bound,Cbd Bus,46.243,46.243,-0.0,unchanged
G_001_005,BUSSTOP_OUT::05431,TOWER 15,cbd_bus,CBD-bound,Cbd Bus,46.988,46.988,-0.0,unchanged
G_001_005,BUSSTOP_OUT::05629,OPP STH PT,cbd_bus,CBD-bound,Cbd Bus,44.155,38.47,5.685,improved
G_001_005,BUSSTOP_OUT::05651,OPP FUJI XEROX TWRS,cbd_bus,CBD-bound,Cbd Bus,44.528,39.215,5.313,improved
G_001_005,MRTHUB::Bayfront,Bayfront,cbd_mrt,CBD-bound,Cbd Mrt,42.025,34.625,7.4,improved
G_001_005,MRTHUB::Downtown,Downtown,cbd_mrt,CBD-bound,Cbd Mrt,39.225,37.825,1.4,improved
G_001_005,MRTHUB::Marina_Bay,Marina Bay,cbd_mrt,CBD-bound,Cbd Mrt,41.425,33.625,7.8,improved
G_001_005,MRTHUB::Maxwell,Maxwell,cbd_mrt,CBD-bound,Cbd Mrt,37.225,37.225,-0.0,unchanged
G_001_005,MRTHUB::Raffles_Place,Raffles Place,cbd_mrt,CBD-bound,Cbd Mrt,39.025,39.025,-0.0,unchanged
G_001_005,MRTHUB::Shenton_Way,Shenton Way,cbd_mrt,CBD-bound,Cbd Mrt,38.225,36.825,1.4,improved
G_001_005,MRTHUB::Tanjong_Pagar,Tanjong Pagar,cbd_mrt,CBD-bound,Cbd Mrt,34.825,34.825,-0.0,unchanged
G_001_006,BUSSTOP_OUT::95011,AFT AIRCRAFT FLYOVER,airport_bus,Airport-bound,Airport Bus,89.136,89.136,-0.0,unchanged
G_001_006,BUSSTOP_OUT::95019,AFT CHANGI AIRPORT TER 2,airport_bus,Airport-bound,Airport Bus,77.693,77.693,-0.0,unchanged
G_001_006,BUSSTOP_OUT::95029,CHANGI AIRPORT TER 1,airport_bus,Airport-bound,Airport Bus,76.947,76.947,-0.0,unchanged
G_001_006,BUSSTOP_OUT::95109,CHANGI AIRPORT TER 3,airport_bus,Airport-bound,Airport Bus,73.966,73.966,-0.0,unchanged
G_001_006,BUSSTOP_OUT::95129,CHANGI AIRPORT TER 2,airport_bus,Airport-bound,Airport Bus,73.966,73.966,-0.0,unchanged
G_001_006,BUSSTOP_OUT::95151,AIRPORT POLICE STN,airport_bus,Airport-bound,Airport Bus,87.273,87.273,-0.0,unchanged
G_001_006,BUSSTOP_OUT::95159,NEAR SATS FLIGHT KITCHEN,airport_bus,Airport-bound,Airport Bus,80.674,80.674,-0.0,unchanged
G_001_006,BUSSTOP_OUT::95209,CHANGI AIRPORT TER 4,airport_bus,Airport-bound,Airport Bus,83.656,83.656,-0.0,unchanged
G_001_006,MRTHUB::Changi_Airport,Changi Airport,airport_mrt,Airport-bound,Airport Mrt,63.666,63.666,-0.0,unchanged
G_001_006,BUSSTOP_OUT::03011,FULLERTON SQ,cbd_bus,CBD-bound,Cbd Bus,46.096,46.096,-0.0,unchanged
G_001_006,BUSSTOP_OUT::03019,OUE BAYFRONT,cbd_bus,CBD-bound,Cbd Bus,50.166,49.547,0.619,improved
G_001_006,BUSSTOP_OUT::03021,PRUDENTIAL TWR,cbd_bus,CBD-bound,Cbd Bus,47.829,43.92,3.909,improved
G_001_006,BUSSTOP_OUT::03031,RAFFLES PL STN EXIT F,cbd_bus,CBD-bound,Cbd Bus,43.86,43.86,-0.0,unchanged
G_001_006,BUSSTOP_OUT::03041,TELOK AYER STN EXIT A,cbd_bus,CBD-bound,Cbd Bus,47.829,43.92,3.909,improved
G_001_006,BUSSTOP_OUT::03059,ONE RAFFLES QUAY,cbd_bus,CBD-bound,Cbd Bus,48.693,48.693,-0.0,unchanged
G_001_006,BUSSTOP_OUT::03071,OPP SO SOFITEL S'PORE,cbd_bus,CBD-bound,Cbd Bus,42.742,42.742,-0.0,unchanged
G_001_006,BUSSTOP_OUT::03111,AFT CAPITAL TWR,cbd_bus,CBD-bound,Cbd Bus,41.624,41.624,-0.0,unchanged
G_001_006,BUSSTOP_OUT::03129,UIC BLDG,cbd_bus,CBD-bound,Cbd Bus,45.966,45.966,-0.0,unchanged
G_001_006,BUSSTOP_OUT::03151,AFT TELOK AYER ST,cbd_bus,CBD-bound,Cbd Bus,45.966,42.057,3.909,improved
G_001_006,BUSSTOP_OUT::03217,AFT STRAITS BLVD,cbd_bus,CBD-bound,Cbd Bus,45.966,40.566,5.4,improved
G_001_006,BUSSTOP_OUT::03218,OPP MAS BLDG,cbd_bus,CBD-bound,Cbd Bus,45.966,40.566,5.4,improved
G_001_006,BUSSTOP_OUT::03222,HUB SYNERGY PT,cbd_bus,CBD-bound,Cbd Bus,39.015,39.015,-0.0,unchanged
G_001_006,BUSSTOP_OUT::03223,TANJONG PAGAR STN EXIT C,cbd_bus,CBD-bound,Cbd Bus,45.966,40.566,5.4,improved
G_001_006,BUSSTOP_OUT::03239,SHENTON WAY TER,cbd_bus,CBD-bound,Cbd Bus,45.966,40.566,5.4,improved
G_001_006,BUSSTOP_OUT::03241,MAPLETREE ANSON,cbd_bus,CBD-bound,Cbd Bus,45.966,40.566,5.4,improved
G_001_006,BUSSTOP_OUT::03381,THE SAIL,cbd_bus,CBD-bound,Cbd Bus,49.32,45.411,3.909,improved
G_001_006,BUSSTOP_OUT::03391,MARINA BAY FINANCIAL CTR,cbd_bus,CBD-bound,Cbd Bus,50.065,46.156,3.909,improved
G_001_006,BUSSTOP_OUT::03501,MARINA BAY SANDS THEATRE,cbd_bus,CBD-bound,Cbd Bus,53.166,45.766,7.4,improved
G_001_006,BUSSTOP_OUT::03509,BAYFRONT STN EXIT B/MBS,cbd_bus,CBD-bound,Cbd Bus,53.166,45.766,7.4,improved
G_001_006,BUSSTOP_OUT::03511,AFT BAYFRONT STN EXIT E,cbd_bus,CBD-bound,Cbd Bus,52.674,45.766,6.908,improved
G_001_006,BUSSTOP_OUT::03519,BAYFRONT STN EXIT A,cbd_bus,CBD-bound,Cbd Bus,53.166,45.766,7.4,improved
G_001_006,BUSSTOP_OUT::03529,DOWNTOWN STN,cbd_bus,CBD-bound,Cbd Bus,49.366,46.257,3.109,improved
G_001_006,BUSSTOP_OUT::03539,Marina Bay Stn,cbd_bus,CBD-bound,Cbd Bus,50.366,44.766,5.6,improved
G_001_006,BUSSTOP_OUT::05269,MAXWELL RD FC,cbd_bus,CBD-bound,Cbd Bus,48.029,48.029,-0.0,unchanged
G_001_006,BUSSTOP_OUT::05319,OCBC CTR,cbd_bus,CBD-bound,Cbd Bus,46.457,46.457,-0.0,unchanged
G_001_006,BUSSTOP_OUT::05411,TG PAGAR PLAZA,cbd_bus,CBD-bound,Cbd Bus,45.966,40.801,5.165,improved
G_001_006,BUSSTOP_OUT::05419,THE AMARA,cbd_bus,CBD-bound,Cbd Bus,47.084,47.084,-0.0,unchanged
G_001_006,BUSSTOP_OUT::05431,TOWER 15,cbd_bus,CBD-bound,Cbd Bus,47.829,47.829,-0.0,unchanged
G_001_006,BUSSTOP_OUT::05629,OPP STH PT,cbd_bus,CBD-bound,Cbd Bus,44.996,39.311,5.685,improved
G_001_006,BUSSTOP_OUT::05651,OPP FUJI XEROX TWRS,cbd_bus,CBD-bound,Cbd Bus,45.369,40.056,5.313,improved
G_001_006,MRTHUB::Bayfront,Bayfront,cbd_mrt,CBD-bound,Cbd Mrt,42.866,35.466,7.4,improved
G_001_006,MRTHUB::Downtown,Downtown,cbd_mrt,CBD-bound,Cbd Mrt,40.066,38.666,1.4,improved
G_001_006,MRTHUB::Marina_Bay,Marina Bay,cbd_mrt,CBD-bound,Cbd Mrt,42.266,34.466,7.8,improved
G_001_006,MRTHUB::Maxwell,Maxwell,cbd_mrt,CBD-bound,Cbd Mrt,38.066,38.066,-0.0,unchanged
G_001_006,MRTHUB::Raffles_Place,Raffles Place,cbd_mrt,CBD-bound,Cbd Mrt,39.866,39.866,-0.0,unchanged
G_001_006,MRTHUB::Shenton_Way,Shenton Way,cbd_mrt,CBD-bound,Cbd Mrt,39.066,37.666,1.4,improved
G_001_006,MRTHUB::Tanjong_Pagar,Tanjong Pagar,cbd_mrt,CBD-bound,Cbd Mrt,35.666,35.666,-0.0,unchanged
G_002_000,BUSSTOP_OUT::95011,AFT AIRCRAFT FLYOVER,airport_bus,Airport-bound,Airport Bus,86.207,86.207,-0.0,unchanged
G_002_000,BUSSTOP_OUT::95019,AFT CHANGI AIRPORT TER 2,airport_bus,Airport-bound,Airport Bus,74.764,74.764,-0.0,unchanged
G_002_000,BUSSTOP_OUT::95029,CHANGI AIRPORT TER 1,airport_bus,Airport-bound,Airport Bus,74.018,74.018,-0.0,unchanged
G_002_000,BUSSTOP_OUT::95109,CHANGI AIRPORT TER 3,airport_bus,Airport-bound,Airport Bus,71.037,71.037,-0.0,unchanged
G_002_000,BUSSTOP_OUT::95129,CHANGI AIRPORT TER 2,airport_bus,Airport-bound,Airport Bus,71.037,71.037,-0.0,unchanged
G_002_000,BUSSTOP_OUT::95151,AIRPORT POLICE STN,airport_bus,Airport-bound,Airport Bus,84.344,84.344,-0.0,unchanged
G_002_000,BUSSTOP_OUT::95159,NEAR SATS FLIGHT KITCHEN,airport_bus,Airport-bound,Airport Bus,77.745,77.745,-0.0,unchanged
G_002_000,BUSSTOP_OUT::95209,CHANGI AIRPORT TER 4,airport_bus,Airport-bound,Airport Bus,80.727,80.727,-0.0,unchanged
G_002_000,MRTHUB::Changi_Airport,Changi Airport,airport_mrt,Airport-bound,Airport Mrt,60.737,60.737,-0.0,unchanged
G_002_000,BUSSTOP_OUT::03011,FULLERTON SQ,cbd_bus,CBD-bound,Cbd Bus,47.136,47.136,-0.0,unchanged
G_002_000,BUSSTOP_OUT::03019,OUE BAYFRONT,cbd_bus,CBD-bound,Cbd Bus,47.237,47.237,-0.0,unchanged
G_002_000,BUSSTOP_OUT::03021,PRUDENTIAL TWR,cbd_bus,CBD-bound,Cbd Bus,44.9,44.9,-0.0,unchanged
G_002_000,BUSSTOP_OUT::03031,RAFFLES PL STN EXIT F,cbd_bus,CBD-bound,Cbd Bus,45.273,45.273,-0.0,unchanged
G_002_000,BUSSTOP_OUT::03041,TELOK AYER STN EXIT A,cbd_bus,CBD-bound,Cbd Bus,44.9,44.9,-0.0,unchanged
G_002_000,BUSSTOP_OUT::03059,ONE RAFFLES QUAY,cbd_bus,CBD-bound,Cbd Bus,47.237,47.237,-0.0,unchanged
G_002_000,BUSSTOP_OUT::03071,OPP SO SOFITEL S'PORE,cbd_bus,CBD-bound,Cbd Bus,44.155,44.155,-0.0,unchanged
G_002_000,BUSSTOP_OUT::03111,AFT CAPITAL TWR,cbd_bus,CBD-bound,Cbd Bus,43.037,43.037,-0.0,unchanged
G_002_000,BUSSTOP_OUT::03129,UIC BLDG,cbd_bus,CBD-bound,Cbd Bus,43.037,43.037,-0.0,unchanged
G_002_000,BUSSTOP_OUT::03151,AFT TELOK AYER ST,cbd_bus,CBD-bound,Cbd Bus,43.037,43.037,-0.0,unchanged
G_002_000,BUSSTOP_OUT::03217,AFT STRAITS BLVD,cbd_bus,CBD-bound,Cbd Bus,43.037,43.037,-0.0,unchanged
G_002_000,BUSSTOP_OUT::03218,OPP MAS BLDG,cbd_bus,CBD-bound,Cbd Bus,43.037,43.037,-0.0,unchanged
G_002_000,BUSSTOP_OUT::03222,HUB SYNERGY PT,cbd_bus,CBD-bound,Cbd Bus,43.037,43.037,-0.0,unchanged
G_002_000,BUSSTOP_OUT::03223,TANJONG PAGAR STN EXIT C,cbd_bus,CBD-bound,Cbd Bus,43.037,43.037,-0.0,unchanged
G_002_000,BUSSTOP_OUT::03239,SHENTON WAY TER,cbd_bus,CBD-bound,Cbd Bus,43.037,43.037,-0.0,unchanged
G_002_000,BUSSTOP_OUT::03241,MAPLETREE ANSON,cbd_bus,CBD-bound,Cbd Bus,43.037,43.037,-0.0,unchanged
G_002_000,BUSSTOP_OUT::03381,THE SAIL,cbd_bus,CBD-bound,Cbd Bus,46.391,46.391,-0.0,unchanged
G_002_000,BUSSTOP_OUT::03391,MARINA BAY FINANCIAL CTR,cbd_bus,CBD-bound,Cbd Bus,47.136,47.136,-0.0,unchanged
G_002_000,BUSSTOP_OUT::03501,MARINA BAY SANDS THEATRE,cbd_bus,CBD-bound,Cbd Bus,51.236,51.236,-0.0,unchanged
G_002_000,BUSSTOP_OUT::03509,BAYFRONT STN EXIT B/MBS,cbd_bus,CBD-bound,Cbd Bus,56.637,56.637,-0.0,unchanged
G_002_000,BUSSTOP_OUT::03511,AFT BAYFRONT STN EXIT E,cbd_bus,CBD-bound,Cbd Bus,49.745,49.745,-0.0,unchanged
G_002_000,BUSSTOP_OUT::03519,BAYFRONT STN EXIT A,cbd_bus,CBD-bound,Cbd Bus,56.637,56.637,-0.0,unchanged
G_002_000,BUSSTOP_OUT::03529,DOWNTOWN STN,cbd_bus,CBD-bound,Cbd Bus,48.437,48.437,-0.0,unchanged
G_002_000,BUSSTOP_OUT::03539,Marina Bay Stn,cbd_bus,CBD-bound,Cbd Bus,51.637,51.637,-0.0,unchanged
G_002_000,BUSSTOP_OUT::05269,MAXWELL RD FC,cbd_bus,CBD-bound,Cbd Bus,47.437,47.437,-0.0,unchanged
G_002_000,BUSSTOP_OUT::05319,OCBC CTR,cbd_bus,CBD-bound,Cbd Bus,47.237,47.237,-0.0,unchanged
G_002_000,BUSSTOP_OUT::05411,TG PAGAR PLAZA,cbd_bus,CBD-bound,Cbd Bus,43.037,43.037,-0.0,unchanged
G_002_000,BUSSTOP_OUT::05419,THE AMARA,cbd_bus,CBD-bound,Cbd Bus,44.155,44.155,-0.0,unchanged
G_002_000,BUSSTOP_OUT::05431,TOWER 15,cbd_bus,CBD-bound,Cbd Bus,44.9,44.9,-0.0,unchanged
G_002_000,BUSSTOP_OUT::05629,OPP STH PT,cbd_bus,CBD-bound,Cbd Bus,46.473,46.473,-0.0,unchanged
G_002_000,BUSSTOP_OUT::05651,OPP FUJI XEROX TWRS,cbd_bus,CBD-bound,Cbd Bus,54.318,53.927,0.391,improved
G_002_000,MRTHUB::Bayfront,Bayfront,cbd_mrt,CBD-bound,Cbd Mrt,46.337,46.337,-0.0,unchanged
G_002_000,MRTHUB::Downtown,Downtown,cbd_mrt,CBD-bound,Cbd Mrt,43.537,43.537,-0.0,unchanged
G_002_000,MRTHUB::Marina_Bay,Marina Bay,cbd_mrt,CBD-bound,Cbd Mrt,41.337,41.337,-0.0,unchanged
G_002_000,MRTHUB::Maxwell,Maxwell,cbd_mrt,CBD-bound,Cbd Mrt,37.137,37.137,-0.0,unchanged
G_002_000,MRTHUB::Raffles_Place,Raffles Place,cbd_mrt,CBD-bound,Cbd Mrt,36.937,36.937,-0.0,unchanged
G_002_000,MRTHUB::Shenton_Way,Shenton Way,cbd_mrt,CBD-bound,Cbd Mrt,38.137,38.137,-0.0,unchanged
G_002_000,MRTHUB::Tanjong_Pagar,Tanjong Pagar,cbd_mrt,CBD-bound,Cbd Mrt,32.737,32.737,-0.0,unchanged
G_002_001,BUSSTOP_OUT::95011,AFT AIRCRAFT FLYOVER,airport_bus,Airport-bound,Airport Bus,85.954,85.954,-0.0,unchanged
G_002_001,BUSSTOP_OUT::95019,AFT CHANGI AIRPORT TER 2,airport_bus,Airport-bound,Airport Bus,74.511,74.511,-0.0,unchanged
G_002_001,BUSSTOP_OUT::95029,CHANGI AIRPORT TER 1,airport_bus,Airport-bound,Airport Bus,73.765,73.765,-0.0,unchanged
G_002_001,BUSSTOP_OUT::95109,CHANGI AIRPORT TER 3,airport_bus,Airport-bound,Airport Bus,70.784,70.784,-0.0,unchanged
G_002_001,BUSSTOP_OUT::95129,CHANGI AIRPORT TER 2,airport_bus,Airport-bound,Airport Bus,70.784,70.784,-0.0,unchanged
G_002_001,BUSSTOP_OUT::95151,AIRPORT POLICE STN,airport_bus,Airport-bound,Airport Bus,84.091,84.091,-0.0,unchanged
G_002_001,BUSSTOP_OUT::95159,NEAR SATS FLIGHT KITCHEN,airport_bus,Airport-bound,Airport Bus,77.492,77.492,-0.0,unchanged
G_002_001,BUSSTOP_OUT::95209,CHANGI AIRPORT TER 4,airport_bus,Airport-bound,Airport Bus,80.474,80.474,-0.0,unchanged
G_002_001,MRTHUB::Changi_Airport,Changi Airport,airport_mrt,Airport-bound,Airport Mrt,60.484,60.484,-0.0,unchanged
G_002_001,BUSSTOP_OUT::03011,FULLERTON SQ,cbd_bus,CBD-bound,Cbd Bus,46.883,46.883,-0.0,unchanged
G_002_001,BUSSTOP_OUT::03019,OUE BAYFRONT,cbd_bus,CBD-bound,Cbd Bus,46.984,46.984,-0.0,unchanged
G_002_001,BUSSTOP_OUT::03021,PRUDENTIAL TWR,cbd_bus,CBD-bound,Cbd Bus,44.647,44.647,-0.0,unchanged
G_002_001,BUSSTOP_OUT::03031,RAFFLES PL STN EXIT F,cbd_bus,CBD-bound,Cbd Bus,45.02,45.02,-0.0,unchanged
G_002_001,BUSSTOP_OUT::03041,TELOK AYER STN EXIT A,cbd_bus,CBD-bound,Cbd Bus,44.647,44.647,-0.0,unchanged
G_002_001,BUSSTOP_OUT::03059,ONE RAFFLES QUAY,cbd_bus,CBD-bound,Cbd Bus,46.984,46.984,-0.0,unchanged
G_002_001,BUSSTOP_OUT::03071,OPP SO SOFITEL S'PORE,cbd_bus,CBD-bound,Cbd Bus,43.902,43.902,-0.0,unchanged
G_002_001,BUSSTOP_OUT::03111,AFT CAPITAL TWR,cbd_bus,CBD-bound,Cbd Bus,42.784,42.784,-0.0,unchanged
G_002_001,BUSSTOP_OUT::03129,UIC BLDG,cbd_bus,CBD-bound,Cbd Bus,42.784,42.784,-0.0,unchanged
G_002_001,BUSSTOP_OUT::03151,AFT TELOK AYER ST,cbd_bus,CBD-bound,Cbd Bus,42.784,42.784,-0.0,unchanged
G_002_001,BUSSTOP_OUT::03217,AFT STRAITS BLVD,cbd_bus,CBD-bound,Cbd Bus,42.784,42.784,-0.0,unchanged
G_002_001,BUSSTOP_OUT::03218,OPP MAS BLDG,cbd_bus,CBD-bound,Cbd Bus,42.784,42.784,-0.0,unchanged
G_002_001,BUSSTOP_OUT::03222,HUB SYNERGY PT,cbd_bus,CBD-bound,Cbd Bus,42.784,42.784,-0.0,unchanged
G_002_001,BUSSTOP_OUT::03223,TANJONG PAGAR STN EXIT C,cbd_bus,CBD-bound,Cbd Bus,42.784,42.784,-0.0,unchanged
G_002_001,BUSSTOP_OUT::03239,SHENTON WAY TER,cbd_bus,CBD-bound,Cbd Bus,42.784,42.784,-0.0,unchanged
G_002_001,BUSSTOP_OUT::03241,MAPLETREE ANSON,cbd_bus,CBD-bound,Cbd Bus,42.784,42.784,-0.0,unchanged
G_002_001,BUSSTOP_OUT::03381,THE SAIL,cbd_bus,CBD-bound,Cbd Bus,46.138,46.138,-0.0,unchanged
G_002_001,BUSSTOP_OUT::03391,MARINA BAY FINANCIAL CTR,cbd_bus,CBD-bound,Cbd Bus,46.883,46.883,-0.0,unchanged
G_002_001,BUSSTOP_OUT::03501,MARINA BAY SANDS THEATRE,cbd_bus,CBD-bound,Cbd Bus,50.983,49.431,1.552,improved
G_002_001,BUSSTOP_OUT::03509,BAYFRONT STN EXIT B/MBS,cbd_bus,CBD-bound,Cbd Bus,52.831,49.431,3.4,improved
G_002_001,BUSSTOP_OUT::03511,AFT BAYFRONT STN EXIT E,cbd_bus,CBD-bound,Cbd Bus,49.492,49.431,0.061,improved
G_002_001,BUSSTOP_OUT::03519,BAYFRONT STN EXIT A,cbd_bus,CBD-bound,Cbd Bus,52.831,49.431,3.4,improved
G_002_001,BUSSTOP_OUT::03529,DOWNTOWN STN,cbd_bus,CBD-bound,Cbd Bus,48.184,48.184,-0.0,unchanged
G_002_001,BUSSTOP_OUT::03539,Marina Bay Stn,cbd_bus,CBD-bound,Cbd Bus,51.384,48.431,2.953,improved
G_002_001,BUSSTOP_OUT::05269,MAXWELL RD FC,cbd_bus,CBD-bound,Cbd Bus,47.184,47.184,-0.0,unchanged
G_002_001,BUSSTOP_OUT::05319,OCBC CTR,cbd_bus,CBD-bound,Cbd Bus,46.984,46.984,-0.0,unchanged
G_002_001,BUSSTOP_OUT::05411,TG PAGAR PLAZA,cbd_bus,CBD-bound,Cbd Bus,42.784,42.784,-0.0,unchanged
G_002_001,BUSSTOP_OUT::05419,THE AMARA,cbd_bus,CBD-bound,Cbd Bus,43.902,43.902,-0.0,unchanged
G_002_001,BUSSTOP_OUT::05431,TOWER 15,cbd_bus,CBD-bound,Cbd Bus,44.647,44.647,-0.0,unchanged
G_002_001,BUSSTOP_OUT::05629,OPP STH PT,cbd_bus,CBD-bound,Cbd Bus,46.22,42.976,3.244,improved
G_002_001,BUSSTOP_OUT::05651,OPP FUJI XEROX TWRS,cbd_bus,CBD-bound,Cbd Bus,50.493,43.721,6.772,improved
G_002_001,MRTHUB::Bayfront,Bayfront,cbd_mrt,CBD-bound,Cbd Mrt,42.531,39.131,3.4,improved
G_002_001,MRTHUB::Downtown,Downtown,cbd_mrt,CBD-bound,Cbd Mrt,41.331,41.331,-0.0,unchanged
G_002_001,MRTHUB::Marina_Bay,Marina Bay,cbd_mrt,CBD-bound,Cbd Mrt,41.084,38.131,2.953,improved
G_002_001,MRTHUB::Maxwell,Maxwell,cbd_mrt,CBD-bound,Cbd Mrt,36.884,36.884,-0.0,unchanged
G_002_001,MRTHUB::Raffles_Place,Raffles Place,cbd_mrt,CBD-bound,Cbd Mrt,36.684,36.684,-0.0,unchanged
G_002_001,MRTHUB::Shenton_Way,Shenton Way,cbd_mrt,CBD-bound,Cbd Mrt,37.884,37.884,-0.0,unchanged
G_002_001,MRTHUB::Tanjong_Pagar,Tanjong Pagar,cbd_mrt,CBD-bound,Cbd Mrt,32.484,32.484,-0.0,unchanged
G_002_002,BUSSTOP_OUT::95011,AFT AIRCRAFT FLYOVER,airport_bus,Airport-bound,Airport Bus,87.262,87.262,-0.0,unchanged
G_002_002,BUSSTOP_OUT::95019,AFT CHANGI AIRPORT TER 2,airport_bus,Airport-bound,Airport Bus,75.819,75.819,-0.0,unchanged
G_002_002,BUSSTOP_OUT::95029,CHANGI AIRPORT TER 1,airport_bus,Airport-bound,Airport Bus,75.073,75.073,-0.0,unchanged
G_002_002,BUSSTOP_OUT::95109,CHANGI AIRPORT TER 3,airport_bus,Airport-bound,Airport Bus,72.092,72.092,-0.0,unchanged
G_002_002,BUSSTOP_OUT::95129,CHANGI AIRPORT TER 2,airport_bus,Airport-bound,Airport Bus,72.092,72.092,-0.0,unchanged
G_002_002,BUSSTOP_OUT::95151,AIRPORT POLICE STN,airport_bus,Airport-bound,Airport Bus,85.399,85.399,-0.0,unchanged
G_002_002,BUSSTOP_OUT::95159,NEAR SATS FLIGHT KITCHEN,airport_bus,Airport-bound,Airport Bus,78.8,78.8,-0.0,unchanged
G_002_002,BUSSTOP_OUT::95209,CHANGI AIRPORT TER 4,airport_bus,Airport-bound,Airport Bus,81.782,81.782,-0.0,unchanged
G_002_002,MRTHUB::Changi_Airport,Changi Airport,airport_mrt,Airport-bound,Airport Mrt,61.792,61.792,-0.0,unchanged
G_002_002,BUSSTOP_OUT::03011,FULLERTON SQ,cbd_bus,CBD-bound,Cbd Bus,48.191,48.191,-0.0,unchanged
G_002_002,BUSSTOP_OUT::03019,OUE BAYFRONT,cbd_bus,CBD-bound,Cbd Bus,48.292,48.292,-0.0,unchanged
G_002_002,BUSSTOP_OUT::03021,PRUDENTIAL TWR,cbd_bus,CBD-bound,Cbd Bus,45.955,45.955,-0.0,unchanged
G_002_002,BUSSTOP_OUT::03031,RAFFLES PL STN EXIT F,cbd_bus,CBD-bound,Cbd Bus,46.328,46.328,-0.0,unchanged
G_002_002,BUSSTOP_OUT::03041,TELOK AYER STN EXIT A,cbd_bus,CBD-bound,Cbd Bus,45.955,45.955,-0.0,unchanged
G_002_002,BUSSTOP_OUT::03059,ONE RAFFLES QUAY,cbd_bus,CBD-bound,Cbd Bus,48.292,48.292,-0.0,unchanged
G_002_002,BUSSTOP_OUT::03071,OPP SO SOFITEL S'PORE,cbd_bus,CBD-bound,Cbd Bus,45.21,45.21,-0.0,unchanged
G_002_002,BUSSTOP_OUT::03111,AFT CAPITAL TWR,cbd_bus,CBD-bound,Cbd Bus,44.092,44.092,-0.0,unchanged
G_002_002,BUSSTOP_OUT::03129,UIC BLDG,cbd_bus,CBD-bound,Cbd Bus,44.092,44.092,-0.0,unchanged
G_002_002,BUSSTOP_OUT::03151,AFT TELOK AYER ST,cbd_bus,CBD-bound,Cbd Bus,44.092,44.092,-0.0,unchanged
G_002_002,BUSSTOP_OUT::03217,AFT STRAITS BLVD,cbd_bus,CBD-bound,Cbd Bus,44.092,42.692,1.4,improved
G_002_002,BUSSTOP_OUT::03218,OPP MAS BLDG,cbd_bus,CBD-bound,Cbd Bus,44.092,42.692,1.4,improved
G_002_002,BUSSTOP_OUT::03222,HUB SYNERGY PT,cbd_bus,CBD-bound,Cbd Bus,44.092,42.692,1.4,improved
G_002_002,BUSSTOP_OUT::03223,TANJONG PAGAR STN EXIT C,cbd_bus,CBD-bound,Cbd Bus,44.092,42.692,1.4,improved
G_002_002,BUSSTOP_OUT::03239,SHENTON WAY TER,cbd_bus,CBD-bound,Cbd Bus,44.092,42.692,1.4,improved
G_002_002,BUSSTOP_OUT::03241,MAPLETREE ANSON,cbd_bus,CBD-bound,Cbd Bus,44.092,42.692,1.4,improved
G_002_002,BUSSTOP_OUT::03381,THE SAIL,cbd_bus,CBD-bound,Cbd Bus,47.446,47.446,-0.0,unchanged
G_002_002,BUSSTOP_OUT::03391,MARINA BAY FINANCIAL CTR,cbd_bus,CBD-bound,Cbd Bus,48.191,48.191,-0.0,unchanged
G_002_002,BUSSTOP_OUT::03501,MARINA BAY SANDS THEATRE,cbd_bus,CBD-bound,Cbd Bus,51.292,47.892,3.4,improved
G_002_002,BUSSTOP_OUT::03509,BAYFRONT STN EXIT B/MBS,cbd_bus,CBD-bound,Cbd Bus,51.292,47.892,3.4,improved
G_002_002,BUSSTOP_OUT::03511,AFT BAYFRONT STN EXIT E,cbd_bus,CBD-bound,Cbd Bus,50.8,47.892,2.908,improved
G_002_002,BUSSTOP_OUT::03519,BAYFRONT STN EXIT A,cbd_bus,CBD-bound,Cbd Bus,51.292,47.892,3.4,improved
G_002_002,BUSSTOP_OUT::03529,DOWNTOWN STN,cbd_bus,CBD-bound,Cbd Bus,49.492,48.383,1.109,improved
G_002_002,BUSSTOP_OUT::03539,Marina Bay Stn,cbd_bus,CBD-bound,Cbd Bus,50.092,46.892,3.2,improved
G_002_002,BUSSTOP_OUT::05269,MAXWELL RD FC,cbd_bus,CBD-bound,Cbd Bus,48.492,48.492,-0.0,unchanged
G_002_002,BUSSTOP_OUT::05319,OCBC CTR,cbd_bus,CBD-bound,Cbd Bus,48.292,48.292,-0.0,unchanged
G_002_002,BUSSTOP_OUT::05411,TG PAGAR PLAZA,cbd_bus,CBD-bound,Cbd Bus,44.092,42.927,1.165,improved
G_002_002,BUSSTOP_OUT::05419,THE AMARA,cbd_bus,CBD-bound,Cbd Bus,45.21,45.21,-0.0,unchanged
G_002_002,BUSSTOP_OUT::05431,TOWER 15,cbd_bus,CBD-bound,Cbd Bus,45.955,45.955,-0.0,unchanged
G_002_002,BUSSTOP_OUT::05629,OPP STH PT,cbd_bus,CBD-bound,Cbd Bus,47.528,41.437,6.091,improved
G_002_002,BUSSTOP_OUT::05651,OPP FUJI XEROX TWRS,cbd_bus,CBD-bound,Cbd Bus,48.954,42.182,6.772,improved
G_002_002,MRTHUB::Bayfront,Bayfront,cbd_mrt,CBD-bound,Cbd Mrt,40.992,37.592,3.4,improved
G_002_002,MRTHUB::Downtown,Downtown,cbd_mrt,CBD-bound,Cbd Mrt,39.792,39.792,-0.0,unchanged
G_002_002,MRTHUB::Marina_Bay,Marina Bay,cbd_mrt,CBD-bound,Cbd Mrt,42.392,36.592,5.8,improved
G_002_002,MRTHUB::Maxwell,Maxwell,cbd_mrt,CBD-bound,Cbd Mrt,38.192,38.192,-0.0,unchanged
G_002_002,MRTHUB::Raffles_Place,Raffles Place,cbd_mrt,CBD-bound,Cbd Mrt,37.992,37.992,-0.0,unchanged
G_002_002,MRTHUB::Shenton_Way,Shenton Way,cbd_mrt,CBD-bound,Cbd Mrt,39.192,39.192,-0.0,unchanged
G_002_002,MRTHUB::Tanjong_Pagar,Tanjong Pagar,cbd_mrt,CBD-bound,Cbd Mrt,33.792,33.792,-0.0,unchanged
G_002_003,BUSSTOP_OUT::95011,AFT AIRCRAFT FLYOVER,airport_bus,Airport-bound,Airport Bus,87.842,87.842,-0.0,unchanged
G_002_003,BUSSTOP_OUT::95019,AFT CHANGI AIRPORT TER 2,airport_bus,Airport-bound,Airport Bus,76.399,76.399,-0.0,unchanged
G_002_003,BUSSTOP_OUT::95029,CHANGI AIRPORT TER 1,airport_bus,Airport-bound,Airport Bus,75.653,75.653,-0.0,unchanged
G_002_003,BUSSTOP_OUT::95109,CHANGI AIRPORT TER 3,airport_bus,Airport-bound,Airport Bus,72.672,72.672,-0.0,unchanged
G_002_003,BUSSTOP_OUT::95129,CHANGI AIRPORT TER 2,airport_bus,Airport-bound,Airport Bus,72.672,72.672,-0.0,unchanged
G_002_003,BUSSTOP_OUT::95151,AIRPORT POLICE STN,airport_bus,Airport-bound,Airport Bus,85.979,85.979,-0.0,unchanged
G_002_003,BUSSTOP_OUT::95159,NEAR SATS FLIGHT KITCHEN,airport_bus,Airport-bound,Airport Bus,79.38,79.38,-0.0,unchanged
G_002_003,BUSSTOP_OUT::95209,CHANGI AIRPORT TER 4,airport_bus,Airport-bound,Airport Bus,82.362,82.362,-0.0,unchanged
G_002_003,MRTHUB::Changi_Airport,Changi Airport,airport_mrt,Airport-bound,Airport Mrt,62.372,62.372,-0.0,unchanged
G_002_003,BUSSTOP_OUT::03011,FULLERTON SQ,cbd_bus,CBD-bound,Cbd Bus,48.771,48.771,-0.0,unchanged
G_002_003,BUSSTOP_OUT::03019,OUE BAYFRONT,cbd_bus,CBD-bound,Cbd Bus,48.872,48.872,-0.0,unchanged
G_002_003,BUSSTOP_OUT::03021,PRUDENTIAL TWR,cbd_bus,CBD-bound,Cbd Bus,46.535,46.535,-0.0,unchanged
G_002_003,BUSSTOP_OUT::03031,RAFFLES PL STN EXIT F,cbd_bus,CBD-bound,Cbd Bus,46.908,46.908,-0.0,unchanged
G_002_003,BUSSTOP_OUT::03041,TELOK AYER STN EXIT A,cbd_bus,CBD-bound,Cbd Bus,46.535,46.535,-0.0,unchanged
G_002_003,BUSSTOP_OUT::03059,ONE RAFFLES QUAY,cbd_bus,CBD-bound,Cbd Bus,48.872,48.872,-0.0,unchanged
G_002_003,BUSSTOP_OUT::03071,OPP SO SOFITEL S'PORE,cbd_bus,CBD-bound,Cbd Bus,45.79,45.79,-0.0,unchanged
G_002_003,BUSSTOP_OUT::03111,AFT CAPITAL TWR,cbd_bus,CBD-bound,Cbd Bus,44.672,44.672,-0.0,unchanged
G_002_003,BUSSTOP_OUT::03129,UIC BLDG,cbd_bus,CBD-bound,Cbd Bus,44.672,44.672,-0.0,unchanged
G_002_003,BUSSTOP_OUT::03151,AFT TELOK AYER ST,cbd_bus,CBD-bound,Cbd Bus,44.672,44.672,-0.0,unchanged
G_002_003,BUSSTOP_OUT::03217,AFT STRAITS BLVD,cbd_bus,CBD-bound,Cbd Bus,44.672,43.272,1.4,improved
G_002_003,BUSSTOP_OUT::03218,OPP MAS BLDG,cbd_bus,CBD-bound,Cbd Bus,44.672,43.272,1.4,improved
G_002_003,BUSSTOP_OUT::03222,HUB SYNERGY PT,cbd_bus,CBD-bound,Cbd Bus,44.672,43.272,1.4,improved
G_002_003,BUSSTOP_OUT::03223,TANJONG PAGAR STN EXIT C,cbd_bus,CBD-bound,Cbd Bus,44.672,43.272,1.4,improved
G_002_003,BUSSTOP_OUT::03239,SHENTON WAY TER,cbd_bus,CBD-bound,Cbd Bus,44.672,43.272,1.4,improved
G_002_003,BUSSTOP_OUT::03241,MAPLETREE ANSON,cbd_bus,CBD-bound,Cbd Bus,44.672,43.272,1.4,improved
G_002_003,BUSSTOP_OUT::03381,THE SAIL,cbd_bus,CBD-bound,Cbd Bus,48.026,48.026,-0.0,unchanged
G_002_003,BUSSTOP_OUT::03391,MARINA BAY FINANCIAL CTR,cbd_bus,CBD-bound,Cbd Bus,48.771,48.771,-0.0,unchanged
G_002_003,BUSSTOP_OUT::03501,MARINA BAY SANDS THEATRE,cbd_bus,CBD-bound,Cbd Bus,51.872,48.472,3.4,improved
G_002_003,BUSSTOP_OUT::03509,BAYFRONT STN EXIT B/MBS,cbd_bus,CBD-bound,Cbd Bus,51.872,48.472,3.4,improved
G_002_003,BUSSTOP_OUT::03511,AFT BAYFRONT STN EXIT E,cbd_bus,CBD-bound,Cbd Bus,51.38,48.472,2.908,improved
G_002_003,BUSSTOP_OUT::03519,BAYFRONT STN EXIT A,cbd_bus,CBD-bound,Cbd Bus,51.872,48.472,3.4,improved
G_002_003,BUSSTOP_OUT::03529,DOWNTOWN STN,cbd_bus,CBD-bound,Cbd Bus,50.072,48.963,1.109,improved
G_002_003,BUSSTOP_OUT::03539,Marina Bay Stn,cbd_bus,CBD-bound,Cbd Bus,50.672,47.472,3.2,improved
G_002_003,BUSSTOP_OUT::05269,MAXWELL RD FC,cbd_bus,CBD-bound,Cbd Bus,49.072,49.072,-0.0,unchanged
G_002_003,BUSSTOP_OUT::05319,OCBC CTR,cbd_bus,CBD-bound,Cbd Bus,48.872,48.872,-0.0,unchanged
G_002_003,BUSSTOP_OUT::05411,TG PAGAR PLAZA,cbd_bus,CBD-bound,Cbd Bus,44.672,43.507,1.165,improved
G_002_003,BUSSTOP_OUT::05419,THE AMARA,cbd_bus,CBD-bound,Cbd Bus,45.79,45.79,-0.0,unchanged
G_002_003,BUSSTOP_OUT::05431,TOWER 15,cbd_bus,CBD-bound,Cbd Bus,46.535,46.535,-0.0,unchanged
G_002_003,BUSSTOP_OUT::05629,OPP STH PT,cbd_bus,CBD-bound,Cbd Bus,48.108,42.017,6.091,improved
G_002_003,BUSSTOP_OUT::05651,OPP FUJI XEROX TWRS,cbd_bus,CBD-bound,Cbd Bus,49.534,42.762,6.772,improved
G_002_003,MRTHUB::Bayfront,Bayfront,cbd_mrt,CBD-bound,Cbd Mrt,41.572,38.172,3.4,improved
G_002_003,MRTHUB::Downtown,Downtown,cbd_mrt,CBD-bound,Cbd Mrt,40.372,40.372,-0.0,unchanged
G_002_003,MRTHUB::Marina_Bay,Marina Bay,cbd_mrt,CBD-bound,Cbd Mrt,42.972,37.172,5.8,improved
G_002_003,MRTHUB::Maxwell,Maxwell,cbd_mrt,CBD-bound,Cbd Mrt,38.772,38.772,-0.0,unchanged
G_002_003,MRTHUB::Raffles_Place,Raffles Place,cbd_mrt,CBD-bound,Cbd Mrt,38.572,38.572,-0.0,unchanged
G_002_003,MRTHUB::Shenton_Way,Shenton Way,cbd_mrt,CBD-bound,Cbd Mrt,39.772,39.772,-0.0,unchanged
G_002_003,MRTHUB::Tanjong_Pagar,Tanjong Pagar,cbd_mrt,CBD-bound,Cbd Mrt,34.372,34.372,-0.0,unchanged
G_002_004,BUSSTOP_OUT::95011,AFT AIRCRAFT FLYOVER,airport_bus,Airport-bound,Airport Bus,92.718,92.718,-0.0,unchanged
G_002_004,BUSSTOP_OUT::95019,AFT CHANGI AIRPORT TER 2,airport_bus,Airport-bound,Airport Bus,81.275,81.275,-0.0,unchanged
G_002_004,BUSSTOP_OUT::95029,CHANGI AIRPORT TER 1,airport_bus,Airport-bound,Airport Bus,80.529,80.529,-0.0,unchanged
G_002_004,BUSSTOP_OUT::95109,CHANGI AIRPORT TER 3,airport_bus,Airport-bound,Airport Bus,77.548,77.548,-0.0,unchanged
G_002_004,BUSSTOP_OUT::95129,CHANGI AIRPORT TER 2,airport_bus,Airport-bound,Airport Bus,77.548,77.548,-0.0,unchanged
G_002_004,BUSSTOP_OUT::95151,AIRPORT POLICE STN,airport_bus,Airport-bound,Airport Bus,90.855,90.855,-0.0,unchanged
G_002_004,BUSSTOP_OUT::95159,NEAR SATS FLIGHT KITCHEN,airport_bus,Airport-bound,Airport Bus,84.256,84.256,-0.0,unchanged
G_002_004,BUSSTOP_OUT::95209,CHANGI AIRPORT TER 4,airport_bus,Airport-bound,Airport Bus,87.238,87.238,-0.0,unchanged
G_002_004,MRTHUB::Changi_Airport,Changi Airport,airport_mrt,Airport-bound,Airport Mrt,67.248,67.248,-0.0,unchanged
G_002_004,BUSSTOP_OUT::03011,FULLERTON SQ,cbd_bus,CBD-bound,Cbd Bus,53.647,53.647,-0.0,unchanged
G_002_004,BUSSTOP_OUT::03019,OUE BAYFRONT,cbd_bus,CBD-bound,Cbd Bus,53.748,53.748,-0.0,unchanged
G_002_004,BUSSTOP_OUT::03021,PRUDENTIAL TWR,cbd_bus,CBD-bound,Cbd Bus,51.411,51.411,-0.0,unchanged
G_002_004,BUSSTOP_OUT::03031,RAFFLES PL STN EXIT F,cbd_bus,CBD-bound,Cbd Bus,51.784,51.784,-0.0,unchanged
G_002_004,BUSSTOP_OUT::03041,TELOK AYER STN EXIT A,cbd_bus,CBD-bound,Cbd Bus,51.411,51.411,-0.0,unchanged
G_002_004,BUSSTOP_OUT::03059,ONE RAFFLES QUAY,cbd_bus,CBD-bound,Cbd Bus,53.748,53.748,-0.0,unchanged
G_002_004,BUSSTOP_OUT::03071,OPP SO SOFITEL S'PORE,cbd_bus,CBD-bound,Cbd Bus,50.666,50.666,-0.0,unchanged
G_002_004,BUSSTOP_OUT::03111,AFT CAPITAL TWR,cbd_bus,CBD-bound,Cbd Bus,49.548,49.548,-0.0,unchanged
G_002_004,BUSSTOP_OUT::03129,UIC BLDG,cbd_bus,CBD-bound,Cbd Bus,49.548,49.548,-0.0,unchanged
G_002_004,BUSSTOP_OUT::03151,AFT TELOK AYER ST,cbd_bus,CBD-bound,Cbd Bus,49.548,49.548,-0.0,unchanged
G_002_004,BUSSTOP_OUT::03217,AFT STRAITS BLVD,cbd_bus,CBD-bound,Cbd Bus,49.548,48.148,1.4,improved
G_002_004,BUSSTOP_OUT::03218,OPP MAS BLDG,cbd_bus,CBD-bound,Cbd Bus,49.548,48.148,1.4,improved
G_002_004,BUSSTOP_OUT::03222,HUB SYNERGY PT,cbd_bus,CBD-bound,Cbd Bus,49.548,48.148,1.4,improved
G_002_004,BUSSTOP_OUT::03223,TANJONG PAGAR STN EXIT C,cbd_bus,CBD-bound,Cbd Bus,49.548,48.148,1.4,improved
G_002_004,BUSSTOP_OUT::03239,SHENTON WAY TER,cbd_bus,CBD-bound,Cbd Bus,49.548,48.148,1.4,improved
G_002_004,BUSSTOP_OUT::03241,MAPLETREE ANSON,cbd_bus,CBD-bound,Cbd Bus,49.548,48.148,1.4,improved
G_002_004,BUSSTOP_OUT::03381,THE SAIL,cbd_bus,CBD-bound,Cbd Bus,52.902,52.902,-0.0,unchanged
G_002_004,BUSSTOP_OUT::03391,MARINA BAY FINANCIAL CTR,cbd_bus,CBD-bound,Cbd Bus,53.647,53.647,-0.0,unchanged
G_002_004,BUSSTOP_OUT::03501,MARINA BAY SANDS THEATRE,cbd_bus,CBD-bound,Cbd Bus,56.748,53.348,3.4,improved
G_002_004,BUSSTOP_OUT::03509,BAYFRONT STN EXIT B/MBS,cbd_bus,CBD-bound,Cbd Bus,56.748,53.348,3.4,improved
G_002_004,BUSSTOP_OUT::03511,AFT BAYFRONT STN EXIT E,cbd_bus,CBD-bound,Cbd Bus,56.256,53.348,2.908,improved
G_002_004,BUSSTOP_OUT::03519,BAYFRONT STN EXIT A,cbd_bus,CBD-bound,Cbd Bus,56.748,53.348,3.4,improved
G_002_004,BUSSTOP_OUT::03529,DOWNTOWN STN,cbd_bus,CBD-bound,Cbd Bus,54.948,53.839,1.109,improved
G_002_004,BUSSTOP_OUT::03539,Marina Bay Stn,cbd_bus,CBD-bound,Cbd Bus,55.548,52.348,3.2,improved
G_002_004,BUSSTOP_OUT::05269,MAXWELL RD FC,cbd_bus,CBD-bound,Cbd Bus,53.948,53.948,-0.0,unchanged
G_002_004,BUSSTOP_OUT::05319,OCBC CTR,cbd_bus,CBD-bound,Cbd Bus,53.748,53.748,-0.0,unchanged
G_002_004,BUSSTOP_OUT::05411,TG PAGAR PLAZA,cbd_bus,CBD-bound,Cbd Bus,49.548,48.383,1.165,improved
G_002_004,BUSSTOP_OUT::05419,THE AMARA,cbd_bus,CBD-bound,Cbd Bus,50.666,50.666,-0.0,unchanged
G_002_004,BUSSTOP_OUT::05431,TOWER 15,cbd_bus,CBD-bound,Cbd Bus,51.411,51.411,-0.0,unchanged
G_002_004,BUSSTOP_OUT::05629,OPP STH PT,cbd_bus,CBD-bound,Cbd Bus,52.984,46.893,6.091,improved
G_002_004,BUSSTOP_OUT::05651,OPP FUJI XEROX TWRS,cbd_bus,CBD-bound,Cbd Bus,54.41,47.638,6.772,improved
G_002_004,MRTHUB::Bayfront,Bayfront,cbd_mrt,CBD-bound,Cbd Mrt,46.448,43.048,3.4,improved
G_002_004,MRTHUB::Downtown,Downtown,cbd_mrt,CBD-bound,Cbd Mrt,45.248,45.248,-0.0,unchanged
G_002_004,MRTHUB::Marina_Bay,Marina Bay,cbd_mrt,CBD-bound,Cbd Mrt,47.848,42.048,5.8,improved
G_002_004,MRTHUB::Maxwell,Maxwell,cbd_mrt,CBD-bound,Cbd Mrt,43.648,43.648,-0.0,unchanged
G_002_004,MRTHUB::Raffles_Place,Raffles Place,cbd_mrt,CBD-bound,Cbd Mrt,43.448,43.448,-0.0,unchanged
G_002_004,MRTHUB::Shenton_Way,Shenton Way,cbd_mrt,CBD-bound,Cbd Mrt,44.648,44.648,-0.0,unchanged
G_002_004,MRTHUB::Tanjong_Pagar,Tanjong Pagar,cbd_mrt,CBD-bound,Cbd Mrt,39.248,39.248,-0.0,unchanged
G_002_005,BUSSTOP_OUT::95011,AFT AIRCRAFT FLYOVER,airport_bus,Airport-bound,Airport Bus,88.369,88.369,-0.0,unchanged
G_002_005,BUSSTOP_OUT::95019,AFT CHANGI AIRPORT TER 2,airport_bus,Airport-bound,Airport Bus,76.926,76.926,-0.0,unchanged
G_002_005,BUSSTOP_OUT::95029,CHANGI AIRPORT TER 1,airport_bus,Airport-bound,Airport Bus,76.18,76.18,-0.0,unchanged
G_002_005,BUSSTOP_OUT::95109,CHANGI AIRPORT TER 3,airport_bus,Airport-bound,Airport Bus,73.199,73.199,-0.0,unchanged
G_002_005,BUSSTOP_OUT::95129,CHANGI AIRPORT TER 2,airport_bus,Airport-bound,Airport Bus,73.199,73.199,-0.0,unchanged
G_002_005,BUSSTOP_OUT::95151,AIRPORT POLICE STN,airport_bus,Airport-bound,Airport Bus,86.506,86.506,-0.0,unchanged
G_002_005,BUSSTOP_OUT::95159,NEAR SATS FLIGHT KITCHEN,airport_bus,Airport-bound,Airport Bus,79.907,79.907,-0.0,unchanged
G_002_005,BUSSTOP_OUT::95209,CHANGI AIRPORT TER 4,airport_bus,Airport-bound,Airport Bus,82.889,82.889,-0.0,unchanged
G_002_005,MRTHUB::Changi_Airport,Changi Airport,airport_mrt,Airport-bound,Airport Mrt,62.899,62.899,-0.0,unchanged
G_002_005,BUSSTOP_OUT::03011,FULLERTON SQ,cbd_bus,CBD-bound,Cbd Bus,45.329,45.329,-0.0,unchanged
G_002_005,BUSSTOP_OUT::03019,OUE BAYFRONT,cbd_bus,CBD-bound,Cbd Bus,49.399,48.78,0.619,improved
G_002_005,BUSSTOP_OUT::03021,PRUDENTIAL TWR,cbd_bus,CBD-bound,Cbd Bus,47.062,43.153,3.909,improved
G_002_005,BUSSTOP_OUT::03031,RAFFLES PL STN EXIT F,cbd_bus,CBD-bound,Cbd Bus,43.093,43.093,-0.0,unchanged
G_002_005,BUSSTOP_OUT::03041,TELOK AYER STN EXIT A,cbd_bus,CBD-bound,Cbd Bus,47.062,43.153,3.909,improved
G_002_005,BUSSTOP_OUT::03059,ONE RAFFLES QUAY,cbd_bus,CBD-bound,Cbd Bus,47.926,47.926,-0.0,unchanged
G_002_005,BUSSTOP_OUT::03071,OPP SO SOFITEL S'PORE,cbd_bus,CBD-bound,Cbd Bus,41.975,41.975,-0.0,unchanged
G_002_005,BUSSTOP_OUT::03111,AFT CAPITAL TWR,cbd_bus,CBD-bound,Cbd Bus,40.857,40.857,-0.0,unchanged
G_002_005,BUSSTOP_OUT::03129,UIC BLDG,cbd_bus,CBD-bound,Cbd Bus,45.199,45.199,-0.0,unchanged
G_002_005,BUSSTOP_OUT::03151,AFT TELOK AYER ST,cbd_bus,CBD-bound,Cbd Bus,45.199,41.29,3.909,improved
G_002_005,BUSSTOP_OUT::03217,AFT STRAITS BLVD,cbd_bus,CBD-bound,Cbd Bus,45.199,39.799,5.4,improved
G_002_005,BUSSTOP_OUT::03218,OPP MAS BLDG,cbd_bus,CBD-bound,Cbd Bus,45.199,39.799,5.4,improved
G_002_005,BUSSTOP_OUT::03222,HUB SYNERGY PT,cbd_bus,CBD-bound,Cbd Bus,38.248,38.248,-0.0,unchanged
G_002_005,BUSSTOP_OUT::03223,TANJONG PAGAR STN EXIT C,cbd_bus,CBD-bound,Cbd Bus,45.199,39.799,5.4,improved
G_002_005,BUSSTOP_OUT::03239,SHENTON WAY TER,cbd_bus,CBD-bound,Cbd Bus,45.199,39.799,5.4,improved
G_002_005,BUSSTOP_OUT::03241,MAPLETREE ANSON,cbd_bus,CBD-bound,Cbd Bus,45.199,39.799,5.4,improved
G_002_005,BUSSTOP_OUT::03381,THE SAIL,cbd_bus,CBD-bound,Cbd Bus,48.553,44.644,3.909,improved
G_002_005,BUSSTOP_OUT::03391,MARINA BAY FINANCIAL CTR,cbd_bus,CBD-bound,Cbd Bus,49.298,45.389,3.909,improved
G_002_005,BUSSTOP_OUT::03501,MARINA BAY SANDS THEATRE,cbd_bus,CBD-bound,Cbd Bus,52.399,44.999,7.4,improved
G_002_005,BUSSTOP_OUT::03509,BAYFRONT STN EXIT B/MBS,cbd_bus,CBD-bound,Cbd Bus,52.399,44.999,7.4,improved
G_002_005,BUSSTOP_OUT::03511,AFT BAYFRONT STN EXIT E,cbd_bus,CBD-bound,Cbd Bus,51.907,44.999,6.908,improved
G_002_005,BUSSTOP_OUT::03519,BAYFRONT STN EXIT A,cbd_bus,CBD-bound,Cbd Bus,52.399,44.999,7.4,improved
G_002_005,BUSSTOP_OUT::03529,DOWNTOWN STN,cbd_bus,CBD-bound,Cbd Bus,48.599,45.49,3.109,improved
G_002_005,BUSSTOP_OUT::03539,Marina Bay Stn,cbd_bus,CBD-bound,Cbd Bus,49.599,43.999,5.6,improved
G_002_005,BUSSTOP_OUT::05269,MAXWELL RD FC,cbd_bus,CBD-bound,Cbd Bus,47.262,47.262,-0.0,unchanged
G_002_005,BUSSTOP_OUT::05319,OCBC CTR,cbd_bus,CBD-bound,Cbd Bus,45.69,45.69,-0.0,unchanged
G_002_005,BUSSTOP_OUT::05411,TG PAGAR PLAZA,cbd_bus,CBD-bound,Cbd Bus,45.199,40.034,5.165,improved
G_002_005,BUSSTOP_OUT::05419,THE AMARA,cbd_bus,CBD-bound,Cbd Bus,46.317,46.317,-0.0,unchanged
G_002_005,BUSSTOP_OUT::05431,TOWER 15,cbd_bus,CBD-bound,Cbd Bus,47.062,47.062,-0.0,unchanged
G_002_005,BUSSTOP_OUT::05629,OPP STH PT,cbd_bus,CBD-bound,Cbd Bus,44.229,38.544,5.685,improved
G_002_005,BUSSTOP_OUT::05651,OPP FUJI XEROX TWRS,cbd_bus,CBD-bound,Cbd Bus,44.602,39.289,5.313,improved
G_002_005,MRTHUB::Bayfront,Bayfront,cbd_mrt,CBD-bound,Cbd Mrt,42.099,34.699,7.4,improved
G_002_005,MRTHUB::Downtown,Downtown,cbd_mrt,CBD-bound,Cbd Mrt,39.299,37.899,1.4,improved
G_002_005,MRTHUB::Marina_Bay,Marina Bay,cbd_mrt,CBD-bound,Cbd Mrt,41.499,33.699,7.8,improved
G_002_005,MRTHUB::Maxwell,Maxwell,cbd_mrt,CBD-bound,Cbd Mrt,37.299,37.299,-0.0,unchanged
G_002_005,MRTHUB::Raffles_Place,Raffles Place,cbd_mrt,CBD-bound,Cbd Mrt,39.099,39.099,-0.0,unchanged
G_002_005,MRTHUB::Shenton_Way,Shenton Way,cbd_mrt,CBD-bound,Cbd Mrt,38.299,36.899,1.4,improved
G_002_005,MRTHUB::Tanjong_Pagar,Tanjong Pagar,cbd_mrt,CBD-bound,Cbd Mrt,34.899,34.899,-0.0,unchanged
G_002_006,BUSSTOP_OUT::95011,AFT AIRCRAFT FLYOVER,airport_bus,Airport-bound,Airport Bus,87.677,87.677,-0.0,unchanged
G_002_006,BUSSTOP_OUT::95019,AFT CHANGI AIRPORT TER 2,airport_bus,Airport-bound,Airport Bus,76.234,76.234,-0.0,unchanged
G_002_006,BUSSTOP_OUT::95029,CHANGI AIRPORT TER 1,airport_bus,Airport-bound,Airport Bus,75.488,75.488,-0.0,unchanged
G_002_006,BUSSTOP_OUT::95109,CHANGI AIRPORT TER 3,airport_bus,Airport-bound,Airport Bus,72.507,72.507,-0.0,unchanged
G_002_006,BUSSTOP_OUT::95129,CHANGI AIRPORT TER 2,airport_bus,Airport-bound,Airport Bus,72.507,72.507,-0.0,unchanged
G_002_006,BUSSTOP_OUT::95151,AIRPORT POLICE STN,airport_bus,Airport-bound,Airport Bus,85.814,85.814,-0.0,unchanged
G_002_006,BUSSTOP_OUT::95159,NEAR SATS FLIGHT KITCHEN,airport_bus,Airport-bound,Airport Bus,79.215,79.215,-0.0,unchanged
G_002_006,BUSSTOP_OUT::95209,CHANGI AIRPORT TER 4,airport_bus,Airport-bound,Airport Bus,82.197,82.197,-0.0,unchanged
G_002_006,MRTHUB::Changi_Airport,Changi Airport,airport_mrt,Airport-bound,Airport Mrt,62.207,62.207,-0.0,unchanged
G_002_006,BUSSTOP_OUT::03011,FULLERTON SQ,cbd_bus,CBD-bound,Cbd Bus,44.637,44.637,-0.0,unchanged
G_002_006,BUSSTOP_OUT::03019,OUE BAYFRONT,cbd_bus,CBD-bound,Cbd Bus,48.707,48.088,0.619,improved
G_002_006,BUSSTOP_OUT::03021,PRUDENTIAL TWR,cbd_bus,CBD-bound,Cbd Bus,46.37,42.461,3.909,improved
G_002_006,BUSSTOP_OUT::03031,RAFFLES PL STN EXIT F,cbd_bus,CBD-bound,Cbd Bus,42.401,42.401,-0.0,unchanged
G_002_006,BUSSTOP_OUT::03041,TELOK AYER STN EXIT A,cbd_bus,CBD-bound,Cbd Bus,46.37,42.461,3.909,improved
G_002_006,BUSSTOP_OUT::03059,ONE RAFFLES QUAY,cbd_bus,CBD-bound,Cbd Bus,47.234,47.234,-0.0,unchanged
G_002_006,BUSSTOP_OUT::03071,OPP SO SOFITEL S'PORE,cbd_bus,CBD-bound,Cbd Bus,41.283,41.283,-0.0,unchanged
G_002_006,BUSSTOP_OUT::03111,AFT CAPITAL TWR,cbd_bus,CBD-bound,Cbd Bus,40.165,40.165,-0.0,unchanged
G_002_006,BUSSTOP_OUT::03129,UIC BLDG,cbd_bus,CBD-bound,Cbd Bus,44.507,44.507,-0.0,unchanged
G_002_006,BUSSTOP_OUT::03151,AFT TELOK AYER ST,cbd_bus,CBD-bound,Cbd Bus,44.507,40.598,3.909,improved
G_002_006,BUSSTOP_OUT::03217,AFT STRAITS BLVD,cbd_bus,CBD-bound,Cbd Bus,44.507,39.107,5.4,improved
G_002_006,BUSSTOP_OUT::03218,OPP MAS BLDG,cbd_bus,CBD-bound,Cbd Bus,44.507,39.107,5.4,improved
G_002_006,BUSSTOP_OUT::03222,HUB SYNERGY PT,cbd_bus,CBD-bound,Cbd Bus,37.556,37.556,-0.0,unchanged
G_002_006,BUSSTOP_OUT::03223,TANJONG PAGAR STN EXIT C,cbd_bus,CBD-bound,Cbd Bus,44.507,39.107,5.4,improved
G_002_006,BUSSTOP_OUT::03239,SHENTON WAY TER,cbd_bus,CBD-bound,Cbd Bus,44.507,39.107,5.4,improved
G_002_006,BUSSTOP_OUT::03241,MAPLETREE ANSON,cbd_bus,CBD-bound,Cbd Bus,44.507,39.107,5.4,improved
G_002_006,BUSSTOP_OUT::03381,THE SAIL,cbd_bus,CBD-bound,Cbd Bus,47.861,43.952,3.909,improved
G_002_006,BUSSTOP_OUT::03391,MARINA BAY FINANCIAL CTR,cbd_bus,CBD-bound,Cbd Bus,48.606,44.697,3.909,improved
G_002_006,BUSSTOP_OUT::03501,MARINA BAY SANDS THEATRE,cbd_bus,CBD-bound,Cbd Bus,51.707,44.307,7.4,improved
G_002_006,BUSSTOP_OUT::03509,BAYFRONT STN EXIT B/MBS,cbd_bus,CBD-bound,Cbd Bus,51.707,44.307,7.4,improved
G_002_006,BUSSTOP_OUT::03511,AFT BAYFRONT STN EXIT E,cbd_bus,CBD-bound,Cbd Bus,51.215,44.307,6.908,improved
G_002_006,BUSSTOP_OUT::03519,BAYFRONT STN EXIT A,cbd_bus,CBD-bound,Cbd Bus,51.707,44.307,7.4,improved
G_002_006,BUSSTOP_OUT::03529,DOWNTOWN STN,cbd_bus,CBD-bound,Cbd Bus,47.907,44.798,3.109,improved
G_002_006,BUSSTOP_OUT::03539,Marina Bay Stn,cbd_bus,CBD-bound,Cbd Bus,48.907,43.307,5.6,improved
G_002_006,BUSSTOP_OUT::05269,MAXWELL RD FC,cbd_bus,CBD-bound,Cbd Bus,46.57,46.57,-0.0,unchanged
G_002_006,BUSSTOP_OUT::05319,OCBC CTR,cbd_bus,CBD-bound,Cbd Bus,44.998,44.998,-0.0,unchanged
G_002_006,BUSSTOP_OUT::05411,TG PAGAR PLAZA,cbd_bus,CBD-bound,Cbd Bus,44.507,39.342,5.165,improved
G_002_006,BUSSTOP_OUT::05419,THE AMARA,cbd_bus,CBD-bound,Cbd Bus,45.625,45.625,-0.0,unchanged
G_002_006,BUSSTOP_OUT::05431,TOWER 15,cbd_bus,CBD-bound,Cbd Bus,46.37,46.37,-0.0,unchanged
G_002_006,BUSSTOP_OUT::05629,OPP STH PT,cbd_bus,CBD-bound,Cbd Bus,43.537,37.852,5.685,improved
G_002_006,BUSSTOP_OUT::05651,OPP FUJI XEROX TWRS,cbd_bus,CBD-bound,Cbd Bus,43.91,38.597,5.313,improved
G_002_006,MRTHUB::Bayfront,Bayfront,cbd_mrt,CBD-bound,Cbd Mrt,41.407,34.007,7.4,improved
G_002_006,MRTHUB::Downtown,Downtown,cbd_mrt,CBD-bound,Cbd Mrt,38.607,37.207,1.4,improved
G_002_006,MRTHUB::Marina_Bay,Marina Bay,cbd_mrt,CBD-bound,Cbd Mrt,40.807,33.007,7.8,improved
G_002_006,MRTHUB::Maxwell,Maxwell,cbd_mrt,CBD-bound,Cbd Mrt,36.607,36.607,-0.0,unchanged
G_002_006,MRTHUB::Raffles_Place,Raffles Place,cbd_mrt,CBD-bound,Cbd Mrt,38.407,38.407,-0.0,unchanged
G_002_006,MRTHUB::Shenton_Way,Shenton Way,cbd_mrt,CBD-bound,Cbd Mrt,37.607,36.207,1.4,improved
G_002_006,MRTHUB::Tanjong_Pagar,Tanjong Pagar,cbd_mrt,CBD-bound,Cbd Mrt,34.207,34.207,-0.0,unchanged
G_003_000,BUSSTOP_OUT::95011,AFT AIRCRAFT FLYOVER,airport_bus,Airport-bound,Airport Bus,85.365,85.365,-0.0,unchanged
G_003_000,BUSSTOP_OUT::95019,AFT CHANGI AIRPORT TER 2,airport_bus,Airport-bound,Airport Bus,73.922,73.922,-0.0,unchanged
G_003_000,BUSSTOP_OUT::95029,CHANGI AIRPORT TER 1,airport_bus,Airport-bound,Airport Bus,73.176,73.176,-0.0,unchanged
G_003_000,BUSSTOP_OUT::95109,CHANGI AIRPORT TER 3,airport_bus,Airport-bound,Airport Bus,70.195,70.195,-0.0,unchanged
G_003_000,BUSSTOP_OUT::95129,CHANGI AIRPORT TER 2,airport_bus,Airport-bound,Airport Bus,70.195,70.195,-0.0,unchanged
G_003_000,BUSSTOP_OUT::95151,AIRPORT POLICE STN,airport_bus,Airport-bound,Airport Bus,83.502,83.502,-0.0,unchanged
G_003_000,BUSSTOP_OUT::95159,NEAR SATS FLIGHT KITCHEN,airport_bus,Airport-bound,Airport Bus,76.903,76.903,-0.0,unchanged
G_003_000,BUSSTOP_OUT::95209,CHANGI AIRPORT TER 4,airport_bus,Airport-bound,Airport Bus,79.885,79.885,-0.0,unchanged
G_003_000,MRTHUB::Changi_Airport,Changi Airport,airport_mrt,Airport-bound,Airport Mrt,59.895,59.895,-0.0,unchanged
G_003_000,BUSSTOP_OUT::03011,FULLERTON SQ,cbd_bus,CBD-bound,Cbd Bus,46.294,46.294,-0.0,unchanged
G_003_000,BUSSTOP_OUT::03019,OUE BAYFRONT,cbd_bus,CBD-bound,Cbd Bus,46.395,46.395,-0.0,unchanged
G_003_000,BUSSTOP_OUT::03021,PRUDENTIAL TWR,cbd_bus,CBD-bound,Cbd Bus,44.058,44.058,-0.0,unchanged
G_003_000,BUSSTOP_OUT::03031,RAFFLES PL STN EXIT F,cbd_bus,CBD-bound,Cbd Bus,44.431,44.431,-0.0,unchanged
G_003_000,BUSSTOP_OUT::03041,TELOK AYER STN EXIT A,cbd_bus,CBD-bound,Cbd Bus,44.058,44.058,-0.0,unchanged
G_003_000,BUSSTOP_OUT::03059,ONE RAFFLES QUAY,cbd_bus,CBD-bound,Cbd Bus,46.395,46.395,-0.0,unchanged
G_003_000,BUSSTOP_OUT::03071,OPP SO SOFITEL S'PORE,cbd_bus,CBD-bound,Cbd Bus,43.313,43.313,-0.0,unchanged
G_003_000,BUSSTOP_OUT::03111,AFT CAPITAL TWR,cbd_bus,CBD-bound,Cbd Bus,42.195,42.195,-0.0,unchanged
G_003_000,BUSSTOP_OUT::03129,UIC BLDG,cbd_bus,CBD-bound,Cbd Bus,42.195,42.195,-0.0,unchanged
G_003_000,BUSSTOP_OUT::03151,AFT TELOK AYER ST,cbd_bus,CBD-bound,Cbd Bus,42.195,42.195,-0.0,unchanged
G_003_000,BUSSTOP_OUT::03217,AFT STRAITS BLVD,cbd_bus,CBD-bound,Cbd Bus,42.195,42.195,-0.0,unchanged
G_003_000,BUSSTOP_OUT::03218,OPP MAS BLDG,cbd_bus,CBD-bound,Cbd Bus,42.195,42.195,-0.0,unchanged
G_003_000,BUSSTOP_OUT::03222,HUB SYNERGY PT,cbd_bus,CBD-bound,Cbd Bus,42.195,42.195,-0.0,unchanged
G_003_000,BUSSTOP_OUT::03223,TANJONG PAGAR STN EXIT C,cbd_bus,CBD-bound,Cbd Bus,42.195,42.195,-0.0,unchanged
G_003_000,BUSSTOP_OUT::03239,SHENTON WAY TER,cbd_bus,CBD-bound,Cbd Bus,42.195,42.195,-0.0,unchanged
G_003_000,BUSSTOP_OUT::03241,MAPLETREE ANSON,cbd_bus,CBD-bound,Cbd Bus,42.195,42.195,-0.0,unchanged
G_003_000,BUSSTOP_OUT::03381,THE SAIL,cbd_bus,CBD-bound,Cbd Bus,45.549,45.549,-0.0,unchanged
G_003_000,BUSSTOP_OUT::03391,MARINA BAY FINANCIAL CTR,cbd_bus,CBD-bound,Cbd Bus,46.294,46.294,-0.0,unchanged
G_003_000,BUSSTOP_OUT::03501,MARINA BAY SANDS THEATRE,cbd_bus,CBD-bound,Cbd Bus,50.394,50.394,-0.0,unchanged
G_003_000,BUSSTOP_OUT::03509,BAYFRONT STN EXIT B/MBS,cbd_bus,CBD-bound,Cbd Bus,55.795,55.795,-0.0,unchanged
G_003_000,BUSSTOP_OUT::03511,AFT BAYFRONT STN EXIT E,cbd_bus,CBD-bound,Cbd Bus,48.903,48.903,-0.0,unchanged
G_003_000,BUSSTOP_OUT::03519,BAYFRONT STN EXIT A,cbd_bus,CBD-bound,Cbd Bus,55.795,55.795,-0.0,unchanged
G_003_000,BUSSTOP_OUT::03529,DOWNTOWN STN,cbd_bus,CBD-bound,Cbd Bus,47.595,47.595,-0.0,unchanged
G_003_000,BUSSTOP_OUT::03539,Marina Bay Stn,cbd_bus,CBD-bound,Cbd Bus,50.795,50.795,-0.0,unchanged
G_003_000,BUSSTOP_OUT::05269,MAXWELL RD FC,cbd_bus,CBD-bound,Cbd Bus,46.595,46.595,-0.0,unchanged
G_003_000,BUSSTOP_OUT::05319,OCBC CTR,cbd_bus,CBD-bound,Cbd Bus,46.395,46.395,-0.0,unchanged
G_003_000,BUSSTOP_OUT::05411,TG PAGAR PLAZA,cbd_bus,CBD-bound,Cbd Bus,42.195,42.195,-0.0,unchanged
G_003_000,BUSSTOP_OUT::05419,THE AMARA,cbd_bus,CBD-bound,Cbd Bus,43.313,43.313,-0.0,unchanged
G_003_000,BUSSTOP_OUT::05431,TOWER 15,cbd_bus,CBD-bound,Cbd Bus,44.058,44.058,-0.0,unchanged
G_003_000,BUSSTOP_OUT::05629,OPP STH PT,cbd_bus,CBD-bound,Cbd Bus,45.631,45.631,-0.0,unchanged
G_003_000,BUSSTOP_OUT::05651,OPP FUJI XEROX TWRS,cbd_bus,CBD-bound,Cbd Bus,53.476,53.085,0.391,improved
G_003_000,MRTHUB::Bayfront,Bayfront,cbd_mrt,CBD-bound,Cbd Mrt,45.495,45.495,-0.0,unchanged
G_003_000,MRTHUB::Downtown,Downtown,cbd_mrt,CBD-bound,Cbd Mrt,42.695,42.695,-0.0,unchanged
G_003_000,MRTHUB::Marina_Bay,Marina Bay,cbd_mrt,CBD-bound,Cbd Mrt,40.495,40.495,-0.0,unchanged
G_003_000,MRTHUB::Maxwell,Maxwell,cbd_mrt,CBD-bound,Cbd Mrt,36.295,36.295,-0.0,unchanged
G_003_000,MRTHUB::Raffles_Place,Raffles Place,cbd_mrt,CBD-bound,Cbd Mrt,36.095,36.095,-0.0,unchanged
G_003_000,MRTHUB::Shenton_Way,Shenton Way,cbd_mrt,CBD-bound,Cbd Mrt,37.295,37.295,-0.0,unchanged
G_003_000,MRTHUB::Tanjong_Pagar,Tanjong Pagar,cbd_mrt,CBD-bound,Cbd Mrt,31.895,31.895,-0.0,unchanged
G_003_001,BUSSTOP_OUT::95011,AFT AIRCRAFT FLYOVER,airport_bus,Airport-bound,Airport Bus,87.444,87.444,-0.0,unchanged
G_003_001,BUSSTOP_OUT::95019,AFT CHANGI AIRPORT TER 2,airport_bus,Airport-bound,Airport Bus,76.001,76.001,-0.0,unchanged
G_003_001,BUSSTOP_OUT::95029,CHANGI AIRPORT TER 1,airport_bus,Airport-bound,Airport Bus,75.255,75.255,-0.0,unchanged
G_003_001,BUSSTOP_OUT::95109,CHANGI AIRPORT TER 3,airport_bus,Airport-bound,Airport Bus,72.274,72.274,-0.0,unchanged
G_003_001,BUSSTOP_OUT::95129,CHANGI AIRPORT TER 2,airport_bus,Airport-bound,Airport Bus,72.274,72.274,-0.0,unchanged
G_003_001,BUSSTOP_OUT::95151,AIRPORT POLICE STN,airport_bus,Airport-bound,Airport Bus,85.581,85.581,-0.0,unchanged
G_003_001,BUSSTOP_OUT::95159,NEAR SATS FLIGHT KITCHEN,airport_bus,Airport-bound,Airport Bus,78.982,78.982,-0.0,unchanged
G_003_001,BUSSTOP_OUT::95209,CHANGI AIRPORT TER 4,airport_bus,Airport-bound,Airport Bus,81.964,81.964,-0.0,unchanged
G_003_001,MRTHUB::Changi_Airport,Changi Airport,airport_mrt,Airport-bound,Airport Mrt,61.974,61.974,-0.0,unchanged
G_003_001,BUSSTOP_OUT::03011,FULLERTON SQ,cbd_bus,CBD-bound,Cbd Bus,48.373,48.373,-0.0,unchanged
G_003_001,BUSSTOP_OUT::03019,OUE BAYFRONT,cbd_bus,CBD-bound,Cbd Bus,48.474,48.474,-0.0,unchanged
G_003_001,BUSSTOP_OUT::03021,PRUDENTIAL TWR,cbd_bus,CBD-bound,Cbd Bus,46.137,46.137,-0.0,unchanged
G_003_001,BUSSTOP_OUT::03031,RAFFLES PL STN EXIT F,cbd_bus,CBD-bound,Cbd Bus,46.51,46.51,-0.0,unchanged
G_003_001,BUSSTOP_OUT::03041,TELOK AYER STN EXIT A,cbd_bus,CBD-bound,Cbd Bus,46.137,46.137,-0.0,unchanged
G_003_001,BUSSTOP_OUT::03059,ONE RAFFLES QUAY,cbd_bus,CBD-bound,Cbd Bus,48.474,48.474,-0.0,unchanged
G_003_001,BUSSTOP_OUT::03071,OPP SO SOFITEL S'PORE,cbd_bus,CBD-bound,Cbd Bus,45.392,45.392,-0.0,unchanged
G_003_001,BUSSTOP_OUT::03111,AFT CAPITAL TWR,cbd_bus,CBD-bound,Cbd Bus,44.274,44.274,-0.0,unchanged
G_003_001,BUSSTOP_OUT::03129,UIC BLDG,cbd_bus,CBD-bound,Cbd Bus,44.274,44.274,-0.0,unchanged
G_003_001,BUSSTOP_OUT::03151,AFT TELOK AYER ST,cbd_bus,CBD-bound,Cbd Bus,44.274,44.274,-0.0,unchanged
G_003_001,BUSSTOP_OUT::03217,AFT STRAITS BLVD,cbd_bus,CBD-bound,Cbd Bus,44.274,42.874,1.4,improved
G_003_001,BUSSTOP_OUT::03218,OPP MAS BLDG,cbd_bus,CBD-bound,Cbd Bus,44.274,42.874,1.4,improved
G_003_001,BUSSTOP_OUT::03222,HUB SYNERGY PT,cbd_bus,CBD-bound,Cbd Bus,44.274,42.874,1.4,improved
G_003_001,BUSSTOP_OUT::03223,TANJONG PAGAR STN EXIT C,cbd_bus,CBD-bound,Cbd Bus,44.274,42.874,1.4,improved
G_003_001,BUSSTOP_OUT::03239,SHENTON WAY TER,cbd_bus,CBD-bound,Cbd Bus,44.274,42.874,1.4,improved
G_003_001,BUSSTOP_OUT::03241,MAPLETREE ANSON,cbd_bus,CBD-bound,Cbd Bus,44.274,42.874,1.4,improved
G_003_001,BUSSTOP_OUT::03381,THE SAIL,cbd_bus,CBD-bound,Cbd Bus,47.628,47.628,-0.0,unchanged
G_003_001,BUSSTOP_OUT::03391,MARINA BAY FINANCIAL CTR,cbd_bus,CBD-bound,Cbd Bus,48.373,48.373,-0.0,unchanged
G_003_001,BUSSTOP_OUT::03501,MARINA BAY SANDS THEATRE,cbd_bus,CBD-bound,Cbd Bus,51.474,48.074,3.4,improved
G_003_001,BUSSTOP_OUT::03509,BAYFRONT STN EXIT B/MBS,cbd_bus,CBD-bound,Cbd Bus,51.474,48.074,3.4,improved
G_003_001,BUSSTOP_OUT::03511,AFT BAYFRONT STN EXIT E,cbd_bus,CBD-bound,Cbd Bus,50.982,48.074,2.908,improved
G_003_001,BUSSTOP_OUT::03519,BAYFRONT STN EXIT A,cbd_bus,CBD-bound,Cbd Bus,51.474,48.074,3.4,improved
G_003_001,BUSSTOP_OUT::03529,DOWNTOWN STN,cbd_bus,CBD-bound,Cbd Bus,49.674,48.565,1.109,improved
G_003_001,BUSSTOP_OUT::03539,Marina Bay Stn,cbd_bus,CBD-bound,Cbd Bus,50.274,47.074,3.2,improved
G_003_001,BUSSTOP_OUT::05269,MAXWELL RD FC,cbd_bus,CBD-bound,Cbd Bus,48.674,48.674,-0.0,unchanged
G_003_001,BUSSTOP_OUT::05319,OCBC CTR,cbd_bus,CBD-bound,Cbd Bus,48.474,48.474,-0.0,unchanged
G_003_001,BUSSTOP_OUT::05411,TG PAGAR PLAZA,cbd_bus,CBD-bound,Cbd Bus,44.274,43.109,1.165,improved
G_003_001,BUSSTOP_OUT::05419,THE AMARA,cbd_bus,CBD-bound,Cbd Bus,45.392,45.392,-0.0,unchanged
G_003_001,BUSSTOP_OUT::05431,TOWER 15,cbd_bus,CBD-bound,Cbd Bus,46.137,46.137,-0.0,unchanged
G_003_001,BUSSTOP_OUT::05629,OPP STH PT,cbd_bus,CBD-bound,Cbd Bus,47.71,41.619,6.091,improved
G_003_001,BUSSTOP_OUT::05651,OPP FUJI XEROX TWRS,cbd_bus,CBD-bound,Cbd Bus,49.136,42.364,6.772,improved
G_003_001,MRTHUB::Bayfront,Bayfront,cbd_mrt,CBD-bound,Cbd Mrt,41.174,37.774,3.4,improved
G_003_001,MRTHUB::Downtown,Downtown,cbd_mrt,CBD-bound,Cbd Mrt,39.974,39.974,-0.0,unchanged
G_003_001,MRTHUB::Marina_Bay,Marina Bay,cbd_mrt,CBD-bound,Cbd Mrt,42.574,36.774,5.8,improved
G_003_001,MRTHUB::Maxwell,Maxwell,cbd_mrt,CBD-bound,Cbd Mrt,38.374,38.374,-0.0,unchanged
G_003_001,MRTHUB::Raffles_Place,Raffles Place,cbd_mrt,CBD-bound,Cbd Mrt,38.174,38.174,-0.0,unchanged
G_003_001,MRTHUB::Shenton_Way,Shenton Way,cbd_mrt,CBD-bound,Cbd Mrt,39.374,39.374,-0.0,unchanged
G_003_001,MRTHUB::Tanjong_Pagar,Tanjong Pagar,cbd_mrt,CBD-bound,Cbd Mrt,33.974,33.974,-0.0,unchanged
G_003_002,BUSSTOP_OUT::95011,AFT AIRCRAFT FLYOVER,airport_bus,Airport-bound,Airport Bus,85.546,85.546,-0.0,unchanged
G_003_002,BUSSTOP_OUT::95019,AFT CHANGI AIRPORT TER 2,airport_bus,Airport-bound,Airport Bus,74.103,74.103,-0.0,unchanged
G_003_002,BUSSTOP_OUT::95029,CHANGI AIRPORT TER 1,airport_bus,Airport-bound,Airport Bus,73.357,73.357,-0.0,unchanged
G_003_002,BUSSTOP_OUT::95109,CHANGI AIRPORT TER 3,airport_bus,Airport-bound,Airport Bus,70.376,70.376,-0.0,unchanged
G_003_002,BUSSTOP_OUT::95129,CHANGI AIRPORT TER 2,airport_bus,Airport-bound,Airport Bus,70.376,70.376,-0.0,unchanged
G_003_002,BUSSTOP_OUT::95151,AIRPORT POLICE STN,airport_bus,Airport-bound,Airport Bus,83.683,83.683,-0.0,unchanged
G_003_002,BUSSTOP_OUT::95159,NEAR SATS FLIGHT KITCHEN,airport_bus,Airport-bound,Airport Bus,77.084,77.084,-0.0,unchanged
G_003_002,BUSSTOP_OUT::95209,CHANGI AIRPORT TER 4,airport_bus,Airport-bound,Airport Bus,80.066,80.066,-0.0,unchanged
G_003_002,MRTHUB::Changi_Airport,Changi Airport,airport_mrt,Airport-bound,Airport Mrt,60.076,60.076,-0.0,unchanged
G_003_002,BUSSTOP_OUT::03011,FULLERTON SQ,cbd_bus,CBD-bound,Cbd Bus,46.475,46.475,-0.0,unchanged
G_003_002,BUSSTOP_OUT::03019,OUE BAYFRONT,cbd_bus,CBD-bound,Cbd Bus,46.576,46.576,-0.0,unchanged
G_003_002,BUSSTOP_OUT::03021,PRUDENTIAL TWR,cbd_bus,CBD-bound,Cbd Bus,44.239,44.239,-0.0,unchanged
G_003_002,BUSSTOP_OUT::03031,RAFFLES PL STN EXIT F,cbd_bus,CBD-bound,Cbd Bus,44.612,44.612,-0.0,unchanged
G_003_002,BUSSTOP_OUT::03041,TELOK AYER STN EXIT A,cbd_bus,CBD-bound,Cbd Bus,44.239,44.239,-0.0,unchanged
G_003_002,BUSSTOP_OUT::03059,ONE RAFFLES QUAY,cbd_bus,CBD-bound,Cbd Bus,46.576,46.576,-0.0,unchanged
G_003_002,BUSSTOP_OUT::03071,OPP SO SOFITEL S'PORE,cbd_bus,CBD-bound,Cbd Bus,43.494,43.494,-0.0,unchanged
G_003_002,BUSSTOP_OUT::03111,AFT CAPITAL TWR,cbd_bus,CBD-bound,Cbd Bus,42.376,42.376,-0.0,unchanged
G_003_002,BUSSTOP_OUT::03129,UIC BLDG,cbd_bus,CBD-bound,Cbd Bus,42.376,42.376,-0.0,unchanged
G_003_002,BUSSTOP_OUT::03151,AFT TELOK AYER ST,cbd_bus,CBD-bound,Cbd Bus,42.376,42.376,-0.0,unchanged
G_003_002,BUSSTOP_OUT::03217,AFT STRAITS BLVD,cbd_bus,CBD-bound,Cbd Bus,42.376,40.976,1.4,improved
G_003_002,BUSSTOP_OUT::03218,OPP MAS BLDG,cbd_bus,CBD-bound,Cbd Bus,42.376,40.976,1.4,improved
G_003_002,BUSSTOP_OUT::03222,HUB SYNERGY PT,cbd_bus,CBD-bound,Cbd Bus,42.376,40.976,1.4,improved
G_003_002,BUSSTOP_OUT::03223,TANJONG PAGAR STN EXIT C,cbd_bus,CBD-bound,Cbd Bus,42.376,40.976,1.4,improved
G_003_002,BUSSTOP_OUT::03239,SHENTON WAY TER,cbd_bus,CBD-bound,Cbd Bus,42.376,40.976,1.4,improved
G_003_002,BUSSTOP_OUT::03241,MAPLETREE ANSON,cbd_bus,CBD-bound,Cbd Bus,42.376,40.976,1.4,improved
G_003_002,BUSSTOP_OUT::03381,THE SAIL,cbd_bus,CBD-bound,Cbd Bus,45.73,45.73,-0.0,unchanged
G_003_002,BUSSTOP_OUT::03391,MARINA BAY FINANCIAL CTR,cbd_bus,CBD-bound,Cbd Bus,46.475,46.475,-0.0,unchanged
G_003_002,BUSSTOP_OUT::03501,MARINA BAY SANDS THEATRE,cbd_bus,CBD-bound,Cbd Bus,49.576,46.176,3.4,improved
G_003_002,BUSSTOP_OUT::03509,BAYFRONT STN EXIT B/MBS,cbd_bus,CBD-bound,Cbd Bus,49.576,46.176,3.4,improved
G_003_002,BUSSTOP_OUT::03511,AFT BAYFRONT STN EXIT E,cbd_bus,CBD-bound,Cbd Bus,49.084,46.176,2.908,improved
G_003_002,BUSSTOP_OUT::03519,BAYFRONT STN EXIT A,cbd_bus,CBD-bound,Cbd Bus,49.576,46.176,3.4,improved
G_003_002,BUSSTOP_OUT::03529,DOWNTOWN STN,cbd_bus,CBD-bound,Cbd Bus,47.776,46.667,1.109,improved
G_003_002,BUSSTOP_OUT::03539,Marina Bay Stn,cbd_bus,CBD-bound,Cbd Bus,48.376,45.176,3.2,improved
G_003_002,BUSSTOP_OUT::05269,MAXWELL RD FC,cbd_bus,CBD-bound,Cbd Bus,46.776,46.776,-0.0,unchanged
G_003_002,BUSSTOP_OUT::05319,OCBC CTR,cbd_bus,CBD-bound,Cbd Bus,46.576,46.576,-0.0,unchanged
G_003_002,BUSSTOP_OUT::05411,TG PAGAR PLAZA,cbd_bus,CBD-bound,Cbd Bus,42.376,41.211,1.165,improved
G_003_002,BUSSTOP_OUT::05419,THE AMARA,cbd_bus,CBD-bound,Cbd Bus,43.494,43.494,-0.0,unchanged
G_003_002,BUSSTOP_OUT::05431,TOWER 15,cbd_bus,CBD-bound,Cbd Bus,44.239,44.239,-0.0,unchanged
G_003_002,BUSSTOP_OUT::05629,OPP STH PT,cbd_bus,CBD-bound,Cbd Bus,45.812,39.721,6.091,improved
G_003_002,BUSSTOP_OUT::05651,OPP FUJI XEROX TWRS,cbd_bus,CBD-bound,Cbd Bus,47.238,40.466,6.772,improved
G_003_002,MRTHUB::Bayfront,Bayfront,cbd_mrt,CBD-bound,Cbd Mrt,39.276,35.876,3.4,improved
G_003_002,MRTHUB::Downtown,Downtown,cbd_mrt,CBD-bound,Cbd Mrt,38.076,38.076,-0.0,unchanged
G_003_002,MRTHUB::Marina_Bay,Marina Bay,cbd_mrt,CBD-bound,Cbd Mrt,40.676,34.876,5.8,improved
G_003_002,MRTHUB::Maxwell,Maxwell,cbd_mrt,CBD-bound,Cbd Mrt,36.476,36.476,-0.0,unchanged
G_003_002,MRTHUB::Raffles_Place,Raffles Place,cbd_mrt,CBD-bound,Cbd Mrt,36.276,36.276,-0.0,unchanged
G_003_002,MRTHUB::Shenton_Way,Shenton Way,cbd_mrt,CBD-bound,Cbd Mrt,37.476,37.476,-0.0,unchanged
G_003_002,MRTHUB::Tanjong_Pagar,Tanjong Pagar,cbd_mrt,CBD-bound,Cbd Mrt,32.076,32.076,-0.0,unchanged
G_003_003,BUSSTOP_OUT::95011,AFT AIRCRAFT FLYOVER,airport_bus,Airport-bound,Airport Bus,89.037,89.037,-0.0,unchanged
G_003_003,BUSSTOP_OUT::95019,AFT CHANGI AIRPORT TER 2,airport_bus,Airport-bound,Airport Bus,77.594,77.594,-0.0,unchanged
G_003_003,BUSSTOP_OUT::95029,CHANGI AIRPORT TER 1,airport_bus,Airport-bound,Airport Bus,76.848,76.848,-0.0,unchanged
G_003_003,BUSSTOP_OUT::95109,CHANGI AIRPORT TER 3,airport_bus,Airport-bound,Airport Bus,73.867,73.867,-0.0,unchanged
G_003_003,BUSSTOP_OUT::95129,CHANGI AIRPORT TER 2,airport_bus,Airport-bound,Airport Bus,73.867,73.867,-0.0,unchanged
G_003_003,BUSSTOP_OUT::95151,AIRPORT POLICE STN,airport_bus,Airport-bound,Airport Bus,87.174,87.174,-0.0,unchanged
G_003_003,BUSSTOP_OUT::95159,NEAR SATS FLIGHT KITCHEN,airport_bus,Airport-bound,Airport Bus,80.575,80.575,-0.0,unchanged
G_003_003,BUSSTOP_OUT::95209,CHANGI AIRPORT TER 4,airport_bus,Airport-bound,Airport Bus,83.557,83.557,-0.0,unchanged
G_003_003,MRTHUB::Changi_Airport,Changi Airport,airport_mrt,Airport-bound,Airport Mrt,63.567,63.567,-0.0,unchanged
G_003_003,BUSSTOP_OUT::03011,FULLERTON SQ,cbd_bus,CBD-bound,Cbd Bus,49.966,49.966,-0.0,unchanged
G_003_003,BUSSTOP_OUT::03019,OUE BAYFRONT,cbd_bus,CBD-bound,Cbd Bus,50.067,50.067,-0.0,unchanged
G_003_003,BUSSTOP_OUT::03021,PRUDENTIAL TWR,cbd_bus,CBD-bound,Cbd Bus,47.73,47.73,-0.0,unchanged
G_003_003,BUSSTOP_OUT::03031,RAFFLES PL STN EXIT F,cbd_bus,CBD-bound,Cbd Bus,48.103,48.103,-0.0,unchanged
G_003_003,BUSSTOP_OUT::03041,TELOK AYER STN EXIT A,cbd_bus,CBD-bound,Cbd Bus,47.73,47.73,-0.0,unchanged
G_003_003,BUSSTOP_OUT::03059,ONE RAFFLES QUAY,cbd_bus,CBD-bound,Cbd Bus,50.067,50.067,-0.0,unchanged
G_003_003,BUSSTOP_OUT::03071,OPP SO SOFITEL S'PORE,cbd_bus,CBD-bound,Cbd Bus,46.985,46.985,-0.0,unchanged
G_003_003,BUSSTOP_OUT::03111,AFT CAPITAL TWR,cbd_bus,CBD-bound,Cbd Bus,45.867,45.867,-0.0,unchanged
G_003_003,BUSSTOP_OUT::03129,UIC BLDG,cbd_bus,CBD-bound,Cbd Bus,45.867,45.867,-0.0,unchanged
G_003_003,BUSSTOP_OUT::03151,AFT TELOK AYER ST,cbd_bus,CBD-bound,Cbd Bus,45.867,45.867,-0.0,unchanged
G_003_003,BUSSTOP_OUT::03217,AFT STRAITS BLVD,cbd_bus,CBD-bound,Cbd Bus,45.867,44.467,1.4,improved
G_003_003,BUSSTOP_OUT::03218,OPP MAS BLDG,cbd_bus,CBD-bound,Cbd Bus,45.867,44.467,1.4,improved
G_003_003,BUSSTOP_OUT::03222,HUB SYNERGY PT,cbd_bus,CBD-bound,Cbd Bus,45.867,44.467,1.4,improved
G_003_003,BUSSTOP_OUT::03223,TANJONG PAGAR STN EXIT C,cbd_bus,CBD-bound,Cbd Bus,45.867,44.467,1.4,improved
G_003_003,BUSSTOP_OUT::03239,SHENTON WAY TER,cbd_bus,CBD-bound,Cbd Bus,45.867,44.467,1.4,improved
G_003_003,BUSSTOP_OUT::03241,MAPLETREE ANSON,cbd_bus,CBD-bound,Cbd Bus,45.867,44.467,1.4,improved
G_003_003,BUSSTOP_OUT::03381,THE SAIL,cbd_bus,CBD-bound,Cbd Bus,49.221,49.221,-0.0,unchanged
G_003_003,BUSSTOP_OUT::03391,MARINA BAY FINANCIAL CTR,cbd_bus,CBD-bound,Cbd Bus,49.966,49.966,-0.0,unchanged
G_003_003,BUSSTOP_OUT::03501,MARINA BAY SANDS THEATRE,cbd_bus,CBD-bound,Cbd Bus,53.067,49.667,3.4,improved
G_003_003,BUSSTOP_OUT::03509,BAYFRONT STN EXIT B/MBS,cbd_bus,CBD-bound,Cbd Bus,53.067,49.667,3.4,improved
G_003_003,BUSSTOP_OUT::03511,AFT BAYFRONT STN EXIT E,cbd_bus,CBD-bound,Cbd Bus,52.575,49.667,2.908,improved
G_003_003,BUSSTOP_OUT::03519,BAYFRONT STN EXIT A,cbd_bus,CBD-bound,Cbd Bus,53.067,49.667,3.4,improved
G_003_003,BUSSTOP_OUT::03529,DOWNTOWN STN,cbd_bus,CBD-bound,Cbd Bus,51.267,50.158,1.109,improved
G_003_003,BUSSTOP_OUT::03539,Marina Bay Stn,cbd_bus,CBD-bound,Cbd Bus,51.867,48.667,3.2,improved
G_003_003,BUSSTOP_OUT::05269,MAXWELL RD FC,cbd_bus,CBD-bound,Cbd Bus,50.267,50.267,-0.0,unchanged
G_003_003,BUSSTOP_OUT::05319,OCBC CTR,cbd_bus,CBD-bound,Cbd Bus,50.067,50.067,-0.0,unchanged
G_003_003,BUSSTOP_OUT::05411,TG PAGAR PLAZA,cbd_bus,CBD-bound,Cbd Bus,45.867,44.702,1.165,improved
G_003_003,BUSSTOP_OUT::05419,THE AMARA,cbd_bus,CBD-bound,Cbd Bus,46.985,46.985,-0.0,unchanged
G_003_003,BUSSTOP_OUT::05431,TOWER 15,cbd_bus,CBD-bound,Cbd Bus,47.73,47.73,-0.0,unchanged
G_003_003,BUSSTOP_OUT::05629,OPP STH PT,cbd_bus,CBD-bound,Cbd Bus,49.303,43.212,6.091,improved
G_003_003,BUSSTOP_OUT::05651,OPP FUJI XEROX TWRS,cbd_bus,CBD-bound,Cbd Bus,50.729,43.957,6.772,improved
G_003_003,MRTHUB::Bayfront,Bayfront,cbd_mrt,CBD-bound,Cbd Mrt,42.767,39.367,3.4,improved
G_003_003,MRTHUB::Downtown,Downtown,cbd_mrt,CBD-bound,Cbd Mrt,41.567,41.567,-0.0,unchanged
G_003_003,MRTHUB::Marina_Bay,Marina Bay,cbd_mrt,CBD-bound,Cbd Mrt,44.167,38.367,5.8,improved
G_003_003,MRTHUB::Maxwell,Maxwell,cbd_mrt,CBD-bound,Cbd Mrt,39.967,39.967,-0.0,unchanged
G_003_003,MRTHUB::Raffles_Place,Raffles Place,cbd_mrt,CBD-bound,Cbd Mrt,39.767,39.767,-0.0,unchanged
G_003_003,MRTHUB::Shenton_Way,Shenton Way,cbd_mrt,CBD-bound,Cbd Mrt,40.967,40.967,-0.0,unchanged
G_003_003,MRTHUB::Tanjong_Pagar,Tanjong Pagar,cbd_mrt,CBD-bound,Cbd Mrt,35.567,35.567,-0.0,unchanged
G_003_004,BUSSTOP_OUT::95011,AFT AIRCRAFT FLYOVER,airport_bus,Airport-bound,Airport Bus,88.308,88.308,-0.0,unchanged
G_003_004,BUSSTOP_OUT::95019,AFT CHANGI AIRPORT TER 2,airport_bus,Airport-bound,Airport Bus,76.865,76.865,-0.0,unchanged
G_003_004,BUSSTOP_OUT::95029,CHANGI AIRPORT TER 1,airport_bus,Airport-bound,Airport Bus,76.119,76.119,-0.0,unchanged
G_003_004,BUSSTOP_OUT::95109,CHANGI AIRPORT TER 3,airport_bus,Airport-bound,Airport Bus,73.138,73.138,-0.0,unchanged
G_003_004,BUSSTOP_OUT::95129,CHANGI AIRPORT TER 2,airport_bus,Airport-bound,Airport Bus,73.138,73.138,-0.0,unchanged
G_003_004,BUSSTOP_OUT::95151,AIRPORT POLICE STN,airport_bus,Airport-bound,Airport Bus,86.445,86.445,-0.0,unchanged
G_003_004,BUSSTOP_OUT::95159,NEAR SATS FLIGHT KITCHEN,airport_bus,Airport-bound,Airport Bus,79.846,79.846,-0.0,unchanged
G_003_004,BUSSTOP_OUT::95209,CHANGI AIRPORT TER 4,airport_bus,Airport-bound,Airport Bus,82.828,82.828,-0.0,unchanged
G_003_004,MRTHUB::Changi_Airport,Changi Airport,airport_mrt,Airport-bound,Airport Mrt,62.838,62.838,-0.0,unchanged
G_003_004,BUSSTOP_OUT::03011,FULLERTON SQ,cbd_bus,CBD-bound,Cbd Bus,49.237,49.237,-0.0,unchanged
G_003_004,BUSSTOP_OUT::03019,OUE BAYFRONT,cbd_bus,CBD-bound,Cbd Bus,49.338,49.338,-0.0,unchanged
G_003_004,BUSSTOP_OUT::03021,PRUDENTIAL TWR,cbd_bus,CBD-bound,Cbd Bus,47.001,47.001,-0.0,unchanged
G_003_004,BUSSTOP_OUT::03031,RAFFLES PL STN EXIT F,cbd_bus,CBD-bound,Cbd Bus,47.374,47.374,-0.0,unchanged
G_003_004,BUSSTOP_OUT::03041,TELOK AYER STN EXIT A,cbd_bus,CBD-bound,Cbd Bus,47.001,47.001,-0.0,unchanged
G_003_004,BUSSTOP_OUT::03059,ONE RAFFLES QUAY,cbd_bus,CBD-bound,Cbd Bus,49.338,49.338,-0.0,unchanged
G_003_004,BUSSTOP_OUT::03071,OPP SO SOFITEL S'PORE,cbd_bus,CBD-bound,Cbd Bus,46.256,46.256,-0.0,unchanged
G_003_004,BUSSTOP_OUT::03111,AFT CAPITAL TWR,cbd_bus,CBD-bound,Cbd Bus,45.138,45.138,-0.0,unchanged
G_003_004,BUSSTOP_OUT::03129,UIC BLDG,cbd_bus,CBD-bound,Cbd Bus,45.138,45.138,-0.0,unchanged
G_003_004,BUSSTOP_OUT::03151,AFT TELOK AYER ST,cbd_bus,CBD-bound,Cbd Bus,45.138,45.138,-0.0,unchanged
G_003_004,BUSSTOP_OUT::03217,AFT STRAITS BLVD,cbd_bus,CBD-bound,Cbd Bus,45.138,43.738,1.4,improved
G_003_004,BUSSTOP_OUT::03218,OPP MAS BLDG,cbd_bus,CBD-bound,Cbd Bus,45.138,43.738,1.4,improved
G_003_004,BUSSTOP_OUT::03222,HUB SYNERGY PT,cbd_bus,CBD-bound,Cbd Bus,42.864,42.864,-0.0,unchanged
G_003_004,BUSSTOP_OUT::03223,TANJONG PAGAR STN EXIT C,cbd_bus,CBD-bound,Cbd Bus,45.138,43.738,1.4,improved
G_003_004,BUSSTOP_OUT::03239,SHENTON WAY TER,cbd_bus,CBD-bound,Cbd Bus,45.138,43.738,1.4,improved
G_003_004,BUSSTOP_OUT::03241,MAPLETREE ANSON,cbd_bus,CBD-bound,Cbd Bus,45.138,43.738,1.4,improved
G_003_004,BUSSTOP_OUT::03381,THE SAIL,cbd_bus,CBD-bound,Cbd Bus,48.492,48.492,-0.0,unchanged
G_003_004,BUSSTOP_OUT::03391,MARINA BAY FINANCIAL CTR,cbd_bus,CBD-bound,Cbd Bus,49.237,49.237,-0.0,unchanged
G_003_004,BUSSTOP_OUT::03501,MARINA BAY SANDS THEATRE,cbd_bus,CBD-bound,Cbd Bus,52.338,48.938,3.4,improved
G_003_004,BUSSTOP_OUT::03509,BAYFRONT STN EXIT B/MBS,cbd_bus,CBD-bound,Cbd Bus,52.338,48.938,3.4,improved
G_003_004,BUSSTOP_OUT::03511,AFT BAYFRONT STN EXIT E,cbd_bus,CBD-bound,Cbd Bus,51.846,48.938,2.908,improved
G_003_004,BUSSTOP_OUT::03519,BAYFRONT STN EXIT A,cbd_bus,CBD-bound,Cbd Bus,52.338,48.938,3.4,improved
G_003_004,BUSSTOP_OUT::03529,DOWNTOWN STN,cbd_bus,CBD-bound,Cbd Bus,50.538,49.429,1.109,improved
G_003_004,BUSSTOP_OUT::03539,Marina Bay Stn,cbd_bus,CBD-bound,Cbd Bus,51.138,47.938,3.2,improved
G_003_004,BUSSTOP_OUT::05269,MAXWELL RD FC,cbd_bus,CBD-bound,Cbd Bus,49.538,49.538,-0.0,unchanged
G_003_004,BUSSTOP_OUT::05319,OCBC CTR,cbd_bus,CBD-bound,Cbd Bus,49.338,49.338,-0.0,unchanged
G_003_004,BUSSTOP_OUT::05411,TG PAGAR PLAZA,cbd_bus,CBD-bound,Cbd Bus,45.138,43.973,1.165,improved
G_003_004,BUSSTOP_OUT::05419,THE AMARA,cbd_bus,CBD-bound,Cbd Bus,46.256,46.256,-0.0,unchanged
G_003_004,BUSSTOP_OUT::05431,TOWER 15,cbd_bus,CBD-bound,Cbd Bus,47.001,47.001,-0.0,unchanged
G_003_004,BUSSTOP_OUT::05629,OPP STH PT,cbd_bus,CBD-bound,Cbd Bus,48.574,42.483,6.091,improved
G_003_004,BUSSTOP_OUT::05651,OPP FUJI XEROX TWRS,cbd_bus,CBD-bound,Cbd Bus,49.218,43.228,5.99,improved
G_003_004,MRTHUB::Bayfront,Bayfront,cbd_mrt,CBD-bound,Cbd Mrt,42.038,38.638,3.4,improved
G_003_004,MRTHUB::Downtown,Downtown,cbd_mrt,CBD-bound,Cbd Mrt,40.838,40.838,-0.0,unchanged
G_003_004,MRTHUB::Marina_Bay,Marina Bay,cbd_mrt,CBD-bound,Cbd Mrt,43.438,37.638,5.8,improved
G_003_004,MRTHUB::Maxwell,Maxwell,cbd_mrt,CBD-bound,Cbd Mrt,39.238,39.238,-0.0,unchanged
G_003_004,MRTHUB::Raffles_Place,Raffles Place,cbd_mrt,CBD-bound,Cbd Mrt,39.038,39.038,-0.0,unchanged
G_003_004,MRTHUB::Shenton_Way,Shenton Way,cbd_mrt,CBD-bound,Cbd Mrt,40.238,40.238,-0.0,unchanged
G_003_004,MRTHUB::Tanjong_Pagar,Tanjong Pagar,cbd_mrt,CBD-bound,Cbd Mrt,34.838,34.838,-0.0,unchanged
G_003_005,BUSSTOP_OUT::95011,AFT AIRCRAFT FLYOVER,airport_bus,Airport-bound,Airport Bus,88.632,88.632,-0.0,unchanged
G_003_005,BUSSTOP_OUT::95019,AFT CHANGI AIRPORT TER 2,airport_bus,Airport-bound,Airport Bus,77.189,77.189,-0.0,unchanged
G_003_005,BUSSTOP_OUT::95029,CHANGI AIRPORT TER 1,airport_bus,Airport-bound,Airport Bus,76.443,76.443,-0.0,unchanged
G_003_005,BUSSTOP_OUT::95109,CHANGI AIRPORT TER 3,airport_bus,Airport-bound,Airport Bus,73.462,73.462,-0.0,unchanged
G_003_005,BUSSTOP_OUT::95129,CHANGI AIRPORT TER 2,airport_bus,Airport-bound,Airport Bus,73.462,73.462,-0.0,unchanged
G_003_005,BUSSTOP_OUT::95151,AIRPORT POLICE STN,airport_bus,Airport-bound,Airport Bus,86.769,86.769,-0.0,unchanged
G_003_005,BUSSTOP_OUT::95159,NEAR SATS FLIGHT KITCHEN,airport_bus,Airport-bound,Airport Bus,80.17,80.17,-0.0,unchanged
G_003_005,BUSSTOP_OUT::95209,CHANGI AIRPORT TER 4,airport_bus,Airport-bound,Airport Bus,83.152,83.152,-0.0,unchanged
G_003_005,MRTHUB::Changi_Airport,Changi Airport,airport_mrt,Airport-bound,Airport Mrt,63.162,63.162,-0.0,unchanged
G_003_005,BUSSTOP_OUT::03011,FULLERTON SQ,cbd_bus,CBD-bound,Cbd Bus,45.916,45.916,-0.0,unchanged
G_003_005,BUSSTOP_OUT::03019,OUE BAYFRONT,cbd_bus,CBD-bound,Cbd Bus,49.662,49.367,0.295,improved
G_003_005,BUSSTOP_OUT::03021,PRUDENTIAL TWR,cbd_bus,CBD-bound,Cbd Bus,47.325,43.74,3.585,improved
G_003_005,BUSSTOP_OUT::03031,RAFFLES PL STN EXIT F,cbd_bus,CBD-bound,Cbd Bus,43.68,43.68,-0.0,unchanged
G_003_005,BUSSTOP_OUT::03041,TELOK AYER STN EXIT A,cbd_bus,CBD-bound,Cbd Bus,47.325,43.74,3.585,improved
G_003_005,BUSSTOP_OUT::03059,ONE RAFFLES QUAY,cbd_bus,CBD-bound,Cbd Bus,48.513,48.513,-0.0,unchanged
G_003_005,BUSSTOP_OUT::03071,OPP SO SOFITEL S'PORE,cbd_bus,CBD-bound,Cbd Bus,42.562,42.562,-0.0,unchanged
G_003_005,BUSSTOP_OUT::03111,AFT CAPITAL TWR,cbd_bus,CBD-bound,Cbd Bus,41.444,41.444,-0.0,unchanged
G_003_005,BUSSTOP_OUT::03129,UIC BLDG,cbd_bus,CBD-bound,Cbd Bus,45.462,45.462,-0.0,unchanged
G_003_005,BUSSTOP_OUT::03151,AFT TELOK AYER ST,cbd_bus,CBD-bound,Cbd Bus,45.462,41.877,3.585,improved
G_003_005,BUSSTOP_OUT::03217,AFT STRAITS BLVD,cbd_bus,CBD-bound,Cbd Bus,45.462,40.386,5.076,improved
G_003_005,BUSSTOP_OUT::03218,OPP MAS BLDG,cbd_bus,CBD-bound,Cbd Bus,45.462,40.386,5.076,improved
G_003_005,BUSSTOP_OUT::03222,HUB SYNERGY PT,cbd_bus,CBD-bound,Cbd Bus,38.835,38.835,-0.0,unchanged
G_003_005,BUSSTOP_OUT::03223,TANJONG PAGAR STN EXIT C,cbd_bus,CBD-bound,Cbd Bus,45.462,40.386,5.076,improved
G_003_005,BUSSTOP_OUT::03239,SHENTON WAY TER,cbd_bus,CBD-bound,Cbd Bus,45.462,40.386,5.076,improved
G_003_005,BUSSTOP_OUT::03241,MAPLETREE ANSON,cbd_bus,CBD-bound,Cbd Bus,45.462,40.386,5.076,improved
G_003_005,BUSSTOP_OUT::03381,THE SAIL,cbd_bus,CBD-bound,Cbd Bus,48.816,45.231,3.585,improved
G_003_005,BUSSTOP_OUT::03391,MARINA BAY FINANCIAL CTR,cbd_bus,CBD-bound,Cbd Bus,49.561,45.976,3.585,improved
G_003_005,BUSSTOP_OUT::03501,MARINA BAY SANDS THEATRE,cbd_bus,CBD-bound,Cbd Bus,52.662,45.586,7.076,improved
G_003_005,BUSSTOP_OUT::03509,BAYFRONT STN EXIT B/MBS,cbd_bus,CBD-bound,Cbd Bus,52.662,45.586,7.076,improved
G_003_005,BUSSTOP_OUT::03511,AFT BAYFRONT STN EXIT E,cbd_bus,CBD-bound,Cbd Bus,52.17,45.586,6.584,improved
G_003_005,BUSSTOP_OUT::03519,BAYFRONT STN EXIT A,cbd_bus,CBD-bound,Cbd Bus,52.662,45.586,7.076,improved
G_003_005,BUSSTOP_OUT::03529,DOWNTOWN STN,cbd_bus,CBD-bound,Cbd Bus,49.186,46.077,3.109,improved
G_003_005,BUSSTOP_OUT::03539,Marina Bay Stn,cbd_bus,CBD-bound,Cbd Bus,50.186,44.586,5.6,improved
G_003_005,BUSSTOP_OUT::05269,MAXWELL RD FC,cbd_bus,CBD-bound,Cbd Bus,47.849,47.849,-0.0,unchanged
G_003_005,BUSSTOP_OUT::05319,OCBC CTR,cbd_bus,CBD-bound,Cbd Bus,46.277,46.277,-0.0,unchanged
G_003_005,BUSSTOP_OUT::05411,TG PAGAR PLAZA,cbd_bus,CBD-bound,Cbd Bus,45.462,40.621,4.841,improved
G_003_005,BUSSTOP_OUT::05419,THE AMARA,cbd_bus,CBD-bound,Cbd Bus,46.58,46.58,-0.0,unchanged
G_003_005,BUSSTOP_OUT::05431,TOWER 15,cbd_bus,CBD-bound,Cbd Bus,47.325,47.325,-0.0,unchanged
G_003_005,BUSSTOP_OUT::05629,OPP STH PT,cbd_bus,CBD-bound,Cbd Bus,44.816,39.131,5.685,improved
G_003_005,BUSSTOP_OUT::05651,OPP FUJI XEROX TWRS,cbd_bus,CBD-bound,Cbd Bus,45.189,39.876,5.313,improved
G_003_005,MRTHUB::Bayfront,Bayfront,cbd_mrt,CBD-bound,Cbd Mrt,42.362,35.286,7.076,improved
G_003_005,MRTHUB::Downtown,Downtown,cbd_mrt,CBD-bound,Cbd Mrt,39.886,38.486,1.4,improved
G_003_005,MRTHUB::Marina_Bay,Marina Bay,cbd_mrt,CBD-bound,Cbd Mrt,42.086,34.286,7.8,improved
G_003_005,MRTHUB::Maxwell,Maxwell,cbd_mrt,CBD-bound,Cbd Mrt,37.886,37.886,-0.0,unchanged
G_003_005,MRTHUB::Raffles_Place,Raffles Place,cbd_mrt,CBD-bound,Cbd Mrt,39.362,39.362,-0.0,unchanged
G_003_005,MRTHUB::Shenton_Way,Shenton Way,cbd_mrt,CBD-bound,Cbd Mrt,38.886,37.486,1.4,improved
G_003_005,MRTHUB::Tanjong_Pagar,Tanjong Pagar,cbd_mrt,CBD-bound,Cbd Mrt,35.162,35.162,-0.0,unchanged
G_003_006,BUSSTOP_OUT::95011,AFT AIRCRAFT FLYOVER,airport_bus,Airport-bound,Airport Bus,86.075,86.075,-0.0,unchanged
G_003_006,BUSSTOP_OUT::95019,AFT CHANGI AIRPORT TER 2,airport_bus,Airport-bound,Airport Bus,74.632,74.632,-0.0,unchanged
G_003_006,BUSSTOP_OUT::95029,CHANGI AIRPORT TER 1,airport_bus,Airport-bound,Airport Bus,73.886,73.886,-0.0,unchanged
G_003_006,BUSSTOP_OUT::95109,CHANGI AIRPORT TER 3,airport_bus,Airport-bound,Airport Bus,70.905,70.905,-0.0,unchanged
G_003_006,BUSSTOP_OUT::95129,CHANGI AIRPORT TER 2,airport_bus,Airport-bound,Airport Bus,70.905,70.905,-0.0,unchanged
G_003_006,BUSSTOP_OUT::95151,AIRPORT POLICE STN,airport_bus,Airport-bound,Airport Bus,84.212,84.212,-0.0,unchanged
G_003_006,BUSSTOP_OUT::95159,NEAR SATS FLIGHT KITCHEN,airport_bus,Airport-bound,Airport Bus,77.613,77.613,-0.0,unchanged
G_003_006,BUSSTOP_OUT::95209,CHANGI AIRPORT TER 4,airport_bus,Airport-bound,Airport Bus,80.595,80.595,-0.0,unchanged
G_003_006,MRTHUB::Changi_Airport,Changi Airport,airport_mrt,Airport-bound,Airport Mrt,60.605,60.605,-0.0,unchanged
G_003_006,BUSSTOP_OUT::03011,FULLERTON SQ,cbd_bus,CBD-bound,Cbd Bus,43.035,43.035,-0.0,unchanged
G_003_006,BUSSTOP_OUT::03019,OUE BAYFRONT,cbd_bus,CBD-bound,Cbd Bus,47.105,46.486,0.619,improved
G_003_006,BUSSTOP_OUT::03021,PRUDENTIAL TWR,cbd_bus,CBD-bound,Cbd Bus,44.768,40.859,3.909,improved
G_003_006,BUSSTOP_OUT::03031,RAFFLES PL STN EXIT F,cbd_bus,CBD-bound,Cbd Bus,40.799,40.799,-0.0,unchanged
G_003_006,BUSSTOP_OUT::03041,TELOK AYER STN EXIT A,cbd_bus,CBD-bound,Cbd Bus,44.768,40.859,3.909,improved
G_003_006,BUSSTOP_OUT::03059,ONE RAFFLES QUAY,cbd_bus,CBD-bound,Cbd Bus,45.632,45.632,-0.0,unchanged
G_003_006,BUSSTOP_OUT::03071,OPP SO SOFITEL S'PORE,cbd_bus,CBD-bound,Cbd Bus,39.681,39.681,-0.0,unchanged
G_003_006,BUSSTOP_OUT::03111,AFT CAPITAL TWR,cbd_bus,CBD-bound,Cbd Bus,38.563,38.563,-0.0,unchanged
G_003_006,BUSSTOP_OUT::03129,UIC BLDG,cbd_bus,CBD-bound,Cbd Bus,42.905,42.905,-0.0,unchanged
G_003_006,BUSSTOP_OUT::03151,AFT TELOK AYER ST,cbd_bus,CBD-bound,Cbd Bus,42.905,38.996,3.909,improved
G_003_006,BUSSTOP_OUT::03217,AFT STRAITS BLVD,cbd_bus,CBD-bound,Cbd Bus,42.905,37.505,5.4,improved
G_003_006,BUSSTOP_OUT::03218,OPP MAS BLDG,cbd_bus,CBD-bound,Cbd Bus,42.905,37.505,5.4,improved
G_003_006,BUSSTOP_OUT::03222,HUB SYNERGY PT,cbd_bus,CBD-bound,Cbd Bus,35.954,35.954,-0.0,unchanged
G_003_006,BUSSTOP_OUT::03223,TANJONG PAGAR STN EXIT C,cbd_bus,CBD-bound,Cbd Bus,42.905,37.505,5.4,improved
G_003_006,BUSSTOP_OUT::03239,SHENTON WAY TER,cbd_bus,CBD-bound,Cbd Bus,42.905,37.505,5.4,improved
G_003_006,BUSSTOP_OUT::03241,MAPLETREE ANSON,cbd_bus,CBD-bound,Cbd Bus,42.905,37.505,5.4,improved
G_003_006,BUSSTOP_OUT::03381,THE SAIL,cbd_bus,CBD-bound,Cbd Bus,46.259,42.35,3.909,improved
G_003_006,BUSSTOP_OUT::03391,MARINA BAY FINANCIAL CTR,cbd_bus,CBD-bound,Cbd Bus,47.004,43.095,3.909,improved
G_003_006,BUSSTOP_OUT::03501,MARINA BAY SANDS THEATRE,cbd_bus,CBD-bound,Cbd Bus,50.105,42.705,7.4,improved
G_003_006,BUSSTOP_OUT::03509,BAYFRONT STN EXIT B/MBS,cbd_bus,CBD-bound,Cbd Bus,50.105,42.705,7.4,improved
G_003_006,BUSSTOP_OUT::03511,AFT BAYFRONT STN EXIT E,cbd_bus,CBD-bound,Cbd Bus,49.613,42.705,6.908,improved
G_003_006,BUSSTOP_OUT::03519,BAYFRONT STN EXIT A,cbd_bus,CBD-bound,Cbd Bus,50.105,42.705,7.4,improved
G_003_006,BUSSTOP_OUT::03529,DOWNTOWN STN,cbd_bus,CBD-bound,Cbd Bus,46.305,43.196,3.109,improved
G_003_006,BUSSTOP_OUT::03539,Marina Bay Stn,cbd_bus,CBD-bound,Cbd Bus,47.305,41.705,5.6,improved
G_003_006,BUSSTOP_OUT::05269,MAXWELL RD FC,cbd_bus,CBD-bound,Cbd Bus,44.968,44.968,-0.0,unchanged
G_003_006,BUSSTOP_OUT::05319,OCBC CTR,cbd_bus,CBD-bound,Cbd Bus,43.396,43.396,-0.0,unchanged
G_003_006,BUSSTOP_OUT::05411,TG PAGAR PLAZA,cbd_bus,CBD-bound,Cbd Bus,42.905,37.74,5.165,improved
G_003_006,BUSSTOP_OUT::05419,THE AMARA,cbd_bus,CBD-bound,Cbd Bus,44.023,44.023,-0.0,unchanged
G_003_006,BUSSTOP_OUT::05431,TOWER 15,cbd_bus,CBD-bound,Cbd Bus,44.768,44.768,-0.0,unchanged
G_003_006,BUSSTOP_OUT::05629,OPP STH PT,cbd_bus,CBD-bound,Cbd Bus,41.935,36.25,5.685,improved
G_003_006,BUSSTOP_OUT::05651,OPP FUJI XEROX TWRS,cbd_bus,CBD-bound,Cbd Bus,42.308,36.995,5.313,improved
G_003_006,MRTHUB::Bayfront,Bayfront,cbd_mrt,CBD-bound,Cbd Mrt,39.805,32.405,7.4,improved
G_003_006,MRTHUB::Downtown,Downtown,cbd_mrt,CBD-bound,Cbd Mrt,37.005,35.605,1.4,improved
G_003_006,MRTHUB::Marina_Bay,Marina Bay,cbd_mrt,CBD-bound,Cbd Mrt,39.205,31.405,7.8,improved
G_003_006,MRTHUB::Maxwell,Maxwell,cbd_mrt,CBD-bound,Cbd Mrt,35.005,35.005,-0.0,unchanged
G_003_006,MRTHUB::Raffles_Place,Raffles Place,cbd_mrt,CBD-bound,Cbd Mrt,36.805,36.805,-0.0,unchanged
G_003_006,MRTHUB::Shenton_Way,Shenton Way,cbd_mrt,CBD-bound,Cbd Mrt,36.005,34.605,1.4,improved
G_003_006,MRTHUB::Tanjong_Pagar,Tanjong Pagar,cbd_mrt,CBD-bound,Cbd Mrt,32.605,32.605,-0.0,unchanged
G_003_007,BUSSTOP_OUT::95011,AFT AIRCRAFT FLYOVER,airport_bus,Airport-bound,Airport Bus,86.971,86.971,-0.0,unchanged
G_003_007,BUSSTOP_OUT::95019,AFT CHANGI AIRPORT TER 2,airport_bus,Airport-bound,Airport Bus,75.528,75.528,-0.0,unchanged
G_003_007,BUSSTOP_OUT::95029,CHANGI AIRPORT TER 1,airport_bus,Airport-bound,Airport Bus,74.782,74.782,-0.0,unchanged
G_003_007,BUSSTOP_OUT::95109,CHANGI AIRPORT TER 3,airport_bus,Airport-bound,Airport Bus,71.801,71.801,-0.0,unchanged
G_003_007,BUSSTOP_OUT::95129,CHANGI AIRPORT TER 2,airport_bus,Airport-bound,Airport Bus,71.801,71.801,-0.0,unchanged
G_003_007,BUSSTOP_OUT::95151,AIRPORT POLICE STN,airport_bus,Airport-bound,Airport Bus,85.108,85.108,-0.0,unchanged
G_003_007,BUSSTOP_OUT::95159,NEAR SATS FLIGHT KITCHEN,airport_bus,Airport-bound,Airport Bus,78.509,78.509,-0.0,unchanged
G_003_007,BUSSTOP_OUT::95209,CHANGI AIRPORT TER 4,airport_bus,Airport-bound,Airport Bus,81.491,81.491,-0.0,unchanged
G_003_007,MRTHUB::Changi_Airport,Changi Airport,airport_mrt,Airport-bound,Airport Mrt,61.501,61.501,-0.0,unchanged
G_003_007,BUSSTOP_OUT::03011,FULLERTON SQ,cbd_bus,CBD-bound,Cbd Bus,43.931,43.931,-0.0,unchanged
G_003_007,BUSSTOP_OUT::03019,OUE BAYFRONT,cbd_bus,CBD-bound,Cbd Bus,48.001,47.382,0.619,improved
G_003_007,BUSSTOP_OUT::03021,PRUDENTIAL TWR,cbd_bus,CBD-bound,Cbd Bus,45.664,41.755,3.909,improved
G_003_007,BUSSTOP_OUT::03031,RAFFLES PL STN EXIT F,cbd_bus,CBD-bound,Cbd Bus,41.695,41.695,-0.0,unchanged
G_003_007,BUSSTOP_OUT::03041,TELOK AYER STN EXIT A,cbd_bus,CBD-bound,Cbd Bus,45.664,41.755,3.909,improved
G_003_007,BUSSTOP_OUT::03059,ONE RAFFLES QUAY,cbd_bus,CBD-bound,Cbd Bus,46.528,46.528,-0.0,unchanged
G_003_007,BUSSTOP_OUT::03071,OPP SO SOFITEL S'PORE,cbd_bus,CBD-bound,Cbd Bus,40.577,40.577,-0.0,unchanged
G_003_007,BUSSTOP_OUT::03111,AFT CAPITAL TWR,cbd_bus,CBD-bound,Cbd Bus,39.459,39.459,-0.0,unchanged
G_003_007,BUSSTOP_OUT::03129,UIC BLDG,cbd_bus,CBD-bound,Cbd Bus,43.801,43.801,-0.0,unchanged
G_003_007,BUSSTOP_OUT::03151,AFT TELOK AYER ST,cbd_bus,CBD-bound,Cbd Bus,43.801,39.892,3.909,improved
G_003_007,BUSSTOP_OUT::03217,AFT STRAITS BLVD,cbd_bus,CBD-bound,Cbd Bus,43.801,38.401,5.4,improved
G_003_007,BUSSTOP_OUT::03218,OPP MAS BLDG,cbd_bus,CBD-bound,Cbd Bus,43.801,38.401,5.4,improved
G_003_007,BUSSTOP_OUT::03222,HUB SYNERGY PT,cbd_bus,CBD-bound,Cbd Bus,36.85,36.85,-0.0,unchanged
G_003_007,BUSSTOP_OUT::03223,TANJONG PAGAR STN EXIT C,cbd_bus,CBD-bound,Cbd Bus,43.801,38.401,5.4,improved
G_003_007,BUSSTOP_OUT::03239,SHENTON WAY TER,cbd_bus,CBD-bound,Cbd Bus,43.801,38.401,5.4,improved
G_003_007,BUSSTOP_OUT::03241,MAPLETREE ANSON,cbd_bus,CBD-bound,Cbd Bus,43.801,38.401,5.4,improved
G_003_007,BUSSTOP_OUT::03381,THE SAIL,cbd_bus,CBD-bound,Cbd Bus,47.155,43.246,3.909,improved
G_003_007,BUSSTOP_OUT::03391,MARINA BAY FINANCIAL CTR,cbd_bus,CBD-bound,Cbd Bus,47.9,43.991,3.909,improved
G_003_007,BUSSTOP_OUT::03501,MARINA BAY SANDS THEATRE,cbd_bus,CBD-bound,Cbd Bus,51.001,43.601,7.4,improved
G_003_007,BUSSTOP_OUT::03509,BAYFRONT STN EXIT B/MBS,cbd_bus,CBD-bound,Cbd Bus,51.001,43.601,7.4,improved
G_003_007,BUSSTOP_OUT::03511,AFT BAYFRONT STN EXIT E,cbd_bus,CBD-bound,Cbd Bus,50.509,43.601,6.908,improved
G_003_007,BUSSTOP_OUT::03519,BAYFRONT STN EXIT A,cbd_bus,CBD-bound,Cbd Bus,51.001,43.601,7.4,improved
G_003_007,BUSSTOP_OUT::03529,DOWNTOWN STN,cbd_bus,CBD-bound,Cbd Bus,47.201,44.092,3.109,improved
G_003_007,BUSSTOP_OUT::03539,Marina Bay Stn,cbd_bus,CBD-bound,Cbd Bus,48.201,42.601,5.6,improved
G_003_007,BUSSTOP_OUT::05269,MAXWELL RD FC,cbd_bus,CBD-bound,Cbd Bus,45.864,45.864,-0.0,unchanged
G_003_007,BUSSTOP_OUT::05319,OCBC CTR,cbd_bus,CBD-bound,Cbd Bus,44.292,44.292,-0.0,unchanged
G_003_007,BUSSTOP_OUT::05411,TG PAGAR PLAZA,cbd_bus,CBD-bound,Cbd Bus,43.801,38.636,5.165,improved
G_003_007,BUSSTOP_OUT::05419,THE AMARA,cbd_bus,CBD-bound,Cbd Bus,44.919,44.919,-0.0,unchanged
G_003_007,BUSSTOP_OUT::05431,TOWER 15,cbd_bus,CBD-bound,Cbd Bus,45.664,45.664,-0.0,unchanged
G_003_007,BUSSTOP_OUT::05629,OPP STH PT,cbd_bus,CBD-bound,Cbd Bus,42.831,37.146,5.685,improved
G_003_007,BUSSTOP_OUT::05651,OPP FUJI XEROX TWRS,cbd_bus,CBD-bound,Cbd Bus,43.204,37.891,5.313,improved
G_003_007,MRTHUB::Bayfront,Bayfront,cbd_mrt,CBD-bound,Cbd Mrt,40.701,33.301,7.4,improved
G_003_007,MRTHUB::Downtown,Downtown,cbd_mrt,CBD-bound,Cbd Mrt,37.901,36.501,1.4,improved
G_003_007,MRTHUB::Marina_Bay,Marina Bay,cbd_mrt,CBD-bound,Cbd Mrt,40.101,32.301,7.8,improved
G_003_007,MRTHUB::Maxwell,Maxwell,cbd_mrt,CBD-bound,Cbd Mrt,35.901,35.901,-0.0,unchanged
G_003_007,MRTHUB::Raffles_Place,Raffles Place,cbd_mrt,CBD-bound,Cbd Mrt,37.701,37.701,-0.0,unchanged
G_003_007,MRTHUB::Shenton_Way,Shenton Way,cbd_mrt,CBD-bound,Cbd Mrt,36.901,35.501,1.4,improved
G_003_007,MRTHUB::Tanjong_Pagar,Tanjong Pagar,cbd_mrt,CBD-bound,Cbd Mrt,33.501,33.501,-0.0,unchanged
G_004_001,BUSSTOP_OUT::95011,AFT AIRCRAFT FLYOVER,airport_bus,Airport-bound,Airport Bus,85.073,85.073,-0.0,unchanged
G_004_001,BUSSTOP_OUT::95019,AFT CHANGI AIRPORT TER 2,airport_bus,Airport-bound,Airport Bus,73.63,73.63,-0.0,unchanged
G_004_001,BUSSTOP_OUT::95029,CHANGI AIRPORT TER 1,airport_bus,Airport-bound,Airport Bus,72.884,72.884,-0.0,unchanged
G_004_001,BUSSTOP_OUT::95109,CHANGI AIRPORT TER 3,airport_bus,Airport-bound,Airport Bus,69.903,69.903,-0.0,unchanged
G_004_001,BUSSTOP_OUT::95129,CHANGI AIRPORT TER 2,airport_bus,Airport-bound,Airport Bus,69.903,69.903,-0.0,unchanged
G_004_001,BUSSTOP_OUT::95151,AIRPORT POLICE STN,airport_bus,Airport-bound,Airport Bus,83.21,83.21,-0.0,unchanged
G_004_001,BUSSTOP_OUT::95159,NEAR SATS FLIGHT KITCHEN,airport_bus,Airport-bound,Airport Bus,76.611,76.611,-0.0,unchanged
G_004_001,BUSSTOP_OUT::95209,CHANGI AIRPORT TER 4,airport_bus,Airport-bound,Airport Bus,79.593,79.593,-0.0,unchanged
G_004_001,MRTHUB::Changi_Airport,Changi Airport,airport_mrt,Airport-bound,Airport Mrt,59.603,59.603,-0.0,unchanged
G_004_001,BUSSTOP_OUT::03011,FULLERTON SQ,cbd_bus,CBD-bound,Cbd Bus,46.002,46.002,-0.0,unchanged
G_004_001,BUSSTOP_OUT::03019,OUE BAYFRONT,cbd_bus,CBD-bound,Cbd Bus,46.103,46.103,-0.0,unchanged
G_004_001,BUSSTOP_OUT::03021,PRUDENTIAL TWR,cbd_bus,CBD-bound,Cbd Bus,43.766,43.766,-0.0,unchanged
G_004_001,BUSSTOP_OUT::03031,RAFFLES PL STN EXIT F,cbd_bus,CBD-bound,Cbd Bus,44.139,44.139,-0.0,unchanged
G_004_001,BUSSTOP_OUT::03041,TELOK AYER STN EXIT A,cbd_bus,CBD-bound,Cbd Bus,43.766,43.766,-0.0,unchanged
G_004_001,BUSSTOP_OUT::03059,ONE RAFFLES QUAY,cbd_bus,CBD-bound,Cbd Bus,46.103,46.103,-0.0,unchanged
G_004_001,BUSSTOP_OUT::03071,OPP SO SOFITEL S'PORE,cbd_bus,CBD-bound,Cbd Bus,43.021,43.021,-0.0,unchanged
G_004_001,BUSSTOP_OUT::03111,AFT CAPITAL TWR,cbd_bus,CBD-bound,Cbd Bus,41.903,41.903,-0.0,unchanged
G_004_001,BUSSTOP_OUT::03129,UIC BLDG,cbd_bus,CBD-bound,Cbd Bus,41.903,41.903,-0.0,unchanged
G_004_001,BUSSTOP_OUT::03151,AFT TELOK AYER ST,cbd_bus,CBD-bound,Cbd Bus,41.903,41.903,-0.0,unchanged
G_004_001,BUSSTOP_OUT::03217,AFT STRAITS BLVD,cbd_bus,CBD-bound,Cbd Bus,41.903,40.503,1.4,improved
G_004_001,BUSSTOP_OUT::03218,OPP MAS BLDG,cbd_bus,CBD-bound,Cbd Bus,41.903,40.503,1.4,improved
G_004_001,BUSSTOP_OUT::03222,HUB SYNERGY PT,cbd_bus,CBD-bound,Cbd Bus,39.935,39.935,-0.0,unchanged
G_004_001,BUSSTOP_OUT::03223,TANJONG PAGAR STN EXIT C,cbd_bus,CBD-bound,Cbd Bus,41.903,40.503,1.4,improved
G_004_001,BUSSTOP_OUT::03239,SHENTON WAY TER,cbd_bus,CBD-bound,Cbd Bus,41.903,40.503,1.4,improved
G_004_001,BUSSTOP_OUT::03241,MAPLETREE ANSON,cbd_bus,CBD-bound,Cbd Bus,41.903,40.503,1.4,improved
G_004_001,BUSSTOP_OUT::03381,THE SAIL,cbd_bus,CBD-bound,Cbd Bus,45.257,45.257,-0.0,unchanged
G_004_001,BUSSTOP_OUT::03391,MARINA BAY FINANCIAL CTR,cbd_bus,CBD-bound,Cbd Bus,46.002,46.002,-0.0,unchanged
G_004_001,BUSSTOP_OUT::03501,MARINA BAY SANDS THEATRE,cbd_bus,CBD-bound,Cbd Bus,49.103,45.703,3.4,improved
G_004_001,BUSSTOP_OUT::03509,BAYFRONT STN EXIT B/MBS,cbd_bus,CBD-bound,Cbd Bus,49.103,45.703,3.4,improved
G_004_001,BUSSTOP_OUT::03511,AFT BAYFRONT STN EXIT E,cbd_bus,CBD-bound,Cbd Bus,48.611,45.703,2.908,improved
G_004_001,BUSSTOP_OUT::03519,BAYFRONT STN EXIT A,cbd_bus,CBD-bound,Cbd Bus,49.103,45.703,3.4,improved
G_004_001,BUSSTOP_OUT::03529,DOWNTOWN STN,cbd_bus,CBD-bound,Cbd Bus,47.303,46.194,1.109,improved
G_004_001,BUSSTOP_OUT::03539,Marina Bay Stn,cbd_bus,CBD-bound,Cbd Bus,47.903,44.703,3.2,improved
G_004_001,BUSSTOP_OUT::05269,MAXWELL RD FC,cbd_bus,CBD-bound,Cbd Bus,46.303,46.303,-0.0,unchanged
G_004_001,BUSSTOP_OUT::05319,OCBC CTR,cbd_bus,CBD-bound,Cbd Bus,44.426,44.426,-0.0,unchanged
G_004_001,BUSSTOP_OUT::05411,TG PAGAR PLAZA,cbd_bus,CBD-bound,Cbd Bus,41.903,40.738,1.165,improved
G_004_001,BUSSTOP_OUT::05419,THE AMARA,cbd_bus,CBD-bound,Cbd Bus,43.021,43.021,-0.0,unchanged
G_004_001,BUSSTOP_OUT::05431,TOWER 15,cbd_bus,CBD-bound,Cbd Bus,43.766,43.766,-0.0,unchanged
G_004_001,BUSSTOP_OUT::05629,OPP STH PT,cbd_bus,CBD-bound,Cbd Bus,41.445,39.248,2.197,improved
G_004_001,BUSSTOP_OUT::05651,OPP FUJI XEROX TWRS,cbd_bus,CBD-bound,Cbd Bus,46.289,39.993,6.296,improved
G_004_001,MRTHUB::Bayfront,Bayfront,cbd_mrt,CBD-bound,Cbd Mrt,38.803,35.403,3.4,improved
G_004_001,MRTHUB::Downtown,Downtown,cbd_mrt,CBD-bound,Cbd Mrt,37.603,37.603,-0.0,unchanged
G_004_001,MRTHUB::Marina_Bay,Marina Bay,cbd_mrt,CBD-bound,Cbd Mrt,40.203,34.403,5.8,improved
G_004_001,MRTHUB::Maxwell,Maxwell,cbd_mrt,CBD-bound,Cbd Mrt,36.003,36.003,-0.0,unchanged
G_004_001,MRTHUB::Raffles_Place,Raffles Place,cbd_mrt,CBD-bound,Cbd Mrt,35.803,35.803,-0.0,unchanged
G_004_001,MRTHUB::Shenton_Way,Shenton Way,cbd_mrt,CBD-bound,Cbd Mrt,37.003,37.003,-0.0,unchanged
G_004_001,MRTHUB::Tanjong_Pagar,Tanjong Pagar,cbd_mrt,CBD-bound,Cbd Mrt,31.603,31.603,-0.0,unchanged
G_004_002,BUSSTOP_OUT::95011,AFT AIRCRAFT FLYOVER,airport_bus,Airport-bound,Airport Bus,84.661,84.661,-0.0,unchanged
G_004_002,BUSSTOP_OUT::95019,AFT CHANGI AIRPORT TER 2,airport_bus,Airport-bound,Airport Bus,73.218,73.218,-0.0,unchanged
G_004_002,BUSSTOP_OUT::95029,CHANGI AIRPORT TER 1,airport_bus,Airport-bound,Airport Bus,72.472,72.472,-0.0,unchanged
G_004_002,BUSSTOP_OUT::95109,CHANGI AIRPORT TER 3,airport_bus,Airport-bound,Airport Bus,69.491,69.491,-0.0,unchanged
G_004_002,BUSSTOP_OUT::95129,CHANGI AIRPORT TER 2,airport_bus,Airport-bound,Airport Bus,69.491,69.491,-0.0,unchanged
G_004_002,BUSSTOP_OUT::95151,AIRPORT POLICE STN,airport_bus,Airport-bound,Airport Bus,82.798,82.798,-0.0,unchanged
G_004_002,BUSSTOP_OUT::95159,NEAR SATS FLIGHT KITCHEN,airport_bus,Airport-bound,Airport Bus,76.199,76.199,-0.0,unchanged
G_004_002,BUSSTOP_OUT::95209,CHANGI AIRPORT TER 4,airport_bus,Airport-bound,Airport Bus,79.181,79.181,-0.0,unchanged
G_004_002,MRTHUB::Changi_Airport,Changi Airport,airport_mrt,Airport-bound,Airport Mrt,59.191,59.191,-0.0,unchanged
G_004_002,BUSSTOP_OUT::03011,FULLERTON SQ,cbd_bus,CBD-bound,Cbd Bus,45.59,45.59,-0.0,unchanged
G_004_002,BUSSTOP_OUT::03019,OUE BAYFRONT,cbd_bus,CBD-bound,Cbd Bus,45.691,45.691,-0.0,unchanged
G_004_002,BUSSTOP_OUT::03021,PRUDENTIAL TWR,cbd_bus,CBD-bound,Cbd Bus,43.354,43.354,-0.0,unchanged
G_004_002,BUSSTOP_OUT::03031,RAFFLES PL STN EXIT F,cbd_bus,CBD-bound,Cbd Bus,43.727,43.727,-0.0,unchanged
G_004_002,BUSSTOP_OUT::03041,TELOK AYER STN EXIT A,cbd_bus,CBD-bound,Cbd Bus,43.354,43.354,-0.0,unchanged
G_004_002,BUSSTOP_OUT::03059,ONE RAFFLES QUAY,cbd_bus,CBD-bound,Cbd Bus,45.691,45.691,-0.0,unchanged
G_004_002,BUSSTOP_OUT::03071,OPP SO SOFITEL S'PORE,cbd_bus,CBD-bound,Cbd Bus,42.609,42.609,-0.0,unchanged
G_004_002,BUSSTOP_OUT::03111,AFT CAPITAL TWR,cbd_bus,CBD-bound,Cbd Bus,41.491,41.491,-0.0,unchanged
G_004_002,BUSSTOP_OUT::03129,UIC BLDG,cbd_bus,CBD-bound,Cbd Bus,41.491,41.491,-0.0,unchanged
G_004_002,BUSSTOP_OUT::03151,AFT TELOK AYER ST,cbd_bus,CBD-bound,Cbd Bus,41.491,41.491,-0.0,unchanged
G_004_002,BUSSTOP_OUT::03217,AFT STRAITS BLVD,cbd_bus,CBD-bound,Cbd Bus,41.491,40.091,1.4,improved
G_004_002,BUSSTOP_OUT::03218,OPP MAS BLDG,cbd_bus,CBD-bound,Cbd Bus,41.491,40.091,1.4,improved
G_004_002,BUSSTOP_OUT::03222,HUB SYNERGY PT,cbd_bus,CBD-bound,Cbd Bus,41.491,40.091,1.4,improved
G_004_002,BUSSTOP_OUT::03223,TANJONG PAGAR STN EXIT C,cbd_bus,CBD-bound,Cbd Bus,41.491,40.091,1.4,improved
G_004_002,BUSSTOP_OUT::03239,SHENTON WAY TER,cbd_bus,CBD-bound,Cbd Bus,41.491,40.091,1.4,improved
G_004_002,BUSSTOP_OUT::03241,MAPLETREE ANSON,cbd_bus,CBD-bound,Cbd Bus,41.491,40.091,1.4,improved
G_004_002,BUSSTOP_OUT::03381,THE SAIL,cbd_bus,CBD-bound,Cbd Bus,44.845,44.845,-0.0,unchanged
G_004_002,BUSSTOP_OUT::03391,MARINA BAY FINANCIAL CTR,cbd_bus,CBD-bound,Cbd Bus,45.59,45.59,-0.0,unchanged
G_004_002,BUSSTOP_OUT::03501,MARINA BAY SANDS THEATRE,cbd_bus,CBD-bound,Cbd Bus,48.691,45.291,3.4,improved
G_004_002,BUSSTOP_OUT::03509,BAYFRONT STN EXIT B/MBS,cbd_bus,CBD-bound,Cbd Bus,48.691,45.291,3.4,improved
G_004_002,BUSSTOP_OUT::03511,AFT BAYFRONT STN EXIT E,cbd_bus,CBD-bound,Cbd Bus,48.199,45.291,2.908,improved
G_004_002,BUSSTOP_OUT::03519,BAYFRONT STN EXIT A,cbd_bus,CBD-bound,Cbd Bus,48.691,45.291,3.4,improved
G_004_002,BUSSTOP_OUT::03529,DOWNTOWN STN,cbd_bus,CBD-bound,Cbd Bus,46.891,45.782,1.109,improved
G_004_002,BUSSTOP_OUT::03539,Marina Bay Stn,cbd_bus,CBD-bound,Cbd Bus,47.491,44.291,3.2,improved
G_004_002,BUSSTOP_OUT::05269,MAXWELL RD FC,cbd_bus,CBD-bound,Cbd Bus,45.891,45.891,-0.0,unchanged
G_004_002,BUSSTOP_OUT::05319,OCBC CTR,cbd_bus,CBD-bound,Cbd Bus,45.691,45.691,-0.0,unchanged
G_004_002,BUSSTOP_OUT::05411,TG PAGAR PLAZA,cbd_bus,CBD-bound,Cbd Bus,41.491,40.326,1.165,improved
G_004_002,BUSSTOP_OUT::05419,THE AMARA,cbd_bus,CBD-bound,Cbd Bus,42.609,42.609,-0.0,unchanged
G_004_002,BUSSTOP_OUT::05431,TOWER 15,cbd_bus,CBD-bound,Cbd Bus,43.354,43.354,-0.0,unchanged
G_004_002,BUSSTOP_OUT::05629,OPP STH PT,cbd_bus,CBD-bound,Cbd Bus,43.995,38.836,5.159,improved
G_004_002,BUSSTOP_OUT::05651,OPP FUJI XEROX TWRS,cbd_bus,CBD-bound,Cbd Bus,46.353,39.581,6.772,improved
G_004_002,MRTHUB::Bayfront,Bayfront,cbd_mrt,CBD-bound,Cbd Mrt,38.391,34.991,3.4,improved
G_004_002,MRTHUB::Downtown,Downtown,cbd_mrt,CBD-bound,Cbd Mrt,37.191,37.191,-0.0,unchanged
G_004_002,MRTHUB::Marina_Bay,Marina Bay,cbd_mrt,CBD-bound,Cbd Mrt,39.791,33.991,5.8,improved
G_004_002,MRTHUB::Maxwell,Maxwell,cbd_mrt,CBD-bound,Cbd Mrt,35.591,35.591,-0.0,unchanged
G_004_002,MRTHUB::Raffles_Place,Raffles Place,cbd_mrt,CBD-bound,Cbd Mrt,35.391,35.391,-0.0,unchanged
G_004_002,MRTHUB::Shenton_Way,Shenton Way,cbd_mrt,CBD-bound,Cbd Mrt,36.591,36.591,-0.0,unchanged
G_004_002,MRTHUB::Tanjong_Pagar,Tanjong Pagar,cbd_mrt,CBD-bound,Cbd Mrt,31.191,31.191,-0.0,unchanged
G_004_003,BUSSTOP_OUT::95011,AFT AIRCRAFT FLYOVER,airport_bus,Airport-bound,Airport Bus,84.846,84.846,-0.0,unchanged
G_004_003,BUSSTOP_OUT::95019,AFT CHANGI AIRPORT TER 2,airport_bus,Airport-bound,Airport Bus,73.403,73.403,-0.0,unchanged
G_004_003,BUSSTOP_OUT::95029,CHANGI AIRPORT TER 1,airport_bus,Airport-bound,Airport Bus,72.657,72.657,-0.0,unchanged
G_004_003,BUSSTOP_OUT::95109,CHANGI AIRPORT TER 3,airport_bus,Airport-bound,Airport Bus,69.676,69.676,-0.0,unchanged
G_004_003,BUSSTOP_OUT::95129,CHANGI AIRPORT TER 2,airport_bus,Airport-bound,Airport Bus,69.676,69.676,-0.0,unchanged
G_004_003,BUSSTOP_OUT::95151,AIRPORT POLICE STN,airport_bus,Airport-bound,Airport Bus,82.983,82.983,-0.0,unchanged
G_004_003,BUSSTOP_OUT::95159,NEAR SATS FLIGHT KITCHEN,airport_bus,Airport-bound,Airport Bus,76.384,76.384,-0.0,unchanged
G_004_003,BUSSTOP_OUT::95209,CHANGI AIRPORT TER 4,airport_bus,Airport-bound,Airport Bus,79.366,79.366,-0.0,unchanged
G_004_003,MRTHUB::Changi_Airport,Changi Airport,airport_mrt,Airport-bound,Airport Mrt,59.376,59.376,-0.0,unchanged
G_004_003,BUSSTOP_OUT::03011,FULLERTON SQ,cbd_bus,CBD-bound,Cbd Bus,45.775,45.775,-0.0,unchanged
G_004_003,BUSSTOP_OUT::03019,OUE BAYFRONT,cbd_bus,CBD-bound,Cbd Bus,45.876,45.876,-0.0,unchanged
G_004_003,BUSSTOP_OUT::03021,PRUDENTIAL TWR,cbd_bus,CBD-bound,Cbd Bus,43.539,43.539,-0.0,unchanged
G_004_003,BUSSTOP_OUT::03031,RAFFLES PL STN EXIT F,cbd_bus,CBD-bound,Cbd Bus,43.912,43.912,-0.0,unchanged
G_004_003,BUSSTOP_OUT::03041,TELOK AYER STN EXIT A,cbd_bus,CBD-bound,Cbd Bus,43.539,43.539,-0.0,unchanged
G_004_003,BUSSTOP_OUT::03059,ONE RAFFLES QUAY,cbd_bus,CBD-bound,Cbd Bus,45.876,45.876,-0.0,unchanged
G_004_003,BUSSTOP_OUT::03071,OPP SO SOFITEL S'PORE,cbd_bus,CBD-bound,Cbd Bus,42.794,42.794,-0.0,unchanged
G_004_003,BUSSTOP_OUT::03111,AFT CAPITAL TWR,cbd_bus,CBD-bound,Cbd Bus,41.676,41.676,-0.0,unchanged
G_004_003,BUSSTOP_OUT::03129,UIC BLDG,cbd_bus,CBD-bound,Cbd Bus,41.676,41.676,-0.0,unchanged
G_004_003,BUSSTOP_OUT::03151,AFT TELOK AYER ST,cbd_bus,CBD-bound,Cbd Bus,41.676,41.676,-0.0,unchanged
G_004_003,BUSSTOP_OUT::03217,AFT STRAITS BLVD,cbd_bus,CBD-bound,Cbd Bus,41.676,40.276,1.4,improved
G_004_003,BUSSTOP_OUT::03218,OPP MAS BLDG,cbd_bus,CBD-bound,Cbd Bus,41.676,40.276,1.4,improved
G_004_003,BUSSTOP_OUT::03222,HUB SYNERGY PT,cbd_bus,CBD-bound,Cbd Bus,41.676,40.276,1.4,improved
G_004_003,BUSSTOP_OUT::03223,TANJONG PAGAR STN EXIT C,cbd_bus,CBD-bound,Cbd Bus,41.676,40.276,1.4,improved
G_004_003,BUSSTOP_OUT::03239,SHENTON WAY TER,cbd_bus,CBD-bound,Cbd Bus,41.676,40.276,1.4,improved
G_004_003,BUSSTOP_OUT::03241,MAPLETREE ANSON,cbd_bus,CBD-bound,Cbd Bus,41.676,40.276,1.4,improved
G_004_003,BUSSTOP_OUT::03381,THE SAIL,cbd_bus,CBD-bound,Cbd Bus,45.03,45.03,-0.0,unchanged
G_004_003,BUSSTOP_OUT::03391,MARINA BAY FINANCIAL CTR,cbd_bus,CBD-bound,Cbd Bus,45.775,45.775,-0.0,unchanged
G_004_003,BUSSTOP_OUT::03501,MARINA BAY SANDS THEATRE,cbd_bus,CBD-bound,Cbd Bus,48.876,45.476,3.4,improved
G_004_003,BUSSTOP_OUT::03509,BAYFRONT STN EXIT B/MBS,cbd_bus,CBD-bound,Cbd Bus,48.876,45.476,3.4,improved
G_004_003,BUSSTOP_OUT::03511,AFT BAYFRONT STN EXIT E,cbd_bus,CBD-bound,Cbd Bus,48.384,45.476,2.908,improved
G_004_003,BUSSTOP_OUT::03519,BAYFRONT STN EXIT A,cbd_bus,CBD-bound,Cbd Bus,48.876,45.476,3.4,improved
G_004_003,BUSSTOP_OUT::03529,DOWNTOWN STN,cbd_bus,CBD-bound,Cbd Bus,47.076,45.967,1.109,improved
G_004_003,BUSSTOP_OUT::03539,Marina Bay Stn,cbd_bus,CBD-bound,Cbd Bus,47.676,44.476,3.2,improved
G_004_003,BUSSTOP_OUT::05269,MAXWELL RD FC,cbd_bus,CBD-bound,Cbd Bus,46.076,46.076,-0.0,unchanged
G_004_003,BUSSTOP_OUT::05319,OCBC CTR,cbd_bus,CBD-bound,Cbd Bus,45.876,45.876,-0.0,unchanged
G_004_003,BUSSTOP_OUT::05411,TG PAGAR PLAZA,cbd_bus,CBD-bound,Cbd Bus,41.676,40.511,1.165,improved
G_004_003,BUSSTOP_OUT::05419,THE AMARA,cbd_bus,CBD-bound,Cbd Bus,42.794,42.794,-0.0,unchanged
G_004_003,BUSSTOP_OUT::05431,TOWER 15,cbd_bus,CBD-bound,Cbd Bus,43.539,43.539,-0.0,unchanged
G_004_003,BUSSTOP_OUT::05629,OPP STH PT,cbd_bus,CBD-bound,Cbd Bus,45.112,39.021,6.091,improved
G_004_003,BUSSTOP_OUT::05651,OPP FUJI XEROX TWRS,cbd_bus,CBD-bound,Cbd Bus,46.538,39.766,6.772,improved
G_004_003,MRTHUB::Bayfront,Bayfront,cbd_mrt,CBD-bound,Cbd Mrt,38.576,35.176,3.4,improved
G_004_003,MRTHUB::Downtown,Downtown,cbd_mrt,CBD-bound,Cbd Mrt,37.376,37.376,-0.0,unchanged
G_004_003,MRTHUB::Marina_Bay,Marina Bay,cbd_mrt,CBD-bound,Cbd Mrt,39.976,34.176,5.8,improved
G_004_003,MRTHUB::Maxwell,Maxwell,cbd_mrt,CBD-bound,Cbd Mrt,35.776,35.776,-0.0,unchanged
G_004_003,MRTHUB::Raffles_Place,Raffles Place,cbd_mrt,CBD-bound,Cbd Mrt,35.576,35.576,-0.0,unchanged
G_004_003,MRTHUB::Shenton_Way,Shenton Way,cbd_mrt,CBD-bound,Cbd Mrt,36.776,36.776,-0.0,unchanged
G_004_003,MRTHUB::Tanjong_Pagar,Tanjong Pagar,cbd_mrt,CBD-bound,Cbd Mrt,31.376,31.376,-0.0,unchanged
G_004_004,BUSSTOP_OUT::95011,AFT AIRCRAFT FLYOVER,airport_bus,Airport-bound,Airport Bus,83.9,83.9,-0.0,unchanged
G_004_004,BUSSTOP_OUT::95019,AFT CHANGI AIRPORT TER 2,airport_bus,Airport-bound,Airport Bus,72.457,72.457,-0.0,unchanged
G_004_004,BUSSTOP_OUT::95029,CHANGI AIRPORT TER 1,airport_bus,Airport-bound,Airport Bus,71.711,71.711,-0.0,unchanged
G_004_004,BUSSTOP_OUT::95109,CHANGI AIRPORT TER 3,airport_bus,Airport-bound,Airport Bus,68.73,68.73,-0.0,unchanged
G_004_004,BUSSTOP_OUT::95129,CHANGI AIRPORT TER 2,airport_bus,Airport-bound,Airport Bus,68.73,68.73,-0.0,unchanged
G_004_004,BUSSTOP_OUT::95151,AIRPORT POLICE STN,airport_bus,Airport-bound,Airport Bus,82.037,82.037,-0.0,unchanged
G_004_004,BUSSTOP_OUT::95159,NEAR SATS FLIGHT KITCHEN,airport_bus,Airport-bound,Airport Bus,75.438,75.438,-0.0,unchanged
G_004_004,BUSSTOP_OUT::95209,CHANGI AIRPORT TER 4,airport_bus,Airport-bound,Airport Bus,78.42,78.42,-0.0,unchanged
G_004_004,MRTHUB::Changi_Airport,Changi Airport,airport_mrt,Airport-bound,Airport Mrt,58.43,58.43,-0.0,unchanged
G_004_004,BUSSTOP_OUT::03011,FULLERTON SQ,cbd_bus,CBD-bound,Cbd Bus,44.829,44.829,-0.0,unchanged
G_004_004,BUSSTOP_OUT::03019,OUE BAYFRONT,cbd_bus,CBD-bound,Cbd Bus,44.93,44.93,-0.0,unchanged
G_004_004,BUSSTOP_OUT::03021,PRUDENTIAL TWR,cbd_bus,CBD-bound,Cbd Bus,42.593,42.593,-0.0,unchanged
G_004_004,BUSSTOP_OUT::03031,RAFFLES PL STN EXIT F,cbd_bus,CBD-bound,Cbd Bus,42.966,42.966,-0.0,unchanged
G_004_004,BUSSTOP_OUT::03041,TELOK AYER STN EXIT A,cbd_bus,CBD-bound,Cbd Bus,42.593,42.593,-0.0,unchanged
G_004_004,BUSSTOP_OUT::03059,ONE RAFFLES QUAY,cbd_bus,CBD-bound,Cbd Bus,44.93,44.93,-0.0,unchanged
G_004_004,BUSSTOP_OUT::03071,OPP SO SOFITEL S'PORE,cbd_bus,CBD-bound,Cbd Bus,41.848,41.848,-0.0,unchanged
G_004_004,BUSSTOP_OUT::03111,AFT CAPITAL TWR,cbd_bus,CBD-bound,Cbd Bus,40.73,40.73,-0.0,unchanged
G_004_004,BUSSTOP_OUT::03129,UIC BLDG,cbd_bus,CBD-bound,Cbd Bus,40.73,40.73,-0.0,unchanged
G_004_004,BUSSTOP_OUT::03151,AFT TELOK AYER ST,cbd_bus,CBD-bound,Cbd Bus,40.73,40.73,-0.0,unchanged
G_004_004,BUSSTOP_OUT::03217,AFT STRAITS BLVD,cbd_bus,CBD-bound,Cbd Bus,40.73,39.33,1.4,improved
G_004_004,BUSSTOP_OUT::03218,OPP MAS BLDG,cbd_bus,CBD-bound,Cbd Bus,40.73,39.33,1.4,improved
G_004_004,BUSSTOP_OUT::03222,HUB SYNERGY PT,cbd_bus,CBD-bound,Cbd Bus,40.73,39.33,1.4,improved
G_004_004,BUSSTOP_OUT::03223,TANJONG PAGAR STN EXIT C,cbd_bus,CBD-bound,Cbd Bus,40.73,39.33,1.4,improved
G_004_004,BUSSTOP_OUT::03239,SHENTON WAY TER,cbd_bus,CBD-bound,Cbd Bus,40.73,39.33,1.4,improved
G_004_004,BUSSTOP_OUT::03241,MAPLETREE ANSON,cbd_bus,CBD-bound,Cbd Bus,40.73,39.33,1.4,improved
G_004_004,BUSSTOP_OUT::03381,THE SAIL,cbd_bus,CBD-bound,Cbd Bus,44.084,44.084,-0.0,unchanged
G_004_004,BUSSTOP_OUT::03391,MARINA BAY FINANCIAL CTR,cbd_bus,CBD-bound,Cbd Bus,44.829,44.829,-0.0,unchanged
G_004_004,BUSSTOP_OUT::03501,MARINA BAY SANDS THEATRE,cbd_bus,CBD-bound,Cbd Bus,47.93,44.53,3.4,improved
G_004_004,BUSSTOP_OUT::03509,BAYFRONT STN EXIT B/MBS,cbd_bus,CBD-bound,Cbd Bus,47.93,44.53,3.4,improved
G_004_004,BUSSTOP_OUT::03511,AFT BAYFRONT STN EXIT E,cbd_bus,CBD-bound,Cbd Bus,47.438,44.53,2.908,improved
G_004_004,BUSSTOP_OUT::03519,BAYFRONT STN EXIT A,cbd_bus,CBD-bound,Cbd Bus,47.93,44.53,3.4,improved
G_004_004,BUSSTOP_OUT::03529,DOWNTOWN STN,cbd_bus,CBD-bound,Cbd Bus,46.13,45.021,1.109,improved
G_004_004,BUSSTOP_OUT::03539,Marina Bay Stn,cbd_bus,CBD-bound,Cbd Bus,46.73,43.53,3.2,improved
G_004_004,BUSSTOP_OUT::05269,MAXWELL RD FC,cbd_bus,CBD-bound,Cbd Bus,45.13,45.13,-0.0,unchanged
G_004_004,BUSSTOP_OUT::05319,OCBC CTR,cbd_bus,CBD-bound,Cbd Bus,44.93,44.93,-0.0,unchanged
G_004_004,BUSSTOP_OUT::05411,TG PAGAR PLAZA,cbd_bus,CBD-bound,Cbd Bus,40.73,39.565,1.165,improved
G_004_004,BUSSTOP_OUT::05419,THE AMARA,cbd_bus,CBD-bound,Cbd Bus,41.848,41.848,-0.0,unchanged
G_004_004,BUSSTOP_OUT::05431,TOWER 15,cbd_bus,CBD-bound,Cbd Bus,42.593,42.593,-0.0,unchanged
G_004_004,BUSSTOP_OUT::05629,OPP STH PT,cbd_bus,CBD-bound,Cbd Bus,44.166,38.075,6.091,improved
G_004_004,BUSSTOP_OUT::05651,OPP FUJI XEROX TWRS,cbd_bus,CBD-bound,Cbd Bus,45.592,38.82,6.772,improved
G_004_004,MRTHUB::Bayfront,Bayfront,cbd_mrt,CBD-bound,Cbd Mrt,37.63,34.23,3.4,improved
G_004_004,MRTHUB::Downtown,Downtown,cbd_mrt,CBD-bound,Cbd Mrt,36.43,36.43,-0.0,unchanged
G_004_004,MRTHUB::Marina_Bay,Marina Bay,cbd_mrt,CBD-bound,Cbd Mrt,39.03,33.23,5.8,improved
G_004_004,MRTHUB::Maxwell,Maxwell,cbd_mrt,CBD-bound,Cbd Mrt,34.83,34.83,-0.0,unchanged
G_004_004,MRTHUB::Raffles_Place,Raffles Place,cbd_mrt,CBD-bound,Cbd Mrt,34.63,34.63,-0.0,unchanged
G_004_004,MRTHUB::Shenton_Way,Shenton Way,cbd_mrt,CBD-bound,Cbd Mrt,35.83,35.83,-0.0,unchanged
G_004_004,MRTHUB::Tanjong_Pagar,Tanjong Pagar,cbd_mrt,CBD-bound,Cbd Mrt,30.43,30.43,-0.0,unchanged
G_004_005,BUSSTOP_OUT::95011,AFT AIRCRAFT FLYOVER,airport_bus,Airport-bound,Airport Bus,84.324,84.324,-0.0,unchanged
G_004_005,BUSSTOP_OUT::95019,AFT CHANGI AIRPORT TER 2,airport_bus,Airport-bound,Airport Bus,72.881,72.881,-0.0,unchanged
G_004_005,BUSSTOP_OUT::95029,CHANGI AIRPORT TER 1,airport_bus,Airport-bound,Airport Bus,72.135,72.135,-0.0,unchanged
G_004_005,BUSSTOP_OUT::95109,CHANGI AIRPORT TER 3,airport_bus,Airport-bound,Airport Bus,69.154,69.154,-0.0,unchanged
G_004_005,BUSSTOP_OUT::95129,CHANGI AIRPORT TER 2,airport_bus,Airport-bound,Airport Bus,69.154,69.154,-0.0,unchanged
G_004_005,BUSSTOP_OUT::95151,AIRPORT POLICE STN,airport_bus,Airport-bound,Airport Bus,82.461,82.461,-0.0,unchanged
G_004_005,BUSSTOP_OUT::95159,NEAR SATS FLIGHT KITCHEN,airport_bus,Airport-bound,Airport Bus,75.862,75.862,-0.0,unchanged
G_004_005,BUSSTOP_OUT::95209,CHANGI AIRPORT TER 4,airport_bus,Airport-bound,Airport Bus,78.844,78.844,-0.0,unchanged
G_004_005,MRTHUB::Changi_Airport,Changi Airport,airport_mrt,Airport-bound,Airport Mrt,58.854,58.854,-0.0,unchanged
G_004_005,BUSSTOP_OUT::03011,FULLERTON SQ,cbd_bus,CBD-bound,Cbd Bus,45.253,45.253,-0.0,unchanged
G_004_005,BUSSTOP_OUT::03019,OUE BAYFRONT,cbd_bus,CBD-bound,Cbd Bus,45.354,45.354,-0.0,unchanged
G_004_005,BUSSTOP_OUT::03021,PRUDENTIAL TWR,cbd_bus,CBD-bound,Cbd Bus,43.017,43.017,-0.0,unchanged
G_004_005,BUSSTOP_OUT::03031,RAFFLES PL STN EXIT F,cbd_bus,CBD-bound,Cbd Bus,43.39,43.39,-0.0,unchanged
G_004_005,BUSSTOP_OUT::03041,TELOK AYER STN EXIT A,cbd_bus,CBD-bound,Cbd Bus,43.017,43.017,-0.0,unchanged
G_004_005,BUSSTOP_OUT::03059,ONE RAFFLES QUAY,cbd_bus,CBD-bound,Cbd Bus,45.354,45.354,-0.0,unchanged
G_004_005,BUSSTOP_OUT::03071,OPP SO SOFITEL S'PORE,cbd_bus,CBD-bound,Cbd Bus,42.272,42.272,-0.0,unchanged
G_004_005,BUSSTOP_OUT::03111,AFT CAPITAL TWR,cbd_bus,CBD-bound,Cbd Bus,41.154,41.154,-0.0,unchanged
G_004_005,BUSSTOP_OUT::03129,UIC BLDG,cbd_bus,CBD-bound,Cbd Bus,41.154,41.154,-0.0,unchanged
G_004_005,BUSSTOP_OUT::03151,AFT TELOK AYER ST,cbd_bus,CBD-bound,Cbd Bus,41.154,41.154,-0.0,unchanged
G_004_005,BUSSTOP_OUT::03217,AFT STRAITS BLVD,cbd_bus,CBD-bound,Cbd Bus,41.154,39.754,1.4,improved
G_004_005,BUSSTOP_OUT::03218,OPP MAS BLDG,cbd_bus,CBD-bound,Cbd Bus,41.154,39.754,1.4,improved
G_004_005,BUSSTOP_OUT::03222,HUB SYNERGY PT,cbd_bus,CBD-bound,Cbd Bus,39.567,39.567,-0.0,unchanged
G_004_005,BUSSTOP_OUT::03223,TANJONG PAGAR STN EXIT C,cbd_bus,CBD-bound,Cbd Bus,41.154,39.754,1.4,improved
G_004_005,BUSSTOP_OUT::03239,SHENTON WAY TER,cbd_bus,CBD-bound,Cbd Bus,41.154,39.754,1.4,improved
G_004_005,BUSSTOP_OUT::03241,MAPLETREE ANSON,cbd_bus,CBD-bound,Cbd Bus,41.154,39.754,1.4,improved
G_004_005,BUSSTOP_OUT::03381,THE SAIL,cbd_bus,CBD-bound,Cbd Bus,44.508,44.508,-0.0,unchanged
G_004_005,BUSSTOP_OUT::03391,MARINA BAY FINANCIAL CTR,cbd_bus,CBD-bound,Cbd Bus,45.253,45.253,-0.0,unchanged
G_004_005,BUSSTOP_OUT::03501,MARINA BAY SANDS THEATRE,cbd_bus,CBD-bound,Cbd Bus,48.354,44.954,3.4,improved
G_004_005,BUSSTOP_OUT::03509,BAYFRONT STN EXIT B/MBS,cbd_bus,CBD-bound,Cbd Bus,48.354,44.954,3.4,improved
G_004_005,BUSSTOP_OUT::03511,AFT BAYFRONT STN EXIT E,cbd_bus,CBD-bound,Cbd Bus,47.862,44.954,2.908,improved
G_004_005,BUSSTOP_OUT::03519,BAYFRONT STN EXIT A,cbd_bus,CBD-bound,Cbd Bus,48.354,44.954,3.4,improved
G_004_005,BUSSTOP_OUT::03529,DOWNTOWN STN,cbd_bus,CBD-bound,Cbd Bus,46.554,45.445,1.109,improved
G_004_005,BUSSTOP_OUT::03539,Marina Bay Stn,cbd_bus,CBD-bound,Cbd Bus,47.154,43.954,3.2,improved
G_004_005,BUSSTOP_OUT::05269,MAXWELL RD FC,cbd_bus,CBD-bound,Cbd Bus,45.554,45.554,-0.0,unchanged
G_004_005,BUSSTOP_OUT::05319,OCBC CTR,cbd_bus,CBD-bound,Cbd Bus,45.354,45.354,-0.0,unchanged
G_004_005,BUSSTOP_OUT::05411,TG PAGAR PLAZA,cbd_bus,CBD-bound,Cbd Bus,41.154,39.989,1.165,improved
G_004_005,BUSSTOP_OUT::05419,THE AMARA,cbd_bus,CBD-bound,Cbd Bus,42.272,42.272,-0.0,unchanged
G_004_005,BUSSTOP_OUT::05431,TOWER 15,cbd_bus,CBD-bound,Cbd Bus,43.017,43.017,-0.0,unchanged
G_004_005,BUSSTOP_OUT::05629,OPP STH PT,cbd_bus,CBD-bound,Cbd Bus,44.59,38.499,6.091,improved
G_004_005,BUSSTOP_OUT::05651,OPP FUJI XEROX TWRS,cbd_bus,CBD-bound,Cbd Bus,45.921,39.244,6.677,improved
G_004_005,MRTHUB::Bayfront,Bayfront,cbd_mrt,CBD-bound,Cbd Mrt,38.054,34.654,3.4,improved
G_004_005,MRTHUB::Downtown,Downtown,cbd_mrt,CBD-bound,Cbd Mrt,36.854,36.854,-0.0,unchanged
G_004_005,MRTHUB::Marina_Bay,Marina Bay,cbd_mrt,CBD-bound,Cbd Mrt,39.454,33.654,5.8,improved
G_004_005,MRTHUB::Maxwell,Maxwell,cbd_mrt,CBD-bound,Cbd Mrt,35.254,35.254,-0.0,unchanged
G_004_005,MRTHUB::Raffles_Place,Raffles Place,cbd_mrt,CBD-bound,Cbd Mrt,35.054,35.054,-0.0,unchanged
G_004_005,MRTHUB::Shenton_Way,Shenton Way,cbd_mrt,CBD-bound,Cbd Mrt,36.254,36.254,-0.0,unchanged
G_004_005,MRTHUB::Tanjong_Pagar,Tanjong Pagar,cbd_mrt,CBD-bound,Cbd Mrt,30.854,30.854,-0.0,unchanged
G_004_006,BUSSTOP_OUT::95011,AFT AIRCRAFT FLYOVER,airport_bus,Airport-bound,Airport Bus,84.63,84.63,-0.0,unchanged
G_004_006,BUSSTOP_OUT::95019,AFT CHANGI AIRPORT TER 2,airport_bus,Airport-bound,Airport Bus,73.187,73.187,-0.0,unchanged
G_004_006,BUSSTOP_OUT::95029,CHANGI AIRPORT TER 1,airport_bus,Airport-bound,Airport Bus,72.441,72.441,-0.0,unchanged
G_004_006,BUSSTOP_OUT::95109,CHANGI AIRPORT TER 3,airport_bus,Airport-bound,Airport Bus,69.46,69.46,-0.0,unchanged
G_004_006,BUSSTOP_OUT::95129,CHANGI AIRPORT TER 2,airport_bus,Airport-bound,Airport Bus,69.46,69.46,-0.0,unchanged
G_004_006,BUSSTOP_OUT::95151,AIRPORT POLICE STN,airport_bus,Airport-bound,Airport Bus,82.767,82.767,-0.0,unchanged
G_004_006,BUSSTOP_OUT::95159,NEAR SATS FLIGHT KITCHEN,airport_bus,Airport-bound,Airport Bus,76.168,76.168,-0.0,unchanged
G_004_006,BUSSTOP_OUT::95209,CHANGI AIRPORT TER 4,airport_bus,Airport-bound,Airport Bus,79.15,79.15,-0.0,unchanged
G_004_006,MRTHUB::Changi_Airport,Changi Airport,airport_mrt,Airport-bound,Airport Mrt,59.16,59.16,-0.0,unchanged
G_004_006,BUSSTOP_OUT::03011,FULLERTON SQ,cbd_bus,CBD-bound,Cbd Bus,41.59,41.59,-0.0,unchanged
G_004_006,BUSSTOP_OUT::03019,OUE BAYFRONT,cbd_bus,CBD-bound,Cbd Bus,45.66,45.041,0.619,improved
G_004_006,BUSSTOP_OUT::03021,PRUDENTIAL TWR,cbd_bus,CBD-bound,Cbd Bus,43.323,39.414,3.909,improved
G_004_006,BUSSTOP_OUT::03031,RAFFLES PL STN EXIT F,cbd_bus,CBD-bound,Cbd Bus,39.354,39.354,-0.0,unchanged
G_004_006,BUSSTOP_OUT::03041,TELOK AYER STN EXIT A,cbd_bus,CBD-bound,Cbd Bus,43.323,39.414,3.909,improved
G_004_006,BUSSTOP_OUT::03059,ONE RAFFLES QUAY,cbd_bus,CBD-bound,Cbd Bus,44.187,44.187,-0.0,unchanged
G_004_006,BUSSTOP_OUT::03071,OPP SO SOFITEL S'PORE,cbd_bus,CBD-bound,Cbd Bus,38.236,38.236,-0.0,unchanged
G_004_006,BUSSTOP_OUT::03111,AFT CAPITAL TWR,cbd_bus,CBD-bound,Cbd Bus,37.118,37.118,-0.0,unchanged
G_004_006,BUSSTOP_OUT::03129,UIC BLDG,cbd_bus,CBD-bound,Cbd Bus,41.46,41.46,-0.0,unchanged
G_004_006,BUSSTOP_OUT::03151,AFT TELOK AYER ST,cbd_bus,CBD-bound,Cbd Bus,41.46,37.551,3.909,improved
G_004_006,BUSSTOP_OUT::03217,AFT STRAITS BLVD,cbd_bus,CBD-bound,Cbd Bus,41.46,36.06,5.4,improved
G_004_006,BUSSTOP_OUT::03218,OPP MAS BLDG,cbd_bus,CBD-bound,Cbd Bus,41.46,36.06,5.4,improved
G_004_006,BUSSTOP_OUT::03222,HUB SYNERGY PT,cbd_bus,CBD-bound,Cbd Bus,34.509,34.509,-0.0,unchanged
G_004_006,BUSSTOP_OUT::03223,TANJONG PAGAR STN EXIT C,cbd_bus,CBD-bound,Cbd Bus,41.46,36.06,5.4,improved
G_004_006,BUSSTOP_OUT::03239,SHENTON WAY TER,cbd_bus,CBD-bound,Cbd Bus,41.46,36.06,5.4,improved
G_004_006,BUSSTOP_OUT::03241,MAPLETREE ANSON,cbd_bus,CBD-bound,Cbd Bus,41.46,36.06,5.4,improved
G_004_006,BUSSTOP_OUT::03381,THE SAIL,cbd_bus,CBD-bound,Cbd Bus,44.814,40.905,3.909,improved
G_004_006,BUSSTOP_OUT::03391,MARINA BAY FINANCIAL CTR,cbd_bus,CBD-bound,Cbd Bus,45.559,41.65,3.909,improved
G_004_006,BUSSTOP_OUT::03501,MARINA BAY SANDS THEATRE,cbd_bus,CBD-bound,Cbd Bus,48.66,41.26,7.4,improved
G_004_006,BUSSTOP_OUT::03509,BAYFRONT STN EXIT B/MBS,cbd_bus,CBD-bound,Cbd Bus,48.66,41.26,7.4,improved
G_004_006,BUSSTOP_OUT::03511,AFT BAYFRONT STN EXIT E,cbd_bus,CBD-bound,Cbd Bus,48.168,41.26,6.908,improved
G_004_006,BUSSTOP_OUT::03519,BAYFRONT STN EXIT A,cbd_bus,CBD-bound,Cbd Bus,48.66,41.26,7.4,improved
G_004_006,BUSSTOP_OUT::03529,DOWNTOWN STN,cbd_bus,CBD-bound,Cbd Bus,44.86,41.751,3.109,improved
G_004_006,BUSSTOP_OUT::03539,Marina Bay Stn,cbd_bus,CBD-bound,Cbd Bus,45.86,40.26,5.6,improved
G_004_006,BUSSTOP_OUT::05269,MAXWELL RD FC,cbd_bus,CBD-bound,Cbd Bus,43.523,43.523,-0.0,unchanged
G_004_006,BUSSTOP_OUT::05319,OCBC CTR,cbd_bus,CBD-bound,Cbd Bus,41.951,41.951,-0.0,unchanged
G_004_006,BUSSTOP_OUT::05411,TG PAGAR PLAZA,cbd_bus,CBD-bound,Cbd Bus,41.46,36.295,5.165,improved
G_004_006,BUSSTOP_OUT::05419,THE AMARA,cbd_bus,CBD-bound,Cbd Bus,42.578,42.578,-0.0,unchanged
G_004_006,BUSSTOP_OUT::05431,TOWER 15,cbd_bus,CBD-bound,Cbd Bus,43.323,43.323,-0.0,unchanged
G_004_006,BUSSTOP_OUT::05629,OPP STH PT,cbd_bus,CBD-bound,Cbd Bus,40.49,34.805,5.685,improved
G_004_006,BUSSTOP_OUT::05651,OPP FUJI XEROX TWRS,cbd_bus,CBD-bound,Cbd Bus,40.863,35.55,5.313,improved
G_004_006,MRTHUB::Bayfront,Bayfront,cbd_mrt,CBD-bound,Cbd Mrt,38.36,30.96,7.4,improved
G_004_006,MRTHUB::Downtown,Downtown,cbd_mrt,CBD-bound,Cbd Mrt,35.56,34.16,1.4,improved
G_004_006,MRTHUB::Marina_Bay,Marina Bay,cbd_mrt,CBD-bound,Cbd Mrt,37.76,29.96,7.8,improved
G_004_006,MRTHUB::Maxwell,Maxwell,cbd_mrt,CBD-bound,Cbd Mrt,33.56,33.56,-0.0,unchanged
G_004_006,MRTHUB::Raffles_Place,Raffles Place,cbd_mrt,CBD-bound,Cbd Mrt,35.36,35.36,-0.0,unchanged
G_004_006,MRTHUB::Shenton_Way,Shenton Way,cbd_mrt,CBD-bound,Cbd Mrt,34.56,33.16,1.4,improved
G_004_006,MRTHUB::Tanjong_Pagar,Tanjong Pagar,cbd_mrt,CBD-bound,Cbd Mrt,31.16,31.16,-0.0,unchanged
G_004_007,BUSSTOP_OUT::95011,AFT AIRCRAFT FLYOVER,airport_bus,Airport-bound,Airport Bus,84.363,84.363,-0.0,unchanged
G_004_007,BUSSTOP_OUT::95019,AFT CHANGI AIRPORT TER 2,airport_bus,Airport-bound,Airport Bus,72.92,72.92,-0.0,unchanged
G_004_007,BUSSTOP_OUT::95029,CHANGI AIRPORT TER 1,airport_bus,Airport-bound,Airport Bus,72.174,72.174,-0.0,unchanged
G_004_007,BUSSTOP_OUT::95109,CHANGI AIRPORT TER 3,airport_bus,Airport-bound,Airport Bus,69.193,69.193,-0.0,unchanged
G_004_007,BUSSTOP_OUT::95129,CHANGI AIRPORT TER 2,airport_bus,Airport-bound,Airport Bus,69.193,69.193,-0.0,unchanged
G_004_007,BUSSTOP_OUT::95151,AIRPORT POLICE STN,airport_bus,Airport-bound,Airport Bus,82.5,82.5,-0.0,unchanged
G_004_007,BUSSTOP_OUT::95159,NEAR SATS FLIGHT KITCHEN,airport_bus,Airport-bound,Airport Bus,75.901,75.901,-0.0,unchanged
G_004_007,BUSSTOP_OUT::95209,CHANGI AIRPORT TER 4,airport_bus,Airport-bound,Airport Bus,78.883,78.883,-0.0,unchanged
G_004_007,MRTHUB::Changi_Airport,Changi Airport,airport_mrt,Airport-bound,Airport Mrt,58.893,58.893,-0.0,unchanged
G_004_007,BUSSTOP_OUT::03011,FULLERTON SQ,cbd_bus,CBD-bound,Cbd Bus,42.243,41.383,0.86,improved
G_004_007,BUSSTOP_OUT::03019,OUE BAYFRONT,cbd_bus,CBD-bound,Cbd Bus,45.393,44.774,0.619,improved
G_004_007,BUSSTOP_OUT::03021,PRUDENTIAL TWR,cbd_bus,CBD-bound,Cbd Bus,43.056,39.147,3.909,improved
G_004_007,BUSSTOP_OUT::03031,RAFFLES PL STN EXIT F,cbd_bus,CBD-bound,Cbd Bus,40.007,39.892,0.115,improved
G_004_007,BUSSTOP_OUT::03041,TELOK AYER STN EXIT A,cbd_bus,CBD-bound,Cbd Bus,43.056,39.147,3.909,improved
G_004_007,BUSSTOP_OUT::03059,ONE RAFFLES QUAY,cbd_bus,CBD-bound,Cbd Bus,43.92,43.92,-0.0,unchanged
G_004_007,BUSSTOP_OUT::03071,OPP SO SOFITEL S'PORE,cbd_bus,CBD-bound,Cbd Bus,38.889,38.774,0.115,improved
G_004_007,BUSSTOP_OUT::03111,AFT CAPITAL TWR,cbd_bus,CBD-bound,Cbd Bus,37.771,37.656,0.115,improved
G_004_007,BUSSTOP_OUT::03129,UIC BLDG,cbd_bus,CBD-bound,Cbd Bus,41.193,41.193,-0.0,unchanged
G_004_007,BUSSTOP_OUT::03151,AFT TELOK AYER ST,cbd_bus,CBD-bound,Cbd Bus,41.193,37.284,3.909,improved
G_004_007,BUSSTOP_OUT::03217,AFT STRAITS BLVD,cbd_bus,CBD-bound,Cbd Bus,41.193,35.793,5.4,improved
G_004_007,BUSSTOP_OUT::03218,OPP MAS BLDG,cbd_bus,CBD-bound,Cbd Bus,41.193,35.793,5.4,improved
G_004_007,BUSSTOP_OUT::03222,HUB SYNERGY PT,cbd_bus,CBD-bound,Cbd Bus,35.162,35.162,-0.0,unchanged
G_004_007,BUSSTOP_OUT::03223,TANJONG PAGAR STN EXIT C,cbd_bus,CBD-bound,Cbd Bus,41.193,35.793,5.4,improved
G_004_007,BUSSTOP_OUT::03239,SHENTON WAY TER,cbd_bus,CBD-bound,Cbd Bus,41.193,35.793,5.4,improved
G_004_007,BUSSTOP_OUT::03241,MAPLETREE ANSON,cbd_bus,CBD-bound,Cbd Bus,41.193,35.793,5.4,improved
G_004_007,BUSSTOP_OUT::03381,THE SAIL,cbd_bus,CBD-bound,Cbd Bus,44.547,40.638,3.909,improved
G_004_007,BUSSTOP_OUT::03391,MARINA BAY FINANCIAL CTR,cbd_bus,CBD-bound,Cbd Bus,45.292,41.383,3.909,improved
G_004_007,BUSSTOP_OUT::03501,MARINA BAY SANDS THEATRE,cbd_bus,CBD-bound,Cbd Bus,48.393,40.993,7.4,improved
G_004_007,BUSSTOP_OUT::03509,BAYFRONT STN EXIT B/MBS,cbd_bus,CBD-bound,Cbd Bus,48.393,40.993,7.4,improved
G_004_007,BUSSTOP_OUT::03511,AFT BAYFRONT STN EXIT E,cbd_bus,CBD-bound,Cbd Bus,47.901,40.993,6.908,improved
G_004_007,BUSSTOP_OUT::03519,BAYFRONT STN EXIT A,cbd_bus,CBD-bound,Cbd Bus,48.393,40.993,7.4,improved
G_004_007,BUSSTOP_OUT::03529,DOWNTOWN STN,cbd_bus,CBD-bound,Cbd Bus,44.593,41.484,3.109,improved
G_004_007,BUSSTOP_OUT::03539,Marina Bay Stn,cbd_bus,CBD-bound,Cbd Bus,45.593,39.993,5.6,improved
G_004_007,BUSSTOP_OUT::05269,MAXWELL RD FC,cbd_bus,CBD-bound,Cbd Bus,43.256,43.256,-0.0,unchanged
G_004_007,BUSSTOP_OUT::05319,OCBC CTR,cbd_bus,CBD-bound,Cbd Bus,41.684,41.684,-0.0,unchanged
G_004_007,BUSSTOP_OUT::05411,TG PAGAR PLAZA,cbd_bus,CBD-bound,Cbd Bus,41.193,36.028,5.165,improved
G_004_007,BUSSTOP_OUT::05419,THE AMARA,cbd_bus,CBD-bound,Cbd Bus,42.311,42.311,-0.0,unchanged
G_004_007,BUSSTOP_OUT::05431,TOWER 15,cbd_bus,CBD-bound,Cbd Bus,43.056,43.056,-0.0,unchanged
G_004_007,BUSSTOP_OUT::05629,OPP STH PT,cbd_bus,CBD-bound,Cbd Bus,41.143,34.538,6.605,improved
G_004_007,BUSSTOP_OUT::05651,OPP FUJI XEROX TWRS,cbd_bus,CBD-bound,Cbd Bus,41.516,35.283,6.233,improved
G_004_007,MRTHUB::Bayfront,Bayfront,cbd_mrt,CBD-bound,Cbd Mrt,38.093,30.693,7.4,improved
G_004_007,MRTHUB::Downtown,Downtown,cbd_mrt,CBD-bound,Cbd Mrt,35.293,33.893,1.4,improved
G_004_007,MRTHUB::Marina_Bay,Marina Bay,cbd_mrt,CBD-bound,Cbd Mrt,37.493,29.693,7.8,improved
G_004_007,MRTHUB::Maxwell,Maxwell,cbd_mrt,CBD-bound,Cbd Mrt,33.293,33.293,-0.0,unchanged
G_004_007,MRTHUB::Raffles_Place,Raffles Place,cbd_mrt,CBD-bound,Cbd Mrt,35.093,35.093,-0.0,unchanged
G_004_007,MRTHUB::Shenton_Way,Shenton Way,cbd_mrt,CBD-bound,Cbd Mrt,34.293,32.893,1.4,improved
G_004_007,MRTHUB::Tanjong_Pagar,Tanjong Pagar,cbd_mrt,CBD-bound,Cbd Mrt,30.893,30.893,-0.0,unchanged
G_005_001,BUSSTOP_OUT::95011,AFT AIRCRAFT FLYOVER,airport_bus,Airport-bound,Airport Bus,85.344,85.344,-0.0,unchanged
G_005_001,BUSSTOP_OUT::95019,AFT CHANGI AIRPORT TER 2,airport_bus,Airport-bound,Airport Bus,73.901,73.901,-0.0,unchanged
G_005_001,BUSSTOP_OUT::95029,CHANGI AIRPORT TER 1,airport_bus,Airport-bound,Airport Bus,73.155,73.155,-0.0,unchanged
G_005_001,BUSSTOP_OUT::95109,CHANGI AIRPORT TER 3,airport_bus,Airport-bound,Airport Bus,70.174,70.174,-0.0,unchanged
G_005_001,BUSSTOP_OUT::95129,CHANGI AIRPORT TER 2,airport_bus,Airport-bound,Airport Bus,70.174,70.174,-0.0,unchanged
G_005_001,BUSSTOP_OUT::95151,AIRPORT POLICE STN,airport_bus,Airport-bound,Airport Bus,83.481,83.481,-0.0,unchanged
G_005_001,BUSSTOP_OUT::95159,NEAR SATS FLIGHT KITCHEN,airport_bus,Airport-bound,Airport Bus,76.882,76.882,-0.0,unchanged
G_005_001,BUSSTOP_OUT::95209,CHANGI AIRPORT TER 4,airport_bus,Airport-bound,Airport Bus,79.864,79.864,-0.0,unchanged
G_005_001,MRTHUB::Changi_Airport,Changi Airport,airport_mrt,Airport-bound,Airport Mrt,59.874,59.874,-0.0,unchanged
G_005_001,BUSSTOP_OUT::03011,FULLERTON SQ,cbd_bus,CBD-bound,Cbd Bus,46.273,46.273,-0.0,unchanged
G_005_001,BUSSTOP_OUT::03019,OUE BAYFRONT,cbd_bus,CBD-bound,Cbd Bus,46.374,46.374,-0.0,unchanged
G_005_001,BUSSTOP_OUT::03021,PRUDENTIAL TWR,cbd_bus,CBD-bound,Cbd Bus,44.037,44.037,-0.0,unchanged
G_005_001,BUSSTOP_OUT::03031,RAFFLES PL STN EXIT F,cbd_bus,CBD-bound,Cbd Bus,44.41,44.41,-0.0,unchanged
G_005_001,BUSSTOP_OUT::03041,TELOK AYER STN EXIT A,cbd_bus,CBD-bound,Cbd Bus,44.037,44.037,-0.0,unchanged
G_005_001,BUSSTOP_OUT::03059,ONE RAFFLES QUAY,cbd_bus,CBD-bound,Cbd Bus,46.374,46.374,-0.0,unchanged
G_005_001,BUSSTOP_OUT::03071,OPP SO SOFITEL S'PORE,cbd_bus,CBD-bound,Cbd Bus,43.292,43.292,-0.0,unchanged
G_005_001,BUSSTOP_OUT::03111,AFT CAPITAL TWR,cbd_bus,CBD-bound,Cbd Bus,42.174,42.174,-0.0,unchanged
G_005_001,BUSSTOP_OUT::03129,UIC BLDG,cbd_bus,CBD-bound,Cbd Bus,42.174,42.174,-0.0,unchanged
G_005_001,BUSSTOP_OUT::03151,AFT TELOK AYER ST,cbd_bus,CBD-bound,Cbd Bus,42.174,42.174,-0.0,unchanged
G_005_001,BUSSTOP_OUT::03217,AFT STRAITS BLVD,cbd_bus,CBD-bound,Cbd Bus,42.174,40.774,1.4,improved
G_005_001,BUSSTOP_OUT::03218,OPP MAS BLDG,cbd_bus,CBD-bound,Cbd Bus,42.174,40.774,1.4,improved
G_005_001,BUSSTOP_OUT::03222,HUB SYNERGY PT,cbd_bus,CBD-bound,Cbd Bus,40.206,40.206,-0.0,unchanged
G_005_001,BUSSTOP_OUT::03223,TANJONG PAGAR STN EXIT C,cbd_bus,CBD-bound,Cbd Bus,42.174,40.774,1.4,improved
G_005_001,BUSSTOP_OUT::03239,SHENTON WAY TER,cbd_bus,CBD-bound,Cbd Bus,42.174,40.774,1.4,improved
G_005_001,BUSSTOP_OUT::03241,MAPLETREE ANSON,cbd_bus,CBD-bound,Cbd Bus,42.174,40.774,1.4,improved
G_005_001,BUSSTOP_OUT::03381,THE SAIL,cbd_bus,CBD-bound,Cbd Bus,45.528,45.528,-0.0,unchanged
G_005_001,BUSSTOP_OUT::03391,MARINA BAY FINANCIAL CTR,cbd_bus,CBD-bound,Cbd Bus,46.273,46.273,-0.0,unchanged
G_005_001,BUSSTOP_OUT::03501,MARINA BAY SANDS THEATRE,cbd_bus,CBD-bound,Cbd Bus,49.374,45.974,3.4,improved
G_005_001,BUSSTOP_OUT::03509,BAYFRONT STN EXIT B/MBS,cbd_bus,CBD-bound,Cbd Bus,49.374,45.974,3.4,improved
G_005_001,BUSSTOP_OUT::03511,AFT BAYFRONT STN EXIT E,cbd_bus,CBD-bound,Cbd Bus,48.882,45.974,2.908,improved
G_005_001,BUSSTOP_OUT::03519,BAYFRONT STN EXIT A,cbd_bus,CBD-bound,Cbd Bus,49.374,45.974,3.4,improved
G_005_001,BUSSTOP_OUT::03529,DOWNTOWN STN,cbd_bus,CBD-bound,Cbd Bus,47.574,46.465,1.109,improved
G_005_001,BUSSTOP_OUT::03539,Marina Bay Stn,cbd_bus,CBD-bound,Cbd Bus,48.174,44.974,3.2,improved
G_005_001,BUSSTOP_OUT::05269,MAXWELL RD FC,cbd_bus,CBD-bound,Cbd Bus,46.574,46.574,-0.0,unchanged
G_005_001,BUSSTOP_OUT::05319,OCBC CTR,cbd_bus,CBD-bound,Cbd Bus,44.697,44.697,-0.0,unchanged
G_005_001,BUSSTOP_OUT::05411,TG PAGAR PLAZA,cbd_bus,CBD-bound,Cbd Bus,42.174,41.009,1.165,improved
G_005_001,BUSSTOP_OUT::05419,THE AMARA,cbd_bus,CBD-bound,Cbd Bus,43.292,43.292,-0.0,unchanged
G_005_001,BUSSTOP_OUT::05431,TOWER 15,cbd_bus,CBD-bound,Cbd Bus,44.037,44.037,-0.0,unchanged
G_005_001,BUSSTOP_OUT::05629,OPP STH PT,cbd_bus,CBD-bound,Cbd Bus,41.716,39.519,2.197,improved
G_005_001,BUSSTOP_OUT::05651,OPP FUJI XEROX TWRS,cbd_bus,CBD-bound,Cbd Bus,46.56,40.264,6.296,improved
G_005_001,MRTHUB::Bayfront,Bayfront,cbd_mrt,CBD-bound,Cbd Mrt,39.074,35.674,3.4,improved
G_005_001,MRTHUB::Downtown,Downtown,cbd_mrt,CBD-bound,Cbd Mrt,37.874,37.874,-0.0,unchanged
G_005_001,MRTHUB::Marina_Bay,Marina Bay,cbd_mrt,CBD-bound,Cbd Mrt,40.474,34.674,5.8,improved
G_005_001,MRTHUB::Maxwell,Maxwell,cbd_mrt,CBD-bound,Cbd Mrt,36.274,36.274,-0.0,unchanged
G_005_001,MRTHUB::Raffles_Place,Raffles Place,cbd_mrt,CBD-bound,Cbd Mrt,36.074,36.074,-0.0,unchanged
G_005_001,MRTHUB::Shenton_Way,Shenton Way,cbd_mrt,CBD-bound,Cbd Mrt,37.274,37.274,-0.0,unchanged
G_005_001,MRTHUB::Tanjong_Pagar,Tanjong Pagar,cbd_mrt,CBD-bound,Cbd Mrt,31.874,31.874,-0.0,unchanged
G_005_002,BUSSTOP_OUT::95011,AFT AIRCRAFT FLYOVER,airport_bus,Airport-bound,Airport Bus,83.517,83.517,-0.0,unchanged
G_005_002,BUSSTOP_OUT::95019,AFT CHANGI AIRPORT TER 2,airport_bus,Airport-bound,Airport Bus,72.074,72.074,-0.0,unchanged
G_005_002,BUSSTOP_OUT::95029,CHANGI AIRPORT TER 1,airport_bus,Airport-bound,Airport Bus,71.328,71.328,-0.0,unchanged
G_005_002,BUSSTOP_OUT::95109,CHANGI AIRPORT TER 3,airport_bus,Airport-bound,Airport Bus,68.347,68.347,-0.0,unchanged
G_005_002,BUSSTOP_OUT::95129,CHANGI AIRPORT TER 2,airport_bus,Airport-bound,Airport Bus,68.347,68.347,-0.0,unchanged
G_005_002,BUSSTOP_OUT::95151,AIRPORT POLICE STN,airport_bus,Airport-bound,Airport Bus,81.654,81.654,-0.0,unchanged
G_005_002,BUSSTOP_OUT::95159,NEAR SATS FLIGHT KITCHEN,airport_bus,Airport-bound,Airport Bus,75.055,75.055,-0.0,unchanged
G_005_002,BUSSTOP_OUT::95209,CHANGI AIRPORT TER 4,airport_bus,Airport-bound,Airport Bus,78.037,78.037,-0.0,unchanged
G_005_002,MRTHUB::Changi_Airport,Changi Airport,airport_mrt,Airport-bound,Airport Mrt,58.047,58.047,-0.0,unchanged
G_005_002,BUSSTOP_OUT::03011,FULLERTON SQ,cbd_bus,CBD-bound,Cbd Bus,44.446,44.446,-0.0,unchanged
G_005_002,BUSSTOP_OUT::03019,OUE BAYFRONT,cbd_bus,CBD-bound,Cbd Bus,44.547,44.547,-0.0,unchanged
G_005_002,BUSSTOP_OUT::03021,PRUDENTIAL TWR,cbd_bus,CBD-bound,Cbd Bus,42.21,42.21,-0.0,unchanged
G_005_002,BUSSTOP_OUT::03031,RAFFLES PL STN EXIT F,cbd_bus,CBD-bound,Cbd Bus,42.583,42.583,-0.0,unchanged
G_005_002,BUSSTOP_OUT::03041,TELOK AYER STN EXIT A,cbd_bus,CBD-bound,Cbd Bus,42.21,42.21,-0.0,unchanged
G_005_002,BUSSTOP_OUT::03059,ONE RAFFLES QUAY,cbd_bus,CBD-bound,Cbd Bus,44.547,44.547,-0.0,unchanged
G_005_002,BUSSTOP_OUT::03071,OPP SO SOFITEL S'PORE,cbd_bus,CBD-bound,Cbd Bus,41.465,41.465,-0.0,unchanged
G_005_002,BUSSTOP_OUT::03111,AFT CAPITAL TWR,cbd_bus,CBD-bound,Cbd Bus,40.347,40.347,-0.0,unchanged
G_005_002,BUSSTOP_OUT::03129,UIC BLDG,cbd_bus,CBD-bound,Cbd Bus,40.347,40.347,-0.0,unchanged
G_005_002,BUSSTOP_OUT::03151,AFT TELOK AYER ST,cbd_bus,CBD-bound,Cbd Bus,40.347,40.347,-0.0,unchanged
G_005_002,BUSSTOP_OUT::03217,AFT STRAITS BLVD,cbd_bus,CBD-bound,Cbd Bus,40.347,38.947,1.4,improved
G_005_002,BUSSTOP_OUT::03218,OPP MAS BLDG,cbd_bus,CBD-bound,Cbd Bus,40.347,38.947,1.4,improved
G_005_002,BUSSTOP_OUT::03222,HUB SYNERGY PT,cbd_bus,CBD-bound,Cbd Bus,40.347,38.947,1.4,improved
G_005_002,BUSSTOP_OUT::03223,TANJONG PAGAR STN EXIT C,cbd_bus,CBD-bound,Cbd Bus,40.347,38.947,1.4,improved
G_005_002,BUSSTOP_OUT::03239,SHENTON WAY TER,cbd_bus,CBD-bound,Cbd Bus,40.347,38.947,1.4,improved
G_005_002,BUSSTOP_OUT::03241,MAPLETREE ANSON,cbd_bus,CBD-bound,Cbd Bus,40.347,38.947,1.4,improved
G_005_002,BUSSTOP_OUT::03381,THE SAIL,cbd_bus,CBD-bound,Cbd Bus,43.701,43.701,-0.0,unchanged
G_005_002,BUSSTOP_OUT::03391,MARINA BAY FINANCIAL CTR,cbd_bus,CBD-bound,Cbd Bus,44.446,44.446,-0.0,unchanged
G_005_002,BUSSTOP_OUT::03501,MARINA BAY SANDS THEATRE,cbd_bus,CBD-bound,Cbd Bus,47.547,44.147,3.4,improved
G_005_002,BUSSTOP_OUT::03509,BAYFRONT STN EXIT B/MBS,cbd_bus,CBD-bound,Cbd Bus,47.547,44.147,3.4,improved
G_005_002,BUSSTOP_OUT::03511,AFT BAYFRONT STN EXIT E,cbd_bus,CBD-bound,Cbd Bus,47.055,44.147,2.908,improved
G_005_002,BUSSTOP_OUT::03519,BAYFRONT STN EXIT A,cbd_bus,CBD-bound,Cbd Bus,47.547,44.147,3.4,improved
G_005_002,BUSSTOP_OUT::03529,DOWNTOWN STN,cbd_bus,CBD-bound,Cbd Bus,45.747,44.638,1.109,improved
G_005_002,BUSSTOP_OUT::03539,Marina Bay Stn,cbd_bus,CBD-bound,Cbd Bus,46.347,43.147,3.2,improved
G_005_002,BUSSTOP_OUT::05269,MAXWELL RD FC,cbd_bus,CBD-bound,Cbd Bus,44.747,44.747,-0.0,unchanged
G_005_002,BUSSTOP_OUT::05319,OCBC CTR,cbd_bus,CBD-bound,Cbd Bus,44.547,44.547,-0.0,unchanged
G_005_002,BUSSTOP_OUT::05411,TG PAGAR PLAZA,cbd_bus,CBD-bound,Cbd Bus,40.347,39.182,1.165,improved
G_005_002,BUSSTOP_OUT::05419,THE AMARA,cbd_bus,CBD-bound,Cbd Bus,41.465,41.465,-0.0,unchanged
G_005_002,BUSSTOP_OUT::05431,TOWER 15,cbd_bus,CBD-bound,Cbd Bus,42.21,42.21,-0.0,unchanged
G_005_002,BUSSTOP_OUT::05629,OPP STH PT,cbd_bus,CBD-bound,Cbd Bus,43.783,37.692,6.091,improved
G_005_002,BUSSTOP_OUT::05651,OPP FUJI XEROX TWRS,cbd_bus,CBD-bound,Cbd Bus,45.209,38.437,6.772,improved
G_005_002,MRTHUB::Bayfront,Bayfront,cbd_mrt,CBD-bound,Cbd Mrt,37.247,33.847,3.4,improved
G_005_002,MRTHUB::Downtown,Downtown,cbd_mrt,CBD-bound,Cbd Mrt,36.047,36.047,-0.0,unchanged
G_005_002,MRTHUB::Marina_Bay,Marina Bay,cbd_mrt,CBD-bound,Cbd Mrt,38.647,32.847,5.8,improved
G_005_002,MRTHUB::Maxwell,Maxwell,cbd_mrt,CBD-bound,Cbd Mrt,34.447,34.447,-0.0,unchanged
G_005_002,MRTHUB::Raffles_Place,Raffles Place,cbd_mrt,CBD-bound,Cbd Mrt,34.247,34.247,-0.0,unchanged
G_005_002,MRTHUB::Shenton_Way,Shenton Way,cbd_mrt,CBD-bound,Cbd Mrt,35.447,35.447,-0.0,unchanged
G_005_002,MRTHUB::Tanjong_Pagar,Tanjong Pagar,cbd_mrt,CBD-bound,Cbd Mrt,30.047,30.047,-0.0,unchanged
G_005_003,BUSSTOP_OUT::95011,AFT AIRCRAFT FLYOVER,airport_bus,Airport-bound,Airport Bus,80.831,80.831,-0.0,unchanged
G_005_003,BUSSTOP_OUT::95019,AFT CHANGI AIRPORT TER 2,airport_bus,Airport-bound,Airport Bus,69.388,69.388,-0.0,unchanged
G_005_003,BUSSTOP_OUT::95029,CHANGI AIRPORT TER 1,airport_bus,Airport-bound,Airport Bus,68.642,68.642,-0.0,unchanged
G_005_003,BUSSTOP_OUT::95109,CHANGI AIRPORT TER 3,airport_bus,Airport-bound,Airport Bus,65.661,65.661,-0.0,unchanged
G_005_003,BUSSTOP_OUT::95129,CHANGI AIRPORT TER 2,airport_bus,Airport-bound,Airport Bus,65.661,65.661,-0.0,unchanged
G_005_003,BUSSTOP_OUT::95151,AIRPORT POLICE STN,airport_bus,Airport-bound,Airport Bus,78.968,78.968,-0.0,unchanged
G_005_003,BUSSTOP_OUT::95159,NEAR SATS FLIGHT KITCHEN,airport_bus,Airport-bound,Airport Bus,72.369,72.369,-0.0,unchanged
G_005_003,BUSSTOP_OUT::95209,CHANGI AIRPORT TER 4,airport_bus,Airport-bound,Airport Bus,75.351,75.351,-0.0,unchanged
G_005_003,MRTHUB::Changi_Airport,Changi Airport,airport_mrt,Airport-bound,Airport Mrt,55.361,55.361,-0.0,unchanged
G_005_003,BUSSTOP_OUT::03011,FULLERTON SQ,cbd_bus,CBD-bound,Cbd Bus,41.76,41.76,-0.0,unchanged
G_005_003,BUSSTOP_OUT::03019,OUE BAYFRONT,cbd_bus,CBD-bound,Cbd Bus,41.861,41.861,-0.0,unchanged
G_005_003,BUSSTOP_OUT::03021,PRUDENTIAL TWR,cbd_bus,CBD-bound,Cbd Bus,39.524,39.524,-0.0,unchanged
G_005_003,BUSSTOP_OUT::03031,RAFFLES PL STN EXIT F,cbd_bus,CBD-bound,Cbd Bus,39.897,39.897,-0.0,unchanged
G_005_003,BUSSTOP_OUT::03041,TELOK AYER STN EXIT A,cbd_bus,CBD-bound,Cbd Bus,39.524,39.524,-0.0,unchanged
G_005_003,BUSSTOP_OUT::03059,ONE RAFFLES QUAY,cbd_bus,CBD-bound,Cbd Bus,41.861,41.861,-0.0,unchanged
G_005_003,BUSSTOP_OUT::03071,OPP SO SOFITEL S'PORE,cbd_bus,CBD-bound,Cbd Bus,38.779,38.779,-0.0,unchanged
G_005_003,BUSSTOP_OUT::03111,AFT CAPITAL TWR,cbd_bus,CBD-bound,Cbd Bus,37.661,37.661,-0.0,unchanged
G_005_003,BUSSTOP_OUT::03129,UIC BLDG,cbd_bus,CBD-bound,Cbd Bus,37.661,37.661,-0.0,unchanged
G_005_003,BUSSTOP_OUT::03151,AFT TELOK AYER ST,cbd_bus,CBD-bound,Cbd Bus,37.661,37.661,-0.0,unchanged
G_005_003,BUSSTOP_OUT::03217,AFT STRAITS BLVD,cbd_bus,CBD-bound,Cbd Bus,37.661,36.261,1.4,improved
G_005_003,BUSSTOP_OUT::03218,OPP MAS BLDG,cbd_bus,CBD-bound,Cbd Bus,37.661,36.261,1.4,improved
G_005_003,BUSSTOP_OUT::03222,HUB SYNERGY PT,cbd_bus,CBD-bound,Cbd Bus,37.661,36.261,1.4,improved
G_005_003,BUSSTOP_OUT::03223,TANJONG PAGAR STN EXIT C,cbd_bus,CBD-bound,Cbd Bus,37.661,36.261,1.4,improved
G_005_003,BUSSTOP_OUT::03239,SHENTON WAY TER,cbd_bus,CBD-bound,Cbd Bus,37.661,36.261,1.4,improved
G_005_003,BUSSTOP_OUT::03241,MAPLETREE ANSON,cbd_bus,CBD-bound,Cbd Bus,37.661,36.261,1.4,improved
G_005_003,BUSSTOP_OUT::03381,THE SAIL,cbd_bus,CBD-bound,Cbd Bus,41.015,41.015,-0.0,unchanged
G_005_003,BUSSTOP_OUT::03391,MARINA BAY FINANCIAL CTR,cbd_bus,CBD-bound,Cbd Bus,41.76,41.76,-0.0,unchanged
G_005_003,BUSSTOP_OUT::03501,MARINA BAY SANDS THEATRE,cbd_bus,CBD-bound,Cbd Bus,44.861,41.461,3.4,improved
G_005_003,BUSSTOP_OUT::03509,BAYFRONT STN EXIT B/MBS,cbd_bus,CBD-bound,Cbd Bus,44.861,41.461,3.4,improved
G_005_003,BUSSTOP_OUT::03511,AFT BAYFRONT STN EXIT E,cbd_bus,CBD-bound,Cbd Bus,44.369,41.461,2.908,improved
G_005_003,BUSSTOP_OUT::03519,BAYFRONT STN EXIT A,cbd_bus,CBD-bound,Cbd Bus,44.861,41.461,3.4,improved
G_005_003,BUSSTOP_OUT::03529,DOWNTOWN STN,cbd_bus,CBD-bound,Cbd Bus,43.061,41.952,1.109,improved
G_005_003,BUSSTOP_OUT::03539,Marina Bay Stn,cbd_bus,CBD-bound,Cbd Bus,43.661,40.461,3.2,improved
G_005_003,BUSSTOP_OUT::05269,MAXWELL RD FC,cbd_bus,CBD-bound,Cbd Bus,42.061,42.061,-0.0,unchanged
G_005_003,BUSSTOP_OUT::05319,OCBC CTR,cbd_bus,CBD-bound,Cbd Bus,41.861,41.861,-0.0,unchanged
G_005_003,BUSSTOP_OUT::05411,TG PAGAR PLAZA,cbd_bus,CBD-bound,Cbd Bus,37.661,36.496,1.165,improved
G_005_003,BUSSTOP_OUT::05419,THE AMARA,cbd_bus,CBD-bound,Cbd Bus,38.779,38.779,-0.0,unchanged
G_005_003,BUSSTOP_OUT::05431,TOWER 15,cbd_bus,CBD-bound,Cbd Bus,39.524,39.524,-0.0,unchanged
G_005_003,BUSSTOP_OUT::05629,OPP STH PT,cbd_bus,CBD-bound,Cbd Bus,41.097,35.006,6.091,improved
G_005_003,BUSSTOP_OUT::05651,OPP FUJI XEROX TWRS,cbd_bus,CBD-bound,Cbd Bus,42.523,35.751,6.772,improved
G_005_003,MRTHUB::Bayfront,Bayfront,cbd_mrt,CBD-bound,Cbd Mrt,34.561,31.161,3.4,improved
G_005_003,MRTHUB::Downtown,Downtown,cbd_mrt,CBD-bound,Cbd Mrt,33.361,33.361,-0.0,unchanged
G_005_003,MRTHUB::Marina_Bay,Marina Bay,cbd_mrt,CBD-bound,Cbd Mrt,35.961,30.161,5.8,improved
G_005_003,MRTHUB::Maxwell,Maxwell,cbd_mrt,CBD-bound,Cbd Mrt,31.761,31.761,-0.0,unchanged
G_005_003,MRTHUB::Raffles_Place,Raffles Place,cbd_mrt,CBD-bound,Cbd Mrt,31.561,31.561,-0.0,unchanged
G_005_003,MRTHUB::Shenton_Way,Shenton Way,cbd_mrt,CBD-bound,Cbd Mrt,32.761,32.761,-0.0,unchanged
G_005_003,MRTHUB::Tanjong_Pagar,Tanjong Pagar,cbd_mrt,CBD-bound,Cbd Mrt,27.361,27.361,-0.0,unchanged
G_005_004,BUSSTOP_OUT::95011,AFT AIRCRAFT FLYOVER,airport_bus,Airport-bound,Airport Bus,79.499,79.499,-0.0,unchanged
G_005_004,BUSSTOP_OUT::95019,AFT CHANGI AIRPORT TER 2,airport_bus,Airport-bound,Airport Bus,68.056,68.056,-0.0,unchanged
G_005_004,BUSSTOP_OUT::95029,CHANGI AIRPORT TER 1,airport_bus,Airport-bound,Airport Bus,67.31,67.31,-0.0,unchanged
G_005_004,BUSSTOP_OUT::95109,CHANGI AIRPORT TER 3,airport_bus,Airport-bound,Airport Bus,64.329,64.329,-0.0,unchanged
G_005_004,BUSSTOP_OUT::95129,CHANGI AIRPORT TER 2,airport_bus,Airport-bound,Airport Bus,64.329,64.329,-0.0,unchanged
G_005_004,BUSSTOP_OUT::95151,AIRPORT POLICE STN,airport_bus,Airport-bound,Airport Bus,77.636,77.636,-0.0,unchanged
G_005_004,BUSSTOP_OUT::95159,NEAR SATS FLIGHT KITCHEN,airport_bus,Airport-bound,Airport Bus,71.037,71.037,-0.0,unchanged
G_005_004,BUSSTOP_OUT::95209,CHANGI AIRPORT TER 4,airport_bus,Airport-bound,Airport Bus,74.019,74.019,-0.0,unchanged
G_005_004,MRTHUB::Changi_Airport,Changi Airport,airport_mrt,Airport-bound,Airport Mrt,54.029,54.029,-0.0,unchanged
G_005_004,BUSSTOP_OUT::03011,FULLERTON SQ,cbd_bus,CBD-bound,Cbd Bus,40.428,40.428,-0.0,unchanged
G_005_004,BUSSTOP_OUT::03019,OUE BAYFRONT,cbd_bus,CBD-bound,Cbd Bus,40.529,40.529,-0.0,unchanged
G_005_004,BUSSTOP_OUT::03021,PRUDENTIAL TWR,cbd_bus,CBD-bound,Cbd Bus,38.192,38.192,-0.0,unchanged
G_005_004,BUSSTOP_OUT::03031,RAFFLES PL STN EXIT F,cbd_bus,CBD-bound,Cbd Bus,38.565,38.565,-0.0,unchanged
G_005_004,BUSSTOP_OUT::03041,TELOK AYER STN EXIT A,cbd_bus,CBD-bound,Cbd Bus,38.192,38.192,-0.0,unchanged
G_005_004,BUSSTOP_OUT::03059,ONE RAFFLES QUAY,cbd_bus,CBD-bound,Cbd Bus,40.529,40.529,-0.0,unchanged
G_005_004,BUSSTOP_OUT::03071,OPP SO SOFITEL S'PORE,cbd_bus,CBD-bound,Cbd Bus,37.447,37.447,-0.0,unchanged
G_005_004,BUSSTOP_OUT::03111,AFT CAPITAL TWR,cbd_bus,CBD-bound,Cbd Bus,36.329,36.329,-0.0,unchanged
G_005_004,BUSSTOP_OUT::03129,UIC BLDG,cbd_bus,CBD-bound,Cbd Bus,36.329,36.329,-0.0,unchanged
G_005_004,BUSSTOP_OUT::03151,AFT TELOK AYER ST,cbd_bus,CBD-bound,Cbd Bus,36.329,36.329,-0.0,unchanged
G_005_004,BUSSTOP_OUT::03217,AFT STRAITS BLVD,cbd_bus,CBD-bound,Cbd Bus,36.329,34.929,1.4,improved
G_005_004,BUSSTOP_OUT::03218,OPP MAS BLDG,cbd_bus,CBD-bound,Cbd Bus,36.329,34.929,1.4,improved
G_005_004,BUSSTOP_OUT::03222,HUB SYNERGY PT,cbd_bus,CBD-bound,Cbd Bus,36.329,34.929,1.4,improved
G_005_004,BUSSTOP_OUT::03223,TANJONG PAGAR STN EXIT C,cbd_bus,CBD-bound,Cbd Bus,36.329,34.929,1.4,improved
G_005_004,BUSSTOP_OUT::03239,SHENTON WAY TER,cbd_bus,CBD-bound,Cbd Bus,36.329,34.929,1.4,improved
G_005_004,BUSSTOP_OUT::03241,MAPLETREE ANSON,cbd_bus,CBD-bound,Cbd Bus,36.329,34.929,1.4,improved
G_005_004,BUSSTOP_OUT::03381,THE SAIL,cbd_bus,CBD-bound,Cbd Bus,39.683,39.683,-0.0,unchanged
G_005_004,BUSSTOP_OUT::03391,MARINA BAY FINANCIAL CTR,cbd_bus,CBD-bound,Cbd Bus,40.428,40.428,-0.0,unchanged
G_005_004,BUSSTOP_OUT::03501,MARINA BAY SANDS THEATRE,cbd_bus,CBD-bound,Cbd Bus,43.529,40.129,3.4,improved
G_005_004,BUSSTOP_OUT::03509,BAYFRONT STN EXIT B/MBS,cbd_bus,CBD-bound,Cbd Bus,43.529,40.129,3.4,improved
G_005_004,BUSSTOP_OUT::03511,AFT BAYFRONT STN EXIT E,cbd_bus,CBD-bound,Cbd Bus,43.037,40.129,2.908,improved
G_005_004,BUSSTOP_OUT::03519,BAYFRONT STN EXIT A,cbd_bus,CBD-bound,Cbd Bus,43.529,40.129,3.4,improved
G_005_004,BUSSTOP_OUT::03529,DOWNTOWN STN,cbd_bus,CBD-bound,Cbd Bus,41.729,40.62,1.109,improved
G_005_004,BUSSTOP_OUT::03539,Marina Bay Stn,cbd_bus,CBD-bound,Cbd Bus,42.329,39.129,3.2,improved
G_005_004,BUSSTOP_OUT::05269,MAXWELL RD FC,cbd_bus,CBD-bound,Cbd Bus,40.729,40.729,-0.0,unchanged
G_005_004,BUSSTOP_OUT::05319,OCBC CTR,cbd_bus,CBD-bound,Cbd Bus,40.529,40.529,-0.0,unchanged
G_005_004,BUSSTOP_OUT::05411,TG PAGAR PLAZA,cbd_bus,CBD-bound,Cbd Bus,36.329,35.164,1.165,improved
G_005_004,BUSSTOP_OUT::05419,THE AMARA,cbd_bus,CBD-bound,Cbd Bus,37.447,37.447,-0.0,unchanged
G_005_004,BUSSTOP_OUT::05431,TOWER 15,cbd_bus,CBD-bound,Cbd Bus,38.192,38.192,-0.0,unchanged
G_005_004,BUSSTOP_OUT::05629,OPP STH PT,cbd_bus,CBD-bound,Cbd Bus,39.765,33.674,6.091,improved
G_005_004,BUSSTOP_OUT::05651,OPP FUJI XEROX TWRS,cbd_bus,CBD-bound,Cbd Bus,41.191,34.419,6.772,improved
G_005_004,MRTHUB::Bayfront,Bayfront,cbd_mrt,CBD-bound,Cbd Mrt,33.229,29.829,3.4,improved
G_005_004,MRTHUB::Downtown,Downtown,cbd_mrt,CBD-bound,Cbd Mrt,32.029,32.029,-0.0,unchanged
G_005_004,MRTHUB::Marina_Bay,Marina Bay,cbd_mrt,CBD-bound,Cbd Mrt,34.629,28.829,5.8,improved
G_005_004,MRTHUB::Maxwell,Maxwell,cbd_mrt,CBD-bound,Cbd Mrt,30.429,30.429,-0.0,unchanged
G_005_004,MRTHUB::Raffles_Place,Raffles Place,cbd_mrt,CBD-bound,Cbd Mrt,30.229,30.229,-0.0,unchanged
G_005_004,MRTHUB::Shenton_Way,Shenton Way,cbd_mrt,CBD-bound,Cbd Mrt,31.429,31.429,-0.0,unchanged
G_005_004,MRTHUB::Tanjong_Pagar,Tanjong Pagar,cbd_mrt,CBD-bound,Cbd Mrt,26.029,26.029,-0.0,unchanged
G_005_005,BUSSTOP_OUT::95011,AFT AIRCRAFT FLYOVER,airport_bus,Airport-bound,Airport Bus,80.106,80.106,-0.0,unchanged
G_005_005,BUSSTOP_OUT::95019,AFT CHANGI AIRPORT TER 2,airport_bus,Airport-bound,Airport Bus,68.663,68.663,-0.0,unchanged
G_005_005,BUSSTOP_OUT::95029,CHANGI AIRPORT TER 1,airport_bus,Airport-bound,Airport Bus,67.917,67.917,-0.0,unchanged
G_005_005,BUSSTOP_OUT::95109,CHANGI AIRPORT TER 3,airport_bus,Airport-bound,Airport Bus,64.936,64.936,-0.0,unchanged
G_005_005,BUSSTOP_OUT::95129,CHANGI AIRPORT TER 2,airport_bus,Airport-bound,Airport Bus,64.936,64.936,-0.0,unchanged
G_005_005,BUSSTOP_OUT::95151,AIRPORT POLICE STN,airport_bus,Airport-bound,Airport Bus,78.243,78.243,-0.0,unchanged
G_005_005,BUSSTOP_OUT::95159,NEAR SATS FLIGHT KITCHEN,airport_bus,Airport-bound,Airport Bus,71.644,71.644,-0.0,unchanged
G_005_005,BUSSTOP_OUT::95209,CHANGI AIRPORT TER 4,airport_bus,Airport-bound,Airport Bus,74.626,74.626,-0.0,unchanged
G_005_005,MRTHUB::Changi_Airport,Changi Airport,airport_mrt,Airport-bound,Airport Mrt,54.636,54.636,-0.0,unchanged
G_005_005,BUSSTOP_OUT::03011,FULLERTON SQ,cbd_bus,CBD-bound,Cbd Bus,41.035,41.035,-0.0,unchanged
G_005_005,BUSSTOP_OUT::03019,OUE BAYFRONT,cbd_bus,CBD-bound,Cbd Bus,41.136,41.136,-0.0,unchanged
G_005_005,BUSSTOP_OUT::03021,PRUDENTIAL TWR,cbd_bus,CBD-bound,Cbd Bus,38.799,38.799,-0.0,unchanged
G_005_005,BUSSTOP_OUT::03031,RAFFLES PL STN EXIT F,cbd_bus,CBD-bound,Cbd Bus,39.172,39.172,-0.0,unchanged
G_005_005,BUSSTOP_OUT::03041,TELOK AYER STN EXIT A,cbd_bus,CBD-bound,Cbd Bus,38.799,38.799,-0.0,unchanged
G_005_005,BUSSTOP_OUT::03059,ONE RAFFLES QUAY,cbd_bus,CBD-bound,Cbd Bus,41.136,41.136,-0.0,unchanged
G_005_005,BUSSTOP_OUT::03071,OPP SO SOFITEL S'PORE,cbd_bus,CBD-bound,Cbd Bus,38.054,38.054,-0.0,unchanged
G_005_005,BUSSTOP_OUT::03111,AFT CAPITAL TWR,cbd_bus,CBD-bound,Cbd Bus,36.936,36.936,-0.0,unchanged
G_005_005,BUSSTOP_OUT::03129,UIC BLDG,cbd_bus,CBD-bound,Cbd Bus,36.936,36.936,-0.0,unchanged
G_005_005,BUSSTOP_OUT::03151,AFT TELOK AYER ST,cbd_bus,CBD-bound,Cbd Bus,36.936,36.936,-0.0,unchanged
G_005_005,BUSSTOP_OUT::03217,AFT STRAITS BLVD,cbd_bus,CBD-bound,Cbd Bus,36.936,35.536,1.4,improved
G_005_005,BUSSTOP_OUT::03218,OPP MAS BLDG,cbd_bus,CBD-bound,Cbd Bus,36.936,35.536,1.4,improved
G_005_005,BUSSTOP_OUT::03222,HUB SYNERGY PT,cbd_bus,CBD-bound,Cbd Bus,36.936,35.536,1.4,improved
G_005_005,BUSSTOP_OUT::03223,TANJONG PAGAR STN EXIT C,cbd_bus,CBD-bound,Cbd Bus,36.936,35.536,1.4,improved
G_005_005,BUSSTOP_OUT::03239,SHENTON WAY TER,cbd_bus,CBD-bound,Cbd Bus,36.936,35.536,1.4,improved
G_005_005,BUSSTOP_OUT::03241,MAPLETREE ANSON,cbd_bus,CBD-bound,Cbd Bus,36.936,35.536,1.4,improved
G_005_005,BUSSTOP_OUT::03381,THE SAIL,cbd_bus,CBD-bound,Cbd Bus,40.29,40.29,-0.0,unchanged
G_005_005,BUSSTOP_OUT::03391,MARINA BAY FINANCIAL CTR,cbd_bus,CBD-bound,Cbd Bus,41.035,41.035,-0.0,unchanged
G_005_005,BUSSTOP_OUT::03501,MARINA BAY SANDS THEATRE,cbd_bus,CBD-bound,Cbd Bus,44.136,40.736,3.4,improved
G_005_005,BUSSTOP_OUT::03509,BAYFRONT STN EXIT B/MBS,cbd_bus,CBD-bound,Cbd Bus,44.136,40.736,3.4,improved
G_005_005,BUSSTOP_OUT::03511,AFT BAYFRONT STN EXIT E,cbd_bus,CBD-bound,Cbd Bus,43.644,40.736,2.908,improved
G_005_005,BUSSTOP_OUT::03519,BAYFRONT STN EXIT A,cbd_bus,CBD-bound,Cbd Bus,44.136,40.736,3.4,improved
G_005_005,BUSSTOP_OUT::03529,DOWNTOWN STN,cbd_bus,CBD-bound,Cbd Bus,42.336,41.227,1.109,improved
G_005_005,BUSSTOP_OUT::03539,Marina Bay Stn,cbd_bus,CBD-bound,Cbd Bus,42.936,39.736,3.2,improved
G_005_005,BUSSTOP_OUT::05269,MAXWELL RD FC,cbd_bus,CBD-bound,Cbd Bus,41.336,41.336,-0.0,unchanged
G_005_005,BUSSTOP_OUT::05319,OCBC CTR,cbd_bus,CBD-bound,Cbd Bus,41.136,41.136,-0.0,unchanged
G_005_005,BUSSTOP_OUT::05411,TG PAGAR PLAZA,cbd_bus,CBD-bound,Cbd Bus,36.936,35.771,1.165,improved
G_005_005,BUSSTOP_OUT::05419,THE AMARA,cbd_bus,CBD-bound,Cbd Bus,38.054,38.054,-0.0,unchanged
G_005_005,BUSSTOP_OUT::05431,TOWER 15,cbd_bus,CBD-bound,Cbd Bus,38.799,38.799,-0.0,unchanged
G_005_005,BUSSTOP_OUT::05629,OPP STH PT,cbd_bus,CBD-bound,Cbd Bus,40.372,34.281,6.091,improved
G_005_005,BUSSTOP_OUT::05651,OPP FUJI XEROX TWRS,cbd_bus,CBD-bound,Cbd Bus,41.798,35.026,6.772,improved
G_005_005,MRTHUB::Bayfront,Bayfront,cbd_mrt,CBD-bound,Cbd Mrt,33.836,30.436,3.4,improved
G_005_005,MRTHUB::Downtown,Downtown,cbd_mrt,CBD-bound,Cbd Mrt,32.636,32.636,-0.0,unchanged
G_005_005,MRTHUB::Marina_Bay,Marina Bay,cbd_mrt,CBD-bound,Cbd Mrt,35.236,29.436,5.8,improved
G_005_005,MRTHUB::Maxwell,Maxwell,cbd_mrt,CBD-bound,Cbd Mrt,31.036,31.036,-0.0,unchanged
G_005_005,MRTHUB::Raffles_Place,Raffles Place,cbd_mrt,CBD-bound,Cbd Mrt,30.836,30.836,-0.0,unchanged
G_005_005,MRTHUB::Shenton_Way,Shenton Way,cbd_mrt,CBD-bound,Cbd Mrt,32.036,32.036,-0.0,unchanged
G_005_005,MRTHUB::Tanjong_Pagar,Tanjong Pagar,cbd_mrt,CBD-bound,Cbd Mrt,26.636,26.636,-0.0,unchanged
G_005_006,BUSSTOP_OUT::95011,AFT AIRCRAFT FLYOVER,airport_bus,Airport-bound,Airport Bus,82.373,82.373,-0.0,unchanged
G_005_006,BUSSTOP_OUT::95019,AFT CHANGI AIRPORT TER 2,airport_bus,Airport-bound,Airport Bus,70.93,70.93,-0.0,unchanged
G_005_006,BUSSTOP_OUT::95029,CHANGI AIRPORT TER 1,airport_bus,Airport-bound,Airport Bus,70.184,70.184,-0.0,unchanged
G_005_006,BUSSTOP_OUT::95109,CHANGI AIRPORT TER 3,airport_bus,Airport-bound,Airport Bus,67.203,67.203,-0.0,unchanged
G_005_006,BUSSTOP_OUT::95129,CHANGI AIRPORT TER 2,airport_bus,Airport-bound,Airport Bus,67.203,67.203,-0.0,unchanged
G_005_006,BUSSTOP_OUT::95151,AIRPORT POLICE STN,airport_bus,Airport-bound,Airport Bus,80.51,80.51,-0.0,unchanged
G_005_006,BUSSTOP_OUT::95159,NEAR SATS FLIGHT KITCHEN,airport_bus,Airport-bound,Airport Bus,73.911,73.911,-0.0,unchanged
G_005_006,BUSSTOP_OUT::95209,CHANGI AIRPORT TER 4,airport_bus,Airport-bound,Airport Bus,76.893,76.893,-0.0,unchanged
G_005_006,MRTHUB::Changi_Airport,Changi Airport,airport_mrt,Airport-bound,Airport Mrt,56.903,56.903,-0.0,unchanged
G_005_006,BUSSTOP_OUT::03011,FULLERTON SQ,cbd_bus,CBD-bound,Cbd Bus,43.302,43.302,-0.0,unchanged
G_005_006,BUSSTOP_OUT::03019,OUE BAYFRONT,cbd_bus,CBD-bound,Cbd Bus,43.403,43.403,-0.0,unchanged
G_005_006,BUSSTOP_OUT::03021,PRUDENTIAL TWR,cbd_bus,CBD-bound,Cbd Bus,41.066,41.066,-0.0,unchanged
G_005_006,BUSSTOP_OUT::03031,RAFFLES PL STN EXIT F,cbd_bus,CBD-bound,Cbd Bus,41.388,41.388,-0.0,unchanged
G_005_006,BUSSTOP_OUT::03041,TELOK AYER STN EXIT A,cbd_bus,CBD-bound,Cbd Bus,41.066,41.066,-0.0,unchanged
G_005_006,BUSSTOP_OUT::03059,ONE RAFFLES QUAY,cbd_bus,CBD-bound,Cbd Bus,43.403,43.403,-0.0,unchanged
G_005_006,BUSSTOP_OUT::03071,OPP SO SOFITEL S'PORE,cbd_bus,CBD-bound,Cbd Bus,40.27,40.27,-0.0,unchanged
G_005_006,BUSSTOP_OUT::03111,AFT CAPITAL TWR,cbd_bus,CBD-bound,Cbd Bus,39.152,39.152,-0.0,unchanged
G_005_006,BUSSTOP_OUT::03129,UIC BLDG,cbd_bus,CBD-bound,Cbd Bus,39.203,39.203,-0.0,unchanged
G_005_006,BUSSTOP_OUT::03151,AFT TELOK AYER ST,cbd_bus,CBD-bound,Cbd Bus,39.203,39.203,-0.0,unchanged
G_005_006,BUSSTOP_OUT::03217,AFT STRAITS BLVD,cbd_bus,CBD-bound,Cbd Bus,39.203,37.803,1.4,improved
G_005_006,BUSSTOP_OUT::03218,OPP MAS BLDG,cbd_bus,CBD-bound,Cbd Bus,39.203,37.803,1.4,improved
G_005_006,BUSSTOP_OUT::03222,HUB SYNERGY PT,cbd_bus,CBD-bound,Cbd Bus,36.543,36.543,-0.0,unchanged
G_005_006,BUSSTOP_OUT::03223,TANJONG PAGAR STN EXIT C,cbd_bus,CBD-bound,Cbd Bus,39.203,37.803,1.4,improved
G_005_006,BUSSTOP_OUT::03239,SHENTON WAY TER,cbd_bus,CBD-bound,Cbd Bus,39.203,37.803,1.4,improved
G_005_006,BUSSTOP_OUT::03241,MAPLETREE ANSON,cbd_bus,CBD-bound,Cbd Bus,39.203,37.803,1.4,improved
G_005_006,BUSSTOP_OUT::03381,THE SAIL,cbd_bus,CBD-bound,Cbd Bus,42.557,42.557,-0.0,unchanged
G_005_006,BUSSTOP_OUT::03391,MARINA BAY FINANCIAL CTR,cbd_bus,CBD-bound,Cbd Bus,43.302,43.302,-0.0,unchanged
G_005_006,BUSSTOP_OUT::03501,MARINA BAY SANDS THEATRE,cbd_bus,CBD-bound,Cbd Bus,46.403,43.003,3.4,improved
G_005_006,BUSSTOP_OUT::03509,BAYFRONT STN EXIT B/MBS,cbd_bus,CBD-bound,Cbd Bus,46.403,43.003,3.4,improved
G_005_006,BUSSTOP_OUT::03511,AFT BAYFRONT STN EXIT E,cbd_bus,CBD-bound,Cbd Bus,45.911,43.003,2.908,improved
G_005_006,BUSSTOP_OUT::03519,BAYFRONT STN EXIT A,cbd_bus,CBD-bound,Cbd Bus,46.403,43.003,3.4,improved
G_005_006,BUSSTOP_OUT::03529,DOWNTOWN STN,cbd_bus,CBD-bound,Cbd Bus,44.603,43.494,1.109,improved
G_005_006,BUSSTOP_OUT::03539,Marina Bay Stn,cbd_bus,CBD-bound,Cbd Bus,45.203,42.003,3.2,improved
G_005_006,BUSSTOP_OUT::05269,MAXWELL RD FC,cbd_bus,CBD-bound,Cbd Bus,43.603,43.603,-0.0,unchanged
G_005_006,BUSSTOP_OUT::05319,OCBC CTR,cbd_bus,CBD-bound,Cbd Bus,43.403,43.403,-0.0,unchanged
G_005_006,BUSSTOP_OUT::05411,TG PAGAR PLAZA,cbd_bus,CBD-bound,Cbd Bus,39.203,38.038,1.165,improved
G_005_006,BUSSTOP_OUT::05419,THE AMARA,cbd_bus,CBD-bound,Cbd Bus,40.321,40.321,-0.0,unchanged
G_005_006,BUSSTOP_OUT::05431,TOWER 15,cbd_bus,CBD-bound,Cbd Bus,41.066,41.066,-0.0,unchanged
G_005_006,BUSSTOP_OUT::05629,OPP STH PT,cbd_bus,CBD-bound,Cbd Bus,42.524,36.548,5.976,improved
G_005_006,BUSSTOP_OUT::05651,OPP FUJI XEROX TWRS,cbd_bus,CBD-bound,Cbd Bus,42.897,37.293,5.604,improved
G_005_006,MRTHUB::Bayfront,Bayfront,cbd_mrt,CBD-bound,Cbd Mrt,36.103,32.703,3.4,improved
G_005_006,MRTHUB::Downtown,Downtown,cbd_mrt,CBD-bound,Cbd Mrt,34.903,34.903,-0.0,unchanged
G_005_006,MRTHUB::Marina_Bay,Marina Bay,cbd_mrt,CBD-bound,Cbd Mrt,37.503,31.703,5.8,improved
G_005_006,MRTHUB::Maxwell,Maxwell,cbd_mrt,CBD-bound,Cbd Mrt,33.303,33.303,-0.0,unchanged
G_005_006,MRTHUB::Raffles_Place,Raffles Place,cbd_mrt,CBD-bound,Cbd Mrt,33.103,33.103,-0.0,unchanged
G_005_006,MRTHUB::Shenton_Way,Shenton Way,cbd_mrt,CBD-bound,Cbd Mrt,34.303,34.303,-0.0,unchanged
G_005_006,MRTHUB::Tanjong_Pagar,Tanjong Pagar,cbd_mrt,CBD-bound,Cbd Mrt,28.903,28.903,-0.0,unchanged
G_005_007,BUSSTOP_OUT::95011,AFT AIRCRAFT FLYOVER,airport_bus,Airport-bound,Airport Bus,81.123,81.123,-0.0,unchanged
G_005_007,BUSSTOP_OUT::95019,AFT CHANGI AIRPORT TER 2,airport_bus,Airport-bound,Airport Bus,69.68,69.68,-0.0,unchanged
G_005_007,BUSSTOP_OUT::95029,CHANGI AIRPORT TER 1,airport_bus,Airport-bound,Airport Bus,68.934,68.934,-0.0,unchanged
G_005_007,BUSSTOP_OUT::95109,CHANGI AIRPORT TER 3,airport_bus,Airport-bound,Airport Bus,65.953,65.953,-0.0,unchanged
G_005_007,BUSSTOP_OUT::95129,CHANGI AIRPORT TER 2,airport_bus,Airport-bound,Airport Bus,65.953,65.953,-0.0,unchanged
G_005_007,BUSSTOP_OUT::95151,AIRPORT POLICE STN,airport_bus,Airport-bound,Airport Bus,79.26,79.26,-0.0,unchanged
G_005_007,BUSSTOP_OUT::95159,NEAR SATS FLIGHT KITCHEN,airport_bus,Airport-bound,Airport Bus,72.661,72.661,-0.0,unchanged
G_005_007,BUSSTOP_OUT::95209,CHANGI AIRPORT TER 4,airport_bus,Airport-bound,Airport Bus,75.643,75.643,-0.0,unchanged
G_005_007,MRTHUB::Changi_Airport,Changi Airport,airport_mrt,Airport-bound,Airport Mrt,55.653,55.653,-0.0,unchanged
G_005_007,BUSSTOP_OUT::03011,FULLERTON SQ,cbd_bus,CBD-bound,Cbd Bus,41.483,38.143,3.34,improved
G_005_007,BUSSTOP_OUT::03019,OUE BAYFRONT,cbd_bus,CBD-bound,Cbd Bus,42.153,41.534,0.619,improved
G_005_007,BUSSTOP_OUT::03021,PRUDENTIAL TWR,cbd_bus,CBD-bound,Cbd Bus,39.816,35.907,3.909,improved
G_005_007,BUSSTOP_OUT::03031,RAFFLES PL STN EXIT F,cbd_bus,CBD-bound,Cbd Bus,39.247,36.652,2.595,improved
G_005_007,BUSSTOP_OUT::03041,TELOK AYER STN EXIT A,cbd_bus,CBD-bound,Cbd Bus,39.816,35.907,3.909,improved
G_005_007,BUSSTOP_OUT::03059,ONE RAFFLES QUAY,cbd_bus,CBD-bound,Cbd Bus,40.68,40.68,-0.0,unchanged
G_005_007,BUSSTOP_OUT::03071,OPP SO SOFITEL S'PORE,cbd_bus,CBD-bound,Cbd Bus,38.129,35.534,2.595,improved
G_005_007,BUSSTOP_OUT::03111,AFT CAPITAL TWR,cbd_bus,CBD-bound,Cbd Bus,37.011,34.416,2.595,improved
G_005_007,BUSSTOP_OUT::03129,UIC BLDG,cbd_bus,CBD-bound,Cbd Bus,37.953,37.953,-0.0,unchanged
G_005_007,BUSSTOP_OUT::03151,AFT TELOK AYER ST,cbd_bus,CBD-bound,Cbd Bus,37.953,34.044,3.909,improved
G_005_007,BUSSTOP_OUT::03217,AFT STRAITS BLVD,cbd_bus,CBD-bound,Cbd Bus,37.953,32.553,5.4,improved
G_005_007,BUSSTOP_OUT::03218,OPP MAS BLDG,cbd_bus,CBD-bound,Cbd Bus,37.953,32.553,5.4,improved
G_005_007,BUSSTOP_OUT::03222,HUB SYNERGY PT,cbd_bus,CBD-bound,Cbd Bus,34.402,32.553,1.849,improved
G_005_007,BUSSTOP_OUT::03223,TANJONG PAGAR STN EXIT C,cbd_bus,CBD-bound,Cbd Bus,37.953,32.553,5.4,improved
G_005_007,BUSSTOP_OUT::03239,SHENTON WAY TER,cbd_bus,CBD-bound,Cbd Bus,37.953,32.553,5.4,improved
G_005_007,BUSSTOP_OUT::03241,MAPLETREE ANSON,cbd_bus,CBD-bound,Cbd Bus,37.953,32.553,5.4,improved
G_005_007,BUSSTOP_OUT::03381,THE SAIL,cbd_bus,CBD-bound,Cbd Bus,41.307,37.398,3.909,improved
G_005_007,BUSSTOP_OUT::03391,MARINA BAY FINANCIAL CTR,cbd_bus,CBD-bound,Cbd Bus,42.052,38.143,3.909,improved
G_005_007,BUSSTOP_OUT::03501,MARINA BAY SANDS THEATRE,cbd_bus,CBD-bound,Cbd Bus,45.153,37.753,7.4,improved
G_005_007,BUSSTOP_OUT::03509,BAYFRONT STN EXIT B/MBS,cbd_bus,CBD-bound,Cbd Bus,45.153,37.753,7.4,improved
G_005_007,BUSSTOP_OUT::03511,AFT BAYFRONT STN EXIT E,cbd_bus,CBD-bound,Cbd Bus,44.661,37.753,6.908,improved
G_005_007,BUSSTOP_OUT::03519,BAYFRONT STN EXIT A,cbd_bus,CBD-bound,Cbd Bus,45.153,37.753,7.4,improved
G_005_007,BUSSTOP_OUT::03529,DOWNTOWN STN,cbd_bus,CBD-bound,Cbd Bus,41.353,38.244,3.109,improved
G_005_007,BUSSTOP_OUT::03539,Marina Bay Stn,cbd_bus,CBD-bound,Cbd Bus,42.353,36.753,5.6,improved
G_005_007,BUSSTOP_OUT::05269,MAXWELL RD FC,cbd_bus,CBD-bound,Cbd Bus,40.016,40.016,-0.0,unchanged
G_005_007,BUSSTOP_OUT::05319,OCBC CTR,cbd_bus,CBD-bound,Cbd Bus,38.444,38.444,-0.0,unchanged
G_005_007,BUSSTOP_OUT::05411,TG PAGAR PLAZA,cbd_bus,CBD-bound,Cbd Bus,37.953,32.788,5.165,improved
G_005_007,BUSSTOP_OUT::05419,THE AMARA,cbd_bus,CBD-bound,Cbd Bus,39.071,39.071,-0.0,unchanged
G_005_007,BUSSTOP_OUT::05431,TOWER 15,cbd_bus,CBD-bound,Cbd Bus,39.816,39.816,-0.0,unchanged
G_005_007,BUSSTOP_OUT::05629,OPP STH PT,cbd_bus,CBD-bound,Cbd Bus,38.442,31.298,7.144,improved
G_005_007,BUSSTOP_OUT::05651,OPP FUJI XEROX TWRS,cbd_bus,CBD-bound,Cbd Bus,38.815,32.043,6.772,improved
G_005_007,MRTHUB::Bayfront,Bayfront,cbd_mrt,CBD-bound,Cbd Mrt,34.853,27.453,7.4,improved
G_005_007,MRTHUB::Downtown,Downtown,cbd_mrt,CBD-bound,Cbd Mrt,32.053,30.653,1.4,improved
G_005_007,MRTHUB::Marina_Bay,Marina Bay,cbd_mrt,CBD-bound,Cbd Mrt,34.253,26.453,7.8,improved
G_005_007,MRTHUB::Maxwell,Maxwell,cbd_mrt,CBD-bound,Cbd Mrt,30.053,30.053,-0.0,unchanged
G_005_007,MRTHUB::Raffles_Place,Raffles Place,cbd_mrt,CBD-bound,Cbd Mrt,31.853,31.853,-0.0,unchanged
G_005_007,MRTHUB::Shenton_Way,Shenton Way,cbd_mrt,CBD-bound,Cbd Mrt,31.053,29.653,1.4,improved
G_005_007,MRTHUB::Tanjong_Pagar,Tanjong Pagar,cbd_mrt,CBD-bound,Cbd Mrt,27.653,27.653,-0.0,unchanged
G_005_008,BUSSTOP_OUT::95011,AFT AIRCRAFT FLYOVER,airport_bus,Airport-bound,Airport Bus,77.439,77.439,-0.0,unchanged
G_005_008,BUSSTOP_OUT::95019,AFT CHANGI AIRPORT TER 2,airport_bus,Airport-bound,Airport Bus,65.996,65.996,-0.0,unchanged
G_005_008,BUSSTOP_OUT::95029,CHANGI AIRPORT TER 1,airport_bus,Airport-bound,Airport Bus,65.25,65.25,-0.0,unchanged
G_005_008,BUSSTOP_OUT::95109,CHANGI AIRPORT TER 3,airport_bus,Airport-bound,Airport Bus,62.269,62.269,-0.0,unchanged
G_005_008,BUSSTOP_OUT::95129,CHANGI AIRPORT TER 2,airport_bus,Airport-bound,Airport Bus,62.269,62.269,-0.0,unchanged
G_005_008,BUSSTOP_OUT::95151,AIRPORT POLICE STN,airport_bus,Airport-bound,Airport Bus,75.576,75.576,-0.0,unchanged
G_005_008,BUSSTOP_OUT::95159,NEAR SATS FLIGHT KITCHEN,airport_bus,Airport-bound,Airport Bus,68.977,68.977,-0.0,unchanged
G_005_008,BUSSTOP_OUT::95209,CHANGI AIRPORT TER 4,airport_bus,Airport-bound,Airport Bus,71.959,71.959,-0.0,unchanged
G_005_008,MRTHUB::Changi_Airport,Changi Airport,airport_mrt,Airport-bound,Airport Mrt,51.969,51.969,-0.0,unchanged
G_005_008,BUSSTOP_OUT::03011,FULLERTON SQ,cbd_bus,CBD-bound,Cbd Bus,38.368,34.459,3.909,improved
G_005_008,BUSSTOP_OUT::03019,OUE BAYFRONT,cbd_bus,CBD-bound,Cbd Bus,38.469,37.85,0.619,improved
G_005_008,BUSSTOP_OUT::03021,PRUDENTIAL TWR,cbd_bus,CBD-bound,Cbd Bus,36.132,32.223,3.909,improved
G_005_008,BUSSTOP_OUT::03031,RAFFLES PL STN EXIT F,cbd_bus,CBD-bound,Cbd Bus,36.505,32.968,3.537,improved
G_005_008,BUSSTOP_OUT::03041,TELOK AYER STN EXIT A,cbd_bus,CBD-bound,Cbd Bus,36.132,32.223,3.909,improved
G_005_008,BUSSTOP_OUT::03059,ONE RAFFLES QUAY,cbd_bus,CBD-bound,Cbd Bus,36.996,36.996,-0.0,unchanged
G_005_008,BUSSTOP_OUT::03071,OPP SO SOFITEL S'PORE,cbd_bus,CBD-bound,Cbd Bus,35.387,31.85,3.537,improved
G_005_008,BUSSTOP_OUT::03111,AFT CAPITAL TWR,cbd_bus,CBD-bound,Cbd Bus,34.269,30.732,3.537,improved
G_005_008,BUSSTOP_OUT::03129,UIC BLDG,cbd_bus,CBD-bound,Cbd Bus,34.269,34.269,-0.0,unchanged
G_005_008,BUSSTOP_OUT::03151,AFT TELOK AYER ST,cbd_bus,CBD-bound,Cbd Bus,34.269,30.36,3.909,improved
G_005_008,BUSSTOP_OUT::03217,AFT STRAITS BLVD,cbd_bus,CBD-bound,Cbd Bus,34.269,28.869,5.4,improved
G_005_008,BUSSTOP_OUT::03218,OPP MAS BLDG,cbd_bus,CBD-bound,Cbd Bus,34.269,28.869,5.4,improved
G_005_008,BUSSTOP_OUT::03222,HUB SYNERGY PT,cbd_bus,CBD-bound,Cbd Bus,33.649,28.869,4.78,improved
G_005_008,BUSSTOP_OUT::03223,TANJONG PAGAR STN EXIT C,cbd_bus,CBD-bound,Cbd Bus,34.269,28.869,5.4,improved
G_005_008,BUSSTOP_OUT::03239,SHENTON WAY TER,cbd_bus,CBD-bound,Cbd Bus,34.269,28.869,5.4,improved
G_005_008,BUSSTOP_OUT::03241,MAPLETREE ANSON,cbd_bus,CBD-bound,Cbd Bus,34.269,28.869,5.4,improved
G_005_008,BUSSTOP_OUT::03381,THE SAIL,cbd_bus,CBD-bound,Cbd Bus,37.623,33.714,3.909,improved
G_005_008,BUSSTOP_OUT::03391,MARINA BAY FINANCIAL CTR,cbd_bus,CBD-bound,Cbd Bus,38.368,34.459,3.909,improved
G_005_008,BUSSTOP_OUT::03501,MARINA BAY SANDS THEATRE,cbd_bus,CBD-bound,Cbd Bus,41.469,34.069,7.4,improved
G_005_008,BUSSTOP_OUT::03509,BAYFRONT STN EXIT B/MBS,cbd_bus,CBD-bound,Cbd Bus,41.469,34.069,7.4,improved
G_005_008,BUSSTOP_OUT::03511,AFT BAYFRONT STN EXIT E,cbd_bus,CBD-bound,Cbd Bus,40.977,34.069,6.908,improved
G_005_008,BUSSTOP_OUT::03519,BAYFRONT STN EXIT A,cbd_bus,CBD-bound,Cbd Bus,41.469,34.069,7.4,improved
G_005_008,BUSSTOP_OUT::03529,DOWNTOWN STN,cbd_bus,CBD-bound,Cbd Bus,37.669,34.56,3.109,improved
G_005_008,BUSSTOP_OUT::03539,Marina Bay Stn,cbd_bus,CBD-bound,Cbd Bus,38.669,33.069,5.6,improved
G_005_008,BUSSTOP_OUT::05269,MAXWELL RD FC,cbd_bus,CBD-bound,Cbd Bus,36.332,36.332,-0.0,unchanged
G_005_008,BUSSTOP_OUT::05319,OCBC CTR,cbd_bus,CBD-bound,Cbd Bus,34.76,34.76,-0.0,unchanged
G_005_008,BUSSTOP_OUT::05411,TG PAGAR PLAZA,cbd_bus,CBD-bound,Cbd Bus,34.269,29.104,5.165,improved
G_005_008,BUSSTOP_OUT::05419,THE AMARA,cbd_bus,CBD-bound,Cbd Bus,35.387,35.387,-0.0,unchanged
G_005_008,BUSSTOP_OUT::05431,TOWER 15,cbd_bus,CBD-bound,Cbd Bus,36.132,36.132,-0.0,unchanged
G_005_008,BUSSTOP_OUT::05629,OPP STH PT,cbd_bus,CBD-bound,Cbd Bus,34.758,27.614,7.144,improved
G_005_008,BUSSTOP_OUT::05651,OPP FUJI XEROX TWRS,cbd_bus,CBD-bound,Cbd Bus,35.131,28.359,6.772,improved
G_005_008,MRTHUB::Bayfront,Bayfront,cbd_mrt,CBD-bound,Cbd Mrt,31.169,23.769,7.4,improved
G_005_008,MRTHUB::Downtown,Downtown,cbd_mrt,CBD-bound,Cbd Mrt,28.369,26.969,1.4,improved
G_005_008,MRTHUB::Marina_Bay,Marina Bay,cbd_mrt,CBD-bound,Cbd Mrt,30.569,22.769,7.8,improved
G_005_008,MRTHUB::Maxwell,Maxwell,cbd_mrt,CBD-bound,Cbd Mrt,26.369,26.369,-0.0,unchanged
G_005_008,MRTHUB::Raffles_Place,Raffles Place,cbd_mrt,CBD-bound,Cbd Mrt,28.169,28.169,-0.0,unchanged
G_005_008,MRTHUB::Shenton_Way,Shenton Way,cbd_mrt,CBD-bound,Cbd Mrt,27.369,25.969,1.4,improved
G_005_008,MRTHUB::Tanjong_Pagar,Tanjong Pagar,cbd_mrt,CBD-bound,Cbd Mrt,23.969,23.969,-0.0,unchanged
G_006_002,BUSSTOP_OUT::95011,AFT AIRCRAFT FLYOVER,airport_bus,Airport-bound,Airport Bus,80.16,80.16,-0.0,unchanged
G_006_002,BUSSTOP_OUT::95019,AFT CHANGI AIRPORT TER 2,airport_bus,Airport-bound,Airport Bus,68.717,68.717,-0.0,unchanged
G_006_002,BUSSTOP_OUT::95029,CHANGI AIRPORT TER 1,airport_bus,Airport-bound,Airport Bus,67.971,67.971,-0.0,unchanged
G_006_002,BUSSTOP_OUT::95109,CHANGI AIRPORT TER 3,airport_bus,Airport-bound,Airport Bus,64.99,64.99,-0.0,unchanged
G_006_002,BUSSTOP_OUT::95129,CHANGI AIRPORT TER 2,airport_bus,Airport-bound,Airport Bus,64.99,64.99,-0.0,unchanged
G_006_002,BUSSTOP_OUT::95151,AIRPORT POLICE STN,airport_bus,Airport-bound,Airport Bus,78.297,78.297,-0.0,unchanged
G_006_002,BUSSTOP_OUT::95159,NEAR SATS FLIGHT KITCHEN,airport_bus,Airport-bound,Airport Bus,71.698,71.698,-0.0,unchanged
G_006_002,BUSSTOP_OUT::95209,CHANGI AIRPORT TER 4,airport_bus,Airport-bound,Airport Bus,74.68,74.68,-0.0,unchanged
G_006_002,MRTHUB::Changi_Airport,Changi Airport,airport_mrt,Airport-bound,Airport Mrt,54.69,54.69,-0.0,unchanged
G_006_002,BUSSTOP_OUT::03011,FULLERTON SQ,cbd_bus,CBD-bound,Cbd Bus,41.089,41.089,-0.0,unchanged
G_006_002,BUSSTOP_OUT::03019,OUE BAYFRONT,cbd_bus,CBD-bound,Cbd Bus,41.19,41.19,-0.0,unchanged
G_006_002,BUSSTOP_OUT::03021,PRUDENTIAL TWR,cbd_bus,CBD-bound,Cbd Bus,38.853,38.853,-0.0,unchanged
G_006_002,BUSSTOP_OUT::03031,RAFFLES PL STN EXIT F,cbd_bus,CBD-bound,Cbd Bus,39.226,39.226,-0.0,unchanged
G_006_002,BUSSTOP_OUT::03041,TELOK AYER STN EXIT A,cbd_bus,CBD-bound,Cbd Bus,38.853,38.853,-0.0,unchanged
G_006_002,BUSSTOP_OUT::03059,ONE RAFFLES QUAY,cbd_bus,CBD-bound,Cbd Bus,41.19,41.19,-0.0,unchanged
G_006_002,BUSSTOP_OUT::03071,OPP SO SOFITEL S'PORE,cbd_bus,CBD-bound,Cbd Bus,38.108,38.108,-0.0,unchanged
G_006_002,BUSSTOP_OUT::03111,AFT CAPITAL TWR,cbd_bus,CBD-bound,Cbd Bus,36.99,36.99,-0.0,unchanged
G_006_002,BUSSTOP_OUT::03129,UIC BLDG,cbd_bus,CBD-bound,Cbd Bus,36.99,36.99,-0.0,unchanged
G_006_002,BUSSTOP_OUT::03151,AFT TELOK AYER ST,cbd_bus,CBD-bound,Cbd Bus,36.99,36.99,-0.0,unchanged
G_006_002,BUSSTOP_OUT::03217,AFT STRAITS BLVD,cbd_bus,CBD-bound,Cbd Bus,36.99,35.59,1.4,improved
G_006_002,BUSSTOP_OUT::03218,OPP MAS BLDG,cbd_bus,CBD-bound,Cbd Bus,36.99,35.59,1.4,improved
G_006_002,BUSSTOP_OUT::03222,HUB SYNERGY PT,cbd_bus,CBD-bound,Cbd Bus,36.99,35.59,1.4,improved
G_006_002,BUSSTOP_OUT::03223,TANJONG PAGAR STN EXIT C,cbd_bus,CBD-bound,Cbd Bus,36.99,35.59,1.4,improved
G_006_002,BUSSTOP_OUT::03239,SHENTON WAY TER,cbd_bus,CBD-bound,Cbd Bus,36.99,35.59,1.4,improved
G_006_002,BUSSTOP_OUT::03241,MAPLETREE ANSON,cbd_bus,CBD-bound,Cbd Bus,36.99,35.59,1.4,improved
G_006_002,BUSSTOP_OUT::03381,THE SAIL,cbd_bus,CBD-bound,Cbd Bus,40.344,40.344,-0.0,unchanged
G_006_002,BUSSTOP_OUT::03391,MARINA BAY FINANCIAL CTR,cbd_bus,CBD-bound,Cbd Bus,41.089,41.089,-0.0,unchanged
G_006_002,BUSSTOP_OUT::03501,MARINA BAY SANDS THEATRE,cbd_bus,CBD-bound,Cbd Bus,44.19,40.79,3.4,improved
G_006_002,BUSSTOP_OUT::03509,BAYFRONT STN EXIT B/MBS,cbd_bus,CBD-bound,Cbd Bus,44.19,40.79,3.4,improved
G_006_002,BUSSTOP_OUT::03511,AFT BAYFRONT STN EXIT E,cbd_bus,CBD-bound,Cbd Bus,43.698,40.79,2.908,improved
G_006_002,BUSSTOP_OUT::03519,BAYFRONT STN EXIT A,cbd_bus,CBD-bound,Cbd Bus,44.19,40.79,3.4,improved
G_006_002,BUSSTOP_OUT::03529,DOWNTOWN STN,cbd_bus,CBD-bound,Cbd Bus,42.39,41.281,1.109,improved
G_006_002,BUSSTOP_OUT::03539,Marina Bay Stn,cbd_bus,CBD-bound,Cbd Bus,42.99,39.79,3.2,improved
G_006_002,BUSSTOP_OUT::05269,MAXWELL RD FC,cbd_bus,CBD-bound,Cbd Bus,41.39,41.39,-0.0,unchanged
G_006_002,BUSSTOP_OUT::05319,OCBC CTR,cbd_bus,CBD-bound,Cbd Bus,41.19,41.19,-0.0,unchanged
G_006_002,BUSSTOP_OUT::05411,TG PAGAR PLAZA,cbd_bus,CBD-bound,Cbd Bus,36.99,35.825,1.165,improved
G_006_002,BUSSTOP_OUT::05419,THE AMARA,cbd_bus,CBD-bound,Cbd Bus,38.108,38.108,-0.0,unchanged
G_006_002,BUSSTOP_OUT::05431,TOWER 15,cbd_bus,CBD-bound,Cbd Bus,38.853,38.853,-0.0,unchanged
G_006_002,BUSSTOP_OUT::05629,OPP STH PT,cbd_bus,CBD-bound,Cbd Bus,40.426,34.335,6.091,improved
G_006_002,BUSSTOP_OUT::05651,OPP FUJI XEROX TWRS,cbd_bus,CBD-bound,Cbd Bus,41.852,35.08,6.772,improved
G_006_002,MRTHUB::Bayfront,Bayfront,cbd_mrt,CBD-bound,Cbd Mrt,33.89,30.49,3.4,improved
G_006_002,MRTHUB::Downtown,Downtown,cbd_mrt,CBD-bound,Cbd Mrt,32.69,32.69,-0.0,unchanged
G_006_002,MRTHUB::Marina_Bay,Marina Bay,cbd_mrt,CBD-bound,Cbd Mrt,35.29,29.49,5.8,improved
G_006_002,MRTHUB::Maxwell,Maxwell,cbd_mrt,CBD-bound,Cbd Mrt,31.09,31.09,-0.0,unchanged
G_006_002,MRTHUB::Raffles_Place,Raffles Place,cbd_mrt,CBD-bound,Cbd Mrt,30.89,30.89,-0.0,unchanged
G_006_002,MRTHUB::Shenton_Way,Shenton Way,cbd_mrt,CBD-bound,Cbd Mrt,32.09,32.09,-0.0,unchanged
G_006_002,MRTHUB::Tanjong_Pagar,Tanjong Pagar,cbd_mrt,CBD-bound,Cbd Mrt,26.69,26.69,-0.0,unchanged
G_006_003,BUSSTOP_OUT::95011,AFT AIRCRAFT FLYOVER,airport_bus,Airport-bound,Airport Bus,77.284,77.284,-0.0,unchanged
G_006_003,BUSSTOP_OUT::95019,AFT CHANGI AIRPORT TER 2,airport_bus,Airport-bound,Airport Bus,65.841,65.841,-0.0,unchanged
G_006_003,BUSSTOP_OUT::95029,CHANGI AIRPORT TER 1,airport_bus,Airport-bound,Airport Bus,65.095,65.095,-0.0,unchanged
G_006_003,BUSSTOP_OUT::95109,CHANGI AIRPORT TER 3,airport_bus,Airport-bound,Airport Bus,62.114,62.114,-0.0,unchanged
G_006_003,BUSSTOP_OUT::95129,CHANGI AIRPORT TER 2,airport_bus,Airport-bound,Airport Bus,62.114,62.114,-0.0,unchanged
G_006_003,BUSSTOP_OUT::95151,AIRPORT POLICE STN,airport_bus,Airport-bound,Airport Bus,75.421,75.421,-0.0,unchanged
G_006_003,BUSSTOP_OUT::95159,NEAR SATS FLIGHT KITCHEN,airport_bus,Airport-bound,Airport Bus,68.822,68.822,-0.0,unchanged
G_006_003,BUSSTOP_OUT::95209,CHANGI AIRPORT TER 4,airport_bus,Airport-bound,Airport Bus,71.804,71.804,-0.0,unchanged
G_006_003,MRTHUB::Changi_Airport,Changi Airport,airport_mrt,Airport-bound,Airport Mrt,51.814,51.814,-0.0,unchanged
G_006_003,BUSSTOP_OUT::03011,FULLERTON SQ,cbd_bus,CBD-bound,Cbd Bus,38.213,38.213,-0.0,unchanged
G_006_003,BUSSTOP_OUT::03019,OUE BAYFRONT,cbd_bus,CBD-bound,Cbd Bus,38.314,38.314,-0.0,unchanged
G_006_003,BUSSTOP_OUT::03021,PRUDENTIAL TWR,cbd_bus,CBD-bound,Cbd Bus,35.977,35.977,-0.0,unchanged
G_006_003,BUSSTOP_OUT::03031,RAFFLES PL STN EXIT F,cbd_bus,CBD-bound,Cbd Bus,36.35,36.35,-0.0,unchanged
G_006_003,BUSSTOP_OUT::03041,TELOK AYER STN EXIT A,cbd_bus,CBD-bound,Cbd Bus,35.977,35.977,-0.0,unchanged
G_006_003,BUSSTOP_OUT::03059,ONE RAFFLES QUAY,cbd_bus,CBD-bound,Cbd Bus,38.314,38.314,-0.0,unchanged
G_006_003,BUSSTOP_OUT::03071,OPP SO SOFITEL S'PORE,cbd_bus,CBD-bound,Cbd Bus,35.232,35.232,-0.0,unchanged
G_006_003,BUSSTOP_OUT::03111,AFT CAPITAL TWR,cbd_bus,CBD-bound,Cbd Bus,34.114,34.114,-0.0,unchanged
G_006_003,BUSSTOP_OUT::03129,UIC BLDG,cbd_bus,CBD-bound,Cbd Bus,34.114,34.114,-0.0,unchanged
G_006_003,BUSSTOP_OUT::03151,AFT TELOK AYER ST,cbd_bus,CBD-bound,Cbd Bus,34.114,34.114,-0.0,unchanged
G_006_003,BUSSTOP_OUT::03217,AFT STRAITS BLVD,cbd_bus,CBD-bound,Cbd Bus,34.114,32.714,1.4,improved
G_006_003,BUSSTOP_OUT::03218,OPP MAS BLDG,cbd_bus,CBD-bound,Cbd Bus,34.114,32.714,1.4,improved
G_006_003,BUSSTOP_OUT::03222,HUB SYNERGY PT,cbd_bus,CBD-bound,Cbd Bus,34.114,32.714,1.4,improved
G_006_003,BUSSTOP_OUT::03223,TANJONG PAGAR STN EXIT C,cbd_bus,CBD-bound,Cbd Bus,34.114,32.714,1.4,improved
G_006_003,BUSSTOP_OUT::03239,SHENTON WAY TER,cbd_bus,CBD-bound,Cbd Bus,34.114,32.714,1.4,improved
G_006_003,BUSSTOP_OUT::03241,MAPLETREE ANSON,cbd_bus,CBD-bound,Cbd Bus,34.114,32.714,1.4,improved
G_006_003,BUSSTOP_OUT::03381,THE SAIL,cbd_bus,CBD-bound,Cbd Bus,37.468,37.468,-0.0,unchanged
G_006_003,BUSSTOP_OUT::03391,MARINA BAY FINANCIAL CTR,cbd_bus,CBD-bound,Cbd Bus,38.213,38.213,-0.0,unchanged
G_006_003,BUSSTOP_OUT::03501,MARINA BAY SANDS THEATRE,cbd_bus,CBD-bound,Cbd Bus,41.314,37.914,3.4,improved
G_006_003,BUSSTOP_OUT::03509,BAYFRONT STN EXIT B/MBS,cbd_bus,CBD-bound,Cbd Bus,41.314,37.914,3.4,improved
G_006_003,BUSSTOP_OUT::03511,AFT BAYFRONT STN EXIT E,cbd_bus,CBD-bound,Cbd Bus,40.822,37.914,2.908,improved
G_006_003,BUSSTOP_OUT::03519,BAYFRONT STN EXIT A,cbd_bus,CBD-bound,Cbd Bus,41.314,37.914,3.4,improved
G_006_003,BUSSTOP_OUT::03529,DOWNTOWN STN,cbd_bus,CBD-bound,Cbd Bus,39.514,38.405,1.109,improved
G_006_003,BUSSTOP_OUT::03539,Marina Bay Stn,cbd_bus,CBD-bound,Cbd Bus,40.114,36.914,3.2,improved
G_006_003,BUSSTOP_OUT::05269,MAXWELL RD FC,cbd_bus,CBD-bound,Cbd Bus,38.514,38.514,-0.0,unchanged
G_006_003,BUSSTOP_OUT::05319,OCBC CTR,cbd_bus,CBD-bound,Cbd Bus,38.314,38.314,-0.0,unchanged
G_006_003,BUSSTOP_OUT::05411,TG PAGAR PLAZA,cbd_bus,CBD-bound,Cbd Bus,34.114,32.949,1.165,improved
G_006_003,BUSSTOP_OUT::05419,THE AMARA,cbd_bus,CBD-bound,Cbd Bus,35.232,35.232,-0.0,unchanged
G_006_003,BUSSTOP_OUT::05431,TOWER 15,cbd_bus,CBD-bound,Cbd Bus,35.977,35.977,-0.0,unchanged
G_006_003,BUSSTOP_OUT::05629,OPP STH PT,cbd_bus,CBD-bound,Cbd Bus,37.55,31.459,6.091,improved
G_006_003,BUSSTOP_OUT::05651,OPP FUJI XEROX TWRS,cbd_bus,CBD-bound,Cbd Bus,38.976,32.204,6.772,improved
G_006_003,MRTHUB::Bayfront,Bayfront,cbd_mrt,CBD-bound,Cbd Mrt,31.014,27.614,3.4,improved
G_006_003,MRTHUB::Downtown,Downtown,cbd_mrt,CBD-bound,Cbd Mrt,29.814,29.814,-0.0,unchanged
G_006_003,MRTHUB::Marina_Bay,Marina Bay,cbd_mrt,CBD-bound,Cbd Mrt,32.414,26.614,5.8,improved
G_006_003,MRTHUB::Maxwell,Maxwell,cbd_mrt,CBD-bound,Cbd Mrt,28.214,28.214,-0.0,unchanged
G_006_003,MRTHUB::Raffles_Place,Raffles Place,cbd_mrt,CBD-bound,Cbd Mrt,28.014,28.014,-0.0,unchanged
G_006_003,MRTHUB::Shenton_Way,Shenton Way,cbd_mrt,CBD-bound,Cbd Mrt,29.214,29.214,-0.0,unchanged
G_006_003,MRTHUB::Tanjong_Pagar,Tanjong Pagar,cbd_mrt,CBD-bound,Cbd Mrt,23.814,23.814,-0.0,unchanged
G_006_004,BUSSTOP_OUT::95011,AFT AIRCRAFT FLYOVER,airport_bus,Airport-bound,Airport Bus,75.118,75.118,-0.0,unchanged
G_006_004,BUSSTOP_OUT::95019,AFT CHANGI AIRPORT TER 2,airport_bus,Airport-bound,Airport Bus,63.675,63.675,-0.0,unchanged
G_006_004,BUSSTOP_OUT::95029,CHANGI AIRPORT TER 1,airport_bus,Airport-bound,Airport Bus,62.929,62.929,-0.0,unchanged
G_006_004,BUSSTOP_OUT::95109,CHANGI AIRPORT TER 3,airport_bus,Airport-bound,Airport Bus,59.948,59.948,-0.0,unchanged
G_006_004,BUSSTOP_OUT::95129,CHANGI AIRPORT TER 2,airport_bus,Airport-bound,Airport Bus,59.948,59.948,-0.0,unchanged
G_006_004,BUSSTOP_OUT::95151,AIRPORT POLICE STN,airport_bus,Airport-bound,Airport Bus,73.255,73.255,-0.0,unchanged
G_006_004,BUSSTOP_OUT::95159,NEAR SATS FLIGHT KITCHEN,airport_bus,Airport-bound,Airport Bus,66.656,66.656,-0.0,unchanged
G_006_004,BUSSTOP_OUT::95209,CHANGI AIRPORT TER 4,airport_bus,Airport-bound,Airport Bus,69.638,69.638,-0.0,unchanged
G_006_004,MRTHUB::Changi_Airport,Changi Airport,airport_mrt,Airport-bound,Airport Mrt,49.648,49.648,-0.0,unchanged
G_006_004,BUSSTOP_OUT::03011,FULLERTON SQ,cbd_bus,CBD-bound,Cbd Bus,36.047,36.047,-0.0,unchanged
G_006_004,BUSSTOP_OUT::03019,OUE BAYFRONT,cbd_bus,CBD-bound,Cbd Bus,36.148,36.148,-0.0,unchanged
G_006_004,BUSSTOP_OUT::03021,PRUDENTIAL TWR,cbd_bus,CBD-bound,Cbd Bus,33.811,33.811,-0.0,unchanged
G_006_004,BUSSTOP_OUT::03031,RAFFLES PL STN EXIT F,cbd_bus,CBD-bound,Cbd Bus,34.184,34.184,-0.0,unchanged
G_006_004,BUSSTOP_OUT::03041,TELOK AYER STN EXIT A,cbd_bus,CBD-bound,Cbd Bus,33.811,33.811,-0.0,unchanged
G_006_004,BUSSTOP_OUT::03059,ONE RAFFLES QUAY,cbd_bus,CBD-bound,Cbd Bus,36.148,36.148,-0.0,unchanged
G_006_004,BUSSTOP_OUT::03071,OPP SO SOFITEL S'PORE,cbd_bus,CBD-bound,Cbd Bus,33.066,33.066,-0.0,unchanged
G_006_004,BUSSTOP_OUT::03111,AFT CAPITAL TWR,cbd_bus,CBD-bound,Cbd Bus,31.948,31.948,-0.0,unchanged
G_006_004,BUSSTOP_OUT::03129,UIC BLDG,cbd_bus,CBD-bound,Cbd Bus,31.948,31.948,-0.0,unchanged
G_006_004,BUSSTOP_OUT::03151,AFT TELOK AYER ST,cbd_bus,CBD-bound,Cbd Bus,31.948,31.948,-0.0,unchanged
G_006_004,BUSSTOP_OUT::03217,AFT STRAITS BLVD,cbd_bus,CBD-bound,Cbd Bus,31.948,30.548,1.4,improved
G_006_004,BUSSTOP_OUT::03218,OPP MAS BLDG,cbd_bus,CBD-bound,Cbd Bus,31.948,30.548,1.4,improved
G_006_004,BUSSTOP_OUT::03222,HUB SYNERGY PT,cbd_bus,CBD-bound,Cbd Bus,31.948,30.548,1.4,improved
G_006_004,BUSSTOP_OUT::03223,TANJONG PAGAR STN EXIT C,cbd_bus,CBD-bound,Cbd Bus,31.948,30.548,1.4,improved
G_006_004,BUSSTOP_OUT::03239,SHENTON WAY TER,cbd_bus,CBD-bound,Cbd Bus,31.948,30.548,1.4,improved
G_006_004,BUSSTOP_OUT::03241,MAPLETREE ANSON,cbd_bus,CBD-bound,Cbd Bus,31.948,30.548,1.4,improved
G_006_004,BUSSTOP_OUT::03381,THE SAIL,cbd_bus,CBD-bound,Cbd Bus,35.302,35.302,-0.0,unchanged
G_006_004,BUSSTOP_OUT::03391,MARINA BAY FINANCIAL CTR,cbd_bus,CBD-bound,Cbd Bus,36.047,36.047,-0.0,unchanged
G_006_004,BUSSTOP_OUT::03501,MARINA BAY SANDS THEATRE,cbd_bus,CBD-bound,Cbd Bus,39.148,35.748,3.4,improved
G_006_004,BUSSTOP_OUT::03509,BAYFRONT STN EXIT B/MBS,cbd_bus,CBD-bound,Cbd Bus,39.148,35.748,3.4,improved
G_006_004,BUSSTOP_OUT::03511,AFT BAYFRONT STN EXIT E,cbd_bus,CBD-bound,Cbd Bus,38.656,35.748,2.908,improved
G_006_004,BUSSTOP_OUT::03519,BAYFRONT STN EXIT A,cbd_bus,CBD-bound,Cbd Bus,39.148,35.748,3.4,improved
G_006_004,BUSSTOP_OUT::03529,DOWNTOWN STN,cbd_bus,CBD-bound,Cbd Bus,37.348,36.239,1.109,improved
G_006_004,BUSSTOP_OUT::03539,Marina Bay Stn,cbd_bus,CBD-bound,Cbd Bus,37.948,34.748,3.2,improved
G_006_004,BUSSTOP_OUT::05269,MAXWELL RD FC,cbd_bus,CBD-bound,Cbd Bus,36.348,36.348,-0.0,unchanged
G_006_004,BUSSTOP_OUT::05319,OCBC CTR,cbd_bus,CBD-bound,Cbd Bus,36.148,36.148,-0.0,unchanged
G_006_004,BUSSTOP_OUT::05411,TG PAGAR PLAZA,cbd_bus,CBD-bound,Cbd Bus,31.948,30.783,1.165,improved
G_006_004,BUSSTOP_OUT::05419,THE AMARA,cbd_bus,CBD-bound,Cbd Bus,33.066,33.066,-0.0,unchanged
G_006_004,BUSSTOP_OUT::05431,TOWER 15,cbd_bus,CBD-bound,Cbd Bus,33.811,33.811,-0.0,unchanged
G_006_004,BUSSTOP_OUT::05629,OPP STH PT,cbd_bus,CBD-bound,Cbd Bus,35.384,29.293,6.091,improved
G_006_004,BUSSTOP_OUT::05651,OPP FUJI XEROX TWRS,cbd_bus,CBD-bound,Cbd Bus,36.81,30.038,6.772,improved
G_006_004,MRTHUB::Bayfront,Bayfront,cbd_mrt,CBD-bound,Cbd Mrt,28.848,25.448,3.4,improved
G_006_004,MRTHUB::Downtown,Downtown,cbd_mrt,CBD-bound,Cbd Mrt,27.648,27.648,-0.0,unchanged
G_006_004,MRTHUB::Marina_Bay,Marina Bay,cbd_mrt,CBD-bound,Cbd Mrt,30.248,24.448,5.8,improved
G_006_004,MRTHUB::Maxwell,Maxwell,cbd_mrt,CBD-bound,Cbd Mrt,26.048,26.048,-0.0,unchanged
G_006_004,MRTHUB::Raffles_Place,Raffles Place,cbd_mrt,CBD-bound,Cbd Mrt,25.848,25.848,-0.0,unchanged
G_006_004,MRTHUB::Shenton_Way,Shenton Way,cbd_mrt,CBD-bound,Cbd Mrt,27.048,27.048,-0.0,unchanged
G_006_004,MRTHUB::Tanjong_Pagar,Tanjong Pagar,cbd_mrt,CBD-bound,Cbd Mrt,21.648,21.648,-0.0,unchanged
G_006_005,BUSSTOP_OUT::95011,AFT AIRCRAFT FLYOVER,airport_bus,Airport-bound,Airport Bus,76.163,76.163,-0.0,unchanged
G_006_005,BUSSTOP_OUT::95019,AFT CHANGI AIRPORT TER 2,airport_bus,Airport-bound,Airport Bus,64.72,64.72,-0.0,unchanged
G_006_005,BUSSTOP_OUT::95029,CHANGI AIRPORT TER 1,airport_bus,Airport-bound,Airport Bus,63.974,63.974,-0.0,unchanged
G_006_005,BUSSTOP_OUT::95109,CHANGI AIRPORT TER 3,airport_bus,Airport-bound,Airport Bus,60.993,60.993,-0.0,unchanged
G_006_005,BUSSTOP_OUT::95129,CHANGI AIRPORT TER 2,airport_bus,Airport-bound,Airport Bus,60.993,60.993,-0.0,unchanged
G_006_005,BUSSTOP_OUT::95151,AIRPORT POLICE STN,airport_bus,Airport-bound,Airport Bus,74.3,74.3,-0.0,unchanged
G_006_005,BUSSTOP_OUT::95159,NEAR SATS FLIGHT KITCHEN,airport_bus,Airport-bound,Airport Bus,67.701,67.701,-0.0,unchanged
G_006_005,BUSSTOP_OUT::95209,CHANGI AIRPORT TER 4,airport_bus,Airport-bound,Airport Bus,70.683,70.683,-0.0,unchanged
G_006_005,MRTHUB::Changi_Airport,Changi Airport,airport_mrt,Airport-bound,Airport Mrt,50.693,50.693,-0.0,unchanged
G_006_005,BUSSTOP_OUT::03011,FULLERTON SQ,cbd_bus,CBD-bound,Cbd Bus,37.092,37.092,-0.0,unchanged
G_006_005,BUSSTOP_OUT::03019,OUE BAYFRONT,cbd_bus,CBD-bound,Cbd Bus,37.193,37.193,-0.0,unchanged
G_006_005,BUSSTOP_OUT::03021,PRUDENTIAL TWR,cbd_bus,CBD-bound,Cbd Bus,34.856,34.856,-0.0,unchanged
G_006_005,BUSSTOP_OUT::03031,RAFFLES PL STN EXIT F,cbd_bus,CBD-bound,Cbd Bus,35.229,35.229,-0.0,unchanged
G_006_005,BUSSTOP_OUT::03041,TELOK AYER STN EXIT A,cbd_bus,CBD-bound,Cbd Bus,34.856,34.856,-0.0,unchanged
G_006_005,BUSSTOP_OUT::03059,ONE RAFFLES QUAY,cbd_bus,CBD-bound,Cbd Bus,37.193,37.193,-0.0,unchanged
G_006_005,BUSSTOP_OUT::03071,OPP SO SOFITEL S'PORE,cbd_bus,CBD-bound,Cbd Bus,34.111,34.111,-0.0,unchanged
G_006_005,BUSSTOP_OUT::03111,AFT CAPITAL TWR,cbd_bus,CBD-bound,Cbd Bus,32.993,32.993,-0.0,unchanged
G_006_005,BUSSTOP_OUT::03129,UIC BLDG,cbd_bus,CBD-bound,Cbd Bus,32.993,32.993,-0.0,unchanged
G_006_005,BUSSTOP_OUT::03151,AFT TELOK AYER ST,cbd_bus,CBD-bound,Cbd Bus,32.993,32.993,-0.0,unchanged
G_006_005,BUSSTOP_OUT::03217,AFT STRAITS BLVD,cbd_bus,CBD-bound,Cbd Bus,32.993,31.593,1.4,improved
G_006_005,BUSSTOP_OUT::03218,OPP MAS BLDG,cbd_bus,CBD-bound,Cbd Bus,32.993,31.593,1.4,improved
G_006_005,BUSSTOP_OUT::03222,HUB SYNERGY PT,cbd_bus,CBD-bound,Cbd Bus,32.993,31.593,1.4,improved
G_006_005,BUSSTOP_OUT::03223,TANJONG PAGAR STN EXIT C,cbd_bus,CBD-bound,Cbd Bus,32.993,31.593,1.4,improved
G_006_005,BUSSTOP_OUT::03239,SHENTON WAY TER,cbd_bus,CBD-bound,Cbd Bus,32.993,31.593,1.4,improved
G_006_005,BUSSTOP_OUT::03241,MAPLETREE ANSON,cbd_bus,CBD-bound,Cbd Bus,32.993,31.593,1.4,improved
G_006_005,BUSSTOP_OUT::03381,THE SAIL,cbd_bus,CBD-bound,Cbd Bus,36.347,36.347,-0.0,unchanged
G_006_005,BUSSTOP_OUT::03391,MARINA BAY FINANCIAL CTR,cbd_bus,CBD-bound,Cbd Bus,37.092,37.092,-0.0,unchanged
G_006_005,BUSSTOP_OUT::03501,MARINA BAY SANDS THEATRE,cbd_bus,CBD-bound,Cbd Bus,40.193,36.793,3.4,improved
G_006_005,BUSSTOP_OUT::03509,BAYFRONT STN EXIT B/MBS,cbd_bus,CBD-bound,Cbd Bus,40.193,36.793,3.4,improved
G_006_005,BUSSTOP_OUT::03511,AFT BAYFRONT STN EXIT E,cbd_bus,CBD-bound,Cbd Bus,39.701,36.793,2.908,improved
G_006_005,BUSSTOP_OUT::03519,BAYFRONT STN EXIT A,cbd_bus,CBD-bound,Cbd Bus,40.193,36.793,3.4,improved
G_006_005,BUSSTOP_OUT::03529,DOWNTOWN STN,cbd_bus,CBD-bound,Cbd Bus,38.393,37.284,1.109,improved
G_006_005,BUSSTOP_OUT::03539,Marina Bay Stn,cbd_bus,CBD-bound,Cbd Bus,38.993,35.793,3.2,improved
G_006_005,BUSSTOP_OUT::05269,MAXWELL RD FC,cbd_bus,CBD-bound,Cbd Bus,37.393,37.393,-0.0,unchanged
G_006_005,BUSSTOP_OUT::05319,OCBC CTR,cbd_bus,CBD-bound,Cbd Bus,37.193,37.193,-0.0,unchanged
G_006_005,BUSSTOP_OUT::05411,TG PAGAR PLAZA,cbd_bus,CBD-bound,Cbd Bus,32.993,31.828,1.165,improved
G_006_005,BUSSTOP_OUT::05419,THE AMARA,cbd_bus,CBD-bound,Cbd Bus,34.111,34.111,-0.0,unchanged
G_006_005,BUSSTOP_OUT::05431,TOWER 15,cbd_bus,CBD-bound,Cbd Bus,34.856,34.856,-0.0,unchanged
G_006_005,BUSSTOP_OUT::05629,OPP STH PT,cbd_bus,CBD-bound,Cbd Bus,36.429,30.338,6.091,improved
G_006_005,BUSSTOP_OUT::05651,OPP FUJI XEROX TWRS,cbd_bus,CBD-bound,Cbd Bus,37.855,31.083,6.772,improved
G_006_005,MRTHUB::Bayfront,Bayfront,cbd_mrt,CBD-bound,Cbd Mrt,29.893,26.493,3.4,improved
G_006_005,MRTHUB::Downtown,Downtown,cbd_mrt,CBD-bound,Cbd Mrt,28.693,28.693,-0.0,unchanged
G_006_005,MRTHUB::Marina_Bay,Marina Bay,cbd_mrt,CBD-bound,Cbd Mrt,31.293,25.493,5.8,improved
G_006_005,MRTHUB::Maxwell,Maxwell,cbd_mrt,CBD-bound,Cbd Mrt,27.093,27.093,-0.0,unchanged
G_006_005,MRTHUB::Raffles_Place,Raffles Place,cbd_mrt,CBD-bound,Cbd Mrt,26.893,26.893,-0.0,unchanged
G_006_005,MRTHUB::Shenton_Way,Shenton Way,cbd_mrt,CBD-bound,Cbd Mrt,28.093,28.093,-0.0,unchanged
G_006_005,MRTHUB::Tanjong_Pagar,Tanjong Pagar,cbd_mrt,CBD-bound,Cbd Mrt,22.693,22.693,-0.0,unchanged
G_006_006,BUSSTOP_OUT::95011,AFT AIRCRAFT FLYOVER,airport_bus,Airport-bound,Airport Bus,79.417,79.417,-0.0,unchanged
G_006_006,BUSSTOP_OUT::95019,AFT CHANGI AIRPORT TER 2,airport_bus,Airport-bound,Airport Bus,67.974,67.974,-0.0,unchanged
G_006_006,BUSSTOP_OUT::95029,CHANGI AIRPORT TER 1,airport_bus,Airport-bound,Airport Bus,67.228,67.228,-0.0,unchanged
G_006_006,BUSSTOP_OUT::95109,CHANGI AIRPORT TER 3,airport_bus,Airport-bound,Airport Bus,64.247,64.247,-0.0,unchanged
G_006_006,BUSSTOP_OUT::95129,CHANGI AIRPORT TER 2,airport_bus,Airport-bound,Airport Bus,64.247,64.247,-0.0,unchanged
G_006_006,BUSSTOP_OUT::95151,AIRPORT POLICE STN,airport_bus,Airport-bound,Airport Bus,77.554,77.554,-0.0,unchanged
G_006_006,BUSSTOP_OUT::95159,NEAR SATS FLIGHT KITCHEN,airport_bus,Airport-bound,Airport Bus,70.955,70.955,-0.0,unchanged
G_006_006,BUSSTOP_OUT::95209,CHANGI AIRPORT TER 4,airport_bus,Airport-bound,Airport Bus,73.937,73.937,-0.0,unchanged
G_006_006,MRTHUB::Changi_Airport,Changi Airport,airport_mrt,Airport-bound,Airport Mrt,53.947,53.947,-0.0,unchanged
G_006_006,BUSSTOP_OUT::03011,FULLERTON SQ,cbd_bus,CBD-bound,Cbd Bus,40.346,40.346,-0.0,unchanged
G_006_006,BUSSTOP_OUT::03019,OUE BAYFRONT,cbd_bus,CBD-bound,Cbd Bus,40.447,40.447,-0.0,unchanged
G_006_006,BUSSTOP_OUT::03021,PRUDENTIAL TWR,cbd_bus,CBD-bound,Cbd Bus,38.11,38.11,-0.0,unchanged
G_006_006,BUSSTOP_OUT::03031,RAFFLES PL STN EXIT F,cbd_bus,CBD-bound,Cbd Bus,38.483,38.483,-0.0,unchanged
G_006_006,BUSSTOP_OUT::03041,TELOK AYER STN EXIT A,cbd_bus,CBD-bound,Cbd Bus,38.11,38.11,-0.0,unchanged
G_006_006,BUSSTOP_OUT::03059,ONE RAFFLES QUAY,cbd_bus,CBD-bound,Cbd Bus,40.447,40.447,-0.0,unchanged
G_006_006,BUSSTOP_OUT::03071,OPP SO SOFITEL S'PORE,cbd_bus,CBD-bound,Cbd Bus,37.365,37.365,-0.0,unchanged
G_006_006,BUSSTOP_OUT::03111,AFT CAPITAL TWR,cbd_bus,CBD-bound,Cbd Bus,36.247,36.247,-0.0,unchanged
G_006_006,BUSSTOP_OUT::03129,UIC BLDG,cbd_bus,CBD-bound,Cbd Bus,36.247,36.247,-0.0,unchanged
G_006_006,BUSSTOP_OUT::03151,AFT TELOK AYER ST,cbd_bus,CBD-bound,Cbd Bus,36.247,36.247,-0.0,unchanged
G_006_006,BUSSTOP_OUT::03217,AFT STRAITS BLVD,cbd_bus,CBD-bound,Cbd Bus,36.247,34.847,1.4,improved
G_006_006,BUSSTOP_OUT::03218,OPP MAS BLDG,cbd_bus,CBD-bound,Cbd Bus,36.247,34.847,1.4,improved
G_006_006,BUSSTOP_OUT::03222,HUB SYNERGY PT,cbd_bus,CBD-bound,Cbd Bus,36.247,34.847,1.4,improved
G_006_006,BUSSTOP_OUT::03223,TANJONG PAGAR STN EXIT C,cbd_bus,CBD-bound,Cbd Bus,36.247,34.847,1.4,improved
G_006_006,BUSSTOP_OUT::03239,SHENTON WAY TER,cbd_bus,CBD-bound,Cbd Bus,36.247,34.847,1.4,improved
G_006_006,BUSSTOP_OUT::03241,MAPLETREE ANSON,cbd_bus,CBD-bound,Cbd Bus,36.247,34.847,1.4,improved
G_006_006,BUSSTOP_OUT::03381,THE SAIL,cbd_bus,CBD-bound,Cbd Bus,39.601,39.601,-0.0,unchanged
G_006_006,BUSSTOP_OUT::03391,MARINA BAY FINANCIAL CTR,cbd_bus,CBD-bound,Cbd Bus,40.346,40.346,-0.0,unchanged
G_006_006,BUSSTOP_OUT::03501,MARINA BAY SANDS THEATRE,cbd_bus,CBD-bound,Cbd Bus,43.447,40.047,3.4,improved
G_006_006,BUSSTOP_OUT::03509,BAYFRONT STN EXIT B/MBS,cbd_bus,CBD-bound,Cbd Bus,43.447,40.047,3.4,improved
G_006_006,BUSSTOP_OUT::03511,AFT BAYFRONT STN EXIT E,cbd_bus,CBD-bound,Cbd Bus,42.955,40.047,2.908,improved
G_006_006,BUSSTOP_OUT::03519,BAYFRONT STN EXIT A,cbd_bus,CBD-bound,Cbd Bus,43.447,40.047,3.4,improved
G_006_006,BUSSTOP_OUT::03529,DOWNTOWN STN,cbd_bus,CBD-bound,Cbd Bus,41.647,40.538,1.109,improved
G_006_006,BUSSTOP_OUT::03539,Marina Bay Stn,cbd_bus,CBD-bound,Cbd Bus,42.247,39.047,3.2,improved
G_006_006,BUSSTOP_OUT::05269,MAXWELL RD FC,cbd_bus,CBD-bound,Cbd Bus,40.647,40.647,-0.0,unchanged
G_006_006,BUSSTOP_OUT::05319,OCBC CTR,cbd_bus,CBD-bound,Cbd Bus,40.447,40.447,-0.0,unchanged
G_006_006,BUSSTOP_OUT::05411,TG PAGAR PLAZA,cbd_bus,CBD-bound,Cbd Bus,36.247,35.082,1.165,improved
G_006_006,BUSSTOP_OUT::05419,THE AMARA,cbd_bus,CBD-bound,Cbd Bus,37.365,37.365,-0.0,unchanged
G_006_006,BUSSTOP_OUT::05431,TOWER 15,cbd_bus,CBD-bound,Cbd Bus,38.11,38.11,-0.0,unchanged
G_006_006,BUSSTOP_OUT::05629,OPP STH PT,cbd_bus,CBD-bound,Cbd Bus,39.683,33.592,6.091,improved
G_006_006,BUSSTOP_OUT::05651,OPP FUJI XEROX TWRS,cbd_bus,CBD-bound,Cbd Bus,41.109,34.337,6.772,improved
G_006_006,MRTHUB::Bayfront,Bayfront,cbd_mrt,CBD-bound,Cbd Mrt,33.147,29.747,3.4,improved
G_006_006,MRTHUB::Downtown,Downtown,cbd_mrt,CBD-bound,Cbd Mrt,31.947,31.947,-0.0,unchanged
G_006_006,MRTHUB::Marina_Bay,Marina Bay,cbd_mrt,CBD-bound,Cbd Mrt,34.547,28.747,5.8,improved
G_006_006,MRTHUB::Maxwell,Maxwell,cbd_mrt,CBD-bound,Cbd Mrt,30.347,30.347,-0.0,unchanged
G_006_006,MRTHUB::Raffles_Place,Raffles Place,cbd_mrt,CBD-bound,Cbd Mrt,30.147,30.147,-0.0,unchanged
G_006_006,MRTHUB::Shenton_Way,Shenton Way,cbd_mrt,CBD-bound,Cbd Mrt,31.347,31.347,-0.0,unchanged
G_006_006,MRTHUB::Tanjong_Pagar,Tanjong Pagar,cbd_mrt,CBD-bound,Cbd Mrt,25.947,25.947,-0.0,unchanged
G_006_007,BUSSTOP_OUT::95011,AFT AIRCRAFT FLYOVER,airport_bus,Airport-bound,Airport Bus,79.907,79.907,-0.0,unchanged
G_006_007,BUSSTOP_OUT::95019,AFT CHANGI AIRPORT TER 2,airport_bus,Airport-bound,Airport Bus,68.464,68.464,-0.0,unchanged
G_006_007,BUSSTOP_OUT::95029,CHANGI AIRPORT TER 1,airport_bus,Airport-bound,Airport Bus,67.718,67.718,-0.0,unchanged
G_006_007,BUSSTOP_OUT::95109,CHANGI AIRPORT TER 3,airport_bus,Airport-bound,Airport Bus,64.737,64.737,-0.0,unchanged
G_006_007,BUSSTOP_OUT::95129,CHANGI AIRPORT TER 2,airport_bus,Airport-bound,Airport Bus,64.737,64.737,-0.0,unchanged
G_006_007,BUSSTOP_OUT::95151,AIRPORT POLICE STN,airport_bus,Airport-bound,Airport Bus,78.044,78.044,-0.0,unchanged
G_006_007,BUSSTOP_OUT::95159,NEAR SATS FLIGHT KITCHEN,airport_bus,Airport-bound,Airport Bus,71.445,71.445,-0.0,unchanged
G_006_007,BUSSTOP_OUT::95209,CHANGI AIRPORT TER 4,airport_bus,Airport-bound,Airport Bus,74.427,74.427,-0.0,unchanged
G_006_007,MRTHUB::Changi_Airport,Changi Airport,airport_mrt,Airport-bound,Airport Mrt,54.437,54.437,-0.0,unchanged
G_006_007,BUSSTOP_OUT::03011,FULLERTON SQ,cbd_bus,CBD-bound,Cbd Bus,40.836,36.927,3.909,improved
G_006_007,BUSSTOP_OUT::03019,OUE BAYFRONT,cbd_bus,CBD-bound,Cbd Bus,40.937,40.318,0.619,improved
G_006_007,BUSSTOP_OUT::03021,PRUDENTIAL TWR,cbd_bus,CBD-bound,Cbd Bus,38.6,34.691,3.909,improved
G_006_007,BUSSTOP_OUT::03031,RAFFLES PL STN EXIT F,cbd_bus,CBD-bound,Cbd Bus,38.973,35.436,3.537,improved
G_006_007,BUSSTOP_OUT::03041,TELOK AYER STN EXIT A,cbd_bus,CBD-bound,Cbd Bus,38.6,34.691,3.909,improved
G_006_007,BUSSTOP_OUT::03059,ONE RAFFLES QUAY,cbd_bus,CBD-bound,Cbd Bus,39.464,39.464,-0.0,unchanged
G_006_007,BUSSTOP_OUT::03071,OPP SO SOFITEL S'PORE,cbd_bus,CBD-bound,Cbd Bus,37.855,34.318,3.537,improved
G_006_007,BUSSTOP_OUT::03111,AFT CAPITAL TWR,cbd_bus,CBD-bound,Cbd Bus,36.737,33.2,3.537,improved
G_006_007,BUSSTOP_OUT::03129,UIC BLDG,cbd_bus,CBD-bound,Cbd Bus,36.737,36.737,-0.0,unchanged
G_006_007,BUSSTOP_OUT::03151,AFT TELOK AYER ST,cbd_bus,CBD-bound,Cbd Bus,36.737,32.828,3.909,improved
G_006_007,BUSSTOP_OUT::03217,AFT STRAITS BLVD,cbd_bus,CBD-bound,Cbd Bus,36.737,31.337,5.4,improved
G_006_007,BUSSTOP_OUT::03218,OPP MAS BLDG,cbd_bus,CBD-bound,Cbd Bus,36.737,31.337,5.4,improved
G_006_007,BUSSTOP_OUT::03222,HUB SYNERGY PT,cbd_bus,CBD-bound,Cbd Bus,36.018,31.337,4.681,improved
G_006_007,BUSSTOP_OUT::03223,TANJONG PAGAR STN EXIT C,cbd_bus,CBD-bound,Cbd Bus,36.737,31.337,5.4,improved
G_006_007,BUSSTOP_OUT::03239,SHENTON WAY TER,cbd_bus,CBD-bound,Cbd Bus,36.737,31.337,5.4,improved
G_006_007,BUSSTOP_OUT::03241,MAPLETREE ANSON,cbd_bus,CBD-bound,Cbd Bus,36.737,31.337,5.4,improved
G_006_007,BUSSTOP_OUT::03381,THE SAIL,cbd_bus,CBD-bound,Cbd Bus,40.091,36.182,3.909,improved
G_006_007,BUSSTOP_OUT::03391,MARINA BAY FINANCIAL CTR,cbd_bus,CBD-bound,Cbd Bus,40.836,36.927,3.909,improved
G_006_007,BUSSTOP_OUT::03501,MARINA BAY SANDS THEATRE,cbd_bus,CBD-bound,Cbd Bus,43.937,36.537,7.4,improved
G_006_007,BUSSTOP_OUT::03509,BAYFRONT STN EXIT B/MBS,cbd_bus,CBD-bound,Cbd Bus,43.937,36.537,7.4,improved
G_006_007,BUSSTOP_OUT::03511,AFT BAYFRONT STN EXIT E,cbd_bus,CBD-bound,Cbd Bus,43.445,36.537,6.908,improved
G_006_007,BUSSTOP_OUT::03519,BAYFRONT STN EXIT A,cbd_bus,CBD-bound,Cbd Bus,43.937,36.537,7.4,improved
G_006_007,BUSSTOP_OUT::03529,DOWNTOWN STN,cbd_bus,CBD-bound,Cbd Bus,40.137,37.028,3.109,improved
G_006_007,BUSSTOP_OUT::03539,Marina Bay Stn,cbd_bus,CBD-bound,Cbd Bus,41.137,35.537,5.6,improved
G_006_007,BUSSTOP_OUT::05269,MAXWELL RD FC,cbd_bus,CBD-bound,Cbd Bus,38.8,38.8,-0.0,unchanged
G_006_007,BUSSTOP_OUT::05319,OCBC CTR,cbd_bus,CBD-bound,Cbd Bus,37.228,37.228,-0.0,unchanged
G_006_007,BUSSTOP_OUT::05411,TG PAGAR PLAZA,cbd_bus,CBD-bound,Cbd Bus,36.737,31.572,5.165,improved
G_006_007,BUSSTOP_OUT::05419,THE AMARA,cbd_bus,CBD-bound,Cbd Bus,37.855,37.855,-0.0,unchanged
G_006_007,BUSSTOP_OUT::05431,TOWER 15,cbd_bus,CBD-bound,Cbd Bus,38.6,38.6,-0.0,unchanged
G_006_007,BUSSTOP_OUT::05629,OPP STH PT,cbd_bus,CBD-bound,Cbd Bus,37.226,30.082,7.144,improved
G_006_007,BUSSTOP_OUT::05651,OPP FUJI XEROX TWRS,cbd_bus,CBD-bound,Cbd Bus,37.599,30.827,6.772,improved
G_006_007,MRTHUB::Bayfront,Bayfront,cbd_mrt,CBD-bound,Cbd Mrt,33.637,26.237,7.4,improved
G_006_007,MRTHUB::Downtown,Downtown,cbd_mrt,CBD-bound,Cbd Mrt,30.837,29.437,1.4,improved
G_006_007,MRTHUB::Marina_Bay,Marina Bay,cbd_mrt,CBD-bound,Cbd Mrt,33.037,25.237,7.8,improved
G_006_007,MRTHUB::Maxwell,Maxwell,cbd_mrt,CBD-bound,Cbd Mrt,28.837,28.837,-0.0,unchanged
G_006_007,MRTHUB::Raffles_Place,Raffles Place,cbd_mrt,CBD-bound,Cbd Mrt,30.637,30.637,-0.0,unchanged
G_006_007,MRTHUB::Shenton_Way,Shenton Way,cbd_mrt,CBD-bound,Cbd Mrt,29.837,28.437,1.4,improved
G_006_007,MRTHUB::Tanjong_Pagar,Tanjong Pagar,cbd_mrt,CBD-bound,Cbd Mrt,26.437,26.437,-0.0,unchanged
G_006_008,BUSSTOP_OUT::95011,AFT AIRCRAFT FLYOVER,airport_bus,Airport-bound,Airport Bus,75.465,75.465,-0.0,unchanged
G_006_008,BUSSTOP_OUT::95019,AFT CHANGI AIRPORT TER 2,airport_bus,Airport-bound,Airport Bus,64.022,64.022,-0.0,unchanged
G_006_008,BUSSTOP_OUT::95029,CHANGI AIRPORT TER 1,airport_bus,Airport-bound,Airport Bus,63.276,63.276,-0.0,unchanged
G_006_008,BUSSTOP_OUT::95109,CHANGI AIRPORT TER 3,airport_bus,Airport-bound,Airport Bus,60.295,60.295,-0.0,unchanged
G_006_008,BUSSTOP_OUT::95129,CHANGI AIRPORT TER 2,airport_bus,Airport-bound,Airport Bus,60.295,60.295,-0.0,unchanged
G_006_008,BUSSTOP_OUT::95151,AIRPORT POLICE STN,airport_bus,Airport-bound,Airport Bus,73.602,73.602,-0.0,unchanged
G_006_008,BUSSTOP_OUT::95159,NEAR SATS FLIGHT KITCHEN,airport_bus,Airport-bound,Airport Bus,67.003,67.003,-0.0,unchanged
G_006_008,BUSSTOP_OUT::95209,CHANGI AIRPORT TER 4,airport_bus,Airport-bound,Airport Bus,69.985,69.985,-0.0,unchanged
G_006_008,MRTHUB::Changi_Airport,Changi Airport,airport_mrt,Airport-bound,Airport Mrt,49.995,49.995,-0.0,unchanged
G_006_008,BUSSTOP_OUT::03011,FULLERTON SQ,cbd_bus,CBD-bound,Cbd Bus,36.394,32.485,3.909,improved
G_006_008,BUSSTOP_OUT::03019,OUE BAYFRONT,cbd_bus,CBD-bound,Cbd Bus,36.495,35.876,0.619,improved
G_006_008,BUSSTOP_OUT::03021,PRUDENTIAL TWR,cbd_bus,CBD-bound,Cbd Bus,34.158,30.249,3.909,improved
G_006_008,BUSSTOP_OUT::03031,RAFFLES PL STN EXIT F,cbd_bus,CBD-bound,Cbd Bus,34.531,30.994,3.537,improved
G_006_008,BUSSTOP_OUT::03041,TELOK AYER STN EXIT A,cbd_bus,CBD-bound,Cbd Bus,34.158,30.249,3.909,improved
G_006_008,BUSSTOP_OUT::03059,ONE RAFFLES QUAY,cbd_bus,CBD-bound,Cbd Bus,35.022,35.022,-0.0,unchanged
G_006_008,BUSSTOP_OUT::03071,OPP SO SOFITEL S'PORE,cbd_bus,CBD-bound,Cbd Bus,33.413,29.876,3.537,improved
G_006_008,BUSSTOP_OUT::03111,AFT CAPITAL TWR,cbd_bus,CBD-bound,Cbd Bus,32.295,28.758,3.537,improved
G_006_008,BUSSTOP_OUT::03129,UIC BLDG,cbd_bus,CBD-bound,Cbd Bus,32.295,32.295,-0.0,unchanged
G_006_008,BUSSTOP_OUT::03151,AFT TELOK AYER ST,cbd_bus,CBD-bound,Cbd Bus,32.295,28.386,3.909,improved
G_006_008,BUSSTOP_OUT::03217,AFT STRAITS BLVD,cbd_bus,CBD-bound,Cbd Bus,32.295,26.895,5.4,improved
G_006_008,BUSSTOP_OUT::03218,OPP MAS BLDG,cbd_bus,CBD-bound,Cbd Bus,32.295,26.895,5.4,improved
G_006_008,BUSSTOP_OUT::03222,HUB SYNERGY PT,cbd_bus,CBD-bound,Cbd Bus,32.295,26.895,5.4,improved
G_006_008,BUSSTOP_OUT::03223,TANJONG PAGAR STN EXIT C,cbd_bus,CBD-bound,Cbd Bus,32.295,26.895,5.4,improved
G_006_008,BUSSTOP_OUT::03239,SHENTON WAY TER,cbd_bus,CBD-bound,Cbd Bus,32.295,26.895,5.4,improved
G_006_008,BUSSTOP_OUT::03241,MAPLETREE ANSON,cbd_bus,CBD-bound,Cbd Bus,32.295,26.895,5.4,improved
G_006_008,BUSSTOP_OUT::03381,THE SAIL,cbd_bus,CBD-bound,Cbd Bus,35.649,31.74,3.909,improved
G_006_008,BUSSTOP_OUT::03391,MARINA BAY FINANCIAL CTR,cbd_bus,CBD-bound,Cbd Bus,36.394,32.485,3.909,improved
G_006_008,BUSSTOP_OUT::03501,MARINA BAY SANDS THEATRE,cbd_bus,CBD-bound,Cbd Bus,39.495,32.095,7.4,improved
G_006_008,BUSSTOP_OUT::03509,BAYFRONT STN EXIT B/MBS,cbd_bus,CBD-bound,Cbd Bus,39.495,32.095,7.4,improved
G_006_008,BUSSTOP_OUT::03511,AFT BAYFRONT STN EXIT E,cbd_bus,CBD-bound,Cbd Bus,39.003,32.095,6.908,improved
G_006_008,BUSSTOP_OUT::03519,BAYFRONT STN EXIT A,cbd_bus,CBD-bound,Cbd Bus,39.495,32.095,7.4,improved
G_006_008,BUSSTOP_OUT::03529,DOWNTOWN STN,cbd_bus,CBD-bound,Cbd Bus,35.695,32.586,3.109,improved
G_006_008,BUSSTOP_OUT::03539,Marina Bay Stn,cbd_bus,CBD-bound,Cbd Bus,36.695,31.095,5.6,improved
G_006_008,BUSSTOP_OUT::05269,MAXWELL RD FC,cbd_bus,CBD-bound,Cbd Bus,34.358,34.358,-0.0,unchanged
G_006_008,BUSSTOP_OUT::05319,OCBC CTR,cbd_bus,CBD-bound,Cbd Bus,32.786,32.786,-0.0,unchanged
G_006_008,BUSSTOP_OUT::05411,TG PAGAR PLAZA,cbd_bus,CBD-bound,Cbd Bus,32.295,27.13,5.165,improved
G_006_008,BUSSTOP_OUT::05419,THE AMARA,cbd_bus,CBD-bound,Cbd Bus,33.413,33.413,-0.0,unchanged
G_006_008,BUSSTOP_OUT::05431,TOWER 15,cbd_bus,CBD-bound,Cbd Bus,34.158,34.158,-0.0,unchanged
G_006_008,BUSSTOP_OUT::05629,OPP STH PT,cbd_bus,CBD-bound,Cbd Bus,32.784,25.64,7.144,improved
G_006_008,BUSSTOP_OUT::05651,OPP FUJI XEROX TWRS,cbd_bus,CBD-bound,Cbd Bus,33.157,26.385,6.772,improved
G_006_008,MRTHUB::Bayfront,Bayfront,cbd_mrt,CBD-bound,Cbd Mrt,29.195,21.795,7.4,improved
G_006_008,MRTHUB::Downtown,Downtown,cbd_mrt,CBD-bound,Cbd Mrt,26.395,24.995,1.4,improved
G_006_008,MRTHUB::Marina_Bay,Marina Bay,cbd_mrt,CBD-bound,Cbd Mrt,28.595,20.795,7.8,improved
G_006_008,MRTHUB::Maxwell,Maxwell,cbd_mrt,CBD-bound,Cbd Mrt,24.395,24.395,-0.0,unchanged
G_006_008,MRTHUB::Raffles_Place,Raffles Place,cbd_mrt,CBD-bound,Cbd Mrt,26.195,26.195,-0.0,unchanged
G_006_008,MRTHUB::Shenton_Way,Shenton Way,cbd_mrt,CBD-bound,Cbd Mrt,25.395,23.995,1.4,improved
G_006_008,MRTHUB::Tanjong_Pagar,Tanjong Pagar,cbd_mrt,CBD-bound,Cbd Mrt,21.995,21.995,-0.0,unchanged
G_006_009,BUSSTOP_OUT::95011,AFT AIRCRAFT FLYOVER,airport_bus,Airport-bound,Airport Bus,72.568,72.568,-0.0,unchanged
G_006_009,BUSSTOP_OUT::95019,AFT CHANGI AIRPORT TER 2,airport_bus,Airport-bound,Airport Bus,61.125,61.125,-0.0,unchanged
G_006_009,BUSSTOP_OUT::95029,CHANGI AIRPORT TER 1,airport_bus,Airport-bound,Airport Bus,60.379,60.379,-0.0,unchanged
G_006_009,BUSSTOP_OUT::95109,CHANGI AIRPORT TER 3,airport_bus,Airport-bound,Airport Bus,57.398,57.398,-0.0,unchanged
G_006_009,BUSSTOP_OUT::95129,CHANGI AIRPORT TER 2,airport_bus,Airport-bound,Airport Bus,57.398,57.398,-0.0,unchanged
G_006_009,BUSSTOP_OUT::95151,AIRPORT POLICE STN,airport_bus,Airport-bound,Airport Bus,70.705,70.705,-0.0,unchanged
G_006_009,BUSSTOP_OUT::95159,NEAR SATS FLIGHT KITCHEN,airport_bus,Airport-bound,Airport Bus,64.106,64.106,-0.0,unchanged
G_006_009,BUSSTOP_OUT::95209,CHANGI AIRPORT TER 4,airport_bus,Airport-bound,Airport Bus,67.088,67.088,-0.0,unchanged
G_006_009,MRTHUB::Changi_Airport,Changi Airport,airport_mrt,Airport-bound,Airport Mrt,47.098,47.098,-0.0,unchanged
G_006_009,BUSSTOP_OUT::03011,FULLERTON SQ,cbd_bus,CBD-bound,Cbd Bus,33.497,29.588,3.909,improved
G_006_009,BUSSTOP_OUT::03019,OUE BAYFRONT,cbd_bus,CBD-bound,Cbd Bus,33.598,32.979,0.619,improved
G_006_009,BUSSTOP_OUT::03021,PRUDENTIAL TWR,cbd_bus,CBD-bound,Cbd Bus,31.261,27.352,3.909,improved
G_006_009,BUSSTOP_OUT::03031,RAFFLES PL STN EXIT F,cbd_bus,CBD-bound,Cbd Bus,31.634,28.097,3.537,improved
G_006_009,BUSSTOP_OUT::03041,TELOK AYER STN EXIT A,cbd_bus,CBD-bound,Cbd Bus,31.261,27.352,3.909,improved
G_006_009,BUSSTOP_OUT::03059,ONE RAFFLES QUAY,cbd_bus,CBD-bound,Cbd Bus,32.125,32.125,-0.0,unchanged
G_006_009,BUSSTOP_OUT::03071,OPP SO SOFITEL S'PORE,cbd_bus,CBD-bound,Cbd Bus,30.516,26.979,3.537,improved
G_006_009,BUSSTOP_OUT::03111,AFT CAPITAL TWR,cbd_bus,CBD-bound,Cbd Bus,29.398,25.861,3.537,improved
G_006_009,BUSSTOP_OUT::03129,UIC BLDG,cbd_bus,CBD-bound,Cbd Bus,29.398,29.398,-0.0,unchanged
G_006_009,BUSSTOP_OUT::03151,AFT TELOK AYER ST,cbd_bus,CBD-bound,Cbd Bus,29.398,25.489,3.909,improved
G_006_009,BUSSTOP_OUT::03217,AFT STRAITS BLVD,cbd_bus,CBD-bound,Cbd Bus,29.398,23.998,5.4,improved
G_006_009,BUSSTOP_OUT::03218,OPP MAS BLDG,cbd_bus,CBD-bound,Cbd Bus,29.398,23.998,5.4,improved
G_006_009,BUSSTOP_OUT::03222,HUB SYNERGY PT,cbd_bus,CBD-bound,Cbd Bus,29.398,23.998,5.4,improved
G_006_009,BUSSTOP_OUT::03223,TANJONG PAGAR STN EXIT C,cbd_bus,CBD-bound,Cbd Bus,29.398,23.998,5.4,improved
G_006_009,BUSSTOP_OUT::03239,SHENTON WAY TER,cbd_bus,CBD-bound,Cbd Bus,29.398,23.998,5.4,improved
G_006_009,BUSSTOP_OUT::03241,MAPLETREE ANSON,cbd_bus,CBD-bound,Cbd Bus,29.398,23.998,5.4,improved
G_006_009,BUSSTOP_OUT::03381,THE SAIL,cbd_bus,CBD-bound,Cbd Bus,32.752,28.843,3.909,improved
G_006_009,BUSSTOP_OUT::03391,MARINA BAY FINANCIAL CTR,cbd_bus,CBD-bound,Cbd Bus,33.497,29.588,3.909,improved
G_006_009,BUSSTOP_OUT::03501,MARINA BAY SANDS THEATRE,cbd_bus,CBD-bound,Cbd Bus,36.598,29.198,7.4,improved
G_006_009,BUSSTOP_OUT::03509,BAYFRONT STN EXIT B/MBS,cbd_bus,CBD-bound,Cbd Bus,36.598,29.198,7.4,improved
G_006_009,BUSSTOP_OUT::03511,AFT BAYFRONT STN EXIT E,cbd_bus,CBD-bound,Cbd Bus,36.106,29.198,6.908,improved
G_006_009,BUSSTOP_OUT::03519,BAYFRONT STN EXIT A,cbd_bus,CBD-bound,Cbd Bus,36.598,29.198,7.4,improved
G_006_009,BUSSTOP_OUT::03529,DOWNTOWN STN,cbd_bus,CBD-bound,Cbd Bus,32.798,29.689,3.109,improved
G_006_009,BUSSTOP_OUT::03539,Marina Bay Stn,cbd_bus,CBD-bound,Cbd Bus,33.798,28.198,5.6,improved
G_006_009,BUSSTOP_OUT::05269,MAXWELL RD FC,cbd_bus,CBD-bound,Cbd Bus,31.461,31.461,-0.0,unchanged
G_006_009,BUSSTOP_OUT::05319,OCBC CTR,cbd_bus,CBD-bound,Cbd Bus,29.889,29.889,-0.0,unchanged
G_006_009,BUSSTOP_OUT::05411,TG PAGAR PLAZA,cbd_bus,CBD-bound,Cbd Bus,29.398,24.233,5.165,improved
G_006_009,BUSSTOP_OUT::05419,THE AMARA,cbd_bus,CBD-bound,Cbd Bus,30.516,30.516,-0.0,unchanged
G_006_009,BUSSTOP_OUT::05431,TOWER 15,cbd_bus,CBD-bound,Cbd Bus,31.261,31.261,-0.0,unchanged
G_006_009,BUSSTOP_OUT::05629,OPP STH PT,cbd_bus,CBD-bound,Cbd Bus,29.887,22.743,7.144,improved
G_006_009,BUSSTOP_OUT::05651,OPP FUJI XEROX TWRS,cbd_bus,CBD-bound,Cbd Bus,30.26,23.488,6.772,improved
G_006_009,MRTHUB::Bayfront,Bayfront,cbd_mrt,CBD-bound,Cbd Mrt,26.298,18.898,7.4,improved
G_006_009,MRTHUB::Downtown,Downtown,cbd_mrt,CBD-bound,Cbd Mrt,23.498,22.098,1.4,improved
G_006_009,MRTHUB::Marina_Bay,Marina Bay,cbd_mrt,CBD-bound,Cbd Mrt,25.698,17.898,7.8,improved
G_006_009,MRTHUB::Maxwell,Maxwell,cbd_mrt,CBD-bound,Cbd Mrt,21.498,21.498,-0.0,unchanged
G_006_009,MRTHUB::Raffles_Place,Raffles Place,cbd_mrt,CBD-bound,Cbd Mrt,23.298,23.298,-0.0,unchanged
G_006_009,MRTHUB::Shenton_Way,Shenton Way,cbd_mrt,CBD-bound,Cbd Mrt,22.498,21.098,1.4,improved
G_006_009,MRTHUB::Tanjong_Pagar,Tanjong Pagar,cbd_mrt,CBD-bound,Cbd Mrt,19.098,19.098,-0.0,unchanged
G_006_010,BUSSTOP_OUT::95011,AFT AIRCRAFT FLYOVER,airport_bus,Airport-bound,Airport Bus,75.855,75.855,-0.0,unchanged
G_006_010,BUSSTOP_OUT::95019,AFT CHANGI AIRPORT TER 2,airport_bus,Airport-bound,Airport Bus,64.412,64.412,-0.0,unchanged
G_006_010,BUSSTOP_OUT::95029,CHANGI AIRPORT TER 1,airport_bus,Airport-bound,Airport Bus,63.666,63.666,-0.0,unchanged
G_006_010,BUSSTOP_OUT::95109,CHANGI AIRPORT TER 3,airport_bus,Airport-bound,Airport Bus,60.685,60.685,-0.0,unchanged
G_006_010,BUSSTOP_OUT::95129,CHANGI AIRPORT TER 2,airport_bus,Airport-bound,Airport Bus,60.685,60.685,-0.0,unchanged
G_006_010,BUSSTOP_OUT::95151,AIRPORT POLICE STN,airport_bus,Airport-bound,Airport Bus,73.992,73.992,-0.0,unchanged
G_006_010,BUSSTOP_OUT::95159,NEAR SATS FLIGHT KITCHEN,airport_bus,Airport-bound,Airport Bus,67.393,67.393,-0.0,unchanged
G_006_010,BUSSTOP_OUT::95209,CHANGI AIRPORT TER 4,airport_bus,Airport-bound,Airport Bus,70.375,70.375,-0.0,unchanged
G_006_010,MRTHUB::Changi_Airport,Changi Airport,airport_mrt,Airport-bound,Airport Mrt,50.385,50.385,-0.0,unchanged
G_006_010,BUSSTOP_OUT::03011,FULLERTON SQ,cbd_bus,CBD-bound,Cbd Bus,36.784,32.875,3.909,improved
G_006_010,BUSSTOP_OUT::03019,OUE BAYFRONT,cbd_bus,CBD-bound,Cbd Bus,36.885,36.266,0.619,improved
G_006_010,BUSSTOP_OUT::03021,PRUDENTIAL TWR,cbd_bus,CBD-bound,Cbd Bus,34.548,30.639,3.909,improved
G_006_010,BUSSTOP_OUT::03031,RAFFLES PL STN EXIT F,cbd_bus,CBD-bound,Cbd Bus,34.921,31.384,3.537,improved
G_006_010,BUSSTOP_OUT::03041,TELOK AYER STN EXIT A,cbd_bus,CBD-bound,Cbd Bus,34.548,30.639,3.909,improved
G_006_010,BUSSTOP_OUT::03059,ONE RAFFLES QUAY,cbd_bus,CBD-bound,Cbd Bus,35.412,35.412,-0.0,unchanged
G_006_010,BUSSTOP_OUT::03071,OPP SO SOFITEL S'PORE,cbd_bus,CBD-bound,Cbd Bus,33.803,30.266,3.537,improved
G_006_010,BUSSTOP_OUT::03111,AFT CAPITAL TWR,cbd_bus,CBD-bound,Cbd Bus,32.685,29.148,3.537,improved
G_006_010,BUSSTOP_OUT::03129,UIC BLDG,cbd_bus,CBD-bound,Cbd Bus,32.685,32.685,-0.0,unchanged
G_006_010,BUSSTOP_OUT::03151,AFT TELOK AYER ST,cbd_bus,CBD-bound,Cbd Bus,32.685,28.776,3.909,improved
G_006_010,BUSSTOP_OUT::03217,AFT STRAITS BLVD,cbd_bus,CBD-bound,Cbd Bus,32.685,27.285,5.4,improved
G_006_010,BUSSTOP_OUT::03218,OPP MAS BLDG,cbd_bus,CBD-bound,Cbd Bus,32.685,27.285,5.4,improved
G_006_010,BUSSTOP_OUT::03222,HUB SYNERGY PT,cbd_bus,CBD-bound,Cbd Bus,31.786,27.285,4.501,improved
G_006_010,BUSSTOP_OUT::03223,TANJONG PAGAR STN EXIT C,cbd_bus,CBD-bound,Cbd Bus,32.685,27.285,5.4,improved
G_006_010,BUSSTOP_OUT::03239,SHENTON WAY TER,cbd_bus,CBD-bound,Cbd Bus,32.685,27.285,5.4,improved
G_006_010,BUSSTOP_OUT::03241,MAPLETREE ANSON,cbd_bus,CBD-bound,Cbd Bus,32.685,27.285,5.4,improved
G_006_010,BUSSTOP_OUT::03381,THE SAIL,cbd_bus,CBD-bound,Cbd Bus,36.039,32.13,3.909,improved
G_006_010,BUSSTOP_OUT::03391,MARINA BAY FINANCIAL CTR,cbd_bus,CBD-bound,Cbd Bus,36.784,32.875,3.909,improved
G_006_010,BUSSTOP_OUT::03501,MARINA BAY SANDS THEATRE,cbd_bus,CBD-bound,Cbd Bus,39.885,32.485,7.4,improved
G_006_010,BUSSTOP_OUT::03509,BAYFRONT STN EXIT B/MBS,cbd_bus,CBD-bound,Cbd Bus,39.885,32.485,7.4,improved
G_006_010,BUSSTOP_OUT::03511,AFT BAYFRONT STN EXIT E,cbd_bus,CBD-bound,Cbd Bus,39.393,32.485,6.908,improved
G_006_010,BUSSTOP_OUT::03519,BAYFRONT STN EXIT A,cbd_bus,CBD-bound,Cbd Bus,39.885,32.485,7.4,improved
G_006_010,BUSSTOP_OUT::03529,DOWNTOWN STN,cbd_bus,CBD-bound,Cbd Bus,36.085,32.976,3.109,improved
G_006_010,BUSSTOP_OUT::03539,Marina Bay Stn,cbd_bus,CBD-bound,Cbd Bus,37.085,31.485,5.6,improved
G_006_010,BUSSTOP_OUT::05269,MAXWELL RD FC,cbd_bus,CBD-bound,Cbd Bus,34.748,34.748,-0.0,unchanged
G_006_010,BUSSTOP_OUT::05319,OCBC CTR,cbd_bus,CBD-bound,Cbd Bus,33.176,33.176,-0.0,unchanged
G_006_010,BUSSTOP_OUT::05411,TG PAGAR PLAZA,cbd_bus,CBD-bound,Cbd Bus,32.685,27.52,5.165,improved
G_006_010,BUSSTOP_OUT::05419,THE AMARA,cbd_bus,CBD-bound,Cbd Bus,33.803,33.803,-0.0,unchanged
G_006_010,BUSSTOP_OUT::05431,TOWER 15,cbd_bus,CBD-bound,Cbd Bus,34.548,34.548,-0.0,unchanged
G_006_010,BUSSTOP_OUT::05629,OPP STH PT,cbd_bus,CBD-bound,Cbd Bus,33.174,26.03,7.144,improved
G_006_010,BUSSTOP_OUT::05651,OPP FUJI XEROX TWRS,cbd_bus,CBD-bound,Cbd Bus,33.547,26.775,6.772,improved
G_006_010,MRTHUB::Bayfront,Bayfront,cbd_mrt,CBD-bound,Cbd Mrt,29.585,22.185,7.4,improved
G_006_010,MRTHUB::Downtown,Downtown,cbd_mrt,CBD-bound,Cbd Mrt,26.785,25.385,1.4,improved
G_006_010,MRTHUB::Marina_Bay,Marina Bay,cbd_mrt,CBD-bound,Cbd Mrt,28.985,21.185,7.8,improved
G_006_010,MRTHUB::Maxwell,Maxwell,cbd_mrt,CBD-bound,Cbd Mrt,24.785,24.785,-0.0,unchanged
G_006_010,MRTHUB::Raffles_Place,Raffles Place,cbd_mrt,CBD-bound,Cbd Mrt,26.585,26.585,-0.0,unchanged
G_006_010,MRTHUB::Shenton_Way,Shenton Way,cbd_mrt,CBD-bound,Cbd Mrt,25.785,24.385,1.4,improved
G_006_010,MRTHUB::Tanjong_Pagar,Tanjong Pagar,cbd_mrt,CBD-bound,Cbd Mrt,22.385,22.385,-0.0,unchanged
G_007_002,BUSSTOP_OUT::95011,AFT AIRCRAFT FLYOVER,airport_bus,Airport-bound,Airport Bus,77.985,77.985,-0.0,unchanged
G_007_002,BUSSTOP_OUT::95019,AFT CHANGI AIRPORT TER 2,airport_bus,Airport-bound,Airport Bus,66.542,66.542,-0.0,unchanged
G_007_002,BUSSTOP_OUT::95029,CHANGI AIRPORT TER 1,airport_bus,Airport-bound,Airport Bus,65.796,65.796,-0.0,unchanged
G_007_002,BUSSTOP_OUT::95109,CHANGI AIRPORT TER 3,airport_bus,Airport-bound,Airport Bus,62.815,62.815,-0.0,unchanged
G_007_002,BUSSTOP_OUT::95129,CHANGI AIRPORT TER 2,airport_bus,Airport-bound,Airport Bus,62.815,62.815,-0.0,unchanged
G_007_002,BUSSTOP_OUT::95151,AIRPORT POLICE STN,airport_bus,Airport-bound,Airport Bus,76.122,76.122,-0.0,unchanged
G_007_002,BUSSTOP_OUT::95159,NEAR SATS FLIGHT KITCHEN,airport_bus,Airport-bound,Airport Bus,69.523,69.523,-0.0,unchanged
G_007_002,BUSSTOP_OUT::95209,CHANGI AIRPORT TER 4,airport_bus,Airport-bound,Airport Bus,72.505,72.505,-0.0,unchanged
G_007_002,MRTHUB::Changi_Airport,Changi Airport,airport_mrt,Airport-bound,Airport Mrt,52.515,52.515,-0.0,unchanged
G_007_002,BUSSTOP_OUT::03011,FULLERTON SQ,cbd_bus,CBD-bound,Cbd Bus,38.914,38.914,-0.0,unchanged
G_007_002,BUSSTOP_OUT::03019,OUE BAYFRONT,cbd_bus,CBD-bound,Cbd Bus,39.015,39.015,-0.0,unchanged
G_007_002,BUSSTOP_OUT::03021,PRUDENTIAL TWR,cbd_bus,CBD-bound,Cbd Bus,36.678,36.678,-0.0,unchanged
G_007_002,BUSSTOP_OUT::03031,RAFFLES PL STN EXIT F,cbd_bus,CBD-bound,Cbd Bus,37.051,37.051,-0.0,unchanged
G_007_002,BUSSTOP_OUT::03041,TELOK AYER STN EXIT A,cbd_bus,CBD-bound,Cbd Bus,36.678,36.678,-0.0,unchanged
G_007_002,BUSSTOP_OUT::03059,ONE RAFFLES QUAY,cbd_bus,CBD-bound,Cbd Bus,39.015,39.015,-0.0,unchanged
G_007_002,BUSSTOP_OUT::03071,OPP SO SOFITEL S'PORE,cbd_bus,CBD-bound,Cbd Bus,35.933,35.933,-0.0,unchanged
G_007_002,BUSSTOP_OUT::03111,AFT CAPITAL TWR,cbd_bus,CBD-bound,Cbd Bus,34.815,34.815,-0.0,unchanged
G_007_002,BUSSTOP_OUT::03129,UIC BLDG,cbd_bus,CBD-bound,Cbd Bus,34.815,34.815,-0.0,unchanged
G_007_002,BUSSTOP_OUT::03151,AFT TELOK AYER ST,cbd_bus,CBD-bound,Cbd Bus,34.815,34.815,-0.0,unchanged
G_007_002,BUSSTOP_OUT::03217,AFT STRAITS BLVD,cbd_bus,CBD-bound,Cbd Bus,34.815,33.415,1.4,improved
G_007_002,BUSSTOP_OUT::03218,OPP MAS BLDG,cbd_bus,CBD-bound,Cbd Bus,34.815,33.415,1.4,improved
G_007_002,BUSSTOP_OUT::03222,HUB SYNERGY PT,cbd_bus,CBD-bound,Cbd Bus,34.815,33.415,1.4,improved
G_007_002,BUSSTOP_OUT::03223,TANJONG PAGAR STN EXIT C,cbd_bus,CBD-bound,Cbd Bus,34.815,33.415,1.4,improved
G_007_002,BUSSTOP_OUT::03239,SHENTON WAY TER,cbd_bus,CBD-bound,Cbd Bus,34.815,33.415,1.4,improved
G_007_002,BUSSTOP_OUT::03241,MAPLETREE ANSON,cbd_bus,CBD-bound,Cbd Bus,34.815,33.415,1.4,improved
G_007_002,BUSSTOP_OUT::03381,THE SAIL,cbd_bus,CBD-bound,Cbd Bus,38.169,38.169,-0.0,unchanged
G_007_002,BUSSTOP_OUT::03391,MARINA BAY FINANCIAL CTR,cbd_bus,CBD-bound,Cbd Bus,38.914,38.914,-0.0,unchanged
G_007_002,BUSSTOP_OUT::03501,MARINA BAY SANDS THEATRE,cbd_bus,CBD-bound,Cbd Bus,42.015,38.615,3.4,improved
G_007_002,BUSSTOP_OUT::03509,BAYFRONT STN EXIT B/MBS,cbd_bus,CBD-bound,Cbd Bus,42.015,38.615,3.4,improved
G_007_002,BUSSTOP_OUT::03511,AFT BAYFRONT STN EXIT E,cbd_bus,CBD-bound,Cbd Bus,41.523,38.615,2.908,improved
G_007_002,BUSSTOP_OUT::03519,BAYFRONT STN EXIT A,cbd_bus,CBD-bound,Cbd Bus,42.015,38.615,3.4,improved
G_007_002,BUSSTOP_OUT::03529,DOWNTOWN STN,cbd_bus,CBD-bound,Cbd Bus,40.215,39.106,1.109,improved
G_007_002,BUSSTOP_OUT::03539,Marina Bay Stn,cbd_bus,CBD-bound,Cbd Bus,40.815,37.615,3.2,improved
G_007_002,BUSSTOP_OUT::05269,MAXWELL RD FC,cbd_bus,CBD-bound,Cbd Bus,39.215,39.215,-0.0,unchanged
G_007_002,BUSSTOP_OUT::05319,OCBC CTR,cbd_bus,CBD-bound,Cbd Bus,39.015,39.015,-0.0,unchanged
G_007_002,BUSSTOP_OUT::05411,TG PAGAR PLAZA,cbd_bus,CBD-bound,Cbd Bus,34.815,33.65,1.165,improved
G_007_002,BUSSTOP_OUT::05419,THE AMARA,cbd_bus,CBD-bound,Cbd Bus,35.933,35.933,-0.0,unchanged
G_007_002,BUSSTOP_OUT::05431,TOWER 15,cbd_bus,CBD-bound,Cbd Bus,36.678,36.678,-0.0,unchanged
G_007_002,BUSSTOP_OUT::05629,OPP STH PT,cbd_bus,CBD-bound,Cbd Bus,38.251,32.16,6.091,improved
G_007_002,BUSSTOP_OUT::05651,OPP FUJI XEROX TWRS,cbd_bus,CBD-bound,Cbd Bus,39.677,32.905,6.772,improved
G_007_002,MRTHUB::Bayfront,Bayfront,cbd_mrt,CBD-bound,Cbd Mrt,31.715,28.315,3.4,improved
G_007_002,MRTHUB::Downtown,Downtown,cbd_mrt,CBD-bound,Cbd Mrt,30.515,30.515,-0.0,unchanged
G_007_002,MRTHUB::Marina_Bay,Marina Bay,cbd_mrt,CBD-bound,Cbd Mrt,33.115,27.315,5.8,improved
G_007_002,MRTHUB::Maxwell,Maxwell,cbd_mrt,CBD-bound,Cbd Mrt,28.915,28.915,-0.0,unchanged
G_007_002,MRTHUB::Raffles_Place,Raffles Place,cbd_mrt,CBD-bound,Cbd Mrt,28.715,28.715,-0.0,unchanged
G_007_002,MRTHUB::Shenton_Way,Shenton Way,cbd_mrt,CBD-bound,Cbd Mrt,29.915,29.915,-0.0,unchanged
G_007_002,MRTHUB::Tanjong_Pagar,Tanjong Pagar,cbd_mrt,CBD-bound,Cbd Mrt,24.515,24.515,-0.0,unchanged
G_007_003,BUSSTOP_OUT::95011,AFT AIRCRAFT FLYOVER,airport_bus,Airport-bound,Airport Bus,74.819,74.819,-0.0,unchanged
G_007_003,BUSSTOP_OUT::95019,AFT CHANGI AIRPORT TER 2,airport_bus,Airport-bound,Airport Bus,63.376,63.376,-0.0,unchanged
G_007_003,BUSSTOP_OUT::95029,CHANGI AIRPORT TER 1,airport_bus,Airport-bound,Airport Bus,62.63,62.63,-0.0,unchanged
G_007_003,BUSSTOP_OUT::95109,CHANGI AIRPORT TER 3,airport_bus,Airport-bound,Airport Bus,59.649,59.649,-0.0,unchanged
G_007_003,BUSSTOP_OUT::95129,CHANGI AIRPORT TER 2,airport_bus,Airport-bound,Airport Bus,59.649,59.649,-0.0,unchanged
G_007_003,BUSSTOP_OUT::95151,AIRPORT POLICE STN,airport_bus,Airport-bound,Airport Bus,72.956,72.956,-0.0,unchanged
G_007_003,BUSSTOP_OUT::95159,NEAR SATS FLIGHT KITCHEN,airport_bus,Airport-bound,Airport Bus,66.357,66.357,-0.0,unchanged
G_007_003,BUSSTOP_OUT::95209,CHANGI AIRPORT TER 4,airport_bus,Airport-bound,Airport Bus,69.339,69.339,-0.0,unchanged
G_007_003,MRTHUB::Changi_Airport,Changi Airport,airport_mrt,Airport-bound,Airport Mrt,49.349,49.349,-0.0,unchanged
G_007_003,BUSSTOP_OUT::03011,FULLERTON SQ,cbd_bus,CBD-bound,Cbd Bus,35.748,35.748,-0.0,unchanged
G_007_003,BUSSTOP_OUT::03019,OUE BAYFRONT,cbd_bus,CBD-bound,Cbd Bus,35.849,35.849,-0.0,unchanged
G_007_003,BUSSTOP_OUT::03021,PRUDENTIAL TWR,cbd_bus,CBD-bound,Cbd Bus,33.512,33.512,-0.0,unchanged
G_007_003,BUSSTOP_OUT::03031,RAFFLES PL STN EXIT F,cbd_bus,CBD-bound,Cbd Bus,33.885,33.885,-0.0,unchanged
G_007_003,BUSSTOP_OUT::03041,TELOK AYER STN EXIT A,cbd_bus,CBD-bound,Cbd Bus,33.512,33.512,-0.0,unchanged
G_007_003,BUSSTOP_OUT::03059,ONE RAFFLES QUAY,cbd_bus,CBD-bound,Cbd Bus,35.849,35.849,-0.0,unchanged
G_007_003,BUSSTOP_OUT::03071,OPP SO SOFITEL S'PORE,cbd_bus,CBD-bound,Cbd Bus,32.767,32.767,-0.0,unchanged
G_007_003,BUSSTOP_OUT::03111,AFT CAPITAL TWR,cbd_bus,CBD-bound,Cbd Bus,31.649,31.649,-0.0,unchanged
G_007_003,BUSSTOP_OUT::03129,UIC BLDG,cbd_bus,CBD-bound,Cbd Bus,31.649,31.649,-0.0,unchanged
G_007_003,BUSSTOP_OUT::03151,AFT TELOK AYER ST,cbd_bus,CBD-bound,Cbd Bus,31.649,31.649,-0.0,unchanged
G_007_003,BUSSTOP_OUT::03217,AFT STRAITS BLVD,cbd_bus,CBD-bound,Cbd Bus,31.649,30.249,1.4,improved
G_007_003,BUSSTOP_OUT::03218,OPP MAS BLDG,cbd_bus,CBD-bound,Cbd Bus,31.649,30.249,1.4,improved
G_007_003,BUSSTOP_OUT::03222,HUB SYNERGY PT,cbd_bus,CBD-bound,Cbd Bus,31.649,30.249,1.4,improved
G_007_003,BUSSTOP_OUT::03223,TANJONG PAGAR STN EXIT C,cbd_bus,CBD-bound,Cbd Bus,31.649,30.249,1.4,improved
G_007_003,BUSSTOP_OUT::03239,SHENTON WAY TER,cbd_bus,CBD-bound,Cbd Bus,31.649,30.249,1.4,improved
G_007_003,BUSSTOP_OUT::03241,MAPLETREE ANSON,cbd_bus,CBD-bound,Cbd Bus,31.649,30.249,1.4,improved
G_007_003,BUSSTOP_OUT::03381,THE SAIL,cbd_bus,CBD-bound,Cbd Bus,35.003,35.003,-0.0,unchanged
G_007_003,BUSSTOP_OUT::03391,MARINA BAY FINANCIAL CTR,cbd_bus,CBD-bound,Cbd Bus,35.748,35.748,-0.0,unchanged
G_007_003,BUSSTOP_OUT::03501,MARINA BAY SANDS THEATRE,cbd_bus,CBD-bound,Cbd Bus,38.849,35.449,3.4,improved
G_007_003,BUSSTOP_OUT::03509,BAYFRONT STN EXIT B/MBS,cbd_bus,CBD-bound,Cbd Bus,38.849,35.449,3.4,improved
G_007_003,BUSSTOP_OUT::03511,AFT BAYFRONT STN EXIT E,cbd_bus,CBD-bound,Cbd Bus,38.357,35.449,2.908,improved
G_007_003,BUSSTOP_OUT::03519,BAYFRONT STN EXIT A,cbd_bus,CBD-bound,Cbd Bus,38.849,35.449,3.4,improved
G_007_003,BUSSTOP_OUT::03529,DOWNTOWN STN,cbd_bus,CBD-bound,Cbd Bus,37.049,35.94,1.109,improved
G_007_003,BUSSTOP_OUT::03539,Marina Bay Stn,cbd_bus,CBD-bound,Cbd Bus,37.649,34.449,3.2,improved
G_007_003,BUSSTOP_OUT::05269,MAXWELL RD FC,cbd_bus,CBD-bound,Cbd Bus,36.049,36.049,-0.0,unchanged
G_007_003,BUSSTOP_OUT::05319,OCBC CTR,cbd_bus,CBD-bound,Cbd Bus,35.849,35.849,-0.0,unchanged
G_007_003,BUSSTOP_OUT::05411,TG PAGAR PLAZA,cbd_bus,CBD-bound,Cbd Bus,31.649,30.484,1.165,improved
G_007_003,BUSSTOP_OUT::05419,THE AMARA,cbd_bus,CBD-bound,Cbd Bus,32.767,32.767,-0.0,unchanged
G_007_003,BUSSTOP_OUT::05431,TOWER 15,cbd_bus,CBD-bound,Cbd Bus,33.512,33.512,-0.0,unchanged
G_007_003,BUSSTOP_OUT::05629,OPP STH PT,cbd_bus,CBD-bound,Cbd Bus,35.085,28.994,6.091,improved
G_007_003,BUSSTOP_OUT::05651,OPP FUJI XEROX TWRS,cbd_bus,CBD-bound,Cbd Bus,36.511,29.739,6.772,improved
G_007_003,MRTHUB::Bayfront,Bayfront,cbd_mrt,CBD-bound,Cbd Mrt,28.549,25.149,3.4,improved
G_007_003,MRTHUB::Downtown,Downtown,cbd_mrt,CBD-bound,Cbd Mrt,27.349,27.349,-0.0,unchanged
G_007_003,MRTHUB::Marina_Bay,Marina Bay,cbd_mrt,CBD-bound,Cbd Mrt,29.949,24.149,5.8,improved
G_007_003,MRTHUB::Maxwell,Maxwell,cbd_mrt,CBD-bound,Cbd Mrt,25.749,25.749,-0.0,unchanged
G_007_003,MRTHUB::Raffles_Place,Raffles Place,cbd_mrt,CBD-bound,Cbd Mrt,25.549,25.549,-0.0,unchanged
G_007_003,MRTHUB::Shenton_Way,Shenton Way,cbd_mrt,CBD-bound,Cbd Mrt,26.749,26.749,-0.0,unchanged
G_007_003,MRTHUB::Tanjong_Pagar,Tanjong Pagar,cbd_mrt,CBD-bound,Cbd Mrt,21.349,21.349,-0.0,unchanged
G_007_004,BUSSTOP_OUT::95011,AFT AIRCRAFT FLYOVER,airport_bus,Airport-bound,Airport Bus,71.022,71.022,-0.0,unchanged
G_007_004,BUSSTOP_OUT::95019,AFT CHANGI AIRPORT TER 2,airport_bus,Airport-bound,Airport Bus,59.579,59.579,-0.0,unchanged
G_007_004,BUSSTOP_OUT::95029,CHANGI AIRPORT TER 1,airport_bus,Airport-bound,Airport Bus,58.833,58.833,-0.0,unchanged
G_007_004,BUSSTOP_OUT::95109,CHANGI AIRPORT TER 3,airport_bus,Airport-bound,Airport Bus,55.852,55.852,-0.0,unchanged
G_007_004,BUSSTOP_OUT::95129,CHANGI AIRPORT TER 2,airport_bus,Airport-bound,Airport Bus,55.852,55.852,-0.0,unchanged
G_007_004,BUSSTOP_OUT::95151,AIRPORT POLICE STN,airport_bus,Airport-bound,Airport Bus,69.159,69.159,-0.0,unchanged
G_007_004,BUSSTOP_OUT::95159,NEAR SATS FLIGHT KITCHEN,airport_bus,Airport-bound,Airport Bus,62.56,62.56,-0.0,unchanged
G_007_004,BUSSTOP_OUT::95209,CHANGI AIRPORT TER 4,airport_bus,Airport-bound,Airport Bus,65.542,65.542,-0.0,unchanged
G_007_004,MRTHUB::Changi_Airport,Changi Airport,airport_mrt,Airport-bound,Airport Mrt,45.552,45.552,-0.0,unchanged
G_007_004,BUSSTOP_OUT::03011,FULLERTON SQ,cbd_bus,CBD-bound,Cbd Bus,31.951,31.951,-0.0,unchanged
G_007_004,BUSSTOP_OUT::03019,OUE BAYFRONT,cbd_bus,CBD-bound,Cbd Bus,32.052,32.052,-0.0,unchanged
G_007_004,BUSSTOP_OUT::03021,PRUDENTIAL TWR,cbd_bus,CBD-bound,Cbd Bus,29.715,29.715,-0.0,unchanged
G_007_004,BUSSTOP_OUT::03031,RAFFLES PL STN EXIT F,cbd_bus,CBD-bound,Cbd Bus,30.088,30.088,-0.0,unchanged
G_007_004,BUSSTOP_OUT::03041,TELOK AYER STN EXIT A,cbd_bus,CBD-bound,Cbd Bus,29.715,29.715,-0.0,unchanged
G_007_004,BUSSTOP_OUT::03059,ONE RAFFLES QUAY,cbd_bus,CBD-bound,Cbd Bus,32.052,32.052,-0.0,unchanged
G_007_004,BUSSTOP_OUT::03071,OPP SO SOFITEL S'PORE,cbd_bus,CBD-bound,Cbd Bus,28.97,28.97,-0.0,unchanged
G_007_004,BUSSTOP_OUT::03111,AFT CAPITAL TWR,cbd_bus,CBD-bound,Cbd Bus,27.852,27.852,-0.0,unchanged
G_007_004,BUSSTOP_OUT::03129,UIC BLDG,cbd_bus,CBD-bound,Cbd Bus,27.852,27.852,-0.0,unchanged
G_007_004,BUSSTOP_OUT::03151,AFT TELOK AYER ST,cbd_bus,CBD-bound,Cbd Bus,27.852,27.852,-0.0,unchanged
G_007_004,BUSSTOP_OUT::03217,AFT STRAITS BLVD,cbd_bus,CBD-bound,Cbd Bus,27.852,26.452,1.4,improved
G_007_004,BUSSTOP_OUT::03218,OPP MAS BLDG,cbd_bus,CBD-bound,Cbd Bus,27.852,26.452,1.4,improved
G_007_004,BUSSTOP_OUT::03222,HUB SYNERGY PT,cbd_bus,CBD-bound,Cbd Bus,27.852,26.452,1.4,improved
G_007_004,BUSSTOP_OUT::03223,TANJONG PAGAR STN EXIT C,cbd_bus,CBD-bound,Cbd Bus,27.852,26.452,1.4,improved
G_007_004,BUSSTOP_OUT::03239,SHENTON WAY TER,cbd_bus,CBD-bound,Cbd Bus,27.852,26.452,1.4,improved
G_007_004,BUSSTOP_OUT::03241,MAPLETREE ANSON,cbd_bus,CBD-bound,Cbd Bus,27.852,26.452,1.4,improved
G_007_004,BUSSTOP_OUT::03381,THE SAIL,cbd_bus,CBD-bound,Cbd Bus,31.206,31.206,-0.0,unchanged
G_007_004,BUSSTOP_OUT::03391,MARINA BAY FINANCIAL CTR,cbd_bus,CBD-bound,Cbd Bus,31.951,31.951,-0.0,unchanged
G_007_004,BUSSTOP_OUT::03501,MARINA BAY SANDS THEATRE,cbd_bus,CBD-bound,Cbd Bus,35.052,31.652,3.4,improved
G_007_004,BUSSTOP_OUT::03509,BAYFRONT STN EXIT B/MBS,cbd_bus,CBD-bound,Cbd Bus,35.052,31.652,3.4,improved
G_007_004,BUSSTOP_OUT::03511,AFT BAYFRONT STN EXIT E,cbd_bus,CBD-bound,Cbd Bus,34.56,31.652,2.908,improved
G_007_004,BUSSTOP_OUT::03519,BAYFRONT STN EXIT A,cbd_bus,CBD-bound,Cbd Bus,35.052,31.652,3.4,improved
G_007_004,BUSSTOP_OUT::03529,DOWNTOWN STN,cbd_bus,CBD-bound,Cbd Bus,33.252,32.143,1.109,improved
G_007_004,BUSSTOP_OUT::03539,Marina Bay Stn,cbd_bus,CBD-bound,Cbd Bus,33.852,30.652,3.2,improved
G_007_004,BUSSTOP_OUT::05269,MAXWELL RD FC,cbd_bus,CBD-bound,Cbd Bus,32.252,32.252,-0.0,unchanged
G_007_004,BUSSTOP_OUT::05319,OCBC CTR,cbd_bus,CBD-bound,Cbd Bus,32.052,32.052,-0.0,unchanged
G_007_004,BUSSTOP_OUT::05411,TG PAGAR PLAZA,cbd_bus,CBD-bound,Cbd Bus,27.852,26.687,1.165,improved
G_007_004,BUSSTOP_OUT::05419,THE AMARA,cbd_bus,CBD-bound,Cbd Bus,28.97,28.97,-0.0,unchanged
G_007_004,BUSSTOP_OUT::05431,TOWER 15,cbd_bus,CBD-bound,Cbd Bus,29.715,29.715,-0.0,unchanged
G_007_004,BUSSTOP_OUT::05629,OPP STH PT,cbd_bus,CBD-bound,Cbd Bus,31.288,25.197,6.091,improved
G_007_004,BUSSTOP_OUT::05651,OPP FUJI XEROX TWRS,cbd_bus,CBD-bound,Cbd Bus,32.714,25.942,6.772,improved
G_007_004,MRTHUB::Bayfront,Bayfront,cbd_mrt,CBD-bound,Cbd Mrt,24.752,21.352,3.4,improved
G_007_004,MRTHUB::Downtown,Downtown,cbd_mrt,CBD-bound,Cbd Mrt,23.552,23.552,-0.0,unchanged
G_007_004,MRTHUB::Marina_Bay,Marina Bay,cbd_mrt,CBD-bound,Cbd Mrt,26.152,20.352,5.8,improved
G_007_004,MRTHUB::Maxwell,Maxwell,cbd_mrt,CBD-bound,Cbd Mrt,21.952,21.952,-0.0,unchanged
G_007_004,MRTHUB::Raffles_Place,Raffles Place,cbd_mrt,CBD-bound,Cbd Mrt,21.752,21.752,-0.0,unchanged
G_007_004,MRTHUB::Shenton_Way,Shenton Way,cbd_mrt,CBD-bound,Cbd Mrt,22.952,22.952,-0.0,unchanged
G_007_004,MRTHUB::Tanjong_Pagar,Tanjong Pagar,cbd_mrt,CBD-bound,Cbd Mrt,17.552,17.552,-0.0,unchanged
G_007_005,BUSSTOP_OUT::95011,AFT AIRCRAFT FLYOVER,airport_bus,Airport-bound,Airport Bus,73.529,73.529,-0.0,unchanged
G_007_005,BUSSTOP_OUT::95019,AFT CHANGI AIRPORT TER 2,airport_bus,Airport-bound,Airport Bus,62.086,62.086,-0.0,unchanged
G_007_005,BUSSTOP_OUT::95029,CHANGI AIRPORT TER 1,airport_bus,Airport-bound,Airport Bus,61.34,61.34,-0.0,unchanged
G_007_005,BUSSTOP_OUT::95109,CHANGI AIRPORT TER 3,airport_bus,Airport-bound,Airport Bus,58.359,58.359,-0.0,unchanged
G_007_005,BUSSTOP_OUT::95129,CHANGI AIRPORT TER 2,airport_bus,Airport-bound,Airport Bus,58.359,58.359,-0.0,unchanged
G_007_005,BUSSTOP_OUT::95151,AIRPORT POLICE STN,airport_bus,Airport-bound,Airport Bus,71.666,71.666,-0.0,unchanged
G_007_005,BUSSTOP_OUT::95159,NEAR SATS FLIGHT KITCHEN,airport_bus,Airport-bound,Airport Bus,65.067,65.067,-0.0,unchanged
G_007_005,BUSSTOP_OUT::95209,CHANGI AIRPORT TER 4,airport_bus,Airport-bound,Airport Bus,68.049,68.049,-0.0,unchanged
G_007_005,MRTHUB::Changi_Airport,Changi Airport,airport_mrt,Airport-bound,Airport Mrt,48.059,48.059,-0.0,unchanged
G_007_005,BUSSTOP_OUT::03011,FULLERTON SQ,cbd_bus,CBD-bound,Cbd Bus,34.458,34.458,-0.0,unchanged
G_007_005,BUSSTOP_OUT::03019,OUE BAYFRONT,cbd_bus,CBD-bound,Cbd Bus,34.559,34.559,-0.0,unchanged
G_007_005,BUSSTOP_OUT::03021,PRUDENTIAL TWR,cbd_bus,CBD-bound,Cbd Bus,32.222,32.222,-0.0,unchanged
G_007_005,BUSSTOP_OUT::03031,RAFFLES PL STN EXIT F,cbd_bus,CBD-bound,Cbd Bus,32.595,32.595,-0.0,unchanged
G_007_005,BUSSTOP_OUT::03041,TELOK AYER STN EXIT A,cbd_bus,CBD-bound,Cbd Bus,32.222,32.222,-0.0,unchanged
G_007_005,BUSSTOP_OUT::03059,ONE RAFFLES QUAY,cbd_bus,CBD-bound,Cbd Bus,34.559,34.559,-0.0,unchanged
G_007_005,BUSSTOP_OUT::03071,OPP SO SOFITEL S'PORE,cbd_bus,CBD-bound,Cbd Bus,31.477,31.477,-0.0,unchanged
G_007_005,BUSSTOP_OUT::03111,AFT CAPITAL TWR,cbd_bus,CBD-bound,Cbd Bus,30.359,30.359,-0.0,unchanged
G_007_005,BUSSTOP_OUT::03129,UIC BLDG,cbd_bus,CBD-bound,Cbd Bus,30.359,30.359,-0.0,unchanged
G_007_005,BUSSTOP_OUT::03151,AFT TELOK AYER ST,cbd_bus,CBD-bound,Cbd Bus,30.359,30.359,-0.0,unchanged
G_007_005,BUSSTOP_OUT::03217,AFT STRAITS BLVD,cbd_bus,CBD-bound,Cbd Bus,30.359,28.959,1.4,improved
G_007_005,BUSSTOP_OUT::03218,OPP MAS BLDG,cbd_bus,CBD-bound,Cbd Bus,30.359,28.959,1.4,improved
G_007_005,BUSSTOP_OUT::03222,HUB SYNERGY PT,cbd_bus,CBD-bound,Cbd Bus,30.359,28.959,1.4,improved
G_007_005,BUSSTOP_OUT::03223,TANJONG PAGAR STN EXIT C,cbd_bus,CBD-bound,Cbd Bus,30.359,28.959,1.4,improved
G_007_005,BUSSTOP_OUT::03239,SHENTON WAY TER,cbd_bus,CBD-bound,Cbd Bus,30.359,28.959,1.4,improved
G_007_005,BUSSTOP_OUT::03241,MAPLETREE ANSON,cbd_bus,CBD-bound,Cbd Bus,30.359,28.959,1.4,improved
G_007_005,BUSSTOP_OUT::03381,THE SAIL,cbd_bus,CBD-bound,Cbd Bus,33.713,33.713,-0.0,unchanged
G_007_005,BUSSTOP_OUT::03391,MARINA BAY FINANCIAL CTR,cbd_bus,CBD-bound,Cbd Bus,34.458,34.458,-0.0,unchanged
G_007_005,BUSSTOP_OUT::03501,MARINA BAY SANDS THEATRE,cbd_bus,CBD-bound,Cbd Bus,37.559,34.159,3.4,improved
G_007_005,BUSSTOP_OUT::03509,BAYFRONT STN EXIT B/MBS,cbd_bus,CBD-bound,Cbd Bus,37.559,34.159,3.4,improved
G_007_005,BUSSTOP_OUT::03511,AFT BAYFRONT STN EXIT E,cbd_bus,CBD-bound,Cbd Bus,37.067,34.159,2.908,improved
G_007_005,BUSSTOP_OUT::03519,BAYFRONT STN EXIT A,cbd_bus,CBD-bound,Cbd Bus,37.559,34.159,3.4,improved
G_007_005,BUSSTOP_OUT::03529,DOWNTOWN STN,cbd_bus,CBD-bound,Cbd Bus,35.759,34.65,1.109,improved
G_007_005,BUSSTOP_OUT::03539,Marina Bay Stn,cbd_bus,CBD-bound,Cbd Bus,36.359,33.159,3.2,improved
G_007_005,BUSSTOP_OUT::05269,MAXWELL RD FC,cbd_bus,CBD-bound,Cbd Bus,34.759,34.759,-0.0,unchanged
G_007_005,BUSSTOP_OUT::05319,OCBC CTR,cbd_bus,CBD-bound,Cbd Bus,34.559,34.559,-0.0,unchanged
G_007_005,BUSSTOP_OUT::05411,TG PAGAR PLAZA,cbd_bus,CBD-bound,Cbd Bus,30.359,29.194,1.165,improved
G_007_005,BUSSTOP_OUT::05419,THE AMARA,cbd_bus,CBD-bound,Cbd Bus,31.477,31.477,-0.0,unchanged
G_007_005,BUSSTOP_OUT::05431,TOWER 15,cbd_bus,CBD-bound,Cbd Bus,32.222,32.222,-0.0,unchanged
G_007_005,BUSSTOP_OUT::05629,OPP STH PT,cbd_bus,CBD-bound,Cbd Bus,33.795,27.704,6.091,improved
G_007_005,BUSSTOP_OUT::05651,OPP FUJI XEROX TWRS,cbd_bus,CBD-bound,Cbd Bus,35.221,28.449,6.772,improved
G_007_005,MRTHUB::Bayfront,Bayfront,cbd_mrt,CBD-bound,Cbd Mrt,27.259,23.859,3.4,improved
G_007_005,MRTHUB::Downtown,Downtown,cbd_mrt,CBD-bound,Cbd Mrt,26.059,26.059,-0.0,unchanged
G_007_005,MRTHUB::Marina_Bay,Marina Bay,cbd_mrt,CBD-bound,Cbd Mrt,28.659,22.859,5.8,improved
G_007_005,MRTHUB::Maxwell,Maxwell,cbd_mrt,CBD-bound,Cbd Mrt,24.459,24.459,-0.0,unchanged
G_007_005,MRTHUB::Raffles_Place,Raffles Place,cbd_mrt,CBD-bound,Cbd Mrt,24.259,24.259,-0.0,unchanged
G_007_005,MRTHUB::Shenton_Way,Shenton Way,cbd_mrt,CBD-bound,Cbd Mrt,25.459,25.459,-0.0,unchanged
G_007_005,MRTHUB::Tanjong_Pagar,Tanjong Pagar,cbd_mrt,CBD-bound,Cbd Mrt,20.059,20.059,-0.0,unchanged
G_007_006,BUSSTOP_OUT::95011,AFT AIRCRAFT FLYOVER,airport_bus,Airport-bound,Airport Bus,77.929,77.929,-0.0,unchanged
G_007_006,BUSSTOP_OUT::95019,AFT CHANGI AIRPORT TER 2,airport_bus,Airport-bound,Airport Bus,66.486,66.486,-0.0,unchanged
G_007_006,BUSSTOP_OUT::95029,CHANGI AIRPORT TER 1,airport_bus,Airport-bound,Airport Bus,65.74,65.74,-0.0,unchanged
G_007_006,BUSSTOP_OUT::95109,CHANGI AIRPORT TER 3,airport_bus,Airport-bound,Airport Bus,62.759,62.759,-0.0,unchanged
G_007_006,BUSSTOP_OUT::95129,CHANGI AIRPORT TER 2,airport_bus,Airport-bound,Airport Bus,62.759,62.759,-0.0,unchanged
G_007_006,BUSSTOP_OUT::95151,AIRPORT POLICE STN,airport_bus,Airport-bound,Airport Bus,76.066,76.066,-0.0,unchanged
G_007_006,BUSSTOP_OUT::95159,NEAR SATS FLIGHT KITCHEN,airport_bus,Airport-bound,Airport Bus,69.467,69.467,-0.0,unchanged
G_007_006,BUSSTOP_OUT::95209,CHANGI AIRPORT TER 4,airport_bus,Airport-bound,Airport Bus,72.449,72.449,-0.0,unchanged
G_007_006,MRTHUB::Changi_Airport,Changi Airport,airport_mrt,Airport-bound,Airport Mrt,52.459,52.459,-0.0,unchanged
G_007_006,BUSSTOP_OUT::03011,FULLERTON SQ,cbd_bus,CBD-bound,Cbd Bus,38.858,38.858,-0.0,unchanged
G_007_006,BUSSTOP_OUT::03019,OUE BAYFRONT,cbd_bus,CBD-bound,Cbd Bus,38.959,38.959,-0.0,unchanged
G_007_006,BUSSTOP_OUT::03021,PRUDENTIAL TWR,cbd_bus,CBD-bound,Cbd Bus,36.622,36.622,-0.0,unchanged
G_007_006,BUSSTOP_OUT::03031,RAFFLES PL STN EXIT F,cbd_bus,CBD-bound,Cbd Bus,36.995,36.995,-0.0,unchanged
G_007_006,BUSSTOP_OUT::03041,TELOK AYER STN EXIT A,cbd_bus,CBD-bound,Cbd Bus,36.622,36.622,-0.0,unchanged
G_007_006,BUSSTOP_OUT::03059,ONE RAFFLES QUAY,cbd_bus,CBD-bound,Cbd Bus,38.959,38.959,-0.0,unchanged
G_007_006,BUSSTOP_OUT::03071,OPP SO SOFITEL S'PORE,cbd_bus,CBD-bound,Cbd Bus,35.877,35.877,-0.0,unchanged
G_007_006,BUSSTOP_OUT::03111,AFT CAPITAL TWR,cbd_bus,CBD-bound,Cbd Bus,34.759,34.759,-0.0,unchanged
G_007_006,BUSSTOP_OUT::03129,UIC BLDG,cbd_bus,CBD-bound,Cbd Bus,34.759,34.759,-0.0,unchanged
G_007_006,BUSSTOP_OUT::03151,AFT TELOK AYER ST,cbd_bus,CBD-bound,Cbd Bus,34.759,34.759,-0.0,unchanged
G_007_006,BUSSTOP_OUT::03217,AFT STRAITS BLVD,cbd_bus,CBD-bound,Cbd Bus,34.759,33.359,1.4,improved
G_007_006,BUSSTOP_OUT::03218,OPP MAS BLDG,cbd_bus,CBD-bound,Cbd Bus,34.759,33.359,1.4,improved
G_007_006,BUSSTOP_OUT::03222,HUB SYNERGY PT,cbd_bus,CBD-bound,Cbd Bus,34.759,33.359,1.4,improved
G_007_006,BUSSTOP_OUT::03223,TANJONG PAGAR STN EXIT C,cbd_bus,CBD-bound,Cbd Bus,34.759,33.359,1.4,improved
G_007_006,BUSSTOP_OUT::03239,SHENTON WAY TER,cbd_bus,CBD-bound,Cbd Bus,34.759,33.359,1.4,improved
G_007_006,BUSSTOP_OUT::03241,MAPLETREE ANSON,cbd_bus,CBD-bound,Cbd Bus,34.759,33.359,1.4,improved
G_007_006,BUSSTOP_OUT::03381,THE SAIL,cbd_bus,CBD-bound,Cbd Bus,38.113,38.113,-0.0,unchanged
G_007_006,BUSSTOP_OUT::03391,MARINA BAY FINANCIAL CTR,cbd_bus,CBD-bound,Cbd Bus,38.858,38.858,-0.0,unchanged
G_007_006,BUSSTOP_OUT::03501,MARINA BAY SANDS THEATRE,cbd_bus,CBD-bound,Cbd Bus,41.959,38.559,3.4,improved
G_007_006,BUSSTOP_OUT::03509,BAYFRONT STN EXIT B/MBS,cbd_bus,CBD-bound,Cbd Bus,41.959,38.559,3.4,improved
G_007_006,BUSSTOP_OUT::03511,AFT BAYFRONT STN EXIT E,cbd_bus,CBD-bound,Cbd Bus,41.467,38.559,2.908,improved
G_007_006,BUSSTOP_OUT::03519,BAYFRONT STN EXIT A,cbd_bus,CBD-bound,Cbd Bus,41.959,38.559,3.4,improved
G_007_006,BUSSTOP_OUT::03529,DOWNTOWN STN,cbd_bus,CBD-bound,Cbd Bus,40.159,39.05,1.109,improved
G_007_006,BUSSTOP_OUT::03539,Marina Bay Stn,cbd_bus,CBD-bound,Cbd Bus,40.759,37.559,3.2,improved
G_007_006,BUSSTOP_OUT::05269,MAXWELL RD FC,cbd_bus,CBD-bound,Cbd Bus,39.159,39.159,-0.0,unchanged
G_007_006,BUSSTOP_OUT::05319,OCBC CTR,cbd_bus,CBD-bound,Cbd Bus,38.959,38.959,-0.0,unchanged
G_007_006,BUSSTOP_OUT::05411,TG PAGAR PLAZA,cbd_bus,CBD-bound,Cbd Bus,34.759,33.594,1.165,improved
G_007_006,BUSSTOP_OUT::05419,THE AMARA,cbd_bus,CBD-bound,Cbd Bus,35.877,35.877,-0.0,unchanged
G_007_006,BUSSTOP_OUT::05431,TOWER 15,cbd_bus,CBD-bound,Cbd Bus,36.622,36.622,-0.0,unchanged
G_007_006,BUSSTOP_OUT::05629,OPP STH PT,cbd_bus,CBD-bound,Cbd Bus,38.195,32.104,6.091,improved
G_007_006,BUSSTOP_OUT::05651,OPP FUJI XEROX TWRS,cbd_bus,CBD-bound,Cbd Bus,39.621,32.849,6.772,improved
G_007_006,MRTHUB::Bayfront,Bayfront,cbd_mrt,CBD-bound,Cbd Mrt,31.659,28.259,3.4,improved
G_007_006,MRTHUB::Downtown,Downtown,cbd_mrt,CBD-bound,Cbd Mrt,30.459,30.459,-0.0,unchanged
G_007_006,MRTHUB::Marina_Bay,Marina Bay,cbd_mrt,CBD-bound,Cbd Mrt,33.059,27.259,5.8,improved
G_007_006,MRTHUB::Maxwell,Maxwell,cbd_mrt,CBD-bound,Cbd Mrt,28.859,28.859,-0.0,unchanged
G_007_006,MRTHUB::Raffles_Place,Raffles Place,cbd_mrt,CBD-bound,Cbd Mrt,28.659,28.659,-0.0,unchanged
G_007_006,MRTHUB::Shenton_Way,Shenton Way,cbd_mrt,CBD-bound,Cbd Mrt,29.859,29.859,-0.0,unchanged
G_007_006,MRTHUB::Tanjong_Pagar,Tanjong Pagar,cbd_mrt,CBD-bound,Cbd Mrt,24.459,24.459,-0.0,unchanged
G_007_007,BUSSTOP_OUT::95011,AFT AIRCRAFT FLYOVER,airport_bus,Airport-bound,Airport Bus,80.977,80.977,-0.0,unchanged
G_007_007,BUSSTOP_OUT::95019,AFT CHANGI AIRPORT TER 2,airport_bus,Airport-bound,Airport Bus,69.534,69.534,-0.0,unchanged
G_007_007,BUSSTOP_OUT::95029,CHANGI AIRPORT TER 1,airport_bus,Airport-bound,Airport Bus,68.788,68.788,-0.0,unchanged
G_007_007,BUSSTOP_OUT::95109,CHANGI AIRPORT TER 3,airport_bus,Airport-bound,Airport Bus,65.807,65.807,-0.0,unchanged
G_007_007,BUSSTOP_OUT::95129,CHANGI AIRPORT TER 2,airport_bus,Airport-bound,Airport Bus,65.807,65.807,-0.0,unchanged
G_007_007,BUSSTOP_OUT::95151,AIRPORT POLICE STN,airport_bus,Airport-bound,Airport Bus,79.114,79.114,-0.0,unchanged
G_007_007,BUSSTOP_OUT::95159,NEAR SATS FLIGHT KITCHEN,airport_bus,Airport-bound,Airport Bus,72.515,72.515,-0.0,unchanged
G_007_007,BUSSTOP_OUT::95209,CHANGI AIRPORT TER 4,airport_bus,Airport-bound,Airport Bus,75.497,75.497,-0.0,unchanged
G_007_007,MRTHUB::Changi_Airport,Changi Airport,airport_mrt,Airport-bound,Airport Mrt,55.507,55.507,-0.0,unchanged
G_007_007,BUSSTOP_OUT::03011,FULLERTON SQ,cbd_bus,CBD-bound,Cbd Bus,41.906,37.997,3.909,improved
G_007_007,BUSSTOP_OUT::03019,OUE BAYFRONT,cbd_bus,CBD-bound,Cbd Bus,42.007,41.388,0.619,improved
G_007_007,BUSSTOP_OUT::03021,PRUDENTIAL TWR,cbd_bus,CBD-bound,Cbd Bus,39.67,35.761,3.909,improved
G_007_007,BUSSTOP_OUT::03031,RAFFLES PL STN EXIT F,cbd_bus,CBD-bound,Cbd Bus,40.043,36.506,3.537,improved
G_007_007,BUSSTOP_OUT::03041,TELOK AYER STN EXIT A,cbd_bus,CBD-bound,Cbd Bus,39.67,35.761,3.909,improved
G_007_007,BUSSTOP_OUT::03059,ONE RAFFLES QUAY,cbd_bus,CBD-bound,Cbd Bus,40.534,40.534,-0.0,unchanged
G_007_007,BUSSTOP_OUT::03071,OPP SO SOFITEL S'PORE,cbd_bus,CBD-bound,Cbd Bus,38.925,35.388,3.537,improved
G_007_007,BUSSTOP_OUT::03111,AFT CAPITAL TWR,cbd_bus,CBD-bound,Cbd Bus,37.807,34.27,3.537,improved
G_007_007,BUSSTOP_OUT::03129,UIC BLDG,cbd_bus,CBD-bound,Cbd Bus,37.807,37.807,-0.0,unchanged
G_007_007,BUSSTOP_OUT::03151,AFT TELOK AYER ST,cbd_bus,CBD-bound,Cbd Bus,37.807,33.898,3.909,improved
G_007_007,BUSSTOP_OUT::03217,AFT STRAITS BLVD,cbd_bus,CBD-bound,Cbd Bus,37.807,32.407,5.4,improved
G_007_007,BUSSTOP_OUT::03218,OPP MAS BLDG,cbd_bus,CBD-bound,Cbd Bus,37.807,32.407,5.4,improved
G_007_007,BUSSTOP_OUT::03222,HUB SYNERGY PT,cbd_bus,CBD-bound,Cbd Bus,37.807,32.407,5.4,improved
G_007_007,BUSSTOP_OUT::03223,TANJONG PAGAR STN EXIT C,cbd_bus,CBD-bound,Cbd Bus,37.807,32.407,5.4,improved
G_007_007,BUSSTOP_OUT::03239,SHENTON WAY TER,cbd_bus,CBD-bound,Cbd Bus,37.807,32.407,5.4,improved
G_007_007,BUSSTOP_OUT::03241,MAPLETREE ANSON,cbd_bus,CBD-bound,Cbd Bus,37.807,32.407,5.4,improved
G_007_007,BUSSTOP_OUT::03381,THE SAIL,cbd_bus,CBD-bound,Cbd Bus,41.161,37.252,3.909,improved
G_007_007,BUSSTOP_OUT::03391,MARINA BAY FINANCIAL CTR,cbd_bus,CBD-bound,Cbd Bus,41.906,37.997,3.909,improved
G_007_007,BUSSTOP_OUT::03501,MARINA BAY SANDS THEATRE,cbd_bus,CBD-bound,Cbd Bus,45.007,37.607,7.4,improved
G_007_007,BUSSTOP_OUT::03509,BAYFRONT STN EXIT B/MBS,cbd_bus,CBD-bound,Cbd Bus,45.007,37.607,7.4,improved
G_007_007,BUSSTOP_OUT::03511,AFT BAYFRONT STN EXIT E,cbd_bus,CBD-bound,Cbd Bus,44.515,37.607,6.908,improved
G_007_007,BUSSTOP_OUT::03519,BAYFRONT STN EXIT A,cbd_bus,CBD-bound,Cbd Bus,45.007,37.607,7.4,improved
G_007_007,BUSSTOP_OUT::03529,DOWNTOWN STN,cbd_bus,CBD-bound,Cbd Bus,41.207,38.098,3.109,improved
G_007_007,BUSSTOP_OUT::03539,Marina Bay Stn,cbd_bus,CBD-bound,Cbd Bus,42.207,36.607,5.6,improved
G_007_007,BUSSTOP_OUT::05269,MAXWELL RD FC,cbd_bus,CBD-bound,Cbd Bus,39.87,39.87,-0.0,unchanged
G_007_007,BUSSTOP_OUT::05319,OCBC CTR,cbd_bus,CBD-bound,Cbd Bus,38.298,38.298,-0.0,unchanged
G_007_007,BUSSTOP_OUT::05411,TG PAGAR PLAZA,cbd_bus,CBD-bound,Cbd Bus,37.807,32.642,5.165,improved
G_007_007,BUSSTOP_OUT::05419,THE AMARA,cbd_bus,CBD-bound,Cbd Bus,38.925,38.925,-0.0,unchanged
G_007_007,BUSSTOP_OUT::05431,TOWER 15,cbd_bus,CBD-bound,Cbd Bus,39.67,39.67,-0.0,unchanged
G_007_007,BUSSTOP_OUT::05629,OPP STH PT,cbd_bus,CBD-bound,Cbd Bus,38.296,31.152,7.144,improved
G_007_007,BUSSTOP_OUT::05651,OPP FUJI XEROX TWRS,cbd_bus,CBD-bound,Cbd Bus,38.669,31.897,6.772,improved
G_007_007,MRTHUB::Bayfront,Bayfront,cbd_mrt,CBD-bound,Cbd Mrt,34.707,27.307,7.4,improved
G_007_007,MRTHUB::Downtown,Downtown,cbd_mrt,CBD-bound,Cbd Mrt,31.907,30.507,1.4,improved
G_007_007,MRTHUB::Marina_Bay,Marina Bay,cbd_mrt,CBD-bound,Cbd Mrt,34.107,26.307,7.8,improved
G_007_007,MRTHUB::Maxwell,Maxwell,cbd_mrt,CBD-bound,Cbd Mrt,29.907,29.907,-0.0,unchanged
G_007_007,MRTHUB::Raffles_Place,Raffles Place,cbd_mrt,CBD-bound,Cbd Mrt,31.707,31.707,-0.0,unchanged
G_007_007,MRTHUB::Shenton_Way,Shenton Way,cbd_mrt,CBD-bound,Cbd Mrt,30.907,29.507,1.4,improved
G_007_007,MRTHUB::Tanjong_Pagar,Tanjong Pagar,cbd_mrt,CBD-bound,Cbd Mrt,27.507,27.507,-0.0,unchanged
G_007_008,BUSSTOP_OUT::95011,AFT AIRCRAFT FLYOVER,airport_bus,Airport-bound,Airport Bus,77.462,77.462,-0.0,unchanged
G_007_008,BUSSTOP_OUT::95019,AFT CHANGI AIRPORT TER 2,airport_bus,Airport-bound,Airport Bus,66.019,66.019,-0.0,unchanged
G_007_008,BUSSTOP_OUT::95029,CHANGI AIRPORT TER 1,airport_bus,Airport-bound,Airport Bus,65.273,65.273,-0.0,unchanged
G_007_008,BUSSTOP_OUT::95109,CHANGI AIRPORT TER 3,airport_bus,Airport-bound,Airport Bus,62.292,62.292,-0.0,unchanged
G_007_008,BUSSTOP_OUT::95129,CHANGI AIRPORT TER 2,airport_bus,Airport-bound,Airport Bus,62.292,62.292,-0.0,unchanged
G_007_008,BUSSTOP_OUT::95151,AIRPORT POLICE STN,airport_bus,Airport-bound,Airport Bus,75.599,75.599,-0.0,unchanged
G_007_008,BUSSTOP_OUT::95159,NEAR SATS FLIGHT KITCHEN,airport_bus,Airport-bound,Airport Bus,69.0,69.0,-0.0,unchanged
G_007_008,BUSSTOP_OUT::95209,CHANGI AIRPORT TER 4,airport_bus,Airport-bound,Airport Bus,71.982,71.982,-0.0,unchanged
G_007_008,MRTHUB::Changi_Airport,Changi Airport,airport_mrt,Airport-bound,Airport Mrt,51.992,51.992,-0.0,unchanged
G_007_008,BUSSTOP_OUT::03011,FULLERTON SQ,cbd_bus,CBD-bound,Cbd Bus,38.391,34.482,3.909,improved
G_007_008,BUSSTOP_OUT::03019,OUE BAYFRONT,cbd_bus,CBD-bound,Cbd Bus,38.492,37.873,0.619,improved
G_007_008,BUSSTOP_OUT::03021,PRUDENTIAL TWR,cbd_bus,CBD-bound,Cbd Bus,36.155,32.246,3.909,improved
G_007_008,BUSSTOP_OUT::03031,RAFFLES PL STN EXIT F,cbd_bus,CBD-bound,Cbd Bus,36.528,32.991,3.537,improved
G_007_008,BUSSTOP_OUT::03041,TELOK AYER STN EXIT A,cbd_bus,CBD-bound,Cbd Bus,36.155,32.246,3.909,improved
G_007_008,BUSSTOP_OUT::03059,ONE RAFFLES QUAY,cbd_bus,CBD-bound,Cbd Bus,37.019,37.019,-0.0,unchanged
G_007_008,BUSSTOP_OUT::03071,OPP SO SOFITEL S'PORE,cbd_bus,CBD-bound,Cbd Bus,35.41,31.873,3.537,improved
G_007_008,BUSSTOP_OUT::03111,AFT CAPITAL TWR,cbd_bus,CBD-bound,Cbd Bus,34.292,30.755,3.537,improved
G_007_008,BUSSTOP_OUT::03129,UIC BLDG,cbd_bus,CBD-bound,Cbd Bus,34.292,34.292,-0.0,unchanged
G_007_008,BUSSTOP_OUT::03151,AFT TELOK AYER ST,cbd_bus,CBD-bound,Cbd Bus,34.292,30.383,3.909,improved
G_007_008,BUSSTOP_OUT::03217,AFT STRAITS BLVD,cbd_bus,CBD-bound,Cbd Bus,34.292,28.892,5.4,improved
G_007_008,BUSSTOP_OUT::03218,OPP MAS BLDG,cbd_bus,CBD-bound,Cbd Bus,34.292,28.892,5.4,improved
G_007_008,BUSSTOP_OUT::03222,HUB SYNERGY PT,cbd_bus,CBD-bound,Cbd Bus,34.292,28.892,5.4,improved
G_007_008,BUSSTOP_OUT::03223,TANJONG PAGAR STN EXIT C,cbd_bus,CBD-bound,Cbd Bus,34.292,28.892,5.4,improved
G_007_008,BUSSTOP_OUT::03239,SHENTON WAY TER,cbd_bus,CBD-bound,Cbd Bus,34.292,28.892,5.4,improved
G_007_008,BUSSTOP_OUT::03241,MAPLETREE ANSON,cbd_bus,CBD-bound,Cbd Bus,34.292,28.892,5.4,improved
G_007_008,BUSSTOP_OUT::03381,THE SAIL,cbd_bus,CBD-bound,Cbd Bus,37.646,33.737,3.909,improved
G_007_008,BUSSTOP_OUT::03391,MARINA BAY FINANCIAL CTR,cbd_bus,CBD-bound,Cbd Bus,38.391,34.482,3.909,improved
G_007_008,BUSSTOP_OUT::03501,MARINA BAY SANDS THEATRE,cbd_bus,CBD-bound,Cbd Bus,41.492,34.092,7.4,improved
G_007_008,BUSSTOP_OUT::03509,BAYFRONT STN EXIT B/MBS,cbd_bus,CBD-bound,Cbd Bus,41.492,34.092,7.4,improved
G_007_008,BUSSTOP_OUT::03511,AFT BAYFRONT STN EXIT E,cbd_bus,CBD-bound,Cbd Bus,41.0,34.092,6.908,improved
G_007_008,BUSSTOP_OUT::03519,BAYFRONT STN EXIT A,cbd_bus,CBD-bound,Cbd Bus,41.492,34.092,7.4,improved
G_007_008,BUSSTOP_OUT::03529,DOWNTOWN STN,cbd_bus,CBD-bound,Cbd Bus,37.692,34.583,3.109,improved
G_007_008,BUSSTOP_OUT::03539,Marina Bay Stn,cbd_bus,CBD-bound,Cbd Bus,38.692,33.092,5.6,improved
G_007_008,BUSSTOP_OUT::05269,MAXWELL RD FC,cbd_bus,CBD-bound,Cbd Bus,36.355,36.355,-0.0,unchanged
G_007_008,BUSSTOP_OUT::05319,OCBC CTR,cbd_bus,CBD-bound,Cbd Bus,34.783,34.783,-0.0,unchanged
G_007_008,BUSSTOP_OUT::05411,TG PAGAR PLAZA,cbd_bus,CBD-bound,Cbd Bus,34.292,29.127,5.165,improved
G_007_008,BUSSTOP_OUT::05419,THE AMARA,cbd_bus,CBD-bound,Cbd Bus,35.41,35.41,-0.0,unchanged
G_007_008,BUSSTOP_OUT::05431,TOWER 15,cbd_bus,CBD-bound,Cbd Bus,36.155,36.155,-0.0,unchanged
G_007_008,BUSSTOP_OUT::05629,OPP STH PT,cbd_bus,CBD-bound,Cbd Bus,34.781,27.637,7.144,improved
G_007_008,BUSSTOP_OUT::05651,OPP FUJI XEROX TWRS,cbd_bus,CBD-bound,Cbd Bus,35.154,28.382,6.772,improved
G_007_008,MRTHUB::Bayfront,Bayfront,cbd_mrt,CBD-bound,Cbd Mrt,31.192,23.792,7.4,improved
G_007_008,MRTHUB::Downtown,Downtown,cbd_mrt,CBD-bound,Cbd Mrt,28.392,26.992,1.4,improved
G_007_008,MRTHUB::Marina_Bay,Marina Bay,cbd_mrt,CBD-bound,Cbd Mrt,30.592,22.792,7.8,improved
G_007_008,MRTHUB::Maxwell,Maxwell,cbd_mrt,CBD-bound,Cbd Mrt,26.392,26.392,-0.0,unchanged
G_007_008,MRTHUB::Raffles_Place,Raffles Place,cbd_mrt,CBD-bound,Cbd Mrt,28.192,28.192,-0.0,unchanged
G_007_008,MRTHUB::Shenton_Way,Shenton Way,cbd_mrt,CBD-bound,Cbd Mrt,27.392,25.992,1.4,improved
G_007_008,MRTHUB::Tanjong_Pagar,Tanjong Pagar,cbd_mrt,CBD-bound,Cbd Mrt,23.992,23.992,-0.0,unchanged
G_007_009,BUSSTOP_OUT::95011,AFT AIRCRAFT FLYOVER,airport_bus,Airport-bound,Airport Bus,76.239,76.239,-0.0,unchanged
G_007_009,BUSSTOP_OUT::95019,AFT CHANGI AIRPORT TER 2,airport_bus,Airport-bound,Airport Bus,64.796,64.796,-0.0,unchanged
G_007_009,BUSSTOP_OUT::95029,CHANGI AIRPORT TER 1,airport_bus,Airport-bound,Airport Bus,64.05,64.05,-0.0,unchanged
G_007_009,BUSSTOP_OUT::95109,CHANGI AIRPORT TER 3,airport_bus,Airport-bound,Airport Bus,61.069,61.069,-0.0,unchanged
G_007_009,BUSSTOP_OUT::95129,CHANGI AIRPORT TER 2,airport_bus,Airport-bound,Airport Bus,61.069,61.069,-0.0,unchanged
G_007_009,BUSSTOP_OUT::95151,AIRPORT POLICE STN,airport_bus,Airport-bound,Airport Bus,74.376,74.376,-0.0,unchanged
G_007_009,BUSSTOP_OUT::95159,NEAR SATS FLIGHT KITCHEN,airport_bus,Airport-bound,Airport Bus,67.777,67.777,-0.0,unchanged
G_007_009,BUSSTOP_OUT::95209,CHANGI AIRPORT TER 4,airport_bus,Airport-bound,Airport Bus,70.759,70.759,-0.0,unchanged
G_007_009,MRTHUB::Changi_Airport,Changi Airport,airport_mrt,Airport-bound,Airport Mrt,50.769,50.769,-0.0,unchanged
G_007_009,BUSSTOP_OUT::03011,FULLERTON SQ,cbd_bus,CBD-bound,Cbd Bus,37.168,33.259,3.909,improved
G_007_009,BUSSTOP_OUT::03019,OUE BAYFRONT,cbd_bus,CBD-bound,Cbd Bus,37.269,36.65,0.619,improved
G_007_009,BUSSTOP_OUT::03021,PRUDENTIAL TWR,cbd_bus,CBD-bound,Cbd Bus,34.932,31.023,3.909,improved
G_007_009,BUSSTOP_OUT::03031,RAFFLES PL STN EXIT F,cbd_bus,CBD-bound,Cbd Bus,35.305,31.768,3.537,improved
G_007_009,BUSSTOP_OUT::03041,TELOK AYER STN EXIT A,cbd_bus,CBD-bound,Cbd Bus,34.932,31.023,3.909,improved
G_007_009,BUSSTOP_OUT::03059,ONE RAFFLES QUAY,cbd_bus,CBD-bound,Cbd Bus,35.796,35.796,-0.0,unchanged
G_007_009,BUSSTOP_OUT::03071,OPP SO SOFITEL S'PORE,cbd_bus,CBD-bound,Cbd Bus,34.187,30.65,3.537,improved
G_007_009,BUSSTOP_OUT::03111,AFT CAPITAL TWR,cbd_bus,CBD-bound,Cbd Bus,33.069,29.532,3.537,improved
G_007_009,BUSSTOP_OUT::03129,UIC BLDG,cbd_bus,CBD-bound,Cbd Bus,33.069,33.069,-0.0,unchanged
G_007_009,BUSSTOP_OUT::03151,AFT TELOK AYER ST,cbd_bus,CBD-bound,Cbd Bus,33.069,29.16,3.909,improved
G_007_009,BUSSTOP_OUT::03217,AFT STRAITS BLVD,cbd_bus,CBD-bound,Cbd Bus,33.069,27.669,5.4,improved
G_007_009,BUSSTOP_OUT::03218,OPP MAS BLDG,cbd_bus,CBD-bound,Cbd Bus,33.069,27.669,5.4,improved
G_007_009,BUSSTOP_OUT::03222,HUB SYNERGY PT,cbd_bus,CBD-bound,Cbd Bus,31.499,27.669,3.83,improved
G_007_009,BUSSTOP_OUT::03223,TANJONG PAGAR STN EXIT C,cbd_bus,CBD-bound,Cbd Bus,33.069,27.669,5.4,improved
G_007_009,BUSSTOP_OUT::03239,SHENTON WAY TER,cbd_bus,CBD-bound,Cbd Bus,33.069,27.669,5.4,improved
G_007_009,BUSSTOP_OUT::03241,MAPLETREE ANSON,cbd_bus,CBD-bound,Cbd Bus,33.069,27.669,5.4,improved
G_007_009,BUSSTOP_OUT::03381,THE SAIL,cbd_bus,CBD-bound,Cbd Bus,36.423,32.514,3.909,improved
G_007_009,BUSSTOP_OUT::03391,MARINA BAY FINANCIAL CTR,cbd_bus,CBD-bound,Cbd Bus,37.168,33.259,3.909,improved
G_007_009,BUSSTOP_OUT::03501,MARINA BAY SANDS THEATRE,cbd_bus,CBD-bound,Cbd Bus,40.269,32.869,7.4,improved
G_007_009,BUSSTOP_OUT::03509,BAYFRONT STN EXIT B/MBS,cbd_bus,CBD-bound,Cbd Bus,40.269,32.869,7.4,improved
G_007_009,BUSSTOP_OUT::03511,AFT BAYFRONT STN EXIT E,cbd_bus,CBD-bound,Cbd Bus,39.777,32.869,6.908,improved
G_007_009,BUSSTOP_OUT::03519,BAYFRONT STN EXIT A,cbd_bus,CBD-bound,Cbd Bus,40.269,32.869,7.4,improved
G_007_009,BUSSTOP_OUT::03529,DOWNTOWN STN,cbd_bus,CBD-bound,Cbd Bus,36.469,33.36,3.109,improved
G_007_009,BUSSTOP_OUT::03539,Marina Bay Stn,cbd_bus,CBD-bound,Cbd Bus,37.469,31.869,5.6,improved
G_007_009,BUSSTOP_OUT::05269,MAXWELL RD FC,cbd_bus,CBD-bound,Cbd Bus,35.132,35.132,-0.0,unchanged
G_007_009,BUSSTOP_OUT::05319,OCBC CTR,cbd_bus,CBD-bound,Cbd Bus,33.56,33.56,-0.0,unchanged
G_007_009,BUSSTOP_OUT::05411,TG PAGAR PLAZA,cbd_bus,CBD-bound,Cbd Bus,33.069,27.904,5.165,improved
G_007_009,BUSSTOP_OUT::05419,THE AMARA,cbd_bus,CBD-bound,Cbd Bus,34.187,34.187,-0.0,unchanged
G_007_009,BUSSTOP_OUT::05431,TOWER 15,cbd_bus,CBD-bound,Cbd Bus,34.932,34.932,-0.0,unchanged
G_007_009,BUSSTOP_OUT::05629,OPP STH PT,cbd_bus,CBD-bound,Cbd Bus,33.558,26.414,7.144,improved
G_007_009,BUSSTOP_OUT::05651,OPP FUJI XEROX TWRS,cbd_bus,CBD-bound,Cbd Bus,33.931,27.159,6.772,improved
G_007_009,MRTHUB::Bayfront,Bayfront,cbd_mrt,CBD-bound,Cbd Mrt,29.969,22.569,7.4,improved
G_007_009,MRTHUB::Downtown,Downtown,cbd_mrt,CBD-bound,Cbd Mrt,27.169,25.769,1.4,improved
G_007_009,MRTHUB::Marina_Bay,Marina Bay,cbd_mrt,CBD-bound,Cbd Mrt,29.369,21.569,7.8,improved
G_007_009,MRTHUB::Maxwell,Maxwell,cbd_mrt,CBD-bound,Cbd Mrt,25.169,25.169,-0.0,unchanged
G_007_009,MRTHUB::Raffles_Place,Raffles Place,cbd_mrt,CBD-bound,Cbd Mrt,26.969,26.969,-0.0,unchanged
G_007_009,MRTHUB::Shenton_Way,Shenton Way,cbd_mrt,CBD-bound,Cbd Mrt,26.169,24.769,1.4,improved
G_007_009,MRTHUB::Tanjong_Pagar,Tanjong Pagar,cbd_mrt,CBD-bound,Cbd Mrt,22.769,22.769,-0.0,unchanged
G_007_010,BUSSTOP_OUT::95011,AFT AIRCRAFT FLYOVER,airport_bus,Airport-bound,Airport Bus,78.686,78.686,-0.0,unchanged
G_007_010,BUSSTOP_OUT::95019,AFT CHANGI AIRPORT TER 2,airport_bus,Airport-bound,Airport Bus,67.243,67.243,-0.0,unchanged
G_007_010,BUSSTOP_OUT::95029,CHANGI AIRPORT TER 1,airport_bus,Airport-bound,Airport Bus,66.497,66.497,-0.0,unchanged
G_007_010,BUSSTOP_OUT::95109,CHANGI AIRPORT TER 3,airport_bus,Airport-bound,Airport Bus,63.516,63.516,-0.0,unchanged
G_007_010,BUSSTOP_OUT::95129,CHANGI AIRPORT TER 2,airport_bus,Airport-bound,Airport Bus,63.516,63.516,-0.0,unchanged
G_007_010,BUSSTOP_OUT::95151,AIRPORT POLICE STN,airport_bus,Airport-bound,Airport Bus,76.823,76.823,-0.0,unchanged
G_007_010,BUSSTOP_OUT::95159,NEAR SATS FLIGHT KITCHEN,airport_bus,Airport-bound,Airport Bus,70.224,70.224,-0.0,unchanged
G_007_010,BUSSTOP_OUT::95209,CHANGI AIRPORT TER 4,airport_bus,Airport-bound,Airport Bus,73.206,73.206,-0.0,unchanged
G_007_010,MRTHUB::Changi_Airport,Changi Airport,airport_mrt,Airport-bound,Airport Mrt,53.216,53.216,-0.0,unchanged
G_007_010,BUSSTOP_OUT::03011,FULLERTON SQ,cbd_bus,CBD-bound,Cbd Bus,38.805,35.706,3.099,improved
G_007_010,BUSSTOP_OUT::03019,OUE BAYFRONT,cbd_bus,CBD-bound,Cbd Bus,39.716,39.097,0.619,improved
G_007_010,BUSSTOP_OUT::03021,PRUDENTIAL TWR,cbd_bus,CBD-bound,Cbd Bus,37.379,33.47,3.909,improved
G_007_010,BUSSTOP_OUT::03031,RAFFLES PL STN EXIT F,cbd_bus,CBD-bound,Cbd Bus,36.569,34.215,2.354,improved
G_007_010,BUSSTOP_OUT::03041,TELOK AYER STN EXIT A,cbd_bus,CBD-bound,Cbd Bus,37.379,33.47,3.909,improved
G_007_010,BUSSTOP_OUT::03059,ONE RAFFLES QUAY,cbd_bus,CBD-bound,Cbd Bus,38.243,38.243,-0.0,unchanged
G_007_010,BUSSTOP_OUT::03071,OPP SO SOFITEL S'PORE,cbd_bus,CBD-bound,Cbd Bus,35.451,33.097,2.354,improved
G_007_010,BUSSTOP_OUT::03111,AFT CAPITAL TWR,cbd_bus,CBD-bound,Cbd Bus,34.333,31.979,2.354,improved
G_007_010,BUSSTOP_OUT::03129,UIC BLDG,cbd_bus,CBD-bound,Cbd Bus,35.516,35.516,-0.0,unchanged
G_007_010,BUSSTOP_OUT::03151,AFT TELOK AYER ST,cbd_bus,CBD-bound,Cbd Bus,35.516,31.607,3.909,improved
G_007_010,BUSSTOP_OUT::03217,AFT STRAITS BLVD,cbd_bus,CBD-bound,Cbd Bus,35.516,30.116,5.4,improved
G_007_010,BUSSTOP_OUT::03218,OPP MAS BLDG,cbd_bus,CBD-bound,Cbd Bus,35.516,30.116,5.4,improved
G_007_010,BUSSTOP_OUT::03222,HUB SYNERGY PT,cbd_bus,CBD-bound,Cbd Bus,31.724,30.116,1.608,improved
G_007_010,BUSSTOP_OUT::03223,TANJONG PAGAR STN EXIT C,cbd_bus,CBD-bound,Cbd Bus,35.516,30.116,5.4,improved
G_007_010,BUSSTOP_OUT::03239,SHENTON WAY TER,cbd_bus,CBD-bound,Cbd Bus,35.516,30.116,5.4,improved
G_007_010,BUSSTOP_OUT::03241,MAPLETREE ANSON,cbd_bus,CBD-bound,Cbd Bus,35.516,30.116,5.4,improved
G_007_010,BUSSTOP_OUT::03381,THE SAIL,cbd_bus,CBD-bound,Cbd Bus,38.87,34.961,3.909,improved
G_007_010,BUSSTOP_OUT::03391,MARINA BAY FINANCIAL CTR,cbd_bus,CBD-bound,Cbd Bus,39.615,35.706,3.909,improved
G_007_010,BUSSTOP_OUT::03501,MARINA BAY SANDS THEATRE,cbd_bus,CBD-bound,Cbd Bus,42.716,35.316,7.4,improved
G_007_010,BUSSTOP_OUT::03509,BAYFRONT STN EXIT B/MBS,cbd_bus,CBD-bound,Cbd Bus,42.716,35.316,7.4,improved
G_007_010,BUSSTOP_OUT::03511,AFT BAYFRONT STN EXIT E,cbd_bus,CBD-bound,Cbd Bus,42.224,35.316,6.908,improved
G_007_010,BUSSTOP_OUT::03519,BAYFRONT STN EXIT A,cbd_bus,CBD-bound,Cbd Bus,42.716,35.316,7.4,improved
G_007_010,BUSSTOP_OUT::03529,DOWNTOWN STN,cbd_bus,CBD-bound,Cbd Bus,38.916,35.807,3.109,improved
G_007_010,BUSSTOP_OUT::03539,Marina Bay Stn,cbd_bus,CBD-bound,Cbd Bus,39.916,34.316,5.6,improved
G_007_010,BUSSTOP_OUT::05269,MAXWELL RD FC,cbd_bus,CBD-bound,Cbd Bus,37.579,37.579,-0.0,unchanged
G_007_010,BUSSTOP_OUT::05319,OCBC CTR,cbd_bus,CBD-bound,Cbd Bus,36.007,36.007,-0.0,unchanged
G_007_010,BUSSTOP_OUT::05411,TG PAGAR PLAZA,cbd_bus,CBD-bound,Cbd Bus,35.516,30.351,5.165,improved
G_007_010,BUSSTOP_OUT::05419,THE AMARA,cbd_bus,CBD-bound,Cbd Bus,36.634,36.634,-0.0,unchanged
G_007_010,BUSSTOP_OUT::05431,TOWER 15,cbd_bus,CBD-bound,Cbd Bus,37.379,37.379,-0.0,unchanged
G_007_010,BUSSTOP_OUT::05629,OPP STH PT,cbd_bus,CBD-bound,Cbd Bus,36.005,28.861,7.144,improved
G_007_010,BUSSTOP_OUT::05651,OPP FUJI XEROX TWRS,cbd_bus,CBD-bound,Cbd Bus,36.378,29.606,6.772,improved
G_007_010,MRTHUB::Bayfront,Bayfront,cbd_mrt,CBD-bound,Cbd Mrt,32.416,25.016,7.4,improved
G_007_010,MRTHUB::Downtown,Downtown,cbd_mrt,CBD-bound,Cbd Mrt,29.616,28.216,1.4,improved
G_007_010,MRTHUB::Marina_Bay,Marina Bay,cbd_mrt,CBD-bound,Cbd Mrt,31.816,24.016,7.8,improved
G_007_010,MRTHUB::Maxwell,Maxwell,cbd_mrt,CBD-bound,Cbd Mrt,27.616,27.616,-0.0,unchanged
G_007_010,MRTHUB::Raffles_Place,Raffles Place,cbd_mrt,CBD-bound,Cbd Mrt,29.416,29.416,-0.0,unchanged
G_007_010,MRTHUB::Shenton_Way,Shenton Way,cbd_mrt,CBD-bound,Cbd Mrt,28.616,27.216,1.4,improved
G_007_010,MRTHUB::Tanjong_Pagar,Tanjong Pagar,cbd_mrt,CBD-bound,Cbd Mrt,25.216,25.216,-0.0,unchanged
G_007_011,BUSSTOP_OUT::95011,AFT AIRCRAFT FLYOVER,airport_bus,Airport-bound,Airport Bus,81.668,81.668,-0.0,unchanged
G_007_011,BUSSTOP_OUT::95019,AFT CHANGI AIRPORT TER 2,airport_bus,Airport-bound,Airport Bus,70.225,70.225,-0.0,unchanged
G_007_011,BUSSTOP_OUT::95029,CHANGI AIRPORT TER 1,airport_bus,Airport-bound,Airport Bus,69.479,69.479,-0.0,unchanged
G_007_011,BUSSTOP_OUT::95109,CHANGI AIRPORT TER 3,airport_bus,Airport-bound,Airport Bus,66.498,66.498,-0.0,unchanged
G_007_011,BUSSTOP_OUT::95129,CHANGI AIRPORT TER 2,airport_bus,Airport-bound,Airport Bus,66.498,66.498,-0.0,unchanged
G_007_011,BUSSTOP_OUT::95151,AIRPORT POLICE STN,airport_bus,Airport-bound,Airport Bus,79.805,79.805,-0.0,unchanged
G_007_011,BUSSTOP_OUT::95159,NEAR SATS FLIGHT KITCHEN,airport_bus,Airport-bound,Airport Bus,73.206,73.206,-0.0,unchanged
G_007_011,BUSSTOP_OUT::95209,CHANGI AIRPORT TER 4,airport_bus,Airport-bound,Airport Bus,76.188,76.188,-0.0,unchanged
G_007_011,MRTHUB::Changi_Airport,Changi Airport,airport_mrt,Airport-bound,Airport Mrt,56.198,56.198,-0.0,unchanged
G_007_011,BUSSTOP_OUT::03011,FULLERTON SQ,cbd_bus,CBD-bound,Cbd Bus,37.237,37.237,-0.0,unchanged
G_007_011,BUSSTOP_OUT::03019,OUE BAYFRONT,cbd_bus,CBD-bound,Cbd Bus,42.698,42.079,0.619,improved
G_007_011,BUSSTOP_OUT::03021,PRUDENTIAL TWR,cbd_bus,CBD-bound,Cbd Bus,40.361,36.452,3.909,improved
G_007_011,BUSSTOP_OUT::03031,RAFFLES PL STN EXIT F,cbd_bus,CBD-bound,Cbd Bus,35.001,35.001,-0.0,unchanged
G_007_011,BUSSTOP_OUT::03041,TELOK AYER STN EXIT A,cbd_bus,CBD-bound,Cbd Bus,40.361,36.452,3.909,improved
G_007_011,BUSSTOP_OUT::03059,ONE RAFFLES QUAY,cbd_bus,CBD-bound,Cbd Bus,41.225,41.225,-0.0,unchanged
G_007_011,BUSSTOP_OUT::03071,OPP SO SOFITEL S'PORE,cbd_bus,CBD-bound,Cbd Bus,33.883,33.883,-0.0,unchanged
G_007_011,BUSSTOP_OUT::03111,AFT CAPITAL TWR,cbd_bus,CBD-bound,Cbd Bus,32.765,32.765,-0.0,unchanged
G_007_011,BUSSTOP_OUT::03129,UIC BLDG,cbd_bus,CBD-bound,Cbd Bus,38.498,38.498,-0.0,unchanged
G_007_011,BUSSTOP_OUT::03151,AFT TELOK AYER ST,cbd_bus,CBD-bound,Cbd Bus,38.498,34.589,3.909,improved
G_007_011,BUSSTOP_OUT::03217,AFT STRAITS BLVD,cbd_bus,CBD-bound,Cbd Bus,38.498,33.098,5.4,improved
G_007_011,BUSSTOP_OUT::03218,OPP MAS BLDG,cbd_bus,CBD-bound,Cbd Bus,38.498,33.098,5.4,improved
G_007_011,BUSSTOP_OUT::03222,HUB SYNERGY PT,cbd_bus,CBD-bound,Cbd Bus,30.156,30.156,-0.0,unchanged
G_007_011,BUSSTOP_OUT::03223,TANJONG PAGAR STN EXIT C,cbd_bus,CBD-bound,Cbd Bus,38.374,33.098,5.276,improved
G_007_011,BUSSTOP_OUT::03239,SHENTON WAY TER,cbd_bus,CBD-bound,Cbd Bus,38.498,33.098,5.4,improved
G_007_011,BUSSTOP_OUT::03241,MAPLETREE ANSON,cbd_bus,CBD-bound,Cbd Bus,38.498,33.098,5.4,improved
G_007_011,BUSSTOP_OUT::03381,THE SAIL,cbd_bus,CBD-bound,Cbd Bus,41.852,37.943,3.909,improved
G_007_011,BUSSTOP_OUT::03391,MARINA BAY FINANCIAL CTR,cbd_bus,CBD-bound,Cbd Bus,42.597,38.688,3.909,improved
G_007_011,BUSSTOP_OUT::03501,MARINA BAY SANDS THEATRE,cbd_bus,CBD-bound,Cbd Bus,45.698,38.298,7.4,improved
G_007_011,BUSSTOP_OUT::03509,BAYFRONT STN EXIT B/MBS,cbd_bus,CBD-bound,Cbd Bus,45.698,38.298,7.4,improved
G_007_011,BUSSTOP_OUT::03511,AFT BAYFRONT STN EXIT E,cbd_bus,CBD-bound,Cbd Bus,45.206,38.298,6.908,improved
G_007_011,BUSSTOP_OUT::03519,BAYFRONT STN EXIT A,cbd_bus,CBD-bound,Cbd Bus,45.698,38.298,7.4,improved
G_007_011,BUSSTOP_OUT::03529,DOWNTOWN STN,cbd_bus,CBD-bound,Cbd Bus,41.898,38.789,3.109,improved
G_007_011,BUSSTOP_OUT::03539,Marina Bay Stn,cbd_bus,CBD-bound,Cbd Bus,42.898,37.298,5.6,improved
G_007_011,BUSSTOP_OUT::05269,MAXWELL RD FC,cbd_bus,CBD-bound,Cbd Bus,40.561,40.561,-0.0,unchanged
G_007_011,BUSSTOP_OUT::05319,OCBC CTR,cbd_bus,CBD-bound,Cbd Bus,38.989,38.989,-0.0,unchanged
G_007_011,BUSSTOP_OUT::05411,TG PAGAR PLAZA,cbd_bus,CBD-bound,Cbd Bus,37.255,33.333,3.922,improved
G_007_011,BUSSTOP_OUT::05419,THE AMARA,cbd_bus,CBD-bound,Cbd Bus,39.616,39.616,-0.0,unchanged
G_007_011,BUSSTOP_OUT::05431,TOWER 15,cbd_bus,CBD-bound,Cbd Bus,40.361,40.361,-0.0,unchanged
G_007_011,BUSSTOP_OUT::05629,OPP STH PT,cbd_bus,CBD-bound,Cbd Bus,36.137,31.843,4.294,improved
G_007_011,BUSSTOP_OUT::05651,OPP FUJI XEROX TWRS,cbd_bus,CBD-bound,Cbd Bus,36.51,32.588,3.922,improved
G_007_011,MRTHUB::Bayfront,Bayfront,cbd_mrt,CBD-bound,Cbd Mrt,35.398,27.998,7.4,improved
G_007_011,MRTHUB::Downtown,Downtown,cbd_mrt,CBD-bound,Cbd Mrt,32.598,31.198,1.4,improved
G_007_011,MRTHUB::Marina_Bay,Marina Bay,cbd_mrt,CBD-bound,Cbd Mrt,34.798,26.998,7.8,improved
G_007_011,MRTHUB::Maxwell,Maxwell,cbd_mrt,CBD-bound,Cbd Mrt,30.598,30.598,-0.0,unchanged
G_007_011,MRTHUB::Raffles_Place,Raffles Place,cbd_mrt,CBD-bound,Cbd Mrt,32.398,32.398,-0.0,unchanged
G_007_011,MRTHUB::Shenton_Way,Shenton Way,cbd_mrt,CBD-bound,Cbd Mrt,31.598,30.198,1.4,improved
G_007_011,MRTHUB::Tanjong_Pagar,Tanjong Pagar,cbd_mrt,CBD-bound,Cbd Mrt,28.198,28.198,-0.0,unchanged
G_008_004,BUSSTOP_OUT::95011,AFT AIRCRAFT FLYOVER,airport_bus,Airport-bound,Airport Bus,72.716,72.716,-0.0,unchanged
G_008_004,BUSSTOP_OUT::95019,AFT CHANGI AIRPORT TER 2,airport_bus,Airport-bound,Airport Bus,61.273,61.273,-0.0,unchanged
G_008_004,BUSSTOP_OUT::95029,CHANGI AIRPORT TER 1,airport_bus,Airport-bound,Airport Bus,60.527,60.527,-0.0,unchanged
G_008_004,BUSSTOP_OUT::95109,CHANGI AIRPORT TER 3,airport_bus,Airport-bound,Airport Bus,57.546,57.546,-0.0,unchanged
G_008_004,BUSSTOP_OUT::95129,CHANGI AIRPORT TER 2,airport_bus,Airport-bound,Airport Bus,57.546,57.546,-0.0,unchanged
G_008_004,BUSSTOP_OUT::95151,AIRPORT POLICE STN,airport_bus,Airport-bound,Airport Bus,70.853,70.853,-0.0,unchanged
G_008_004,BUSSTOP_OUT::95159,NEAR SATS FLIGHT KITCHEN,airport_bus,Airport-bound,Airport Bus,64.254,64.254,-0.0,unchanged
G_008_004,BUSSTOP_OUT::95209,CHANGI AIRPORT TER 4,airport_bus,Airport-bound,Airport Bus,67.236,67.236,-0.0,unchanged
G_008_004,MRTHUB::Changi_Airport,Changi Airport,airport_mrt,Airport-bound,Airport Mrt,47.246,47.246,-0.0,unchanged
G_008_004,BUSSTOP_OUT::03011,FULLERTON SQ,cbd_bus,CBD-bound,Cbd Bus,33.645,33.645,-0.0,unchanged
G_008_004,BUSSTOP_OUT::03019,OUE BAYFRONT,cbd_bus,CBD-bound,Cbd Bus,33.746,33.746,-0.0,unchanged
G_008_004,BUSSTOP_OUT::03021,PRUDENTIAL TWR,cbd_bus,CBD-bound,Cbd Bus,31.409,31.409,-0.0,unchanged
G_008_004,BUSSTOP_OUT::03031,RAFFLES PL STN EXIT F,cbd_bus,CBD-bound,Cbd Bus,31.782,31.782,-0.0,unchanged
G_008_004,BUSSTOP_OUT::03041,TELOK AYER STN EXIT A,cbd_bus,CBD-bound,Cbd Bus,31.409,31.409,-0.0,unchanged
G_008_004,BUSSTOP_OUT::03059,ONE RAFFLES QUAY,cbd_bus,CBD-bound,Cbd Bus,33.746,33.746,-0.0,unchanged
G_008_004,BUSSTOP_OUT::03071,OPP SO SOFITEL S'PORE,cbd_bus,CBD-bound,Cbd Bus,30.664,30.664,-0.0,unchanged
G_008_004,BUSSTOP_OUT::03111,AFT CAPITAL TWR,cbd_bus,CBD-bound,Cbd Bus,29.546,29.546,-0.0,unchanged
G_008_004,BUSSTOP_OUT::03129,UIC BLDG,cbd_bus,CBD-bound,Cbd Bus,29.546,29.546,-0.0,unchanged
G_008_004,BUSSTOP_OUT::03151,AFT TELOK AYER ST,cbd_bus,CBD-bound,Cbd Bus,29.546,29.546,-0.0,unchanged
G_008_004,BUSSTOP_OUT::03217,AFT STRAITS BLVD,cbd_bus,CBD-bound,Cbd Bus,29.546,28.146,1.4,improved
G_008_004,BUSSTOP_OUT::03218,OPP MAS BLDG,cbd_bus,CBD-bound,Cbd Bus,29.546,28.146,1.4,improved
G_008_004,BUSSTOP_OUT::03222,HUB SYNERGY PT,cbd_bus,CBD-bound,Cbd Bus,29.546,28.146,1.4,improved
G_008_004,BUSSTOP_OUT::03223,TANJONG PAGAR STN EXIT C,cbd_bus,CBD-bound,Cbd Bus,29.546,28.146,1.4,improved
G_008_004,BUSSTOP_OUT::03239,SHENTON WAY TER,cbd_bus,CBD-bound,Cbd Bus,29.546,28.146,1.4,improved
G_008_004,BUSSTOP_OUT::03241,MAPLETREE ANSON,cbd_bus,CBD-bound,Cbd Bus,29.546,28.146,1.4,improved
G_008_004,BUSSTOP_OUT::03381,THE SAIL,cbd_bus,CBD-bound,Cbd Bus,32.9,32.9,-0.0,unchanged
G_008_004,BUSSTOP_OUT::03391,MARINA BAY FINANCIAL CTR,cbd_bus,CBD-bound,Cbd Bus,33.645,33.645,-0.0,unchanged
G_008_004,BUSSTOP_OUT::03501,MARINA BAY SANDS THEATRE,cbd_bus,CBD-bound,Cbd Bus,36.746,33.346,3.4,improved
G_008_004,BUSSTOP_OUT::03509,BAYFRONT STN EXIT B/MBS,cbd_bus,CBD-bound,Cbd Bus,36.746,33.346,3.4,improved
G_008_004,BUSSTOP_OUT::03511,AFT BAYFRONT STN EXIT E,cbd_bus,CBD-bound,Cbd Bus,36.254,33.346,2.908,improved
G_008_004,BUSSTOP_OUT::03519,BAYFRONT STN EXIT A,cbd_bus,CBD-bound,Cbd Bus,36.746,33.346,3.4,improved
G_008_004,BUSSTOP_OUT::03529,DOWNTOWN STN,cbd_bus,CBD-bound,Cbd Bus,34.946,33.837,1.109,improved
G_008_004,BUSSTOP_OUT::03539,Marina Bay Stn,cbd_bus,CBD-bound,Cbd Bus,35.546,32.346,3.2,improved
G_008_004,BUSSTOP_OUT::05269,MAXWELL RD FC,cbd_bus,CBD-bound,Cbd Bus,33.946,33.946,-0.0,unchanged
G_008_004,BUSSTOP_OUT::05319,OCBC CTR,cbd_bus,CBD-bound,Cbd Bus,33.746,33.746,-0.0,unchanged
G_008_004,BUSSTOP_OUT::05411,TG PAGAR PLAZA,cbd_bus,CBD-bound,Cbd Bus,29.546,28.381,1.165,improved
G_008_004,BUSSTOP_OUT::05419,THE AMARA,cbd_bus,CBD-bound,Cbd Bus,30.664,30.664,-0.0,unchanged
G_008_004,BUSSTOP_OUT::05431,TOWER 15,cbd_bus,CBD-bound,Cbd Bus,31.409,31.409,-0.0,unchanged
G_008_004,BUSSTOP_OUT::05629,OPP STH PT,cbd_bus,CBD-bound,Cbd Bus,32.982,26.891,6.091,improved
G_008_004,BUSSTOP_OUT::05651,OPP FUJI XEROX TWRS,cbd_bus,CBD-bound,Cbd Bus,34.408,27.636,6.772,improved
G_008_004,MRTHUB::Bayfront,Bayfront,cbd_mrt,CBD-bound,Cbd Mrt,26.446,23.046,3.4,improved
G_008_004,MRTHUB::Downtown,Downtown,cbd_mrt,CBD-bound,Cbd Mrt,25.246,25.246,-0.0,unchanged
G_008_004,MRTHUB::Marina_Bay,Marina Bay,cbd_mrt,CBD-bound,Cbd Mrt,27.846,22.046,5.8,improved
G_008_004,MRTHUB::Maxwell,Maxwell,cbd_mrt,CBD-bound,Cbd Mrt,23.646,23.646,-0.0,unchanged
G_008_004,MRTHUB::Raffles_Place,Raffles Place,cbd_mrt,CBD-bound,Cbd Mrt,23.446,23.446,-0.0,unchanged
G_008_004,MRTHUB::Shenton_Way,Shenton Way,cbd_mrt,CBD-bound,Cbd Mrt,24.646,24.646,-0.0,unchanged
G_008_004,MRTHUB::Tanjong_Pagar,Tanjong Pagar,cbd_mrt,CBD-bound,Cbd Mrt,19.246,19.246,-0.0,unchanged
G_008_005,BUSSTOP_OUT::95011,AFT AIRCRAFT FLYOVER,airport_bus,Airport-bound,Airport Bus,74.983,74.983,-0.0,unchanged
G_008_005,BUSSTOP_OUT::95019,AFT CHANGI AIRPORT TER 2,airport_bus,Airport-bound,Airport Bus,63.54,63.54,-0.0,unchanged
G_008_005,BUSSTOP_OUT::95029,CHANGI AIRPORT TER 1,airport_bus,Airport-bound,Airport Bus,62.794,62.794,-0.0,unchanged
G_008_005,BUSSTOP_OUT::95109,CHANGI AIRPORT TER 3,airport_bus,Airport-bound,Airport Bus,59.813,59.813,-0.0,unchanged
G_008_005,BUSSTOP_OUT::95129,CHANGI AIRPORT TER 2,airport_bus,Airport-bound,Airport Bus,59.813,59.813,-0.0,unchanged
G_008_005,BUSSTOP_OUT::95151,AIRPORT POLICE STN,airport_bus,Airport-bound,Airport Bus,73.12,73.12,-0.0,unchanged
G_008_005,BUSSTOP_OUT::95159,NEAR SATS FLIGHT KITCHEN,airport_bus,Airport-bound,Airport Bus,66.521,66.521,-0.0,unchanged
G_008_005,BUSSTOP_OUT::95209,CHANGI AIRPORT TER 4,airport_bus,Airport-bound,Airport Bus,69.503,69.503,-0.0,unchanged
G_008_005,MRTHUB::Changi_Airport,Changi Airport,airport_mrt,Airport-bound,Airport Mrt,49.513,49.513,-0.0,unchanged
G_008_005,BUSSTOP_OUT::03011,FULLERTON SQ,cbd_bus,CBD-bound,Cbd Bus,35.912,35.912,-0.0,unchanged
G_008_005,BUSSTOP_OUT::03019,OUE BAYFRONT,cbd_bus,CBD-bound,Cbd Bus,36.013,36.013,-0.0,unchanged
G_008_005,BUSSTOP_OUT::03021,PRUDENTIAL TWR,cbd_bus,CBD-bound,Cbd Bus,33.676,33.676,-0.0,unchanged
G_008_005,BUSSTOP_OUT::03031,RAFFLES PL STN EXIT F,cbd_bus,CBD-bound,Cbd Bus,34.049,34.049,-0.0,unchanged
G_008_005,BUSSTOP_OUT::03041,TELOK AYER STN EXIT A,cbd_bus,CBD-bound,Cbd Bus,33.676,33.676,-0.0,unchanged
G_008_005,BUSSTOP_OUT::03059,ONE RAFFLES QUAY,cbd_bus,CBD-bound,Cbd Bus,36.013,36.013,-0.0,unchanged
G_008_005,BUSSTOP_OUT::03071,OPP SO SOFITEL S'PORE,cbd_bus,CBD-bound,Cbd Bus,32.931,32.931,-0.0,unchanged
G_008_005,BUSSTOP_OUT::03111,AFT CAPITAL TWR,cbd_bus,CBD-bound,Cbd Bus,31.813,31.813,-0.0,unchanged
G_008_005,BUSSTOP_OUT::03129,UIC BLDG,cbd_bus,CBD-bound,Cbd Bus,31.813,31.813,-0.0,unchanged
G_008_005,BUSSTOP_OUT::03151,AFT TELOK AYER ST,cbd_bus,CBD-bound,Cbd Bus,31.813,31.813,-0.0,unchanged
G_008_005,BUSSTOP_OUT::03217,AFT STRAITS BLVD,cbd_bus,CBD-bound,Cbd Bus,31.813,30.413,1.4,improved
G_008_005,BUSSTOP_OUT::03218,OPP MAS BLDG,cbd_bus,CBD-bound,Cbd Bus,31.813,30.413,1.4,improved
G_008_005,BUSSTOP_OUT::03222,HUB SYNERGY PT,cbd_bus,CBD-bound,Cbd Bus,31.813,30.413,1.4,improved
G_008_005,BUSSTOP_OUT::03223,TANJONG PAGAR STN EXIT C,cbd_bus,CBD-bound,Cbd Bus,31.813,30.413,1.4,improved
G_008_005,BUSSTOP_OUT::03239,SHENTON WAY TER,cbd_bus,CBD-bound,Cbd Bus,31.813,30.413,1.4,improved
G_008_005,BUSSTOP_OUT::03241,MAPLETREE ANSON,cbd_bus,CBD-bound,Cbd Bus,31.813,30.413,1.4,improved
G_008_005,BUSSTOP_OUT::03381,THE SAIL,cbd_bus,CBD-bound,Cbd Bus,35.167,35.167,-0.0,unchanged
G_008_005,BUSSTOP_OUT::03391,MARINA BAY FINANCIAL CTR,cbd_bus,CBD-bound,Cbd Bus,35.912,35.912,-0.0,unchanged
G_008_005,BUSSTOP_OUT::03501,MARINA BAY SANDS THEATRE,cbd_bus,CBD-bound,Cbd Bus,39.013,35.613,3.4,improved
G_008_005,BUSSTOP_OUT::03509,BAYFRONT STN EXIT B/MBS,cbd_bus,CBD-bound,Cbd Bus,39.013,35.613,3.4,improved
G_008_005,BUSSTOP_OUT::03511,AFT BAYFRONT STN EXIT E,cbd_bus,CBD-bound,Cbd Bus,38.521,35.613,2.908,improved
G_008_005,BUSSTOP_OUT::03519,BAYFRONT STN EXIT A,cbd_bus,CBD-bound,Cbd Bus,39.013,35.613,3.4,improved
G_008_005,BUSSTOP_OUT::03529,DOWNTOWN STN,cbd_bus,CBD-bound,Cbd Bus,37.213,36.104,1.109,improved
G_008_005,BUSSTOP_OUT::03539,Marina Bay Stn,cbd_bus,CBD-bound,Cbd Bus,37.813,34.613,3.2,improved
G_008_005,BUSSTOP_OUT::05269,MAXWELL RD FC,cbd_bus,CBD-bound,Cbd Bus,36.213,36.213,-0.0,unchanged
G_008_005,BUSSTOP_OUT::05319,OCBC CTR,cbd_bus,CBD-bound,Cbd Bus,36.013,36.013,-0.0,unchanged
G_008_005,BUSSTOP_OUT::05411,TG PAGAR PLAZA,cbd_bus,CBD-bound,Cbd Bus,31.813,30.648,1.165,improved
G_008_005,BUSSTOP_OUT::05419,THE AMARA,cbd_bus,CBD-bound,Cbd Bus,32.931,32.931,-0.0,unchanged
G_008_005,BUSSTOP_OUT::05431,TOWER 15,cbd_bus,CBD-bound,Cbd Bus,33.676,33.676,-0.0,unchanged
G_008_005,BUSSTOP_OUT::05629,OPP STH PT,cbd_bus,CBD-bound,Cbd Bus,35.249,29.158,6.091,improved
G_008_005,BUSSTOP_OUT::05651,OPP FUJI XEROX TWRS,cbd_bus,CBD-bound,Cbd Bus,36.675,29.903,6.772,improved
G_008_005,MRTHUB::Bayfront,Bayfront,cbd_mrt,CBD-bound,Cbd Mrt,28.713,25.313,3.4,improved
G_008_005,MRTHUB::Downtown,Downtown,cbd_mrt,CBD-bound,Cbd Mrt,27.513,27.513,-0.0,unchanged
G_008_005,MRTHUB::Marina_Bay,Marina Bay,cbd_mrt,CBD-bound,Cbd Mrt,30.113,24.313,5.8,improved
G_008_005,MRTHUB::Maxwell,Maxwell,cbd_mrt,CBD-bound,Cbd Mrt,25.913,25.913,-0.0,unchanged
G_008_005,MRTHUB::Raffles_Place,Raffles Place,cbd_mrt,CBD-bound,Cbd Mrt,25.713,25.713,-0.0,unchanged
G_008_005,MRTHUB::Shenton_Way,Shenton Way,cbd_mrt,CBD-bound,Cbd Mrt,26.913,26.913,-0.0,unchanged
G_008_005,MRTHUB::Tanjong_Pagar,Tanjong Pagar,cbd_mrt,CBD-bound,Cbd Mrt,21.513,21.513,-0.0,unchanged
G_008_006,BUSSTOP_OUT::95011,AFT AIRCRAFT FLYOVER,airport_bus,Airport-bound,Airport Bus,78.685,78.685,-0.0,unchanged
G_008_006,BUSSTOP_OUT::95019,AFT CHANGI AIRPORT TER 2,airport_bus,Airport-bound,Airport Bus,67.242,67.242,-0.0,unchanged
G_008_006,BUSSTOP_OUT::95029,CHANGI AIRPORT TER 1,airport_bus,Airport-bound,Airport Bus,66.496,66.496,-0.0,unchanged
G_008_006,BUSSTOP_OUT::95109,CHANGI AIRPORT TER 3,airport_bus,Airport-bound,Airport Bus,63.515,63.515,-0.0,unchanged
G_008_006,BUSSTOP_OUT::95129,CHANGI AIRPORT TER 2,airport_bus,Airport-bound,Airport Bus,63.515,63.515,-0.0,unchanged
G_008_006,BUSSTOP_OUT::95151,AIRPORT POLICE STN,airport_bus,Airport-bound,Airport Bus,76.822,76.822,-0.0,unchanged
G_008_006,BUSSTOP_OUT::95159,NEAR SATS FLIGHT KITCHEN,airport_bus,Airport-bound,Airport Bus,70.223,70.223,-0.0,unchanged
G_008_006,BUSSTOP_OUT::95209,CHANGI AIRPORT TER 4,airport_bus,Airport-bound,Airport Bus,73.205,73.205,-0.0,unchanged
G_008_006,MRTHUB::Changi_Airport,Changi Airport,airport_mrt,Airport-bound,Airport Mrt,53.215,53.215,-0.0,unchanged
G_008_006,BUSSTOP_OUT::03011,FULLERTON SQ,cbd_bus,CBD-bound,Cbd Bus,39.614,39.614,-0.0,unchanged
G_008_006,BUSSTOP_OUT::03019,OUE BAYFRONT,cbd_bus,CBD-bound,Cbd Bus,39.715,39.715,-0.0,unchanged
G_008_006,BUSSTOP_OUT::03021,PRUDENTIAL TWR,cbd_bus,CBD-bound,Cbd Bus,37.378,37.378,-0.0,unchanged
G_008_006,BUSSTOP_OUT::03031,RAFFLES PL STN EXIT F,cbd_bus,CBD-bound,Cbd Bus,37.751,37.751,-0.0,unchanged
G_008_006,BUSSTOP_OUT::03041,TELOK AYER STN EXIT A,cbd_bus,CBD-bound,Cbd Bus,37.378,37.378,-0.0,unchanged
G_008_006,BUSSTOP_OUT::03059,ONE RAFFLES QUAY,cbd_bus,CBD-bound,Cbd Bus,39.715,39.715,-0.0,unchanged
G_008_006,BUSSTOP_OUT::03071,OPP SO SOFITEL S'PORE,cbd_bus,CBD-bound,Cbd Bus,36.633,36.633,-0.0,unchanged
G_008_006,BUSSTOP_OUT::03111,AFT CAPITAL TWR,cbd_bus,CBD-bound,Cbd Bus,35.515,35.515,-0.0,unchanged
G_008_006,BUSSTOP_OUT::03129,UIC BLDG,cbd_bus,CBD-bound,Cbd Bus,35.515,35.515,-0.0,unchanged
G_008_006,BUSSTOP_OUT::03151,AFT TELOK AYER ST,cbd_bus,CBD-bound,Cbd Bus,35.515,35.515,-0.0,unchanged
G_008_006,BUSSTOP_OUT::03217,AFT STRAITS BLVD,cbd_bus,CBD-bound,Cbd Bus,35.515,34.115,1.4,improved
G_008_006,BUSSTOP_OUT::03218,OPP MAS BLDG,cbd_bus,CBD-bound,Cbd Bus,35.515,34.115,1.4,improved
G_008_006,BUSSTOP_OUT::03222,HUB SYNERGY PT,cbd_bus,CBD-bound,Cbd Bus,35.515,34.115,1.4,improved
G_008_006,BUSSTOP_OUT::03223,TANJONG PAGAR STN EXIT C,cbd_bus,CBD-bound,Cbd Bus,35.515,34.115,1.4,improved
G_008_006,BUSSTOP_OUT::03239,SHENTON WAY TER,cbd_bus,CBD-bound,Cbd Bus,35.515,34.115,1.4,improved
G_008_006,BUSSTOP_OUT::03241,MAPLETREE ANSON,cbd_bus,CBD-bound,Cbd Bus,35.515,34.115,1.4,improved
G_008_006,BUSSTOP_OUT::03381,THE SAIL,cbd_bus,CBD-bound,Cbd Bus,38.869,38.869,-0.0,unchanged
G_008_006,BUSSTOP_OUT::03391,MARINA BAY FINANCIAL CTR,cbd_bus,CBD-bound,Cbd Bus,39.614,39.614,-0.0,unchanged
G_008_006,BUSSTOP_OUT::03501,MARINA BAY SANDS THEATRE,cbd_bus,CBD-bound,Cbd Bus,42.715,39.315,3.4,improved
G_008_006,BUSSTOP_OUT::03509,BAYFRONT STN EXIT B/MBS,cbd_bus,CBD-bound,Cbd Bus,42.715,39.315,3.4,improved
G_008_006,BUSSTOP_OUT::03511,AFT BAYFRONT STN EXIT E,cbd_bus,CBD-bound,Cbd Bus,42.223,39.315,2.908,improved
G_008_006,BUSSTOP_OUT::03519,BAYFRONT STN EXIT A,cbd_bus,CBD-bound,Cbd Bus,42.715,39.315,3.4,improved
G_008_006,BUSSTOP_OUT::03529,DOWNTOWN STN,cbd_bus,CBD-bound,Cbd Bus,40.915,39.806,1.109,improved
G_008_006,BUSSTOP_OUT::03539,Marina Bay Stn,cbd_bus,CBD-bound,Cbd Bus,41.515,38.315,3.2,improved
G_008_006,BUSSTOP_OUT::05269,MAXWELL RD FC,cbd_bus,CBD-bound,Cbd Bus,39.915,39.915,-0.0,unchanged
G_008_006,BUSSTOP_OUT::05319,OCBC CTR,cbd_bus,CBD-bound,Cbd Bus,39.715,39.715,-0.0,unchanged
G_008_006,BUSSTOP_OUT::05411,TG PAGAR PLAZA,cbd_bus,CBD-bound,Cbd Bus,35.515,34.35,1.165,improved
G_008_006,BUSSTOP_OUT::05419,THE AMARA,cbd_bus,CBD-bound,Cbd Bus,36.633,36.633,-0.0,unchanged
G_008_006,BUSSTOP_OUT::05431,TOWER 15,cbd_bus,CBD-bound,Cbd Bus,37.378,37.378,-0.0,unchanged
G_008_006,BUSSTOP_OUT::05629,OPP STH PT,cbd_bus,CBD-bound,Cbd Bus,38.951,32.86,6.091,improved
G_008_006,BUSSTOP_OUT::05651,OPP FUJI XEROX TWRS,cbd_bus,CBD-bound,Cbd Bus,40.377,33.605,6.772,improved
G_008_006,MRTHUB::Bayfront,Bayfront,cbd_mrt,CBD-bound,Cbd Mrt,32.415,29.015,3.4,improved
G_008_006,MRTHUB::Downtown,Downtown,cbd_mrt,CBD-bound,Cbd Mrt,31.215,31.215,-0.0,unchanged
G_008_006,MRTHUB::Marina_Bay,Marina Bay,cbd_mrt,CBD-bound,Cbd Mrt,33.815,28.015,5.8,improved
G_008_006,MRTHUB::Maxwell,Maxwell,cbd_mrt,CBD-bound,Cbd Mrt,29.615,29.615,-0.0,unchanged
G_008_006,MRTHUB::Raffles_Place,Raffles Place,cbd_mrt,CBD-bound,Cbd Mrt,29.415,29.415,-0.0,unchanged
G_008_006,MRTHUB::Shenton_Way,Shenton Way,cbd_mrt,CBD-bound,Cbd Mrt,30.615,30.615,-0.0,unchanged
G_008_006,MRTHUB::Tanjong_Pagar,Tanjong Pagar,cbd_mrt,CBD-bound,Cbd Mrt,25.215,25.215,-0.0,unchanged
G_008_007,BUSSTOP_OUT::95011,AFT AIRCRAFT FLYOVER,airport_bus,Airport-bound,Airport Bus,83.713,83.713,-0.0,unchanged
G_008_007,BUSSTOP_OUT::95019,AFT CHANGI AIRPORT TER 2,airport_bus,Airport-bound,Airport Bus,72.27,72.27,-0.0,unchanged
G_008_007,BUSSTOP_OUT::95029,CHANGI AIRPORT TER 1,airport_bus,Airport-bound,Airport Bus,71.524,71.524,-0.0,unchanged
G_008_007,BUSSTOP_OUT::95109,CHANGI AIRPORT TER 3,airport_bus,Airport-bound,Airport Bus,68.543,68.543,-0.0,unchanged
G_008_007,BUSSTOP_OUT::95129,CHANGI AIRPORT TER 2,airport_bus,Airport-bound,Airport Bus,68.543,68.543,-0.0,unchanged
G_008_007,BUSSTOP_OUT::95151,AIRPORT POLICE STN,airport_bus,Airport-bound,Airport Bus,81.85,81.85,-0.0,unchanged
G_008_007,BUSSTOP_OUT::95159,NEAR SATS FLIGHT KITCHEN,airport_bus,Airport-bound,Airport Bus,75.251,75.251,-0.0,unchanged
G_008_007,BUSSTOP_OUT::95209,CHANGI AIRPORT TER 4,airport_bus,Airport-bound,Airport Bus,78.233,78.233,-0.0,unchanged
G_008_007,MRTHUB::Changi_Airport,Changi Airport,airport_mrt,Airport-bound,Airport Mrt,58.243,58.243,-0.0,unchanged
G_008_007,BUSSTOP_OUT::03011,FULLERTON SQ,cbd_bus,CBD-bound,Cbd Bus,44.642,40.733,3.909,improved
G_008_007,BUSSTOP_OUT::03019,OUE BAYFRONT,cbd_bus,CBD-bound,Cbd Bus,44.743,44.124,0.619,improved
G_008_007,BUSSTOP_OUT::03021,PRUDENTIAL TWR,cbd_bus,CBD-bound,Cbd Bus,42.406,38.497,3.909,improved
G_008_007,BUSSTOP_OUT::03031,RAFFLES PL STN EXIT F,cbd_bus,CBD-bound,Cbd Bus,42.779,39.242,3.537,improved
G_008_007,BUSSTOP_OUT::03041,TELOK AYER STN EXIT A,cbd_bus,CBD-bound,Cbd Bus,42.406,38.497,3.909,improved
G_008_007,BUSSTOP_OUT::03059,ONE RAFFLES QUAY,cbd_bus,CBD-bound,Cbd Bus,43.27,43.27,-0.0,unchanged
G_008_007,BUSSTOP_OUT::03071,OPP SO SOFITEL S'PORE,cbd_bus,CBD-bound,Cbd Bus,41.661,38.124,3.537,improved
G_008_007,BUSSTOP_OUT::03111,AFT CAPITAL TWR,cbd_bus,CBD-bound,Cbd Bus,40.543,37.006,3.537,improved
G_008_007,BUSSTOP_OUT::03129,UIC BLDG,cbd_bus,CBD-bound,Cbd Bus,40.543,40.543,-0.0,unchanged
G_008_007,BUSSTOP_OUT::03151,AFT TELOK AYER ST,cbd_bus,CBD-bound,Cbd Bus,40.543,36.634,3.909,improved
G_008_007,BUSSTOP_OUT::03217,AFT STRAITS BLVD,cbd_bus,CBD-bound,Cbd Bus,40.543,35.143,5.4,improved
G_008_007,BUSSTOP_OUT::03218,OPP MAS BLDG,cbd_bus,CBD-bound,Cbd Bus,40.543,35.143,5.4,improved
G_008_007,BUSSTOP_OUT::03222,HUB SYNERGY PT,cbd_bus,CBD-bound,Cbd Bus,40.543,35.143,5.4,improved
G_008_007,BUSSTOP_OUT::03223,TANJONG PAGAR STN EXIT C,cbd_bus,CBD-bound,Cbd Bus,40.543,35.143,5.4,improved
G_008_007,BUSSTOP_OUT::03239,SHENTON WAY TER,cbd_bus,CBD-bound,Cbd Bus,40.543,35.143,5.4,improved
G_008_007,BUSSTOP_OUT::03241,MAPLETREE ANSON,cbd_bus,CBD-bound,Cbd Bus,40.543,35.143,5.4,improved
G_008_007,BUSSTOP_OUT::03381,THE SAIL,cbd_bus,CBD-bound,Cbd Bus,43.897,39.988,3.909,improved
G_008_007,BUSSTOP_OUT::03391,MARINA BAY FINANCIAL CTR,cbd_bus,CBD-bound,Cbd Bus,44.642,40.733,3.909,improved
G_008_007,BUSSTOP_OUT::03501,MARINA BAY SANDS THEATRE,cbd_bus,CBD-bound,Cbd Bus,47.743,40.343,7.4,improved
G_008_007,BUSSTOP_OUT::03509,BAYFRONT STN EXIT B/MBS,cbd_bus,CBD-bound,Cbd Bus,47.743,40.343,7.4,improved
G_008_007,BUSSTOP_OUT::03511,AFT BAYFRONT STN EXIT E,cbd_bus,CBD-bound,Cbd Bus,47.251,40.343,6.908,improved
G_008_007,BUSSTOP_OUT::03519,BAYFRONT STN EXIT A,cbd_bus,CBD-bound,Cbd Bus,47.743,40.343,7.4,improved
G_008_007,BUSSTOP_OUT::03529,DOWNTOWN STN,cbd_bus,CBD-bound,Cbd Bus,43.943,40.834,3.109,improved
G_008_007,BUSSTOP_OUT::03539,Marina Bay Stn,cbd_bus,CBD-bound,Cbd Bus,44.943,39.343,5.6,improved
G_008_007,BUSSTOP_OUT::05269,MAXWELL RD FC,cbd_bus,CBD-bound,Cbd Bus,42.606,42.606,-0.0,unchanged
G_008_007,BUSSTOP_OUT::05319,OCBC CTR,cbd_bus,CBD-bound,Cbd Bus,41.034,41.034,-0.0,unchanged
G_008_007,BUSSTOP_OUT::05411,TG PAGAR PLAZA,cbd_bus,CBD-bound,Cbd Bus,40.543,35.378,5.165,improved
G_008_007,BUSSTOP_OUT::05419,THE AMARA,cbd_bus,CBD-bound,Cbd Bus,41.661,41.661,-0.0,unchanged
G_008_007,BUSSTOP_OUT::05431,TOWER 15,cbd_bus,CBD-bound,Cbd Bus,42.406,42.406,-0.0,unchanged
G_008_007,BUSSTOP_OUT::05629,OPP STH PT,cbd_bus,CBD-bound,Cbd Bus,41.032,33.888,7.144,improved
G_008_007,BUSSTOP_OUT::05651,OPP FUJI XEROX TWRS,cbd_bus,CBD-bound,Cbd Bus,41.405,34.633,6.772,improved
G_008_007,MRTHUB::Bayfront,Bayfront,cbd_mrt,CBD-bound,Cbd Mrt,37.443,30.043,7.4,improved
G_008_007,MRTHUB::Downtown,Downtown,cbd_mrt,CBD-bound,Cbd Mrt,34.643,33.243,1.4,improved
G_008_007,MRTHUB::Marina_Bay,Marina Bay,cbd_mrt,CBD-bound,Cbd Mrt,36.843,29.043,7.8,improved
G_008_007,MRTHUB::Maxwell,Maxwell,cbd_mrt,CBD-bound,Cbd Mrt,32.643,32.643,-0.0,unchanged
G_008_007,MRTHUB::Raffles_Place,Raffles Place,cbd_mrt,CBD-bound,Cbd Mrt,34.443,34.443,-0.0,unchanged
G_008_007,MRTHUB::Shenton_Way,Shenton Way,cbd_mrt,CBD-bound,Cbd Mrt,33.643,32.243,1.4,improved
G_008_007,MRTHUB::Tanjong_Pagar,Tanjong Pagar,cbd_mrt,CBD-bound,Cbd Mrt,30.243,30.243,-0.0,unchanged
G_008_008,BUSSTOP_OUT::95011,AFT AIRCRAFT FLYOVER,airport_bus,Airport-bound,Airport Bus,81.282,81.282,-0.0,unchanged
G_008_008,BUSSTOP_OUT::95019,AFT CHANGI AIRPORT TER 2,airport_bus,Airport-bound,Airport Bus,69.839,69.839,-0.0,unchanged
G_008_008,BUSSTOP_OUT::95029,CHANGI AIRPORT TER 1,airport_bus,Airport-bound,Airport Bus,69.093,69.093,-0.0,unchanged
G_008_008,BUSSTOP_OUT::95109,CHANGI AIRPORT TER 3,airport_bus,Airport-bound,Airport Bus,66.112,66.112,-0.0,unchanged
G_008_008,BUSSTOP_OUT::95129,CHANGI AIRPORT TER 2,airport_bus,Airport-bound,Airport Bus,66.112,66.112,-0.0,unchanged
G_008_008,BUSSTOP_OUT::95151,AIRPORT POLICE STN,airport_bus,Airport-bound,Airport Bus,79.419,79.419,-0.0,unchanged
G_008_008,BUSSTOP_OUT::95159,NEAR SATS FLIGHT KITCHEN,airport_bus,Airport-bound,Airport Bus,72.82,72.82,-0.0,unchanged
G_008_008,BUSSTOP_OUT::95209,CHANGI AIRPORT TER 4,airport_bus,Airport-bound,Airport Bus,75.802,75.802,-0.0,unchanged
G_008_008,MRTHUB::Changi_Airport,Changi Airport,airport_mrt,Airport-bound,Airport Mrt,55.812,55.812,-0.0,unchanged
G_008_008,BUSSTOP_OUT::03011,FULLERTON SQ,cbd_bus,CBD-bound,Cbd Bus,42.211,38.302,3.909,improved
G_008_008,BUSSTOP_OUT::03019,OUE BAYFRONT,cbd_bus,CBD-bound,Cbd Bus,42.312,41.693,0.619,improved
G_008_008,BUSSTOP_OUT::03021,PRUDENTIAL TWR,cbd_bus,CBD-bound,Cbd Bus,39.975,36.066,3.909,improved
G_008_008,BUSSTOP_OUT::03031,RAFFLES PL STN EXIT F,cbd_bus,CBD-bound,Cbd Bus,40.348,36.811,3.537,improved
G_008_008,BUSSTOP_OUT::03041,TELOK AYER STN EXIT A,cbd_bus,CBD-bound,Cbd Bus,39.975,36.066,3.909,improved
G_008_008,BUSSTOP_OUT::03059,ONE RAFFLES QUAY,cbd_bus,CBD-bound,Cbd Bus,40.839,40.839,-0.0,unchanged
G_008_008,BUSSTOP_OUT::03071,OPP SO SOFITEL S'PORE,cbd_bus,CBD-bound,Cbd Bus,39.23,35.693,3.537,improved
G_008_008,BUSSTOP_OUT::03111,AFT CAPITAL TWR,cbd_bus,CBD-bound,Cbd Bus,38.112,34.575,3.537,improved
G_008_008,BUSSTOP_OUT::03129,UIC BLDG,cbd_bus,CBD-bound,Cbd Bus,38.112,38.112,-0.0,unchanged
G_008_008,BUSSTOP_OUT::03151,AFT TELOK AYER ST,cbd_bus,CBD-bound,Cbd Bus,38.112,34.203,3.909,improved
G_008_008,BUSSTOP_OUT::03217,AFT STRAITS BLVD,cbd_bus,CBD-bound,Cbd Bus,38.112,32.712,5.4,improved
G_008_008,BUSSTOP_OUT::03218,OPP MAS BLDG,cbd_bus,CBD-bound,Cbd Bus,38.112,32.712,5.4,improved
G_008_008,BUSSTOP_OUT::03222,HUB SYNERGY PT,cbd_bus,CBD-bound,Cbd Bus,38.112,32.712,5.4,improved
G_008_008,BUSSTOP_OUT::03223,TANJONG PAGAR STN EXIT C,cbd_bus,CBD-bound,Cbd Bus,38.112,32.712,5.4,improved
G_008_008,BUSSTOP_OUT::03239,SHENTON WAY TER,cbd_bus,CBD-bound,Cbd Bus,38.112,32.712,5.4,improved
G_008_008,BUSSTOP_OUT::03241,MAPLETREE ANSON,cbd_bus,CBD-bound,Cbd Bus,38.112,32.712,5.4,improved
G_008_008,BUSSTOP_OUT::03381,THE SAIL,cbd_bus,CBD-bound,Cbd Bus,41.466,37.557,3.909,improved
G_008_008,BUSSTOP_OUT::03391,MARINA BAY FINANCIAL CTR,cbd_bus,CBD-bound,Cbd Bus,42.211,38.302,3.909,improved
G_008_008,BUSSTOP_OUT::03501,MARINA BAY SANDS THEATRE,cbd_bus,CBD-bound,Cbd Bus,45.312,37.912,7.4,improved
G_008_008,BUSSTOP_OUT::03509,BAYFRONT STN EXIT B/MBS,cbd_bus,CBD-bound,Cbd Bus,45.312,37.912,7.4,improved
G_008_008,BUSSTOP_OUT::03511,AFT BAYFRONT STN EXIT E,cbd_bus,CBD-bound,Cbd Bus,44.82,37.912,6.908,improved
G_008_008,BUSSTOP_OUT::03519,BAYFRONT STN EXIT A,cbd_bus,CBD-bound,Cbd Bus,45.312,37.912,7.4,improved
G_008_008,BUSSTOP_OUT::03529,DOWNTOWN STN,cbd_bus,CBD-bound,Cbd Bus,41.512,38.403,3.109,improved
G_008_008,BUSSTOP_OUT::03539,Marina Bay Stn,cbd_bus,CBD-bound,Cbd Bus,42.512,36.912,5.6,improved
G_008_008,BUSSTOP_OUT::05269,MAXWELL RD FC,cbd_bus,CBD-bound,Cbd Bus,40.175,40.175,-0.0,unchanged
G_008_008,BUSSTOP_OUT::05319,OCBC CTR,cbd_bus,CBD-bound,Cbd Bus,38.603,38.603,-0.0,unchanged
G_008_008,BUSSTOP_OUT::05411,TG PAGAR PLAZA,cbd_bus,CBD-bound,Cbd Bus,38.112,32.947,5.165,improved
G_008_008,BUSSTOP_OUT::05419,THE AMARA,cbd_bus,CBD-bound,Cbd Bus,39.23,39.23,-0.0,unchanged
G_008_008,BUSSTOP_OUT::05431,TOWER 15,cbd_bus,CBD-bound,Cbd Bus,39.975,39.975,-0.0,unchanged
G_008_008,BUSSTOP_OUT::05629,OPP STH PT,cbd_bus,CBD-bound,Cbd Bus,38.601,31.457,7.144,improved
G_008_008,BUSSTOP_OUT::05651,OPP FUJI XEROX TWRS,cbd_bus,CBD-bound,Cbd Bus,38.974,32.202,6.772,improved
G_008_008,MRTHUB::Bayfront,Bayfront,cbd_mrt,CBD-bound,Cbd Mrt,35.012,27.612,7.4,improved
G_008_008,MRTHUB::Downtown,Downtown,cbd_mrt,CBD-bound,Cbd Mrt,32.212,30.812,1.4,improved
G_008_008,MRTHUB::Marina_Bay,Marina Bay,cbd_mrt,CBD-bound,Cbd Mrt,34.412,26.612,7.8,improved
G_008_008,MRTHUB::Maxwell,Maxwell,cbd_mrt,CBD-bound,Cbd Mrt,30.212,30.212,-0.0,unchanged
G_008_008,MRTHUB::Raffles_Place,Raffles Place,cbd_mrt,CBD-bound,Cbd Mrt,32.012,32.012,-0.0,unchanged
G_008_008,MRTHUB::Shenton_Way,Shenton Way,cbd_mrt,CBD-bound,Cbd Mrt,31.212,29.812,1.4,improved
G_008_008,MRTHUB::Tanjong_Pagar,Tanjong Pagar,cbd_mrt,CBD-bound,Cbd Mrt,27.812,27.812,-0.0,unchanged
G_008_009,BUSSTOP_OUT::95011,AFT AIRCRAFT FLYOVER,airport_bus,Airport-bound,Airport Bus,80.611,80.611,-0.0,unchanged
G_008_009,BUSSTOP_OUT::95019,AFT CHANGI AIRPORT TER 2,airport_bus,Airport-bound,Airport Bus,69.168,69.168,-0.0,unchanged
G_008_009,BUSSTOP_OUT::95029,CHANGI AIRPORT TER 1,airport_bus,Airport-bound,Airport Bus,68.422,68.422,-0.0,unchanged
G_008_009,BUSSTOP_OUT::95109,CHANGI AIRPORT TER 3,airport_bus,Airport-bound,Airport Bus,65.441,65.441,-0.0,unchanged
G_008_009,BUSSTOP_OUT::95129,CHANGI AIRPORT TER 2,airport_bus,Airport-bound,Airport Bus,65.441,65.441,-0.0,unchanged
G_008_009,BUSSTOP_OUT::95151,AIRPORT POLICE STN,airport_bus,Airport-bound,Airport Bus,78.748,78.748,-0.0,unchanged
G_008_009,BUSSTOP_OUT::95159,NEAR SATS FLIGHT KITCHEN,airport_bus,Airport-bound,Airport Bus,72.149,72.149,-0.0,unchanged
G_008_009,BUSSTOP_OUT::95209,CHANGI AIRPORT TER 4,airport_bus,Airport-bound,Airport Bus,75.131,75.131,-0.0,unchanged
G_008_009,MRTHUB::Changi_Airport,Changi Airport,airport_mrt,Airport-bound,Airport Mrt,55.141,55.141,-0.0,unchanged
G_008_009,BUSSTOP_OUT::03011,FULLERTON SQ,cbd_bus,CBD-bound,Cbd Bus,41.54,37.631,3.909,improved
G_008_009,BUSSTOP_OUT::03019,OUE BAYFRONT,cbd_bus,CBD-bound,Cbd Bus,41.641,41.022,0.619,improved
G_008_009,BUSSTOP_OUT::03021,PRUDENTIAL TWR,cbd_bus,CBD-bound,Cbd Bus,39.304,35.395,3.909,improved
G_008_009,BUSSTOP_OUT::03031,RAFFLES PL STN EXIT F,cbd_bus,CBD-bound,Cbd Bus,39.677,36.14,3.537,improved
G_008_009,BUSSTOP_OUT::03041,TELOK AYER STN EXIT A,cbd_bus,CBD-bound,Cbd Bus,39.304,35.395,3.909,improved
G_008_009,BUSSTOP_OUT::03059,ONE RAFFLES QUAY,cbd_bus,CBD-bound,Cbd Bus,40.168,40.168,-0.0,unchanged
G_008_009,BUSSTOP_OUT::03071,OPP SO SOFITEL S'PORE,cbd_bus,CBD-bound,Cbd Bus,38.559,35.022,3.537,improved
G_008_009,BUSSTOP_OUT::03111,AFT CAPITAL TWR,cbd_bus,CBD-bound,Cbd Bus,37.441,33.904,3.537,improved
G_008_009,BUSSTOP_OUT::03129,UIC BLDG,cbd_bus,CBD-bound,Cbd Bus,37.441,37.441,-0.0,unchanged
G_008_009,BUSSTOP_OUT::03151,AFT TELOK AYER ST,cbd_bus,CBD-bound,Cbd Bus,37.441,33.532,3.909,improved
G_008_009,BUSSTOP_OUT::03217,AFT STRAITS BLVD,cbd_bus,CBD-bound,Cbd Bus,37.441,32.041,5.4,improved
G_008_009,BUSSTOP_OUT::03218,OPP MAS BLDG,cbd_bus,CBD-bound,Cbd Bus,37.441,32.041,5.4,improved
G_008_009,BUSSTOP_OUT::03222,HUB SYNERGY PT,cbd_bus,CBD-bound,Cbd Bus,37.441,32.041,5.4,improved
G_008_009,BUSSTOP_OUT::03223,TANJONG PAGAR STN EXIT C,cbd_bus,CBD-bound,Cbd Bus,37.441,32.041,5.4,improved
G_008_009,BUSSTOP_OUT::03239,SHENTON WAY TER,cbd_bus,CBD-bound,Cbd Bus,37.441,32.041,5.4,improved
G_008_009,BUSSTOP_OUT::03241,MAPLETREE ANSON,cbd_bus,CBD-bound,Cbd Bus,37.441,32.041,5.4,improved
G_008_009,BUSSTOP_OUT::03381,THE SAIL,cbd_bus,CBD-bound,Cbd Bus,40.795,36.886,3.909,improved
G_008_009,BUSSTOP_OUT::03391,MARINA BAY FINANCIAL CTR,cbd_bus,CBD-bound,Cbd Bus,41.54,37.631,3.909,improved
G_008_009,BUSSTOP_OUT::03501,MARINA BAY SANDS THEATRE,cbd_bus,CBD-bound,Cbd Bus,44.641,37.241,7.4,improved
G_008_009,BUSSTOP_OUT::03509,BAYFRONT STN EXIT B/MBS,cbd_bus,CBD-bound,Cbd Bus,44.641,37.241,7.4,improved
G_008_009,BUSSTOP_OUT::03511,AFT BAYFRONT STN EXIT E,cbd_bus,CBD-bound,Cbd Bus,44.149,37.241,6.908,improved
G_008_009,BUSSTOP_OUT::03519,BAYFRONT STN EXIT A,cbd_bus,CBD-bound,Cbd Bus,44.641,37.241,7.4,improved
G_008_009,BUSSTOP_OUT::03529,DOWNTOWN STN,cbd_bus,CBD-bound,Cbd Bus,40.841,37.732,3.109,improved
G_008_009,BUSSTOP_OUT::03539,Marina Bay Stn,cbd_bus,CBD-bound,Cbd Bus,41.841,36.241,5.6,improved
G_008_009,BUSSTOP_OUT::05269,MAXWELL RD FC,cbd_bus,CBD-bound,Cbd Bus,39.504,39.504,-0.0,unchanged
G_008_009,BUSSTOP_OUT::05319,OCBC CTR,cbd_bus,CBD-bound,Cbd Bus,37.932,37.932,-0.0,unchanged
G_008_009,BUSSTOP_OUT::05411,TG PAGAR PLAZA,cbd_bus,CBD-bound,Cbd Bus,37.441,32.276,5.165,improved
G_008_009,BUSSTOP_OUT::05419,THE AMARA,cbd_bus,CBD-bound,Cbd Bus,38.559,38.559,-0.0,unchanged
G_008_009,BUSSTOP_OUT::05431,TOWER 15,cbd_bus,CBD-bound,Cbd Bus,39.304,39.304,-0.0,unchanged
G_008_009,BUSSTOP_OUT::05629,OPP STH PT,cbd_bus,CBD-bound,Cbd Bus,37.93,30.786,7.144,improved
G_008_009,BUSSTOP_OUT::05651,OPP FUJI XEROX TWRS,cbd_bus,CBD-bound,Cbd Bus,38.303,31.531,6.772,improved
G_008_009,MRTHUB::Bayfront,Bayfront,cbd_mrt,CBD-bound,Cbd Mrt,34.341,26.941,7.4,improved
G_008_009,MRTHUB::Downtown,Downtown,cbd_mrt,CBD-bound,Cbd Mrt,31.541,30.141,1.4,improved
G_008_009,MRTHUB::Marina_Bay,Marina Bay,cbd_mrt,CBD-bound,Cbd Mrt,33.741,25.941,7.8,improved
G_008_009,MRTHUB::Maxwell,Maxwell,cbd_mrt,CBD-bound,Cbd Mrt,29.541,29.541,-0.0,unchanged
G_008_009,MRTHUB::Raffles_Place,Raffles Place,cbd_mrt,CBD-bound,Cbd Mrt,31.341,31.341,-0.0,unchanged
G_008_009,MRTHUB::Shenton_Way,Shenton Way,cbd_mrt,CBD-bound,Cbd Mrt,30.541,29.141,1.4,improved
G_008_009,MRTHUB::Tanjong_Pagar,Tanjong Pagar,cbd_mrt,CBD-bound,Cbd Mrt,27.141,27.141,-0.0,unchanged
G_008_010,BUSSTOP_OUT::95011,AFT AIRCRAFT FLYOVER,airport_bus,Airport-bound,Airport Bus,82.054,82.054,-0.0,unchanged
G_008_010,BUSSTOP_OUT::95019,AFT CHANGI AIRPORT TER 2,airport_bus,Airport-bound,Airport Bus,70.611,70.611,-0.0,unchanged
G_008_010,BUSSTOP_OUT::95029,CHANGI AIRPORT TER 1,airport_bus,Airport-bound,Airport Bus,69.865,69.865,-0.0,unchanged
G_008_010,BUSSTOP_OUT::95109,CHANGI AIRPORT TER 3,airport_bus,Airport-bound,Airport Bus,66.884,66.884,-0.0,unchanged
G_008_010,BUSSTOP_OUT::95129,CHANGI AIRPORT TER 2,airport_bus,Airport-bound,Airport Bus,66.884,66.884,-0.0,unchanged
G_008_010,BUSSTOP_OUT::95151,AIRPORT POLICE STN,airport_bus,Airport-bound,Airport Bus,80.191,80.191,-0.0,unchanged
G_008_010,BUSSTOP_OUT::95159,NEAR SATS FLIGHT KITCHEN,airport_bus,Airport-bound,Airport Bus,73.592,73.592,-0.0,unchanged
G_008_010,BUSSTOP_OUT::95209,CHANGI AIRPORT TER 4,airport_bus,Airport-bound,Airport Bus,76.574,76.574,-0.0,unchanged
G_008_010,MRTHUB::Changi_Airport,Changi Airport,airport_mrt,Airport-bound,Airport Mrt,56.584,56.584,-0.0,unchanged
G_008_010,BUSSTOP_OUT::03011,FULLERTON SQ,cbd_bus,CBD-bound,Cbd Bus,37.786,37.786,-0.0,unchanged
G_008_010,BUSSTOP_OUT::03019,OUE BAYFRONT,cbd_bus,CBD-bound,Cbd Bus,43.084,42.465,0.619,improved
G_008_010,BUSSTOP_OUT::03021,PRUDENTIAL TWR,cbd_bus,CBD-bound,Cbd Bus,40.747,36.838,3.909,improved
G_008_010,BUSSTOP_OUT::03031,RAFFLES PL STN EXIT F,cbd_bus,CBD-bound,Cbd Bus,35.55,35.55,-0.0,unchanged
G_008_010,BUSSTOP_OUT::03041,TELOK AYER STN EXIT A,cbd_bus,CBD-bound,Cbd Bus,40.747,36.838,3.909,improved
G_008_010,BUSSTOP_OUT::03059,ONE RAFFLES QUAY,cbd_bus,CBD-bound,Cbd Bus,41.611,41.611,-0.0,unchanged
G_008_010,BUSSTOP_OUT::03071,OPP SO SOFITEL S'PORE,cbd_bus,CBD-bound,Cbd Bus,34.432,34.432,-0.0,unchanged
G_008_010,BUSSTOP_OUT::03111,AFT CAPITAL TWR,cbd_bus,CBD-bound,Cbd Bus,33.314,33.314,-0.0,unchanged
G_008_010,BUSSTOP_OUT::03129,UIC BLDG,cbd_bus,CBD-bound,Cbd Bus,38.884,38.884,-0.0,unchanged
G_008_010,BUSSTOP_OUT::03151,AFT TELOK AYER ST,cbd_bus,CBD-bound,Cbd Bus,38.884,34.975,3.909,improved
G_008_010,BUSSTOP_OUT::03217,AFT STRAITS BLVD,cbd_bus,CBD-bound,Cbd Bus,38.884,33.484,5.4,improved
G_008_010,BUSSTOP_OUT::03218,OPP MAS BLDG,cbd_bus,CBD-bound,Cbd Bus,38.884,33.484,5.4,improved
G_008_010,BUSSTOP_OUT::03222,HUB SYNERGY PT,cbd_bus,CBD-bound,Cbd Bus,30.705,30.705,-0.0,unchanged
G_008_010,BUSSTOP_OUT::03223,TANJONG PAGAR STN EXIT C,cbd_bus,CBD-bound,Cbd Bus,38.884,33.484,5.4,improved
G_008_010,BUSSTOP_OUT::03239,SHENTON WAY TER,cbd_bus,CBD-bound,Cbd Bus,38.884,33.484,5.4,improved
G_008_010,BUSSTOP_OUT::03241,MAPLETREE ANSON,cbd_bus,CBD-bound,Cbd Bus,38.884,33.484,5.4,improved
G_008_010,BUSSTOP_OUT::03381,THE SAIL,cbd_bus,CBD-bound,Cbd Bus,42.238,38.329,3.909,improved
G_008_010,BUSSTOP_OUT::03391,MARINA BAY FINANCIAL CTR,cbd_bus,CBD-bound,Cbd Bus,42.983,39.074,3.909,improved
G_008_010,BUSSTOP_OUT::03501,MARINA BAY SANDS THEATRE,cbd_bus,CBD-bound,Cbd Bus,46.084,38.684,7.4,improved
G_008_010,BUSSTOP_OUT::03509,BAYFRONT STN EXIT B/MBS,cbd_bus,CBD-bound,Cbd Bus,46.084,38.684,7.4,improved
G_008_010,BUSSTOP_OUT::03511,AFT BAYFRONT STN EXIT E,cbd_bus,CBD-bound,Cbd Bus,45.592,38.684,6.908,improved
G_008_010,BUSSTOP_OUT::03519,BAYFRONT STN EXIT A,cbd_bus,CBD-bound,Cbd Bus,46.084,38.684,7.4,improved
G_008_010,BUSSTOP_OUT::03529,DOWNTOWN STN,cbd_bus,CBD-bound,Cbd Bus,42.284,39.175,3.109,improved
G_008_010,BUSSTOP_OUT::03539,Marina Bay Stn,cbd_bus,CBD-bound,Cbd Bus,43.284,37.684,5.6,improved
G_008_010,BUSSTOP_OUT::05269,MAXWELL RD FC,cbd_bus,CBD-bound,Cbd Bus,40.947,40.947,-0.0,unchanged
G_008_010,BUSSTOP_OUT::05319,OCBC CTR,cbd_bus,CBD-bound,Cbd Bus,39.375,39.375,-0.0,unchanged
G_008_010,BUSSTOP_OUT::05411,TG PAGAR PLAZA,cbd_bus,CBD-bound,Cbd Bus,37.804,33.719,4.085,improved
G_008_010,BUSSTOP_OUT::05419,THE AMARA,cbd_bus,CBD-bound,Cbd Bus,40.002,40.002,-0.0,unchanged
G_008_010,BUSSTOP_OUT::05431,TOWER 15,cbd_bus,CBD-bound,Cbd Bus,40.747,40.747,-0.0,unchanged
G_008_010,BUSSTOP_OUT::05629,OPP STH PT,cbd_bus,CBD-bound,Cbd Bus,36.686,32.229,4.457,improved
G_008_010,BUSSTOP_OUT::05651,OPP FUJI XEROX TWRS,cbd_bus,CBD-bound,Cbd Bus,37.059,32.974,4.085,improved
G_008_010,MRTHUB::Bayfront,Bayfront,cbd_mrt,CBD-bound,Cbd Mrt,35.784,28.384,7.4,improved
G_008_010,MRTHUB::Downtown,Downtown,cbd_mrt,CBD-bound,Cbd Mrt,32.984,31.584,1.4,improved
G_008_010,MRTHUB::Marina_Bay,Marina Bay,cbd_mrt,CBD-bound,Cbd Mrt,35.184,27.384,7.8,improved
G_008_010,MRTHUB::Maxwell,Maxwell,cbd_mrt,CBD-bound,Cbd Mrt,30.984,30.984,-0.0,unchanged
G_008_010,MRTHUB::Raffles_Place,Raffles Place,cbd_mrt,CBD-bound,Cbd Mrt,32.784,32.784,-0.0,unchanged
G_008_010,MRTHUB::Shenton_Way,Shenton Way,cbd_mrt,CBD-bound,Cbd Mrt,31.984,30.584,1.4,improved
G_008_010,MRTHUB::Tanjong_Pagar,Tanjong Pagar,cbd_mrt,CBD-bound,Cbd Mrt,28.584,28.584,-0.0,unchanged
G_008_011,BUSSTOP_OUT::95011,AFT AIRCRAFT FLYOVER,airport_bus,Airport-bound,Airport Bus,83.036,82.636,0.4,improved
G_008_011,BUSSTOP_OUT::95019,AFT CHANGI AIRPORT TER 2,airport_bus,Airport-bound,Airport Bus,72.757,71.357,1.4,improved
G_008_011,BUSSTOP_OUT::95029,CHANGI AIRPORT TER 1,airport_bus,Airport-bound,Airport Bus,72.011,70.611,1.4,improved
G_008_011,BUSSTOP_OUT::95109,CHANGI AIRPORT TER 3,airport_bus,Airport-bound,Airport Bus,69.03,67.63,1.4,improved
G_008_011,BUSSTOP_OUT::95129,CHANGI AIRPORT TER 2,airport_bus,Airport-bound,Airport Bus,69.03,67.63,1.4,improved
G_008_011,BUSSTOP_OUT::95151,AIRPORT POLICE STN,airport_bus,Airport-bound,Airport Bus,81.173,80.773,0.4,improved
G_008_011,BUSSTOP_OUT::95159,NEAR SATS FLIGHT KITCHEN,airport_bus,Airport-bound,Airport Bus,75.738,74.338,1.4,improved
G_008_011,BUSSTOP_OUT::95209,CHANGI AIRPORT TER 4,airport_bus,Airport-bound,Airport Bus,78.72,77.32,1.4,improved
G_008_011,MRTHUB::Changi_Airport,Changi Airport,airport_mrt,Airport-bound,Airport Mrt,58.73,57.33,1.4,improved
G_008_011,BUSSTOP_OUT::03011,FULLERTON SQ,cbd_bus,CBD-bound,Cbd Bus,35.917,35.917,-0.0,unchanged
G_008_011,BUSSTOP_OUT::03019,OUE BAYFRONT,cbd_bus,CBD-bound,Cbd Bus,45.23,42.211,3.019,improved
G_008_011,BUSSTOP_OUT::03021,PRUDENTIAL TWR,cbd_bus,CBD-bound,Cbd Bus,40.408,36.584,3.824,improved
G_008_011,BUSSTOP_OUT::03031,RAFFLES PL STN EXIT F,cbd_bus,CBD-bound,Cbd Bus,33.681,33.681,-0.0,unchanged
G_008_011,BUSSTOP_OUT::03041,TELOK AYER STN EXIT A,cbd_bus,CBD-bound,Cbd Bus,42.03,36.584,5.446,improved
G_008_011,BUSSTOP_OUT::03059,ONE RAFFLES QUAY,cbd_bus,CBD-bound,Cbd Bus,41.357,41.357,-0.0,unchanged
G_008_011,BUSSTOP_OUT::03071,OPP SO SOFITEL S'PORE,cbd_bus,CBD-bound,Cbd Bus,32.563,32.563,-0.0,unchanged
G_008_011,BUSSTOP_OUT::03111,AFT CAPITAL TWR,cbd_bus,CBD-bound,Cbd Bus,31.445,31.445,-0.0,unchanged
G_008_011,BUSSTOP_OUT::03129,UIC BLDG,cbd_bus,CBD-bound,Cbd Bus,41.03,40.63,0.4,improved
G_008_011,BUSSTOP_OUT::03151,AFT TELOK AYER ST,cbd_bus,CBD-bound,Cbd Bus,38.545,34.721,3.824,improved
G_008_011,BUSSTOP_OUT::03217,AFT STRAITS BLVD,cbd_bus,CBD-bound,Cbd Bus,41.03,33.23,7.8,improved
G_008_011,BUSSTOP_OUT::03218,OPP MAS BLDG,cbd_bus,CBD-bound,Cbd Bus,38.917,33.23,5.687,improved
G_008_011,BUSSTOP_OUT::03222,HUB SYNERGY PT,cbd_bus,CBD-bound,Cbd Bus,28.836,28.836,-0.0,unchanged
G_008_011,BUSSTOP_OUT::03223,TANJONG PAGAR STN EXIT C,cbd_bus,CBD-bound,Cbd Bus,37.054,33.23,3.824,improved
G_008_011,BUSSTOP_OUT::03239,SHENTON WAY TER,cbd_bus,CBD-bound,Cbd Bus,39.662,33.23,6.432,improved
G_008_011,BUSSTOP_OUT::03241,MAPLETREE ANSON,cbd_bus,CBD-bound,Cbd Bus,41.03,33.23,7.8,improved
G_008_011,BUSSTOP_OUT::03381,THE SAIL,cbd_bus,CBD-bound,Cbd Bus,41.899,38.075,3.824,improved
G_008_011,BUSSTOP_OUT::03391,MARINA BAY FINANCIAL CTR,cbd_bus,CBD-bound,Cbd Bus,42.644,38.82,3.824,improved
G_008_011,BUSSTOP_OUT::03501,MARINA BAY SANDS THEATRE,cbd_bus,CBD-bound,Cbd Bus,46.23,38.43,7.8,improved
G_008_011,BUSSTOP_OUT::03509,BAYFRONT STN EXIT B/MBS,cbd_bus,CBD-bound,Cbd Bus,46.23,38.43,7.8,improved
G_008_011,BUSSTOP_OUT::03511,AFT BAYFRONT STN EXIT E,cbd_bus,CBD-bound,Cbd Bus,45.253,38.43,6.823,improved
G_008_011,BUSSTOP_OUT::03519,BAYFRONT STN EXIT A,cbd_bus,CBD-bound,Cbd Bus,46.23,38.43,7.8,improved
G_008_011,BUSSTOP_OUT::03529,DOWNTOWN STN,cbd_bus,CBD-bound,Cbd Bus,42.03,38.921,3.109,improved
G_008_011,BUSSTOP_OUT::03539,Marina Bay Stn,cbd_bus,CBD-bound,Cbd Bus,43.03,37.43,5.6,improved
G_008_011,BUSSTOP_OUT::05269,MAXWELL RD FC,cbd_bus,CBD-bound,Cbd Bus,40.693,40.693,-0.0,unchanged
G_008_011,BUSSTOP_OUT::05319,OCBC CTR,cbd_bus,CBD-bound,Cbd Bus,39.121,39.121,-0.0,unchanged
G_008_011,BUSSTOP_OUT::05411,TG PAGAR PLAZA,cbd_bus,CBD-bound,Cbd Bus,35.935,33.465,2.47,improved
G_008_011,BUSSTOP_OUT::05419,THE AMARA,cbd_bus,CBD-bound,Cbd Bus,42.148,42.148,-0.0,unchanged
G_008_011,BUSSTOP_OUT::05431,TOWER 15,cbd_bus,CBD-bound,Cbd Bus,42.893,42.893,-0.0,unchanged
G_008_011,BUSSTOP_OUT::05629,OPP STH PT,cbd_bus,CBD-bound,Cbd Bus,34.817,31.975,2.842,improved
G_008_011,BUSSTOP_OUT::05651,OPP FUJI XEROX TWRS,cbd_bus,CBD-bound,Cbd Bus,35.19,32.72,2.47,improved
G_008_011,MRTHUB::Bayfront,Bayfront,cbd_mrt,CBD-bound,Cbd Mrt,35.93,28.13,7.8,improved
G_008_011,MRTHUB::Downtown,Downtown,cbd_mrt,CBD-bound,Cbd Mrt,32.73,31.33,1.4,improved
G_008_011,MRTHUB::Marina_Bay,Marina Bay,cbd_mrt,CBD-bound,Cbd Mrt,34.93,27.13,7.8,improved
G_008_011,MRTHUB::Maxwell,Maxwell,cbd_mrt,CBD-bound,Cbd Mrt,30.73,30.73,-0.0,unchanged
G_008_011,MRTHUB::Raffles_Place,Raffles Place,cbd_mrt,CBD-bound,Cbd Mrt,34.93,32.53,2.4,improved
G_008_011,MRTHUB::Shenton_Way,Shenton Way,cbd_mrt,CBD-bound,Cbd Mrt,31.73,30.33,1.4,improved
G_008_011,MRTHUB::Tanjong_Pagar,Tanjong Pagar,cbd_mrt,CBD-bound,Cbd Mrt,30.73,30.73,-0.0,unchanged
G_009_004,BUSSTOP_OUT::95011,AFT AIRCRAFT FLYOVER,airport_bus,Airport-bound,Airport Bus,75.888,75.888,-0.0,unchanged
G_009_004,BUSSTOP_OUT::95019,AFT CHANGI AIRPORT TER 2,airport_bus,Airport-bound,Airport Bus,64.445,64.445,-0.0,unchanged
G_009_004,BUSSTOP_OUT::95029,CHANGI AIRPORT TER 1,airport_bus,Airport-bound,Airport Bus,63.699,63.699,-0.0,unchanged
G_009_004,BUSSTOP_OUT::95109,CHANGI AIRPORT TER 3,airport_bus,Airport-bound,Airport Bus,60.718,60.718,-0.0,unchanged
G_009_004,BUSSTOP_OUT::95129,CHANGI AIRPORT TER 2,airport_bus,Airport-bound,Airport Bus,60.718,60.718,-0.0,unchanged
G_009_004,BUSSTOP_OUT::95151,AIRPORT POLICE STN,airport_bus,Airport-bound,Airport Bus,74.025,74.025,-0.0,unchanged
G_009_004,BUSSTOP_OUT::95159,NEAR SATS FLIGHT KITCHEN,airport_bus,Airport-bound,Airport Bus,67.426,67.426,-0.0,unchanged
G_009_004,BUSSTOP_OUT::95209,CHANGI AIRPORT TER 4,airport_bus,Airport-bound,Airport Bus,70.408,70.408,-0.0,unchanged
G_009_004,MRTHUB::Changi_Airport,Changi Airport,airport_mrt,Airport-bound,Airport Mrt,50.418,50.418,-0.0,unchanged
G_009_004,BUSSTOP_OUT::03011,FULLERTON SQ,cbd_bus,CBD-bound,Cbd Bus,36.817,36.817,-0.0,unchanged
G_009_004,BUSSTOP_OUT::03019,OUE BAYFRONT,cbd_bus,CBD-bound,Cbd Bus,36.918,36.918,-0.0,unchanged
G_009_004,BUSSTOP_OUT::03021,PRUDENTIAL TWR,cbd_bus,CBD-bound,Cbd Bus,34.581,34.581,-0.0,unchanged
G_009_004,BUSSTOP_OUT::03031,RAFFLES PL STN EXIT F,cbd_bus,CBD-bound,Cbd Bus,34.954,34.954,-0.0,unchanged
G_009_004,BUSSTOP_OUT::03041,TELOK AYER STN EXIT A,cbd_bus,CBD-bound,Cbd Bus,34.581,34.581,-0.0,unchanged
G_009_004,BUSSTOP_OUT::03059,ONE RAFFLES QUAY,cbd_bus,CBD-bound,Cbd Bus,36.918,36.918,-0.0,unchanged
G_009_004,BUSSTOP_OUT::03071,OPP SO SOFITEL S'PORE,cbd_bus,CBD-bound,Cbd Bus,33.836,33.836,-0.0,unchanged
G_009_004,BUSSTOP_OUT::03111,AFT CAPITAL TWR,cbd_bus,CBD-bound,Cbd Bus,32.718,32.718,-0.0,unchanged
G_009_004,BUSSTOP_OUT::03129,UIC BLDG,cbd_bus,CBD-bound,Cbd Bus,32.718,32.718,-0.0,unchanged
G_009_004,BUSSTOP_OUT::03151,AFT TELOK AYER ST,cbd_bus,CBD-bound,Cbd Bus,32.718,32.718,-0.0,unchanged
G_009_004,BUSSTOP_OUT::03217,AFT STRAITS BLVD,cbd_bus,CBD-bound,Cbd Bus,32.718,31.318,1.4,improved
G_009_004,BUSSTOP_OUT::03218,OPP MAS BLDG,cbd_bus,CBD-bound,Cbd Bus,32.718,31.318,1.4,improved
G_009_004,BUSSTOP_OUT::03222,HUB SYNERGY PT,cbd_bus,CBD-bound,Cbd Bus,32.718,31.318,1.4,improved
G_009_004,BUSSTOP_OUT::03223,TANJONG PAGAR STN EXIT C,cbd_bus,CBD-bound,Cbd Bus,32.718,31.318,1.4,improved
G_009_004,BUSSTOP_OUT::03239,SHENTON WAY TER,cbd_bus,CBD-bound,Cbd Bus,32.718,31.318,1.4,improved
G_009_004,BUSSTOP_OUT::03241,MAPLETREE ANSON,cbd_bus,CBD-bound,Cbd Bus,32.718,31.318,1.4,improved
G_009_004,BUSSTOP_OUT::03381,THE SAIL,cbd_bus,CBD-bound,Cbd Bus,36.072,36.072,-0.0,unchanged
G_009_004,BUSSTOP_OUT::03391,MARINA BAY FINANCIAL CTR,cbd_bus,CBD-bound,Cbd Bus,36.817,36.817,-0.0,unchanged
G_009_004,BUSSTOP_OUT::03501,MARINA BAY SANDS THEATRE,cbd_bus,CBD-bound,Cbd Bus,39.918,36.518,3.4,improved
G_009_004,BUSSTOP_OUT::03509,BAYFRONT STN EXIT B/MBS,cbd_bus,CBD-bound,Cbd Bus,39.918,36.518,3.4,improved
G_009_004,BUSSTOP_OUT::03511,AFT BAYFRONT STN EXIT E,cbd_bus,CBD-bound,Cbd Bus,39.426,36.518,2.908,improved
G_009_004,BUSSTOP_OUT::03519,BAYFRONT STN EXIT A,cbd_bus,CBD-bound,Cbd Bus,39.918,36.518,3.4,improved
G_009_004,BUSSTOP_OUT::03529,DOWNTOWN STN,cbd_bus,CBD-bound,Cbd Bus,38.118,37.009,1.109,improved
G_009_004,BUSSTOP_OUT::03539,Marina Bay Stn,cbd_bus,CBD-bound,Cbd Bus,38.718,35.518,3.2,improved
G_009_004,BUSSTOP_OUT::05269,MAXWELL RD FC,cbd_bus,CBD-bound,Cbd Bus,37.118,37.118,-0.0,unchanged
G_009_004,BUSSTOP_OUT::05319,OCBC CTR,cbd_bus,CBD-bound,Cbd Bus,36.918,36.918,-0.0,unchanged
G_009_004,BUSSTOP_OUT::05411,TG PAGAR PLAZA,cbd_bus,CBD-bound,Cbd Bus,32.718,31.553,1.165,improved
G_009_004,BUSSTOP_OUT::05419,THE AMARA,cbd_bus,CBD-bound,Cbd Bus,33.836,33.836,-0.0,unchanged
G_009_004,BUSSTOP_OUT::05431,TOWER 15,cbd_bus,CBD-bound,Cbd Bus,34.581,34.581,-0.0,unchanged
G_009_004,BUSSTOP_OUT::05629,OPP STH PT,cbd_bus,CBD-bound,Cbd Bus,36.154,30.063,6.091,improved
G_009_004,BUSSTOP_OUT::05651,OPP FUJI XEROX TWRS,cbd_bus,CBD-bound,Cbd Bus,37.58,30.808,6.772,improved
G_009_004,MRTHUB::Bayfront,Bayfront,cbd_mrt,CBD-bound,Cbd Mrt,29.618,26.218,3.4,improved
G_009_004,MRTHUB::Downtown,Downtown,cbd_mrt,CBD-bound,Cbd Mrt,28.418,28.418,-0.0,unchanged
G_009_004,MRTHUB::Marina_Bay,Marina Bay,cbd_mrt,CBD-bound,Cbd Mrt,31.018,25.218,5.8,improved
G_009_004,MRTHUB::Maxwell,Maxwell,cbd_mrt,CBD-bound,Cbd Mrt,26.818,26.818,-0.0,unchanged
G_009_004,MRTHUB::Raffles_Place,Raffles Place,cbd_mrt,CBD-bound,Cbd Mrt,26.618,26.618,-0.0,unchanged
G_009_004,MRTHUB::Shenton_Way,Shenton Way,cbd_mrt,CBD-bound,Cbd Mrt,27.818,27.818,-0.0,unchanged
G_009_004,MRTHUB::Tanjong_Pagar,Tanjong Pagar,cbd_mrt,CBD-bound,Cbd Mrt,22.418,22.418,-0.0,unchanged
G_009_005,BUSSTOP_OUT::95011,AFT AIRCRAFT FLYOVER,airport_bus,Airport-bound,Airport Bus,78.611,78.611,-0.0,unchanged
G_009_005,BUSSTOP_OUT::95019,AFT CHANGI AIRPORT TER 2,airport_bus,Airport-bound,Airport Bus,67.168,67.168,-0.0,unchanged
G_009_005,BUSSTOP_OUT::95029,CHANGI AIRPORT TER 1,airport_bus,Airport-bound,Airport Bus,66.422,66.422,-0.0,unchanged
G_009_005,BUSSTOP_OUT::95109,CHANGI AIRPORT TER 3,airport_bus,Airport-bound,Airport Bus,63.441,63.441,-0.0,unchanged
G_009_005,BUSSTOP_OUT::95129,CHANGI AIRPORT TER 2,airport_bus,Airport-bound,Airport Bus,63.441,63.441,-0.0,unchanged
G_009_005,BUSSTOP_OUT::95151,AIRPORT POLICE STN,airport_bus,Airport-bound,Airport Bus,76.748,76.748,-0.0,unchanged
G_009_005,BUSSTOP_OUT::95159,NEAR SATS FLIGHT KITCHEN,airport_bus,Airport-bound,Airport Bus,70.149,70.149,-0.0,unchanged
G_009_005,BUSSTOP_OUT::95209,CHANGI AIRPORT TER 4,airport_bus,Airport-bound,Airport Bus,73.131,73.131,-0.0,unchanged
G_009_005,MRTHUB::Changi_Airport,Changi Airport,airport_mrt,Airport-bound,Airport Mrt,53.141,53.141,-0.0,unchanged
G_009_005,BUSSTOP_OUT::03011,FULLERTON SQ,cbd_bus,CBD-bound,Cbd Bus,39.54,39.54,-0.0,unchanged
G_009_005,BUSSTOP_OUT::03019,OUE BAYFRONT,cbd_bus,CBD-bound,Cbd Bus,39.641,39.641,-0.0,unchanged
G_009_005,BUSSTOP_OUT::03021,PRUDENTIAL TWR,cbd_bus,CBD-bound,Cbd Bus,37.304,37.304,-0.0,unchanged
G_009_005,BUSSTOP_OUT::03031,RAFFLES PL STN EXIT F,cbd_bus,CBD-bound,Cbd Bus,37.677,37.677,-0.0,unchanged
G_009_005,BUSSTOP_OUT::03041,TELOK AYER STN EXIT A,cbd_bus,CBD-bound,Cbd Bus,37.304,37.304,-0.0,unchanged
G_009_005,BUSSTOP_OUT::03059,ONE RAFFLES QUAY,cbd_bus,CBD-bound,Cbd Bus,39.641,39.641,-0.0,unchanged
G_009_005,BUSSTOP_OUT::03071,OPP SO SOFITEL S'PORE,cbd_bus,CBD-bound,Cbd Bus,36.559,36.559,-0.0,unchanged
G_009_005,BUSSTOP_OUT::03111,AFT CAPITAL TWR,cbd_bus,CBD-bound,Cbd Bus,35.441,35.441,-0.0,unchanged
G_009_005,BUSSTOP_OUT::03129,UIC BLDG,cbd_bus,CBD-bound,Cbd Bus,35.441,35.441,-0.0,unchanged
G_009_005,BUSSTOP_OUT::03151,AFT TELOK AYER ST,cbd_bus,CBD-bound,Cbd Bus,35.441,35.441,-0.0,unchanged
G_009_005,BUSSTOP_OUT::03217,AFT STRAITS BLVD,cbd_bus,CBD-bound,Cbd Bus,35.441,34.041,1.4,improved
G_009_005,BUSSTOP_OUT::03218,OPP MAS BLDG,cbd_bus,CBD-bound,Cbd Bus,35.441,34.041,1.4,improved
G_009_005,BUSSTOP_OUT::03222,HUB SYNERGY PT,cbd_bus,CBD-bound,Cbd Bus,35.441,34.041,1.4,improved
G_009_005,BUSSTOP_OUT::03223,TANJONG PAGAR STN EXIT C,cbd_bus,CBD-bound,Cbd Bus,35.441,34.041,1.4,improved
G_009_005,BUSSTOP_OUT::03239,SHENTON WAY TER,cbd_bus,CBD-bound,Cbd Bus,35.441,34.041,1.4,improved
G_009_005,BUSSTOP_OUT::03241,MAPLETREE ANSON,cbd_bus,CBD-bound,Cbd Bus,35.441,34.041,1.4,improved
G_009_005,BUSSTOP_OUT::03381,THE SAIL,cbd_bus,CBD-bound,Cbd Bus,38.795,38.795,-0.0,unchanged
G_009_005,BUSSTOP_OUT::03391,MARINA BAY FINANCIAL CTR,cbd_bus,CBD-bound,Cbd Bus,39.54,39.54,-0.0,unchanged
G_009_005,BUSSTOP_OUT::03501,MARINA BAY SANDS THEATRE,cbd_bus,CBD-bound,Cbd Bus,42.641,39.241,3.4,improved
G_009_005,BUSSTOP_OUT::03509,BAYFRONT STN EXIT B/MBS,cbd_bus,CBD-bound,Cbd Bus,42.641,39.241,3.4,improved
G_009_005,BUSSTOP_OUT::03511,AFT BAYFRONT STN EXIT E,cbd_bus,CBD-bound,Cbd Bus,42.149,39.241,2.908,improved
G_009_005,BUSSTOP_OUT::03519,BAYFRONT STN EXIT A,cbd_bus,CBD-bound,Cbd Bus,42.641,39.241,3.4,improved
G_009_005,BUSSTOP_OUT::03529,DOWNTOWN STN,cbd_bus,CBD-bound,Cbd Bus,40.841,39.732,1.109,improved
G_009_005,BUSSTOP_OUT::03539,Marina Bay Stn,cbd_bus,CBD-bound,Cbd Bus,41.441,38.241,3.2,improved
G_009_005,BUSSTOP_OUT::05269,MAXWELL RD FC,cbd_bus,CBD-bound,Cbd Bus,39.841,39.841,-0.0,unchanged
G_009_005,BUSSTOP_OUT::05319,OCBC CTR,cbd_bus,CBD-bound,Cbd Bus,39.641,39.641,-0.0,unchanged
G_009_005,BUSSTOP_OUT::05411,TG PAGAR PLAZA,cbd_bus,CBD-bound,Cbd Bus,35.441,34.276,1.165,improved
G_009_005,BUSSTOP_OUT::05419,THE AMARA,cbd_bus,CBD-bound,Cbd Bus,36.559,36.559,-0.0,unchanged
G_009_005,BUSSTOP_OUT::05431,TOWER 15,cbd_bus,CBD-bound,Cbd Bus,37.304,37.304,-0.0,unchanged
G_009_005,BUSSTOP_OUT::05629,OPP STH PT,cbd_bus,CBD-bound,Cbd Bus,38.877,32.786,6.091,improved
G_009_005,BUSSTOP_OUT::05651,OPP FUJI XEROX TWRS,cbd_bus,CBD-bound,Cbd Bus,40.303,33.531,6.772,improved
G_009_005,MRTHUB::Bayfront,Bayfront,cbd_mrt,CBD-bound,Cbd Mrt,32.341,28.941,3.4,improved
G_009_005,MRTHUB::Downtown,Downtown,cbd_mrt,CBD-bound,Cbd Mrt,31.141,31.141,-0.0,unchanged
G_009_005,MRTHUB::Marina_Bay,Marina Bay,cbd_mrt,CBD-bound,Cbd Mrt,33.741,27.941,5.8,improved
G_009_005,MRTHUB::Maxwell,Maxwell,cbd_mrt,CBD-bound,Cbd Mrt,29.541,29.541,-0.0,unchanged
G_009_005,MRTHUB::Raffles_Place,Raffles Place,cbd_mrt,CBD-bound,Cbd Mrt,29.341,29.341,-0.0,unchanged
G_009_005,MRTHUB::Shenton_Way,Shenton Way,cbd_mrt,CBD-bound,Cbd Mrt,30.541,30.541,-0.0,unchanged
G_009_005,MRTHUB::Tanjong_Pagar,Tanjong Pagar,cbd_mrt,CBD-bound,Cbd Mrt,25.141,25.141,-0.0,unchanged
G_009_006,BUSSTOP_OUT::95011,AFT AIRCRAFT FLYOVER,airport_bus,Airport-bound,Airport Bus,81.246,81.246,-0.0,unchanged
G_009_006,BUSSTOP_OUT::95019,AFT CHANGI AIRPORT TER 2,airport_bus,Airport-bound,Airport Bus,69.803,69.803,-0.0,unchanged
G_009_006,BUSSTOP_OUT::95029,CHANGI AIRPORT TER 1,airport_bus,Airport-bound,Airport Bus,69.057,69.057,-0.0,unchanged
G_009_006,BUSSTOP_OUT::95109,CHANGI AIRPORT TER 3,airport_bus,Airport-bound,Airport Bus,66.076,66.076,-0.0,unchanged
G_009_006,BUSSTOP_OUT::95129,CHANGI AIRPORT TER 2,airport_bus,Airport-bound,Airport Bus,66.076,66.076,-0.0,unchanged
G_009_006,BUSSTOP_OUT::95151,AIRPORT POLICE STN,airport_bus,Airport-bound,Airport Bus,79.383,79.383,-0.0,unchanged
G_009_006,BUSSTOP_OUT::95159,NEAR SATS FLIGHT KITCHEN,airport_bus,Airport-bound,Airport Bus,72.784,72.784,-0.0,unchanged
G_009_006,BUSSTOP_OUT::95209,CHANGI AIRPORT TER 4,airport_bus,Airport-bound,Airport Bus,75.766,75.766,-0.0,unchanged
G_009_006,MRTHUB::Changi_Airport,Changi Airport,airport_mrt,Airport-bound,Airport Mrt,55.776,55.776,-0.0,unchanged
G_009_006,BUSSTOP_OUT::03011,FULLERTON SQ,cbd_bus,CBD-bound,Cbd Bus,42.175,42.175,-0.0,unchanged
G_009_006,BUSSTOP_OUT::03019,OUE BAYFRONT,cbd_bus,CBD-bound,Cbd Bus,42.276,42.276,-0.0,unchanged
G_009_006,BUSSTOP_OUT::03021,PRUDENTIAL TWR,cbd_bus,CBD-bound,Cbd Bus,39.939,39.939,-0.0,unchanged
G_009_006,BUSSTOP_OUT::03031,RAFFLES PL STN EXIT F,cbd_bus,CBD-bound,Cbd Bus,40.312,40.312,-0.0,unchanged
G_009_006,BUSSTOP_OUT::03041,TELOK AYER STN EXIT A,cbd_bus,CBD-bound,Cbd Bus,39.939,39.939,-0.0,unchanged
G_009_006,BUSSTOP_OUT::03059,ONE RAFFLES QUAY,cbd_bus,CBD-bound,Cbd Bus,42.276,42.276,-0.0,unchanged
G_009_006,BUSSTOP_OUT::03071,OPP SO SOFITEL S'PORE,cbd_bus,CBD-bound,Cbd Bus,39.194,39.194,-0.0,unchanged
G_009_006,BUSSTOP_OUT::03111,AFT CAPITAL TWR,cbd_bus,CBD-bound,Cbd Bus,38.076,38.076,-0.0,unchanged
G_009_006,BUSSTOP_OUT::03129,UIC BLDG,cbd_bus,CBD-bound,Cbd Bus,38.076,38.076,-0.0,unchanged
G_009_006,BUSSTOP_OUT::03151,AFT TELOK AYER ST,cbd_bus,CBD-bound,Cbd Bus,38.076,38.076,-0.0,unchanged
G_009_006,BUSSTOP_OUT::03217,AFT STRAITS BLVD,cbd_bus,CBD-bound,Cbd Bus,38.076,36.676,1.4,improved
G_009_006,BUSSTOP_OUT::03218,OPP MAS BLDG,cbd_bus,CBD-bound,Cbd Bus,38.076,36.676,1.4,improved
G_009_006,BUSSTOP_OUT::03222,HUB SYNERGY PT,cbd_bus,CBD-bound,Cbd Bus,38.076,36.676,1.4,improved
G_009_006,BUSSTOP_OUT::03223,TANJONG PAGAR STN EXIT C,cbd_bus,CBD-bound,Cbd Bus,38.076,36.676,1.4,improved
G_009_006,BUSSTOP_OUT::03239,SHENTON WAY TER,cbd_bus,CBD-bound,Cbd Bus,38.076,36.676,1.4,improved
G_009_006,BUSSTOP_OUT::03241,MAPLETREE ANSON,cbd_bus,CBD-bound,Cbd Bus,38.076,36.676,1.4,improved
G_009_006,BUSSTOP_OUT::03381,THE SAIL,cbd_bus,CBD-bound,Cbd Bus,41.43,41.43,-0.0,unchanged
G_009_006,BUSSTOP_OUT::03391,MARINA BAY FINANCIAL CTR,cbd_bus,CBD-bound,Cbd Bus,42.175,42.175,-0.0,unchanged
G_009_006,BUSSTOP_OUT::03501,MARINA BAY SANDS THEATRE,cbd_bus,CBD-bound,Cbd Bus,45.276,41.876,3.4,improved
G_009_006,BUSSTOP_OUT::03509,BAYFRONT STN EXIT B/MBS,cbd_bus,CBD-bound,Cbd Bus,45.276,41.876,3.4,improved
G_009_006,BUSSTOP_OUT::03511,AFT BAYFRONT STN EXIT E,cbd_bus,CBD-bound,Cbd Bus,44.784,41.876,2.908,improved
G_009_006,BUSSTOP_OUT::03519,BAYFRONT STN EXIT A,cbd_bus,CBD-bound,Cbd Bus,45.276,41.876,3.4,improved
G_009_006,BUSSTOP_OUT::03529,DOWNTOWN STN,cbd_bus,CBD-bound,Cbd Bus,43.476,42.367,1.109,improved
G_009_006,BUSSTOP_OUT::03539,Marina Bay Stn,cbd_bus,CBD-bound,Cbd Bus,44.076,40.876,3.2,improved
G_009_006,BUSSTOP_OUT::05269,MAXWELL RD FC,cbd_bus,CBD-bound,Cbd Bus,42.476,42.476,-0.0,unchanged
G_009_006,BUSSTOP_OUT::05319,OCBC CTR,cbd_bus,CBD-bound,Cbd Bus,42.276,42.276,-0.0,unchanged
G_009_006,BUSSTOP_OUT::05411,TG PAGAR PLAZA,cbd_bus,CBD-bound,Cbd Bus,38.076,36.911,1.165,improved
G_009_006,BUSSTOP_OUT::05419,THE AMARA,cbd_bus,CBD-bound,Cbd Bus,39.194,39.194,-0.0,unchanged
G_009_006,BUSSTOP_OUT::05431,TOWER 15,cbd_bus,CBD-bound,Cbd Bus,39.939,39.939,-0.0,unchanged
G_009_006,BUSSTOP_OUT::05629,OPP STH PT,cbd_bus,CBD-bound,Cbd Bus,41.512,35.421,6.091,improved
G_009_006,BUSSTOP_OUT::05651,OPP FUJI XEROX TWRS,cbd_bus,CBD-bound,Cbd Bus,42.938,36.166,6.772,improved
G_009_006,MRTHUB::Bayfront,Bayfront,cbd_mrt,CBD-bound,Cbd Mrt,34.976,31.576,3.4,improved
G_009_006,MRTHUB::Downtown,Downtown,cbd_mrt,CBD-bound,Cbd Mrt,33.776,33.776,-0.0,unchanged
G_009_006,MRTHUB::Marina_Bay,Marina Bay,cbd_mrt,CBD-bound,Cbd Mrt,36.376,30.576,5.8,improved
G_009_006,MRTHUB::Maxwell,Maxwell,cbd_mrt,CBD-bound,Cbd Mrt,32.176,32.176,-0.0,unchanged
G_009_006,MRTHUB::Raffles_Place,Raffles Place,cbd_mrt,CBD-bound,Cbd Mrt,31.976,31.976,-0.0,unchanged
G_009_006,MRTHUB::Shenton_Way,Shenton Way,cbd_mrt,CBD-bound,Cbd Mrt,33.176,33.176,-0.0,unchanged
G_009_006,MRTHUB::Tanjong_Pagar,Tanjong Pagar,cbd_mrt,CBD-bound,Cbd Mrt,27.776,27.776,-0.0,unchanged
G_009_007,BUSSTOP_OUT::95011,AFT AIRCRAFT FLYOVER,airport_bus,Airport-bound,Airport Bus,84.718,84.718,-0.0,unchanged
G_009_007,BUSSTOP_OUT::95019,AFT CHANGI AIRPORT TER 2,airport_bus,Airport-bound,Airport Bus,73.275,73.275,-0.0,unchanged
G_009_007,BUSSTOP_OUT::95029,CHANGI AIRPORT TER 1,airport_bus,Airport-bound,Airport Bus,72.529,72.529,-0.0,unchanged
G_009_007,BUSSTOP_OUT::95109,CHANGI AIRPORT TER 3,airport_bus,Airport-bound,Airport Bus,69.548,69.548,-0.0,unchanged
G_009_007,BUSSTOP_OUT::95129,CHANGI AIRPORT TER 2,airport_bus,Airport-bound,Airport Bus,69.548,69.548,-0.0,unchanged
G_009_007,BUSSTOP_OUT::95151,AIRPORT POLICE STN,airport_bus,Airport-bound,Airport Bus,82.855,82.855,-0.0,unchanged
G_009_007,BUSSTOP_OUT::95159,NEAR SATS FLIGHT KITCHEN,airport_bus,Airport-bound,Airport Bus,76.256,76.256,-0.0,unchanged
G_009_007,BUSSTOP_OUT::95209,CHANGI AIRPORT TER 4,airport_bus,Airport-bound,Airport Bus,79.238,79.238,-0.0,unchanged
G_009_007,MRTHUB::Changi_Airport,Changi Airport,airport_mrt,Airport-bound,Airport Mrt,59.248,59.248,-0.0,unchanged
G_009_007,BUSSTOP_OUT::03011,FULLERTON SQ,cbd_bus,CBD-bound,Cbd Bus,45.647,45.647,-0.0,unchanged
G_009_007,BUSSTOP_OUT::03019,OUE BAYFRONT,cbd_bus,CBD-bound,Cbd Bus,45.748,45.748,-0.0,unchanged
G_009_007,BUSSTOP_OUT::03021,PRUDENTIAL TWR,cbd_bus,CBD-bound,Cbd Bus,43.411,43.411,-0.0,unchanged
G_009_007,BUSSTOP_OUT::03031,RAFFLES PL STN EXIT F,cbd_bus,CBD-bound,Cbd Bus,43.784,43.784,-0.0,unchanged
G_009_007,BUSSTOP_OUT::03041,TELOK AYER STN EXIT A,cbd_bus,CBD-bound,Cbd Bus,43.411,43.411,-0.0,unchanged
G_009_007,BUSSTOP_OUT::03059,ONE RAFFLES QUAY,cbd_bus,CBD-bound,Cbd Bus,45.748,45.748,-0.0,unchanged
G_009_007,BUSSTOP_OUT::03071,OPP SO SOFITEL S'PORE,cbd_bus,CBD-bound,Cbd Bus,42.666,42.666,-0.0,unchanged
G_009_007,BUSSTOP_OUT::03111,AFT CAPITAL TWR,cbd_bus,CBD-bound,Cbd Bus,41.548,41.548,-0.0,unchanged
G_009_007,BUSSTOP_OUT::03129,UIC BLDG,cbd_bus,CBD-bound,Cbd Bus,41.548,41.548,-0.0,unchanged
G_009_007,BUSSTOP_OUT::03151,AFT TELOK AYER ST,cbd_bus,CBD-bound,Cbd Bus,41.548,41.548,-0.0,unchanged
G_009_007,BUSSTOP_OUT::03217,AFT STRAITS BLVD,cbd_bus,CBD-bound,Cbd Bus,41.548,40.148,1.4,improved
G_009_007,BUSSTOP_OUT::03218,OPP MAS BLDG,cbd_bus,CBD-bound,Cbd Bus,41.548,40.148,1.4,improved
G_009_007,BUSSTOP_OUT::03222,HUB SYNERGY PT,cbd_bus,CBD-bound,Cbd Bus,41.548,40.148,1.4,improved
G_009_007,BUSSTOP_OUT::03223,TANJONG PAGAR STN EXIT C,cbd_bus,CBD-bound,Cbd Bus,41.548,40.148,1.4,improved
G_009_007,BUSSTOP_OUT::03239,SHENTON WAY TER,cbd_bus,CBD-bound,Cbd Bus,41.548,40.148,1.4,improved
G_009_007,BUSSTOP_OUT::03241,MAPLETREE ANSON,cbd_bus,CBD-bound,Cbd Bus,41.548,40.148,1.4,improved
G_009_007,BUSSTOP_OUT::03381,THE SAIL,cbd_bus,CBD-bound,Cbd Bus,44.902,44.902,-0.0,unchanged
G_009_007,BUSSTOP_OUT::03391,MARINA BAY FINANCIAL CTR,cbd_bus,CBD-bound,Cbd Bus,45.647,45.647,-0.0,unchanged
G_009_007,BUSSTOP_OUT::03501,MARINA BAY SANDS THEATRE,cbd_bus,CBD-bound,Cbd Bus,48.748,45.348,3.4,improved
G_009_007,BUSSTOP_OUT::03509,BAYFRONT STN EXIT B/MBS,cbd_bus,CBD-bound,Cbd Bus,48.748,45.348,3.4,improved
G_009_007,BUSSTOP_OUT::03511,AFT BAYFRONT STN EXIT E,cbd_bus,CBD-bound,Cbd Bus,48.256,45.348,2.908,improved
G_009_007,BUSSTOP_OUT::03519,BAYFRONT STN EXIT A,cbd_bus,CBD-bound,Cbd Bus,48.748,45.348,3.4,improved
G_009_007,BUSSTOP_OUT::03529,DOWNTOWN STN,cbd_bus,CBD-bound,Cbd Bus,46.948,45.839,1.109,improved
G_009_007,BUSSTOP_OUT::03539,Marina Bay Stn,cbd_bus,CBD-bound,Cbd Bus,47.548,44.348,3.2,improved
G_009_007,BUSSTOP_OUT::05269,MAXWELL RD FC,cbd_bus,CBD-bound,Cbd Bus,45.948,45.948,-0.0,unchanged
G_009_007,BUSSTOP_OUT::05319,OCBC CTR,cbd_bus,CBD-bound,Cbd Bus,45.748,45.748,-0.0,unchanged
G_009_007,BUSSTOP_OUT::05411,TG PAGAR PLAZA,cbd_bus,CBD-bound,Cbd Bus,41.548,40.383,1.165,improved
G_009_007,BUSSTOP_OUT::05419,THE AMARA,cbd_bus,CBD-bound,Cbd Bus,42.666,42.666,-0.0,unchanged
G_009_007,BUSSTOP_OUT::05431,TOWER 15,cbd_bus,CBD-bound,Cbd Bus,43.411,43.411,-0.0,unchanged
G_009_007,BUSSTOP_OUT::05629,OPP STH PT,cbd_bus,CBD-bound,Cbd Bus,44.984,38.893,6.091,improved
G_009_007,BUSSTOP_OUT::05651,OPP FUJI XEROX TWRS,cbd_bus,CBD-bound,Cbd Bus,46.41,39.638,6.772,improved
G_009_007,MRTHUB::Bayfront,Bayfront,cbd_mrt,CBD-bound,Cbd Mrt,38.448,35.048,3.4,improved
G_009_007,MRTHUB::Downtown,Downtown,cbd_mrt,CBD-bound,Cbd Mrt,37.248,37.248,-0.0,unchanged
G_009_007,MRTHUB::Marina_Bay,Marina Bay,cbd_mrt,CBD-bound,Cbd Mrt,39.848,34.048,5.8,improved
G_009_007,MRTHUB::Maxwell,Maxwell,cbd_mrt,CBD-bound,Cbd Mrt,35.648,35.648,-0.0,unchanged
G_009_007,MRTHUB::Raffles_Place,Raffles Place,cbd_mrt,CBD-bound,Cbd Mrt,35.448,35.448,-0.0,unchanged
G_009_007,MRTHUB::Shenton_Way,Shenton Way,cbd_mrt,CBD-bound,Cbd Mrt,36.648,36.648,-0.0,unchanged
G_009_007,MRTHUB::Tanjong_Pagar,Tanjong Pagar,cbd_mrt,CBD-bound,Cbd Mrt,31.248,31.248,-0.0,unchanged
G_009_008,BUSSTOP_OUT::95011,AFT AIRCRAFT FLYOVER,airport_bus,Airport-bound,Airport Bus,85.466,85.466,-0.0,unchanged
G_009_008,BUSSTOP_OUT::95019,AFT CHANGI AIRPORT TER 2,airport_bus,Airport-bound,Airport Bus,74.023,74.023,-0.0,unchanged
G_009_008,BUSSTOP_OUT::95029,CHANGI AIRPORT TER 1,airport_bus,Airport-bound,Airport Bus,73.277,73.277,-0.0,unchanged
G_009_008,BUSSTOP_OUT::95109,CHANGI AIRPORT TER 3,airport_bus,Airport-bound,Airport Bus,70.296,70.296,-0.0,unchanged
G_009_008,BUSSTOP_OUT::95129,CHANGI AIRPORT TER 2,airport_bus,Airport-bound,Airport Bus,70.296,70.296,-0.0,unchanged
G_009_008,BUSSTOP_OUT::95151,AIRPORT POLICE STN,airport_bus,Airport-bound,Airport Bus,83.603,83.603,-0.0,unchanged
G_009_008,BUSSTOP_OUT::95159,NEAR SATS FLIGHT KITCHEN,airport_bus,Airport-bound,Airport Bus,77.004,77.004,-0.0,unchanged
G_009_008,BUSSTOP_OUT::95209,CHANGI AIRPORT TER 4,airport_bus,Airport-bound,Airport Bus,79.986,79.986,-0.0,unchanged
G_009_008,MRTHUB::Changi_Airport,Changi Airport,airport_mrt,Airport-bound,Airport Mrt,59.996,59.996,-0.0,unchanged
G_009_008,BUSSTOP_OUT::03011,FULLERTON SQ,cbd_bus,CBD-bound,Cbd Bus,46.395,42.486,3.909,improved
G_009_008,BUSSTOP_OUT::03019,OUE BAYFRONT,cbd_bus,CBD-bound,Cbd Bus,46.496,45.877,0.619,improved
G_009_008,BUSSTOP_OUT::03021,PRUDENTIAL TWR,cbd_bus,CBD-bound,Cbd Bus,44.159,40.25,3.909,improved
G_009_008,BUSSTOP_OUT::03031,RAFFLES PL STN EXIT F,cbd_bus,CBD-bound,Cbd Bus,44.532,40.995,3.537,improved
G_009_008,BUSSTOP_OUT::03041,TELOK AYER STN EXIT A,cbd_bus,CBD-bound,Cbd Bus,44.159,40.25,3.909,improved
G_009_008,BUSSTOP_OUT::03059,ONE RAFFLES QUAY,cbd_bus,CBD-bound,Cbd Bus,45.023,45.023,-0.0,unchanged
G_009_008,BUSSTOP_OUT::03071,OPP SO SOFITEL S'PORE,cbd_bus,CBD-bound,Cbd Bus,43.414,39.877,3.537,improved
G_009_008,BUSSTOP_OUT::03111,AFT CAPITAL TWR,cbd_bus,CBD-bound,Cbd Bus,42.296,38.759,3.537,improved
G_009_008,BUSSTOP_OUT::03129,UIC BLDG,cbd_bus,CBD-bound,Cbd Bus,42.296,42.296,-0.0,unchanged
G_009_008,BUSSTOP_OUT::03151,AFT TELOK AYER ST,cbd_bus,CBD-bound,Cbd Bus,42.296,38.387,3.909,improved
G_009_008,BUSSTOP_OUT::03217,AFT STRAITS BLVD,cbd_bus,CBD-bound,Cbd Bus,42.296,36.896,5.4,improved
G_009_008,BUSSTOP_OUT::03218,OPP MAS BLDG,cbd_bus,CBD-bound,Cbd Bus,42.296,36.896,5.4,improved
G_009_008,BUSSTOP_OUT::03222,HUB SYNERGY PT,cbd_bus,CBD-bound,Cbd Bus,42.296,36.896,5.4,improved
G_009_008,BUSSTOP_OUT::03223,TANJONG PAGAR STN EXIT C,cbd_bus,CBD-bound,Cbd Bus,42.296,36.896,5.4,improved
G_009_008,BUSSTOP_OUT::03239,SHENTON WAY TER,cbd_bus,CBD-bound,Cbd Bus,42.296,36.896,5.4,improved
G_009_008,BUSSTOP_OUT::03241,MAPLETREE ANSON,cbd_bus,CBD-bound,Cbd Bus,42.296,36.896,5.4,improved
G_009_008,BUSSTOP_OUT::03381,THE SAIL,cbd_bus,CBD-bound,Cbd Bus,45.65,41.741,3.909,improved
G_009_008,BUSSTOP_OUT::03391,MARINA BAY FINANCIAL CTR,cbd_bus,CBD-bound,Cbd Bus,46.395,42.486,3.909,improved
G_009_008,BUSSTOP_OUT::03501,MARINA BAY SANDS THEATRE,cbd_bus,CBD-bound,Cbd Bus,49.496,42.096,7.4,improved
G_009_008,BUSSTOP_OUT::03509,BAYFRONT STN EXIT B/MBS,cbd_bus,CBD-bound,Cbd Bus,49.496,42.096,7.4,improved
G_009_008,BUSSTOP_OUT::03511,AFT BAYFRONT STN EXIT E,cbd_bus,CBD-bound,Cbd Bus,49.004,42.096,6.908,improved
G_009_008,BUSSTOP_OUT::03519,BAYFRONT STN EXIT A,cbd_bus,CBD-bound,Cbd Bus,49.496,42.096,7.4,improved
G_009_008,BUSSTOP_OUT::03529,DOWNTOWN STN,cbd_bus,CBD-bound,Cbd Bus,45.696,42.587,3.109,improved
G_009_008,BUSSTOP_OUT::03539,Marina Bay Stn,cbd_bus,CBD-bound,Cbd Bus,46.696,41.096,5.6,improved
G_009_008,BUSSTOP_OUT::05269,MAXWELL RD FC,cbd_bus,CBD-bound,Cbd Bus,44.359,44.359,-0.0,unchanged
G_009_008,BUSSTOP_OUT::05319,OCBC CTR,cbd_bus,CBD-bound,Cbd Bus,42.787,42.787,-0.0,unchanged
G_009_008,BUSSTOP_OUT::05411,TG PAGAR PLAZA,cbd_bus,CBD-bound,Cbd Bus,42.296,37.131,5.165,improved
G_009_008,BUSSTOP_OUT::05419,THE AMARA,cbd_bus,CBD-bound,Cbd Bus,43.414,43.414,-0.0,unchanged
G_009_008,BUSSTOP_OUT::05431,TOWER 15,cbd_bus,CBD-bound,Cbd Bus,44.159,44.159,-0.0,unchanged
G_009_008,BUSSTOP_OUT::05629,OPP STH PT,cbd_bus,CBD-bound,Cbd Bus,42.785,35.641,7.144,improved
G_009_008,BUSSTOP_OUT::05651,OPP FUJI XEROX TWRS,cbd_bus,CBD-bound,Cbd Bus,43.158,36.386,6.772,improved
G_009_008,MRTHUB::Bayfront,Bayfront,cbd_mrt,CBD-bound,Cbd Mrt,39.196,31.796,7.4,improved
G_009_008,MRTHUB::Downtown,Downtown,cbd_mrt,CBD-bound,Cbd Mrt,36.396,34.996,1.4,improved
G_009_008,MRTHUB::Marina_Bay,Marina Bay,cbd_mrt,CBD-bound,Cbd Mrt,38.596,30.796,7.8,improved
G_009_008,MRTHUB::Maxwell,Maxwell,cbd_mrt,CBD-bound,Cbd Mrt,34.396,34.396,-0.0,unchanged
G_009_008,MRTHUB::Raffles_Place,Raffles Place,cbd_mrt,CBD-bound,Cbd Mrt,36.196,36.196,-0.0,unchanged
G_009_008,MRTHUB::Shenton_Way,Shenton Way,cbd_mrt,CBD-bound,Cbd Mrt,35.396,33.996,1.4,improved
G_009_008,MRTHUB::Tanjong_Pagar,Tanjong Pagar,cbd_mrt,CBD-bound,Cbd Mrt,31.996,31.996,-0.0,unchanged
G_009_009,BUSSTOP_OUT::95011,AFT AIRCRAFT FLYOVER,airport_bus,Airport-bound,Airport Bus,85.011,85.011,-0.0,unchanged
G_009_009,BUSSTOP_OUT::95019,AFT CHANGI AIRPORT TER 2,airport_bus,Airport-bound,Airport Bus,73.568,73.568,-0.0,unchanged
G_009_009,BUSSTOP_OUT::95029,CHANGI AIRPORT TER 1,airport_bus,Airport-bound,Airport Bus,72.822,72.822,-0.0,unchanged
G_009_009,BUSSTOP_OUT::95109,CHANGI AIRPORT TER 3,airport_bus,Airport-bound,Airport Bus,69.841,69.841,-0.0,unchanged
G_009_009,BUSSTOP_OUT::95129,CHANGI AIRPORT TER 2,airport_bus,Airport-bound,Airport Bus,69.841,69.841,-0.0,unchanged
G_009_009,BUSSTOP_OUT::95151,AIRPORT POLICE STN,airport_bus,Airport-bound,Airport Bus,83.148,83.148,-0.0,unchanged
G_009_009,BUSSTOP_OUT::95159,NEAR SATS FLIGHT KITCHEN,airport_bus,Airport-bound,Airport Bus,76.549,76.549,-0.0,unchanged
G_009_009,BUSSTOP_OUT::95209,CHANGI AIRPORT TER 4,airport_bus,Airport-bound,Airport Bus,79.531,79.531,-0.0,unchanged
G_009_009,MRTHUB::Changi_Airport,Changi Airport,airport_mrt,Airport-bound,Airport Mrt,59.541,59.541,-0.0,unchanged
G_009_009,BUSSTOP_OUT::03011,FULLERTON SQ,cbd_bus,CBD-bound,Cbd Bus,45.94,42.031,3.909,improved
G_009_009,BUSSTOP_OUT::03019,OUE BAYFRONT,cbd_bus,CBD-bound,Cbd Bus,46.041,45.422,0.619,improved
G_009_009,BUSSTOP_OUT::03021,PRUDENTIAL TWR,cbd_bus,CBD-bound,Cbd Bus,43.704,39.795,3.909,improved
G_009_009,BUSSTOP_OUT::03031,RAFFLES PL STN EXIT F,cbd_bus,CBD-bound,Cbd Bus,44.077,40.54,3.537,improved
G_009_009,BUSSTOP_OUT::03041,TELOK AYER STN EXIT A,cbd_bus,CBD-bound,Cbd Bus,43.704,39.795,3.909,improved
G_009_009,BUSSTOP_OUT::03059,ONE RAFFLES QUAY,cbd_bus,CBD-bound,Cbd Bus,44.568,44.568,-0.0,unchanged
G_009_009,BUSSTOP_OUT::03071,OPP SO SOFITEL S'PORE,cbd_bus,CBD-bound,Cbd Bus,42.959,39.422,3.537,improved
G_009_009,BUSSTOP_OUT::03111,AFT CAPITAL TWR,cbd_bus,CBD-bound,Cbd Bus,41.841,38.304,3.537,improved
G_009_009,BUSSTOP_OUT::03129,UIC BLDG,cbd_bus,CBD-bound,Cbd Bus,41.841,41.841,-0.0,unchanged
G_009_009,BUSSTOP_OUT::03151,AFT TELOK AYER ST,cbd_bus,CBD-bound,Cbd Bus,41.841,37.932,3.909,improved
G_009_009,BUSSTOP_OUT::03217,AFT STRAITS BLVD,cbd_bus,CBD-bound,Cbd Bus,41.841,36.441,5.4,improved
G_009_009,BUSSTOP_OUT::03218,OPP MAS BLDG,cbd_bus,CBD-bound,Cbd Bus,41.841,36.441,5.4,improved
G_009_009,BUSSTOP_OUT::03222,HUB SYNERGY PT,cbd_bus,CBD-bound,Cbd Bus,41.841,36.441,5.4,improved
G_009_009,BUSSTOP_OUT::03223,TANJONG PAGAR STN EXIT C,cbd_bus,CBD-bound,Cbd Bus,41.841,36.441,5.4,improved
G_009_009,BUSSTOP_OUT::03239,SHENTON WAY TER,cbd_bus,CBD-bound,Cbd Bus,41.841,36.441,5.4,improved
G_009_009,BUSSTOP_OUT::03241,MAPLETREE ANSON,cbd_bus,CBD-bound,Cbd Bus,41.841,36.441,5.4,improved
G_009_009,BUSSTOP_OUT::03381,THE SAIL,cbd_bus,CBD-bound,Cbd Bus,45.195,41.286,3.909,improved
G_009_009,BUSSTOP_OUT::03391,MARINA BAY FINANCIAL CTR,cbd_bus,CBD-bound,Cbd Bus,45.94,42.031,3.909,improved
G_009_009,BUSSTOP_OUT::03501,MARINA BAY SANDS THEATRE,cbd_bus,CBD-bound,Cbd Bus,49.041,41.641,7.4,improved
G_009_009,BUSSTOP_OUT::03509,BAYFRONT STN EXIT B/MBS,cbd_bus,CBD-bound,Cbd Bus,49.041,41.641,7.4,improved
G_009_009,BUSSTOP_OUT::03511,AFT BAYFRONT STN EXIT E,cbd_bus,CBD-bound,Cbd Bus,48.549,41.641,6.908,improved
G_009_009,BUSSTOP_OUT::03519,BAYFRONT STN EXIT A,cbd_bus,CBD-bound,Cbd Bus,49.041,41.641,7.4,improved
G_009_009,BUSSTOP_OUT::03529,DOWNTOWN STN,cbd_bus,CBD-bound,Cbd Bus,45.241,42.132,3.109,improved
G_009_009,BUSSTOP_OUT::03539,Marina Bay Stn,cbd_bus,CBD-bound,Cbd Bus,46.241,40.641,5.6,improved
G_009_009,BUSSTOP_OUT::05269,MAXWELL RD FC,cbd_bus,CBD-bound,Cbd Bus,43.904,43.904,-0.0,unchanged
G_009_009,BUSSTOP_OUT::05319,OCBC CTR,cbd_bus,CBD-bound,Cbd Bus,42.332,42.332,-0.0,unchanged
G_009_009,BUSSTOP_OUT::05411,TG PAGAR PLAZA,cbd_bus,CBD-bound,Cbd Bus,41.841,36.676,5.165,improved
G_009_009,BUSSTOP_OUT::05419,THE AMARA,cbd_bus,CBD-bound,Cbd Bus,42.959,42.959,-0.0,unchanged
G_009_009,BUSSTOP_OUT::05431,TOWER 15,cbd_bus,CBD-bound,Cbd Bus,43.704,43.704,-0.0,unchanged
G_009_009,BUSSTOP_OUT::05629,OPP STH PT,cbd_bus,CBD-bound,Cbd Bus,42.33,35.186,7.144,improved
G_009_009,BUSSTOP_OUT::05651,OPP FUJI XEROX TWRS,cbd_bus,CBD-bound,Cbd Bus,42.703,35.931,6.772,improved
G_009_009,MRTHUB::Bayfront,Bayfront,cbd_mrt,CBD-bound,Cbd Mrt,38.741,31.341,7.4,improved
G_009_009,MRTHUB::Downtown,Downtown,cbd_mrt,CBD-bound,Cbd Mrt,35.941,34.541,1.4,improved
G_009_009,MRTHUB::Marina_Bay,Marina Bay,cbd_mrt,CBD-bound,Cbd Mrt,38.141,30.341,7.8,improved
G_009_009,MRTHUB::Maxwell,Maxwell,cbd_mrt,CBD-bound,Cbd Mrt,33.941,33.941,-0.0,unchanged
G_009_009,MRTHUB::Raffles_Place,Raffles Place,cbd_mrt,CBD-bound,Cbd Mrt,35.741,35.741,-0.0,unchanged
G_009_009,MRTHUB::Shenton_Way,Shenton Way,cbd_mrt,CBD-bound,Cbd Mrt,34.941,33.541,1.4,improved
G_009_009,MRTHUB::Tanjong_Pagar,Tanjong Pagar,cbd_mrt,CBD-bound,Cbd Mrt,31.541,31.541,-0.0,unchanged
G_009_010,BUSSTOP_OUT::95011,AFT AIRCRAFT FLYOVER,airport_bus,Airport-bound,Airport Bus,81.908,81.508,0.4,improved
G_009_010,BUSSTOP_OUT::95019,AFT CHANGI AIRPORT TER 2,airport_bus,Airport-bound,Airport Bus,71.629,70.229,1.4,improved
G_009_010,BUSSTOP_OUT::95029,CHANGI AIRPORT TER 1,airport_bus,Airport-bound,Airport Bus,70.883,69.483,1.4,improved
G_009_010,BUSSTOP_OUT::95109,CHANGI AIRPORT TER 3,airport_bus,Airport-bound,Airport Bus,67.902,66.502,1.4,improved
G_009_010,BUSSTOP_OUT::95129,CHANGI AIRPORT TER 2,airport_bus,Airport-bound,Airport Bus,67.902,66.502,1.4,improved
G_009_010,BUSSTOP_OUT::95151,AIRPORT POLICE STN,airport_bus,Airport-bound,Airport Bus,80.045,79.645,0.4,improved
G_009_010,BUSSTOP_OUT::95159,NEAR SATS FLIGHT KITCHEN,airport_bus,Airport-bound,Airport Bus,74.61,73.21,1.4,improved
G_009_010,BUSSTOP_OUT::95209,CHANGI AIRPORT TER 4,airport_bus,Airport-bound,Airport Bus,77.592,76.192,1.4,improved
G_009_010,MRTHUB::Changi_Airport,Changi Airport,airport_mrt,Airport-bound,Airport Mrt,57.602,56.202,1.4,improved
G_009_010,BUSSTOP_OUT::03011,FULLERTON SQ,cbd_bus,CBD-bound,Cbd Bus,43.138,37.692,5.446,improved
G_009_010,BUSSTOP_OUT::03019,OUE BAYFRONT,cbd_bus,CBD-bound,Cbd Bus,44.102,41.083,3.019,improved
G_009_010,BUSSTOP_OUT::03021,PRUDENTIAL TWR,cbd_bus,CBD-bound,Cbd Bus,40.902,35.456,5.446,improved
G_009_010,BUSSTOP_OUT::03031,RAFFLES PL STN EXIT F,cbd_bus,CBD-bound,Cbd Bus,40.902,36.201,4.701,improved
G_009_010,BUSSTOP_OUT::03041,TELOK AYER STN EXIT A,cbd_bus,CBD-bound,Cbd Bus,40.902,35.456,5.446,improved
G_009_010,BUSSTOP_OUT::03059,ONE RAFFLES QUAY,cbd_bus,CBD-bound,Cbd Bus,40.229,40.229,-0.0,unchanged
G_009_010,BUSSTOP_OUT::03071,OPP SO SOFITEL S'PORE,cbd_bus,CBD-bound,Cbd Bus,40.902,35.083,5.819,improved
G_009_010,BUSSTOP_OUT::03111,AFT CAPITAL TWR,cbd_bus,CBD-bound,Cbd Bus,39.902,33.965,5.937,improved
G_009_010,BUSSTOP_OUT::03129,UIC BLDG,cbd_bus,CBD-bound,Cbd Bus,39.902,39.502,0.4,improved
G_009_010,BUSSTOP_OUT::03151,AFT TELOK AYER ST,cbd_bus,CBD-bound,Cbd Bus,39.902,33.593,6.309,improved
G_009_010,BUSSTOP_OUT::03217,AFT STRAITS BLVD,cbd_bus,CBD-bound,Cbd Bus,39.902,32.102,7.8,improved
G_009_010,BUSSTOP_OUT::03218,OPP MAS BLDG,cbd_bus,CBD-bound,Cbd Bus,39.902,32.102,7.8,improved
G_009_010,BUSSTOP_OUT::03222,HUB SYNERGY PT,cbd_bus,CBD-bound,Cbd Bus,39.11,32.102,7.008,improved
G_009_010,BUSSTOP_OUT::03223,TANJONG PAGAR STN EXIT C,cbd_bus,CBD-bound,Cbd Bus,39.902,32.102,7.8,improved
G_009_010,BUSSTOP_OUT::03239,SHENTON WAY TER,cbd_bus,CBD-bound,Cbd Bus,39.902,32.102,7.8,improved
G_009_010,BUSSTOP_OUT::03241,MAPLETREE ANSON,cbd_bus,CBD-bound,Cbd Bus,39.902,32.102,7.8,improved
G_009_010,BUSSTOP_OUT::03381,THE SAIL,cbd_bus,CBD-bound,Cbd Bus,41.902,36.947,4.955,improved
G_009_010,BUSSTOP_OUT::03391,MARINA BAY FINANCIAL CTR,cbd_bus,CBD-bound,Cbd Bus,41.902,37.692,4.21,improved
G_009_010,BUSSTOP_OUT::03501,MARINA BAY SANDS THEATRE,cbd_bus,CBD-bound,Cbd Bus,45.102,37.302,7.8,improved
G_009_010,BUSSTOP_OUT::03509,BAYFRONT STN EXIT B/MBS,cbd_bus,CBD-bound,Cbd Bus,45.102,37.302,7.8,improved
G_009_010,BUSSTOP_OUT::03511,AFT BAYFRONT STN EXIT E,cbd_bus,CBD-bound,Cbd Bus,44.511,37.302,7.209,improved
G_009_010,BUSSTOP_OUT::03519,BAYFRONT STN EXIT A,cbd_bus,CBD-bound,Cbd Bus,45.102,37.302,7.8,improved
G_009_010,BUSSTOP_OUT::03529,DOWNTOWN STN,cbd_bus,CBD-bound,Cbd Bus,40.902,37.793,3.109,improved
G_009_010,BUSSTOP_OUT::03539,Marina Bay Stn,cbd_bus,CBD-bound,Cbd Bus,41.902,36.302,5.6,improved
G_009_010,BUSSTOP_OUT::05269,MAXWELL RD FC,cbd_bus,CBD-bound,Cbd Bus,39.565,39.565,-0.0,unchanged
G_009_010,BUSSTOP_OUT::05319,OCBC CTR,cbd_bus,CBD-bound,Cbd Bus,37.993,37.993,-0.0,unchanged
G_009_010,BUSSTOP_OUT::05411,TG PAGAR PLAZA,cbd_bus,CBD-bound,Cbd Bus,39.109,32.337,6.772,improved
G_009_010,BUSSTOP_OUT::05419,THE AMARA,cbd_bus,CBD-bound,Cbd Bus,41.02,41.02,-0.0,unchanged
G_009_010,BUSSTOP_OUT::05431,TOWER 15,cbd_bus,CBD-bound,Cbd Bus,41.765,41.765,-0.0,unchanged
G_009_010,BUSSTOP_OUT::05629,OPP STH PT,cbd_bus,CBD-bound,Cbd Bus,37.991,30.847,7.144,improved
G_009_010,BUSSTOP_OUT::05651,OPP FUJI XEROX TWRS,cbd_bus,CBD-bound,Cbd Bus,38.364,31.592,6.772,improved
G_009_010,MRTHUB::Bayfront,Bayfront,cbd_mrt,CBD-bound,Cbd Mrt,34.802,27.002,7.8,improved
G_009_010,MRTHUB::Downtown,Downtown,cbd_mrt,CBD-bound,Cbd Mrt,31.602,30.202,1.4,improved
G_009_010,MRTHUB::Marina_Bay,Marina Bay,cbd_mrt,CBD-bound,Cbd Mrt,33.802,26.002,7.8,improved
G_009_010,MRTHUB::Maxwell,Maxwell,cbd_mrt,CBD-bound,Cbd Mrt,29.602,29.602,-0.0,unchanged
G_009_010,MRTHUB::Raffles_Place,Raffles Place,cbd_mrt,CBD-bound,Cbd Mrt,33.802,31.402,2.4,improved
G_009_010,MRTHUB::Shenton_Way,Shenton Way,cbd_mrt,CBD-bound,Cbd Mrt,30.602,29.202,1.4,improved
G_009_010,MRTHUB::Tanjong_Pagar,Tanjong Pagar,cbd_mrt,CBD-bound,Cbd Mrt,29.602,29.602,-0.0,unchanged
G_009_011,BUSSTOP_OUT::95011,AFT AIRCRAFT FLYOVER,airport_bus,Airport-bound,Airport Bus,78.924,78.524,0.4,improved
G_009_011,BUSSTOP_OUT::95019,AFT CHANGI AIRPORT TER 2,airport_bus,Airport-bound,Airport Bus,68.645,67.245,1.4,improved
G_009_011,BUSSTOP_OUT::95029,CHANGI AIRPORT TER 1,airport_bus,Airport-bound,Airport Bus,67.899,66.499,1.4,improved
G_009_011,BUSSTOP_OUT::95109,CHANGI AIRPORT TER 3,airport_bus,Airport-bound,Airport Bus,64.918,63.518,1.4,improved
G_009_011,BUSSTOP_OUT::95129,CHANGI AIRPORT TER 2,airport_bus,Airport-bound,Airport Bus,64.918,63.518,1.4,improved
G_009_011,BUSSTOP_OUT::95151,AIRPORT POLICE STN,airport_bus,Airport-bound,Airport Bus,77.061,76.661,0.4,improved
G_009_011,BUSSTOP_OUT::95159,NEAR SATS FLIGHT KITCHEN,airport_bus,Airport-bound,Airport Bus,71.626,70.226,1.4,improved
G_009_011,BUSSTOP_OUT::95209,CHANGI AIRPORT TER 4,airport_bus,Airport-bound,Airport Bus,74.608,73.208,1.4,improved
G_009_011,MRTHUB::Changi_Airport,Changi Airport,airport_mrt,Airport-bound,Airport Mrt,54.618,53.218,1.4,improved
G_009_011,BUSSTOP_OUT::03011,FULLERTON SQ,cbd_bus,CBD-bound,Cbd Bus,36.907,34.708,2.199,improved
G_009_011,BUSSTOP_OUT::03019,OUE BAYFRONT,cbd_bus,CBD-bound,Cbd Bus,41.118,38.099,3.019,improved
G_009_011,BUSSTOP_OUT::03021,PRUDENTIAL TWR,cbd_bus,CBD-bound,Cbd Bus,37.918,32.472,5.446,improved
G_009_011,BUSSTOP_OUT::03031,RAFFLES PL STN EXIT F,cbd_bus,CBD-bound,Cbd Bus,34.671,33.217,1.454,improved
G_009_011,BUSSTOP_OUT::03041,TELOK AYER STN EXIT A,cbd_bus,CBD-bound,Cbd Bus,37.918,32.472,5.446,improved
G_009_011,BUSSTOP_OUT::03059,ONE RAFFLES QUAY,cbd_bus,CBD-bound,Cbd Bus,37.245,37.245,-0.0,unchanged
G_009_011,BUSSTOP_OUT::03071,OPP SO SOFITEL S'PORE,cbd_bus,CBD-bound,Cbd Bus,33.553,32.099,1.454,improved
G_009_011,BUSSTOP_OUT::03111,AFT CAPITAL TWR,cbd_bus,CBD-bound,Cbd Bus,32.435,30.981,1.454,improved
G_009_011,BUSSTOP_OUT::03129,UIC BLDG,cbd_bus,CBD-bound,Cbd Bus,36.918,36.518,0.4,improved
G_009_011,BUSSTOP_OUT::03151,AFT TELOK AYER ST,cbd_bus,CBD-bound,Cbd Bus,36.918,30.609,6.309,improved
G_009_011,BUSSTOP_OUT::03217,AFT STRAITS BLVD,cbd_bus,CBD-bound,Cbd Bus,36.918,29.118,7.8,improved
G_009_011,BUSSTOP_OUT::03218,OPP MAS BLDG,cbd_bus,CBD-bound,Cbd Bus,36.918,29.118,7.8,improved
G_009_011,BUSSTOP_OUT::03222,HUB SYNERGY PT,cbd_bus,CBD-bound,Cbd Bus,29.826,29.118,0.708,improved
G_009_011,BUSSTOP_OUT::03223,TANJONG PAGAR STN EXIT C,cbd_bus,CBD-bound,Cbd Bus,36.918,29.118,7.8,improved
G_009_011,BUSSTOP_OUT::03239,SHENTON WAY TER,cbd_bus,CBD-bound,Cbd Bus,36.918,29.118,7.8,improved
G_009_011,BUSSTOP_OUT::03241,MAPLETREE ANSON,cbd_bus,CBD-bound,Cbd Bus,36.918,29.118,7.8,improved
G_009_011,BUSSTOP_OUT::03381,THE SAIL,cbd_bus,CBD-bound,Cbd Bus,38.918,33.963,4.955,improved
G_009_011,BUSSTOP_OUT::03391,MARINA BAY FINANCIAL CTR,cbd_bus,CBD-bound,Cbd Bus,38.918,34.708,4.21,improved
G_009_011,BUSSTOP_OUT::03501,MARINA BAY SANDS THEATRE,cbd_bus,CBD-bound,Cbd Bus,42.118,34.318,7.8,improved
G_009_011,BUSSTOP_OUT::03509,BAYFRONT STN EXIT B/MBS,cbd_bus,CBD-bound,Cbd Bus,42.118,34.318,7.8,improved
G_009_011,BUSSTOP_OUT::03511,AFT BAYFRONT STN EXIT E,cbd_bus,CBD-bound,Cbd Bus,41.527,34.318,7.209,improved
G_009_011,BUSSTOP_OUT::03519,BAYFRONT STN EXIT A,cbd_bus,CBD-bound,Cbd Bus,42.118,34.318,7.8,improved
G_009_011,BUSSTOP_OUT::03529,DOWNTOWN STN,cbd_bus,CBD-bound,Cbd Bus,37.918,34.809,3.109,improved
G_009_011,BUSSTOP_OUT::03539,Marina Bay Stn,cbd_bus,CBD-bound,Cbd Bus,38.918,33.318,5.6,improved
G_009_011,BUSSTOP_OUT::05269,MAXWELL RD FC,cbd_bus,CBD-bound,Cbd Bus,36.581,36.581,-0.0,unchanged
G_009_011,BUSSTOP_OUT::05319,OCBC CTR,cbd_bus,CBD-bound,Cbd Bus,35.009,35.009,-0.0,unchanged
G_009_011,BUSSTOP_OUT::05411,TG PAGAR PLAZA,cbd_bus,CBD-bound,Cbd Bus,36.125,29.353,6.772,improved
G_009_011,BUSSTOP_OUT::05419,THE AMARA,cbd_bus,CBD-bound,Cbd Bus,38.036,38.036,-0.0,unchanged
G_009_011,BUSSTOP_OUT::05431,TOWER 15,cbd_bus,CBD-bound,Cbd Bus,38.781,38.781,-0.0,unchanged
G_009_011,BUSSTOP_OUT::05629,OPP STH PT,cbd_bus,CBD-bound,Cbd Bus,35.007,27.863,7.144,improved
G_009_011,BUSSTOP_OUT::05651,OPP FUJI XEROX TWRS,cbd_bus,CBD-bound,Cbd Bus,35.38,28.608,6.772,improved
G_009_011,MRTHUB::Bayfront,Bayfront,cbd_mrt,CBD-bound,Cbd Mrt,31.818,24.018,7.8,improved
G_009_011,MRTHUB::Downtown,Downtown,cbd_mrt,CBD-bound,Cbd Mrt,28.618,27.218,1.4,improved
G_009_011,MRTHUB::Marina_Bay,Marina Bay,cbd_mrt,CBD-bound,Cbd Mrt,30.818,23.018,7.8,improved
G_009_011,MRTHUB::Maxwell,Maxwell,cbd_mrt,CBD-bound,Cbd Mrt,26.618,26.618,-0.0,unchanged
G_009_011,MRTHUB::Raffles_Place,Raffles Place,cbd_mrt,CBD-bound,Cbd Mrt,30.818,28.418,2.4,improved
G_009_011,MRTHUB::Shenton_Way,Shenton Way,cbd_mrt,CBD-bound,Cbd Mrt,27.618,26.218,1.4,improved
G_009_011,MRTHUB::Tanjong_Pagar,Tanjong Pagar,cbd_mrt,CBD-bound,Cbd Mrt,26.618,26.618,-0.0,unchanged
G_009_012,BUSSTOP_OUT::95011,AFT AIRCRAFT FLYOVER,airport_bus,Airport-bound,Airport Bus,75.93,75.53,0.4,improved
G_009_012,BUSSTOP_OUT::95019,AFT CHANGI AIRPORT TER 2,airport_bus,Airport-bound,Airport Bus,65.651,64.251,1.4,improved
G_009_012,BUSSTOP_OUT::95029,CHANGI AIRPORT TER 1,airport_bus,Airport-bound,Airport Bus,64.905,63.505,1.4,improved
G_009_012,BUSSTOP_OUT::95109,CHANGI AIRPORT TER 3,airport_bus,Airport-bound,Airport Bus,61.924,60.524,1.4,improved
G_009_012,BUSSTOP_OUT::95129,CHANGI AIRPORT TER 2,airport_bus,Airport-bound,Airport Bus,61.924,60.524,1.4,improved
G_009_012,BUSSTOP_OUT::95151,AIRPORT POLICE STN,airport_bus,Airport-bound,Airport Bus,74.067,73.667,0.4,improved
G_009_012,BUSSTOP_OUT::95159,NEAR SATS FLIGHT KITCHEN,airport_bus,Airport-bound,Airport Bus,68.632,67.232,1.4,improved
G_009_012,BUSSTOP_OUT::95209,CHANGI AIRPORT TER 4,airport_bus,Airport-bound,Airport Bus,71.614,70.214,1.4,improved
G_009_012,MRTHUB::Changi_Airport,Changi Airport,airport_mrt,Airport-bound,Airport Mrt,51.624,50.224,1.4,improved
G_009_012,BUSSTOP_OUT::03011,FULLERTON SQ,cbd_bus,CBD-bound,Cbd Bus,34.107,31.714,2.393,improved
G_009_012,BUSSTOP_OUT::03019,OUE BAYFRONT,cbd_bus,CBD-bound,Cbd Bus,38.124,35.105,3.019,improved
G_009_012,BUSSTOP_OUT::03021,PRUDENTIAL TWR,cbd_bus,CBD-bound,Cbd Bus,34.924,29.478,5.446,improved
G_009_012,BUSSTOP_OUT::03031,RAFFLES PL STN EXIT F,cbd_bus,CBD-bound,Cbd Bus,31.871,30.223,1.648,improved
G_009_012,BUSSTOP_OUT::03041,TELOK AYER STN EXIT A,cbd_bus,CBD-bound,Cbd Bus,34.924,29.478,5.446,improved
G_009_012,BUSSTOP_OUT::03059,ONE RAFFLES QUAY,cbd_bus,CBD-bound,Cbd Bus,34.251,34.251,-0.0,unchanged
G_009_012,BUSSTOP_OUT::03071,OPP SO SOFITEL S'PORE,cbd_bus,CBD-bound,Cbd Bus,30.753,29.105,1.648,improved
G_009_012,BUSSTOP_OUT::03111,AFT CAPITAL TWR,cbd_bus,CBD-bound,Cbd Bus,29.635,27.987,1.648,improved
G_009_012,BUSSTOP_OUT::03129,UIC BLDG,cbd_bus,CBD-bound,Cbd Bus,33.924,33.524,0.4,improved
G_009_012,BUSSTOP_OUT::03151,AFT TELOK AYER ST,cbd_bus,CBD-bound,Cbd Bus,33.924,27.615,6.309,improved
G_009_012,BUSSTOP_OUT::03217,AFT STRAITS BLVD,cbd_bus,CBD-bound,Cbd Bus,33.924,26.124,7.8,improved
G_009_012,BUSSTOP_OUT::03218,OPP MAS BLDG,cbd_bus,CBD-bound,Cbd Bus,33.924,26.124,7.8,improved
G_009_012,BUSSTOP_OUT::03222,HUB SYNERGY PT,cbd_bus,CBD-bound,Cbd Bus,27.026,26.124,0.902,improved
G_009_012,BUSSTOP_OUT::03223,TANJONG PAGAR STN EXIT C,cbd_bus,CBD-bound,Cbd Bus,33.924,26.124,7.8,improved
G_009_012,BUSSTOP_OUT::03239,SHENTON WAY TER,cbd_bus,CBD-bound,Cbd Bus,33.924,26.124,7.8,improved
G_009_012,BUSSTOP_OUT::03241,MAPLETREE ANSON,cbd_bus,CBD-bound,Cbd Bus,33.924,26.124,7.8,improved
G_009_012,BUSSTOP_OUT::03381,THE SAIL,cbd_bus,CBD-bound,Cbd Bus,35.924,30.969,4.955,improved
G_009_012,BUSSTOP_OUT::03391,MARINA BAY FINANCIAL CTR,cbd_bus,CBD-bound,Cbd Bus,35.924,31.714,4.21,improved
G_009_012,BUSSTOP_OUT::03501,MARINA BAY SANDS THEATRE,cbd_bus,CBD-bound,Cbd Bus,39.124,31.324,7.8,improved
G_009_012,BUSSTOP_OUT::03509,BAYFRONT STN EXIT B/MBS,cbd_bus,CBD-bound,Cbd Bus,39.124,31.324,7.8,improved
G_009_012,BUSSTOP_OUT::03511,AFT BAYFRONT STN EXIT E,cbd_bus,CBD-bound,Cbd Bus,38.533,31.324,7.209,improved
G_009_012,BUSSTOP_OUT::03519,BAYFRONT STN EXIT A,cbd_bus,CBD-bound,Cbd Bus,39.124,31.324,7.8,improved
G_009_012,BUSSTOP_OUT::03529,DOWNTOWN STN,cbd_bus,CBD-bound,Cbd Bus,34.924,31.815,3.109,improved
G_009_012,BUSSTOP_OUT::03539,Marina Bay Stn,cbd_bus,CBD-bound,Cbd Bus,35.924,30.324,5.6,improved
G_009_012,BUSSTOP_OUT::05269,MAXWELL RD FC,cbd_bus,CBD-bound,Cbd Bus,33.587,33.587,-0.0,unchanged
G_009_012,BUSSTOP_OUT::05319,OCBC CTR,cbd_bus,CBD-bound,Cbd Bus,32.015,32.015,-0.0,unchanged
G_009_012,BUSSTOP_OUT::05411,TG PAGAR PLAZA,cbd_bus,CBD-bound,Cbd Bus,33.131,26.359,6.772,improved
G_009_012,BUSSTOP_OUT::05419,THE AMARA,cbd_bus,CBD-bound,Cbd Bus,35.042,35.042,-0.0,unchanged
G_009_012,BUSSTOP_OUT::05431,TOWER 15,cbd_bus,CBD-bound,Cbd Bus,35.787,35.787,-0.0,unchanged
G_009_012,BUSSTOP_OUT::05629,OPP STH PT,cbd_bus,CBD-bound,Cbd Bus,32.013,24.869,7.144,improved
G_009_012,BUSSTOP_OUT::05651,OPP FUJI XEROX TWRS,cbd_bus,CBD-bound,Cbd Bus,32.386,25.614,6.772,improved
G_009_012,MRTHUB::Bayfront,Bayfront,cbd_mrt,CBD-bound,Cbd Mrt,28.824,21.024,7.8,improved
G_009_012,MRTHUB::Downtown,Downtown,cbd_mrt,CBD-bound,Cbd Mrt,25.624,24.224,1.4,improved
G_009_012,MRTHUB::Marina_Bay,Marina Bay,cbd_mrt,CBD-bound,Cbd Mrt,27.824,20.024,7.8,improved
G_009_012,MRTHUB::Maxwell,Maxwell,cbd_mrt,CBD-bound,Cbd Mrt,23.624,23.624,-0.0,unchanged
G_009_012,MRTHUB::Raffles_Place,Raffles Place,cbd_mrt,CBD-bound,Cbd Mrt,27.824,25.424,2.4,improved
G_009_012,MRTHUB::Shenton_Way,Shenton Way,cbd_mrt,CBD-bound,Cbd Mrt,24.624,23.224,1.4,improved
G_009_012,MRTHUB::Tanjong_Pagar,Tanjong Pagar,cbd_mrt,CBD-bound,Cbd Mrt,23.624,23.624,-0.0,unchanged
G_010_005,BUSSTOP_OUT::95011,AFT AIRCRAFT FLYOVER,airport_bus,Airport-bound,Airport Bus,81.979,81.979,-0.0,unchanged
G_010_005,BUSSTOP_OUT::95019,AFT CHANGI AIRPORT TER 2,airport_bus,Airport-bound,Airport Bus,70.536,70.536,-0.0,unchanged
G_010_005,BUSSTOP_OUT::95029,CHANGI AIRPORT TER 1,airport_bus,Airport-bound,Airport Bus,69.79,69.79,-0.0,unchanged
G_010_005,BUSSTOP_OUT::95109,CHANGI AIRPORT TER 3,airport_bus,Airport-bound,Airport Bus,66.809,66.809,-0.0,unchanged
G_010_005,BUSSTOP_OUT::95129,CHANGI AIRPORT TER 2,airport_bus,Airport-bound,Airport Bus,66.809,66.809,-0.0,unchanged
G_010_005,BUSSTOP_OUT::95151,AIRPORT POLICE STN,airport_bus,Airport-bound,Airport Bus,80.116,80.116,-0.0,unchanged
G_010_005,BUSSTOP_OUT::95159,NEAR SATS FLIGHT KITCHEN,airport_bus,Airport-bound,Airport Bus,73.517,73.517,-0.0,unchanged
G_010_005,BUSSTOP_OUT::95209,CHANGI AIRPORT TER 4,airport_bus,Airport-bound,Airport Bus,76.499,76.499,-0.0,unchanged
G_010_005,MRTHUB::Changi_Airport,Changi Airport,airport_mrt,Airport-bound,Airport Mrt,56.509,56.509,-0.0,unchanged
G_010_005,BUSSTOP_OUT::03011,FULLERTON SQ,cbd_bus,CBD-bound,Cbd Bus,42.908,42.908,-0.0,unchanged
G_010_005,BUSSTOP_OUT::03019,OUE BAYFRONT,cbd_bus,CBD-bound,Cbd Bus,43.009,43.009,-0.0,unchanged
G_010_005,BUSSTOP_OUT::03021,PRUDENTIAL TWR,cbd_bus,CBD-bound,Cbd Bus,40.672,40.672,-0.0,unchanged
G_010_005,BUSSTOP_OUT::03031,RAFFLES PL STN EXIT F,cbd_bus,CBD-bound,Cbd Bus,41.045,41.045,-0.0,unchanged
G_010_005,BUSSTOP_OUT::03041,TELOK AYER STN EXIT A,cbd_bus,CBD-bound,Cbd Bus,40.672,40.672,-0.0,unchanged
G_010_005,BUSSTOP_OUT::03059,ONE RAFFLES QUAY,cbd_bus,CBD-bound,Cbd Bus,40.228,40.228,-0.0,unchanged
G_010_005,BUSSTOP_OUT::03071,OPP SO SOFITEL S'PORE,cbd_bus,CBD-bound,Cbd Bus,38.716,38.716,-0.0,unchanged
G_010_005,BUSSTOP_OUT::03111,AFT CAPITAL TWR,cbd_bus,CBD-bound,Cbd Bus,37.598,37.598,-0.0,unchanged
G_010_005,BUSSTOP_OUT::03129,UIC BLDG,cbd_bus,CBD-bound,Cbd Bus,38.809,38.809,-0.0,unchanged
G_010_005,BUSSTOP_OUT::03151,AFT TELOK AYER ST,cbd_bus,CBD-bound,Cbd Bus,38.809,38.809,-0.0,unchanged
G_010_005,BUSSTOP_OUT::03217,AFT STRAITS BLVD,cbd_bus,CBD-bound,Cbd Bus,38.809,37.409,1.4,improved
G_010_005,BUSSTOP_OUT::03218,OPP MAS BLDG,cbd_bus,CBD-bound,Cbd Bus,38.809,37.409,1.4,improved
G_010_005,BUSSTOP_OUT::03222,HUB SYNERGY PT,cbd_bus,CBD-bound,Cbd Bus,34.989,34.989,-0.0,unchanged
G_010_005,BUSSTOP_OUT::03223,TANJONG PAGAR STN EXIT C,cbd_bus,CBD-bound,Cbd Bus,38.809,37.409,1.4,improved
G_010_005,BUSSTOP_OUT::03239,SHENTON WAY TER,cbd_bus,CBD-bound,Cbd Bus,38.809,37.409,1.4,improved
G_010_005,BUSSTOP_OUT::03241,MAPLETREE ANSON,cbd_bus,CBD-bound,Cbd Bus,38.809,37.409,1.4,improved
G_010_005,BUSSTOP_OUT::03381,THE SAIL,cbd_bus,CBD-bound,Cbd Bus,40.952,40.952,-0.0,unchanged
G_010_005,BUSSTOP_OUT::03391,MARINA BAY FINANCIAL CTR,cbd_bus,CBD-bound,Cbd Bus,41.697,41.697,-0.0,unchanged
G_010_005,BUSSTOP_OUT::03501,MARINA BAY SANDS THEATRE,cbd_bus,CBD-bound,Cbd Bus,45.797,42.609,3.188,improved
G_010_005,BUSSTOP_OUT::03509,BAYFRONT STN EXIT B/MBS,cbd_bus,CBD-bound,Cbd Bus,46.009,42.609,3.4,improved
G_010_005,BUSSTOP_OUT::03511,AFT BAYFRONT STN EXIT E,cbd_bus,CBD-bound,Cbd Bus,44.306,42.609,1.697,improved
G_010_005,BUSSTOP_OUT::03519,BAYFRONT STN EXIT A,cbd_bus,CBD-bound,Cbd Bus,46.009,42.609,3.4,improved
G_010_005,BUSSTOP_OUT::03529,DOWNTOWN STN,cbd_bus,CBD-bound,Cbd Bus,44.209,43.1,1.109,improved
G_010_005,BUSSTOP_OUT::03539,Marina Bay Stn,cbd_bus,CBD-bound,Cbd Bus,44.809,41.609,3.2,improved
G_010_005,BUSSTOP_OUT::05269,MAXWELL RD FC,cbd_bus,CBD-bound,Cbd Bus,43.209,43.209,-0.0,unchanged
G_010_005,BUSSTOP_OUT::05319,OCBC CTR,cbd_bus,CBD-bound,Cbd Bus,37.992,37.992,-0.0,unchanged
G_010_005,BUSSTOP_OUT::05411,TG PAGAR PLAZA,cbd_bus,CBD-bound,Cbd Bus,38.809,37.644,1.165,improved
G_010_005,BUSSTOP_OUT::05419,THE AMARA,cbd_bus,CBD-bound,Cbd Bus,39.927,39.927,-0.0,unchanged
G_010_005,BUSSTOP_OUT::05431,TOWER 15,cbd_bus,CBD-bound,Cbd Bus,40.672,40.672,-0.0,unchanged
G_010_005,BUSSTOP_OUT::05629,OPP STH PT,cbd_bus,CBD-bound,Cbd Bus,36.5,36.154,0.346,improved
G_010_005,BUSSTOP_OUT::05651,OPP FUJI XEROX TWRS,cbd_bus,CBD-bound,Cbd Bus,41.343,36.899,4.444,improved
G_010_005,MRTHUB::Bayfront,Bayfront,cbd_mrt,CBD-bound,Cbd Mrt,35.709,32.309,3.4,improved
G_010_005,MRTHUB::Downtown,Downtown,cbd_mrt,CBD-bound,Cbd Mrt,34.509,34.509,-0.0,unchanged
G_010_005,MRTHUB::Marina_Bay,Marina Bay,cbd_mrt,CBD-bound,Cbd Mrt,37.109,31.309,5.8,improved
G_010_005,MRTHUB::Maxwell,Maxwell,cbd_mrt,CBD-bound,Cbd Mrt,32.909,32.909,-0.0,unchanged
G_010_005,MRTHUB::Raffles_Place,Raffles Place,cbd_mrt,CBD-bound,Cbd Mrt,32.709,32.709,-0.0,unchanged
G_010_005,MRTHUB::Shenton_Way,Shenton Way,cbd_mrt,CBD-bound,Cbd Mrt,33.909,33.909,-0.0,unchanged
G_010_005,MRTHUB::Tanjong_Pagar,Tanjong Pagar,cbd_mrt,CBD-bound,Cbd Mrt,28.509,28.509,-0.0,unchanged
G_010_006,BUSSTOP_OUT::95011,AFT AIRCRAFT FLYOVER,airport_bus,Airport-bound,Airport Bus,84.67,84.67,-0.0,unchanged
G_010_006,BUSSTOP_OUT::95019,AFT CHANGI AIRPORT TER 2,airport_bus,Airport-bound,Airport Bus,73.227,73.227,-0.0,unchanged
G_010_006,BUSSTOP_OUT::95029,CHANGI AIRPORT TER 1,airport_bus,Airport-bound,Airport Bus,72.481,72.481,-0.0,unchanged
G_010_006,BUSSTOP_OUT::95109,CHANGI AIRPORT TER 3,airport_bus,Airport-bound,Airport Bus,69.5,69.5,-0.0,unchanged
G_010_006,BUSSTOP_OUT::95129,CHANGI AIRPORT TER 2,airport_bus,Airport-bound,Airport Bus,69.5,69.5,-0.0,unchanged
G_010_006,BUSSTOP_OUT::95151,AIRPORT POLICE STN,airport_bus,Airport-bound,Airport Bus,82.807,82.807,-0.0,unchanged
G_010_006,BUSSTOP_OUT::95159,NEAR SATS FLIGHT KITCHEN,airport_bus,Airport-bound,Airport Bus,76.208,76.208,-0.0,unchanged
G_010_006,BUSSTOP_OUT::95209,CHANGI AIRPORT TER 4,airport_bus,Airport-bound,Airport Bus,79.19,79.19,-0.0,unchanged
G_010_006,MRTHUB::Changi_Airport,Changi Airport,airport_mrt,Airport-bound,Airport Mrt,59.2,59.2,-0.0,unchanged
G_010_006,BUSSTOP_OUT::03011,FULLERTON SQ,cbd_bus,CBD-bound,Cbd Bus,43.681,43.681,-0.0,unchanged
G_010_006,BUSSTOP_OUT::03019,OUE BAYFRONT,cbd_bus,CBD-bound,Cbd Bus,45.7,45.7,-0.0,unchanged
G_010_006,BUSSTOP_OUT::03021,PRUDENTIAL TWR,cbd_bus,CBD-bound,Cbd Bus,41.445,41.445,-0.0,unchanged
G_010_006,BUSSTOP_OUT::03031,RAFFLES PL STN EXIT F,cbd_bus,CBD-bound,Cbd Bus,41.818,41.818,-0.0,unchanged
G_010_006,BUSSTOP_OUT::03041,TELOK AYER STN EXIT A,cbd_bus,CBD-bound,Cbd Bus,43.363,43.363,-0.0,unchanged
G_010_006,BUSSTOP_OUT::03059,ONE RAFFLES QUAY,cbd_bus,CBD-bound,Cbd Bus,39.21,39.21,-0.0,unchanged
G_010_006,BUSSTOP_OUT::03071,OPP SO SOFITEL S'PORE,cbd_bus,CBD-bound,Cbd Bus,37.698,37.698,-0.0,unchanged
G_010_006,BUSSTOP_OUT::03111,AFT CAPITAL TWR,cbd_bus,CBD-bound,Cbd Bus,36.58,36.58,-0.0,unchanged
G_010_006,BUSSTOP_OUT::03129,UIC BLDG,cbd_bus,CBD-bound,Cbd Bus,40.701,40.701,-0.0,unchanged
G_010_006,BUSSTOP_OUT::03151,AFT TELOK AYER ST,cbd_bus,CBD-bound,Cbd Bus,39.582,39.582,-0.0,unchanged
G_010_006,BUSSTOP_OUT::03217,AFT STRAITS BLVD,cbd_bus,CBD-bound,Cbd Bus,41.5,40.1,1.4,improved
G_010_006,BUSSTOP_OUT::03218,OPP MAS BLDG,cbd_bus,CBD-bound,Cbd Bus,41.5,40.1,1.4,improved
G_010_006,BUSSTOP_OUT::03222,HUB SYNERGY PT,cbd_bus,CBD-bound,Cbd Bus,33.971,33.971,-0.0,unchanged
G_010_006,BUSSTOP_OUT::03223,TANJONG PAGAR STN EXIT C,cbd_bus,CBD-bound,Cbd Bus,38.091,38.091,-0.0,unchanged
G_010_006,BUSSTOP_OUT::03239,SHENTON WAY TER,cbd_bus,CBD-bound,Cbd Bus,41.5,40.1,1.4,improved
G_010_006,BUSSTOP_OUT::03241,MAPLETREE ANSON,cbd_bus,CBD-bound,Cbd Bus,41.5,40.1,1.4,improved
G_010_006,BUSSTOP_OUT::03381,THE SAIL,cbd_bus,CBD-bound,Cbd Bus,39.934,39.934,-0.0,unchanged
G_010_006,BUSSTOP_OUT::03391,MARINA BAY FINANCIAL CTR,cbd_bus,CBD-bound,Cbd Bus,40.679,40.679,-0.0,unchanged
G_010_006,BUSSTOP_OUT::03501,MARINA BAY SANDS THEATRE,cbd_bus,CBD-bound,Cbd Bus,44.779,44.779,-0.0,unchanged
G_010_006,BUSSTOP_OUT::03509,BAYFRONT STN EXIT B/MBS,cbd_bus,CBD-bound,Cbd Bus,48.7,45.3,3.4,improved
G_010_006,BUSSTOP_OUT::03511,AFT BAYFRONT STN EXIT E,cbd_bus,CBD-bound,Cbd Bus,43.288,43.288,-0.0,unchanged
G_010_006,BUSSTOP_OUT::03519,BAYFRONT STN EXIT A,cbd_bus,CBD-bound,Cbd Bus,48.7,45.3,3.4,improved
G_010_006,BUSSTOP_OUT::03529,DOWNTOWN STN,cbd_bus,CBD-bound,Cbd Bus,46.9,45.791,1.109,improved
G_010_006,BUSSTOP_OUT::03539,Marina Bay Stn,cbd_bus,CBD-bound,Cbd Bus,47.5,44.3,3.2,improved
G_010_006,BUSSTOP_OUT::05269,MAXWELL RD FC,cbd_bus,CBD-bound,Cbd Bus,45.9,45.9,-0.0,unchanged
G_010_006,BUSSTOP_OUT::05319,OCBC CTR,cbd_bus,CBD-bound,Cbd Bus,36.974,36.974,-0.0,unchanged
G_010_006,BUSSTOP_OUT::05411,TG PAGAR PLAZA,cbd_bus,CBD-bound,Cbd Bus,41.07,40.335,0.735,improved
G_010_006,BUSSTOP_OUT::05419,THE AMARA,cbd_bus,CBD-bound,Cbd Bus,42.618,42.618,-0.0,unchanged
G_010_006,BUSSTOP_OUT::05431,TOWER 15,cbd_bus,CBD-bound,Cbd Bus,43.363,43.363,-0.0,unchanged
G_010_006,BUSSTOP_OUT::05629,OPP STH PT,cbd_bus,CBD-bound,Cbd Bus,35.482,35.482,-0.0,unchanged
G_010_006,BUSSTOP_OUT::05651,OPP FUJI XEROX TWRS,cbd_bus,CBD-bound,Cbd Bus,40.325,39.59,0.735,improved
G_010_006,MRTHUB::Bayfront,Bayfront,cbd_mrt,CBD-bound,Cbd Mrt,38.4,35.0,3.4,improved
G_010_006,MRTHUB::Downtown,Downtown,cbd_mrt,CBD-bound,Cbd Mrt,37.2,37.2,-0.0,unchanged
G_010_006,MRTHUB::Marina_Bay,Marina Bay,cbd_mrt,CBD-bound,Cbd Mrt,39.8,34.0,5.8,improved
G_010_006,MRTHUB::Maxwell,Maxwell,cbd_mrt,CBD-bound,Cbd Mrt,35.6,35.6,-0.0,unchanged
G_010_006,MRTHUB::Raffles_Place,Raffles Place,cbd_mrt,CBD-bound,Cbd Mrt,35.4,35.4,-0.0,unchanged
G_010_006,MRTHUB::Shenton_Way,Shenton Way,cbd_mrt,CBD-bound,Cbd Mrt,36.6,36.6,-0.0,unchanged
G_010_006,MRTHUB::Tanjong_Pagar,Tanjong Pagar,cbd_mrt,CBD-bound,Cbd Mrt,31.2,31.2,-0.0,unchanged
G_010_007,BUSSTOP_OUT::95011,AFT AIRCRAFT FLYOVER,airport_bus,Airport-bound,Airport Bus,84.243,84.243,-0.0,unchanged
G_010_007,BUSSTOP_OUT::95019,AFT CHANGI AIRPORT TER 2,airport_bus,Airport-bound,Airport Bus,72.8,72.8,-0.0,unchanged
G_010_007,BUSSTOP_OUT::95029,CHANGI AIRPORT TER 1,airport_bus,Airport-bound,Airport Bus,72.054,72.054,-0.0,unchanged
G_010_007,BUSSTOP_OUT::95109,CHANGI AIRPORT TER 3,airport_bus,Airport-bound,Airport Bus,69.073,69.073,-0.0,unchanged
G_010_007,BUSSTOP_OUT::95129,CHANGI AIRPORT TER 2,airport_bus,Airport-bound,Airport Bus,69.073,69.073,-0.0,unchanged
G_010_007,BUSSTOP_OUT::95151,AIRPORT POLICE STN,airport_bus,Airport-bound,Airport Bus,82.38,82.38,-0.0,unchanged
G_010_007,BUSSTOP_OUT::95159,NEAR SATS FLIGHT KITCHEN,airport_bus,Airport-bound,Airport Bus,75.781,75.781,-0.0,unchanged
G_010_007,BUSSTOP_OUT::95209,CHANGI AIRPORT TER 4,airport_bus,Airport-bound,Airport Bus,78.763,78.763,-0.0,unchanged
G_010_007,MRTHUB::Changi_Airport,Changi Airport,airport_mrt,Airport-bound,Airport Mrt,58.773,58.773,-0.0,unchanged
G_010_007,BUSSTOP_OUT::03011,FULLERTON SQ,cbd_bus,CBD-bound,Cbd Bus,45.172,45.172,-0.0,unchanged
G_010_007,BUSSTOP_OUT::03019,OUE BAYFRONT,cbd_bus,CBD-bound,Cbd Bus,45.273,45.273,-0.0,unchanged
G_010_007,BUSSTOP_OUT::03021,PRUDENTIAL TWR,cbd_bus,CBD-bound,Cbd Bus,42.936,42.936,-0.0,unchanged
G_010_007,BUSSTOP_OUT::03031,RAFFLES PL STN EXIT F,cbd_bus,CBD-bound,Cbd Bus,43.309,43.309,-0.0,unchanged
G_010_007,BUSSTOP_OUT::03041,TELOK AYER STN EXIT A,cbd_bus,CBD-bound,Cbd Bus,42.936,42.936,-0.0,unchanged
G_010_007,BUSSTOP_OUT::03059,ONE RAFFLES QUAY,cbd_bus,CBD-bound,Cbd Bus,45.273,45.273,-0.0,unchanged
G_010_007,BUSSTOP_OUT::03071,OPP SO SOFITEL S'PORE,cbd_bus,CBD-bound,Cbd Bus,42.191,42.191,-0.0,unchanged
G_010_007,BUSSTOP_OUT::03111,AFT CAPITAL TWR,cbd_bus,CBD-bound,Cbd Bus,41.073,41.073,-0.0,unchanged
G_010_007,BUSSTOP_OUT::03129,UIC BLDG,cbd_bus,CBD-bound,Cbd Bus,41.073,41.073,-0.0,unchanged
G_010_007,BUSSTOP_OUT::03151,AFT TELOK AYER ST,cbd_bus,CBD-bound,Cbd Bus,41.073,41.073,-0.0,unchanged
G_010_007,BUSSTOP_OUT::03217,AFT STRAITS BLVD,cbd_bus,CBD-bound,Cbd Bus,41.073,39.673,1.4,improved
G_010_007,BUSSTOP_OUT::03218,OPP MAS BLDG,cbd_bus,CBD-bound,Cbd Bus,41.073,39.673,1.4,improved
G_010_007,BUSSTOP_OUT::03222,HUB SYNERGY PT,cbd_bus,CBD-bound,Cbd Bus,41.073,39.673,1.4,improved
G_010_007,BUSSTOP_OUT::03223,TANJONG PAGAR STN EXIT C,cbd_bus,CBD-bound,Cbd Bus,41.073,39.673,1.4,improved
G_010_007,BUSSTOP_OUT::03239,SHENTON WAY TER,cbd_bus,CBD-bound,Cbd Bus,41.073,39.673,1.4,improved
G_010_007,BUSSTOP_OUT::03241,MAPLETREE ANSON,cbd_bus,CBD-bound,Cbd Bus,41.073,39.673,1.4,improved
G_010_007,BUSSTOP_OUT::03381,THE SAIL,cbd_bus,CBD-bound,Cbd Bus,44.427,44.427,-0.0,unchanged
G_010_007,BUSSTOP_OUT::03391,MARINA BAY FINANCIAL CTR,cbd_bus,CBD-bound,Cbd Bus,45.172,45.172,-0.0,unchanged
G_010_007,BUSSTOP_OUT::03501,MARINA BAY SANDS THEATRE,cbd_bus,CBD-bound,Cbd Bus,48.273,44.873,3.4,improved
G_010_007,BUSSTOP_OUT::03509,BAYFRONT STN EXIT B/MBS,cbd_bus,CBD-bound,Cbd Bus,48.273,44.873,3.4,improved
G_010_007,BUSSTOP_OUT::03511,AFT BAYFRONT STN EXIT E,cbd_bus,CBD-bound,Cbd Bus,47.781,44.873,2.908,improved
G_010_007,BUSSTOP_OUT::03519,BAYFRONT STN EXIT A,cbd_bus,CBD-bound,Cbd Bus,48.273,44.873,3.4,improved
G_010_007,BUSSTOP_OUT::03529,DOWNTOWN STN,cbd_bus,CBD-bound,Cbd Bus,46.473,45.364,1.109,improved
G_010_007,BUSSTOP_OUT::03539,Marina Bay Stn,cbd_bus,CBD-bound,Cbd Bus,47.073,43.873,3.2,improved
G_010_007,BUSSTOP_OUT::05269,MAXWELL RD FC,cbd_bus,CBD-bound,Cbd Bus,45.473,45.473,-0.0,unchanged
G_010_007,BUSSTOP_OUT::05319,OCBC CTR,cbd_bus,CBD-bound,Cbd Bus,45.273,45.273,-0.0,unchanged
G_010_007,BUSSTOP_OUT::05411,TG PAGAR PLAZA,cbd_bus,CBD-bound,Cbd Bus,41.073,39.908,1.165,improved
G_010_007,BUSSTOP_OUT::05419,THE AMARA,cbd_bus,CBD-bound,Cbd Bus,42.191,42.191,-0.0,unchanged
G_010_007,BUSSTOP_OUT::05431,TOWER 15,cbd_bus,CBD-bound,Cbd Bus,42.936,42.936,-0.0,unchanged
G_010_007,BUSSTOP_OUT::05629,OPP STH PT,cbd_bus,CBD-bound,Cbd Bus,44.509,38.418,6.091,improved
G_010_007,BUSSTOP_OUT::05651,OPP FUJI XEROX TWRS,cbd_bus,CBD-bound,Cbd Bus,45.935,39.163,6.772,improved
G_010_007,MRTHUB::Bayfront,Bayfront,cbd_mrt,CBD-bound,Cbd Mrt,37.973,34.573,3.4,improved
G_010_007,MRTHUB::Downtown,Downtown,cbd_mrt,CBD-bound,Cbd Mrt,36.773,36.773,-0.0,unchanged
G_010_007,MRTHUB::Marina_Bay,Marina Bay,cbd_mrt,CBD-bound,Cbd Mrt,39.373,33.573,5.8,improved
G_010_007,MRTHUB::Maxwell,Maxwell,cbd_mrt,CBD-bound,Cbd Mrt,35.173,35.173,-0.0,unchanged
G_010_007,MRTHUB::Raffles_Place,Raffles Place,cbd_mrt,CBD-bound,Cbd Mrt,34.973,34.973,-0.0,unchanged
G_010_007,MRTHUB::Shenton_Way,Shenton Way,cbd_mrt,CBD-bound,Cbd Mrt,36.173,36.173,-0.0,unchanged
G_010_007,MRTHUB::Tanjong_Pagar,Tanjong Pagar,cbd_mrt,CBD-bound,Cbd Mrt,30.773,30.773,-0.0,unchanged
G_010_008,BUSSTOP_OUT::95011,AFT AIRCRAFT FLYOVER,airport_bus,Airport-bound,Airport Bus,88.463,88.293,0.17,improved
G_010_008,BUSSTOP_OUT::95019,AFT CHANGI AIRPORT TER 2,airport_bus,Airport-bound,Airport Bus,77.02,77.014,0.006,improved
G_010_008,BUSSTOP_OUT::95029,CHANGI AIRPORT TER 1,airport_bus,Airport-bound,Airport Bus,76.274,76.268,0.006,improved
G_010_008,BUSSTOP_OUT::95109,CHANGI AIRPORT TER 3,airport_bus,Airport-bound,Airport Bus,73.293,73.287,0.006,improved
G_010_008,BUSSTOP_OUT::95129,CHANGI AIRPORT TER 2,airport_bus,Airport-bound,Airport Bus,73.293,73.287,0.006,improved
G_010_008,BUSSTOP_OUT::95151,AIRPORT POLICE STN,airport_bus,Airport-bound,Airport Bus,86.6,86.43,0.17,improved
G_010_008,BUSSTOP_OUT::95159,NEAR SATS FLIGHT KITCHEN,airport_bus,Airport-bound,Airport Bus,80.001,79.995,0.006,improved
G_010_008,BUSSTOP_OUT::95209,CHANGI AIRPORT TER 4,airport_bus,Airport-bound,Airport Bus,82.983,82.977,0.006,improved
G_010_008,MRTHUB::Changi_Airport,Changi Airport,airport_mrt,Airport-bound,Airport Mrt,62.993,62.987,0.006,improved
G_010_008,BUSSTOP_OUT::03011,FULLERTON SQ,cbd_bus,CBD-bound,Cbd Bus,49.392,44.477,4.915,improved
G_010_008,BUSSTOP_OUT::03019,OUE BAYFRONT,cbd_bus,CBD-bound,Cbd Bus,49.493,47.868,1.625,improved
G_010_008,BUSSTOP_OUT::03021,PRUDENTIAL TWR,cbd_bus,CBD-bound,Cbd Bus,47.156,42.241,4.915,improved
G_010_008,BUSSTOP_OUT::03031,RAFFLES PL STN EXIT F,cbd_bus,CBD-bound,Cbd Bus,47.529,42.986,4.543,improved
G_010_008,BUSSTOP_OUT::03041,TELOK AYER STN EXIT A,cbd_bus,CBD-bound,Cbd Bus,47.156,42.241,4.915,improved
G_010_008,BUSSTOP_OUT::03059,ONE RAFFLES QUAY,cbd_bus,CBD-bound,Cbd Bus,47.014,47.014,-0.0,unchanged
G_010_008,BUSSTOP_OUT::03071,OPP SO SOFITEL S'PORE,cbd_bus,CBD-bound,Cbd Bus,46.411,41.868,4.543,improved
G_010_008,BUSSTOP_OUT::03111,AFT CAPITAL TWR,cbd_bus,CBD-bound,Cbd Bus,45.293,40.75,4.543,improved
G_010_008,BUSSTOP_OUT::03129,UIC BLDG,cbd_bus,CBD-bound,Cbd Bus,45.293,45.293,-0.0,unchanged
G_010_008,BUSSTOP_OUT::03151,AFT TELOK AYER ST,cbd_bus,CBD-bound,Cbd Bus,45.293,40.378,4.915,improved
G_010_008,BUSSTOP_OUT::03217,AFT STRAITS BLVD,cbd_bus,CBD-bound,Cbd Bus,45.293,38.887,6.406,improved
G_010_008,BUSSTOP_OUT::03218,OPP MAS BLDG,cbd_bus,CBD-bound,Cbd Bus,45.293,38.887,6.406,improved
G_010_008,BUSSTOP_OUT::03222,HUB SYNERGY PT,cbd_bus,CBD-bound,Cbd Bus,45.293,38.887,6.406,improved
G_010_008,BUSSTOP_OUT::03223,TANJONG PAGAR STN EXIT C,cbd_bus,CBD-bound,Cbd Bus,45.293,38.887,6.406,improved
G_010_008,BUSSTOP_OUT::03239,SHENTON WAY TER,cbd_bus,CBD-bound,Cbd Bus,45.293,38.887,6.406,improved
G_010_008,BUSSTOP_OUT::03241,MAPLETREE ANSON,cbd_bus,CBD-bound,Cbd Bus,45.293,38.887,6.406,improved
G_010_008,BUSSTOP_OUT::03381,THE SAIL,cbd_bus,CBD-bound,Cbd Bus,48.647,43.732,4.915,improved
G_010_008,BUSSTOP_OUT::03391,MARINA BAY FINANCIAL CTR,cbd_bus,CBD-bound,Cbd Bus,48.687,44.477,4.21,improved
G_010_008,BUSSTOP_OUT::03501,MARINA BAY SANDS THEATRE,cbd_bus,CBD-bound,Cbd Bus,51.887,44.087,7.8,improved
G_010_008,BUSSTOP_OUT::03509,BAYFRONT STN EXIT B/MBS,cbd_bus,CBD-bound,Cbd Bus,51.887,44.087,7.8,improved
G_010_008,BUSSTOP_OUT::03511,AFT BAYFRONT STN EXIT E,cbd_bus,CBD-bound,Cbd Bus,51.296,44.087,7.209,improved
G_010_008,BUSSTOP_OUT::03519,BAYFRONT STN EXIT A,cbd_bus,CBD-bound,Cbd Bus,51.887,44.087,7.8,improved
G_010_008,BUSSTOP_OUT::03529,DOWNTOWN STN,cbd_bus,CBD-bound,Cbd Bus,47.687,44.578,3.109,improved
G_010_008,BUSSTOP_OUT::03539,Marina Bay Stn,cbd_bus,CBD-bound,Cbd Bus,48.687,43.087,5.6,improved
G_010_008,BUSSTOP_OUT::05269,MAXWELL RD FC,cbd_bus,CBD-bound,Cbd Bus,46.35,46.35,-0.0,unchanged
G_010_008,BUSSTOP_OUT::05319,OCBC CTR,cbd_bus,CBD-bound,Cbd Bus,44.778,44.778,-0.0,unchanged
G_010_008,BUSSTOP_OUT::05411,TG PAGAR PLAZA,cbd_bus,CBD-bound,Cbd Bus,45.293,39.122,6.171,improved
G_010_008,BUSSTOP_OUT::05419,THE AMARA,cbd_bus,CBD-bound,Cbd Bus,46.411,46.411,-0.0,unchanged
G_010_008,BUSSTOP_OUT::05431,TOWER 15,cbd_bus,CBD-bound,Cbd Bus,47.156,47.156,-0.0,unchanged
G_010_008,BUSSTOP_OUT::05629,OPP STH PT,cbd_bus,CBD-bound,Cbd Bus,44.776,37.632,7.144,improved
G_010_008,BUSSTOP_OUT::05651,OPP FUJI XEROX TWRS,cbd_bus,CBD-bound,Cbd Bus,45.149,38.377,6.772,improved
G_010_008,MRTHUB::Bayfront,Bayfront,cbd_mrt,CBD-bound,Cbd Mrt,41.587,33.787,7.8,improved
G_010_008,MRTHUB::Downtown,Downtown,cbd_mrt,CBD-bound,Cbd Mrt,38.387,36.987,1.4,improved
G_010_008,MRTHUB::Marina_Bay,Marina Bay,cbd_mrt,CBD-bound,Cbd Mrt,40.587,32.787,7.8,improved
G_010_008,MRTHUB::Maxwell,Maxwell,cbd_mrt,CBD-bound,Cbd Mrt,36.387,36.387,-0.0,unchanged
G_010_008,MRTHUB::Raffles_Place,Raffles Place,cbd_mrt,CBD-bound,Cbd Mrt,39.193,38.187,1.006,improved
G_010_008,MRTHUB::Shenton_Way,Shenton Way,cbd_mrt,CBD-bound,Cbd Mrt,37.387,35.987,1.4,improved
G_010_008,MRTHUB::Tanjong_Pagar,Tanjong Pagar,cbd_mrt,CBD-bound,Cbd Mrt,34.993,34.993,-0.0,unchanged
G_010_009,BUSSTOP_OUT::95011,AFT AIRCRAFT FLYOVER,airport_bus,Airport-bound,Airport Bus,84.294,83.894,0.4,improved
G_010_009,BUSSTOP_OUT::95019,AFT CHANGI AIRPORT TER 2,airport_bus,Airport-bound,Airport Bus,74.015,72.615,1.4,improved
G_010_009,BUSSTOP_OUT::95029,CHANGI AIRPORT TER 1,airport_bus,Airport-bound,Airport Bus,73.269,71.869,1.4,improved
G_010_009,BUSSTOP_OUT::95109,CHANGI AIRPORT TER 3,airport_bus,Airport-bound,Airport Bus,70.288,68.888,1.4,improved
G_010_009,BUSSTOP_OUT::95129,CHANGI AIRPORT TER 2,airport_bus,Airport-bound,Airport Bus,70.288,68.888,1.4,improved
G_010_009,BUSSTOP_OUT::95151,AIRPORT POLICE STN,airport_bus,Airport-bound,Airport Bus,82.431,82.031,0.4,improved
G_010_009,BUSSTOP_OUT::95159,NEAR SATS FLIGHT KITCHEN,airport_bus,Airport-bound,Airport Bus,76.996,75.596,1.4,improved
G_010_009,BUSSTOP_OUT::95209,CHANGI AIRPORT TER 4,airport_bus,Airport-bound,Airport Bus,79.978,78.578,1.4,improved
G_010_009,MRTHUB::Changi_Airport,Changi Airport,airport_mrt,Airport-bound,Airport Mrt,59.988,58.588,1.4,improved
G_010_009,BUSSTOP_OUT::03011,FULLERTON SQ,cbd_bus,CBD-bound,Cbd Bus,45.524,40.078,5.446,improved
G_010_009,BUSSTOP_OUT::03019,OUE BAYFRONT,cbd_bus,CBD-bound,Cbd Bus,46.488,43.469,3.019,improved
G_010_009,BUSSTOP_OUT::03021,PRUDENTIAL TWR,cbd_bus,CBD-bound,Cbd Bus,43.288,37.842,5.446,improved
G_010_009,BUSSTOP_OUT::03031,RAFFLES PL STN EXIT F,cbd_bus,CBD-bound,Cbd Bus,43.288,38.587,4.701,improved
G_010_009,BUSSTOP_OUT::03041,TELOK AYER STN EXIT A,cbd_bus,CBD-bound,Cbd Bus,43.288,37.842,5.446,improved
G_010_009,BUSSTOP_OUT::03059,ONE RAFFLES QUAY,cbd_bus,CBD-bound,Cbd Bus,42.615,42.615,-0.0,unchanged
G_010_009,BUSSTOP_OUT::03071,OPP SO SOFITEL S'PORE,cbd_bus,CBD-bound,Cbd Bus,43.288,37.469,5.819,improved
G_010_009,BUSSTOP_OUT::03111,AFT CAPITAL TWR,cbd_bus,CBD-bound,Cbd Bus,42.288,36.351,5.937,improved
G_010_009,BUSSTOP_OUT::03129,UIC BLDG,cbd_bus,CBD-bound,Cbd Bus,42.288,41.888,0.4,improved
G_010_009,BUSSTOP_OUT::03151,AFT TELOK AYER ST,cbd_bus,CBD-bound,Cbd Bus,42.288,35.979,6.309,improved
G_010_009,BUSSTOP_OUT::03217,AFT STRAITS BLVD,cbd_bus,CBD-bound,Cbd Bus,42.288,34.488,7.8,improved
G_010_009,BUSSTOP_OUT::03218,OPP MAS BLDG,cbd_bus,CBD-bound,Cbd Bus,42.288,34.488,7.8,improved
G_010_009,BUSSTOP_OUT::03222,HUB SYNERGY PT,cbd_bus,CBD-bound,Cbd Bus,41.496,34.488,7.008,improved
G_010_009,BUSSTOP_OUT::03223,TANJONG PAGAR STN EXIT C,cbd_bus,CBD-bound,Cbd Bus,42.288,34.488,7.8,improved
G_010_009,BUSSTOP_OUT::03239,SHENTON WAY TER,cbd_bus,CBD-bound,Cbd Bus,42.288,34.488,7.8,improved
G_010_009,BUSSTOP_OUT::03241,MAPLETREE ANSON,cbd_bus,CBD-bound,Cbd Bus,42.288,34.488,7.8,improved
G_010_009,BUSSTOP_OUT::03381,THE SAIL,cbd_bus,CBD-bound,Cbd Bus,44.288,39.333,4.955,improved
G_010_009,BUSSTOP_OUT::03391,MARINA BAY FINANCIAL CTR,cbd_bus,CBD-bound,Cbd Bus,44.288,40.078,4.21,improved
G_010_009,BUSSTOP_OUT::03501,MARINA BAY SANDS THEATRE,cbd_bus,CBD-bound,Cbd Bus,47.488,39.688,7.8,improved
G_010_009,BUSSTOP_OUT::03509,BAYFRONT STN EXIT B/MBS,cbd_bus,CBD-bound,Cbd Bus,47.488,39.688,7.8,improved
G_010_009,BUSSTOP_OUT::03511,AFT BAYFRONT STN EXIT E,cbd_bus,CBD-bound,Cbd Bus,46.897,39.688,7.209,improved
G_010_009,BUSSTOP_OUT::03519,BAYFRONT STN EXIT A,cbd_bus,CBD-bound,Cbd Bus,47.488,39.688,7.8,improved
G_010_009,BUSSTOP_OUT::03529,DOWNTOWN STN,cbd_bus,CBD-bound,Cbd Bus,43.288,40.179,3.109,improved
G_010_009,BUSSTOP_OUT::03539,Marina Bay Stn,cbd_bus,CBD-bound,Cbd Bus,44.288,38.688,5.6,improved
G_010_009,BUSSTOP_OUT::05269,MAXWELL RD FC,cbd_bus,CBD-bound,Cbd Bus,41.951,41.951,-0.0,unchanged
G_010_009,BUSSTOP_OUT::05319,OCBC CTR,cbd_bus,CBD-bound,Cbd Bus,40.379,40.379,-0.0,unchanged
G_010_009,BUSSTOP_OUT::05411,TG PAGAR PLAZA,cbd_bus,CBD-bound,Cbd Bus,41.495,34.723,6.772,improved
G_010_009,BUSSTOP_OUT::05419,THE AMARA,cbd_bus,CBD-bound,Cbd Bus,43.406,43.406,-0.0,unchanged
G_010_009,BUSSTOP_OUT::05431,TOWER 15,cbd_bus,CBD-bound,Cbd Bus,44.151,44.151,-0.0,unchanged
G_010_009,BUSSTOP_OUT::05629,OPP STH PT,cbd_bus,CBD-bound,Cbd Bus,40.377,33.233,7.144,improved
G_010_009,BUSSTOP_OUT::05651,OPP FUJI XEROX TWRS,cbd_bus,CBD-bound,Cbd Bus,40.75,33.978,6.772,improved
G_010_009,MRTHUB::Bayfront,Bayfront,cbd_mrt,CBD-bound,Cbd Mrt,37.188,29.388,7.8,improved
G_010_009,MRTHUB::Downtown,Downtown,cbd_mrt,CBD-bound,Cbd Mrt,33.988,32.588,1.4,improved
G_010_009,MRTHUB::Marina_Bay,Marina Bay,cbd_mrt,CBD-bound,Cbd Mrt,36.188,28.388,7.8,improved
G_010_009,MRTHUB::Maxwell,Maxwell,cbd_mrt,CBD-bound,Cbd Mrt,31.988,31.988,-0.0,unchanged
G_010_009,MRTHUB::Raffles_Place,Raffles Place,cbd_mrt,CBD-bound,Cbd Mrt,36.188,33.788,2.4,improved
G_010_009,MRTHUB::Shenton_Way,Shenton Way,cbd_mrt,CBD-bound,Cbd Mrt,32.988,31.588,1.4,improved
G_010_009,MRTHUB::Tanjong_Pagar,Tanjong Pagar,cbd_mrt,CBD-bound,Cbd Mrt,31.988,31.988,-0.0,unchanged
G_010_010,BUSSTOP_OUT::95011,AFT AIRCRAFT FLYOVER,airport_bus,Airport-bound,Airport Bus,79.942,79.542,0.4,improved
G_010_010,BUSSTOP_OUT::95019,AFT CHANGI AIRPORT TER 2,airport_bus,Airport-bound,Airport Bus,69.663,68.263,1.4,improved
G_010_010,BUSSTOP_OUT::95029,CHANGI AIRPORT TER 1,airport_bus,Airport-bound,Airport Bus,68.917,67.517,1.4,improved
G_010_010,BUSSTOP_OUT::95109,CHANGI AIRPORT TER 3,airport_bus,Airport-bound,Airport Bus,65.936,64.536,1.4,improved
G_010_010,BUSSTOP_OUT::95129,CHANGI AIRPORT TER 2,airport_bus,Airport-bound,Airport Bus,65.936,64.536,1.4,improved
G_010_010,BUSSTOP_OUT::95151,AIRPORT POLICE STN,airport_bus,Airport-bound,Airport Bus,78.079,77.679,0.4,improved
G_010_010,BUSSTOP_OUT::95159,NEAR SATS FLIGHT KITCHEN,airport_bus,Airport-bound,Airport Bus,72.644,71.244,1.4,improved
G_010_010,BUSSTOP_OUT::95209,CHANGI AIRPORT TER 4,airport_bus,Airport-bound,Airport Bus,75.626,74.226,1.4,improved
G_010_010,MRTHUB::Changi_Airport,Changi Airport,airport_mrt,Airport-bound,Airport Mrt,55.636,54.236,1.4,improved
G_010_010,BUSSTOP_OUT::03011,FULLERTON SQ,cbd_bus,CBD-bound,Cbd Bus,39.787,35.726,4.061,improved
G_010_010,BUSSTOP_OUT::03019,OUE BAYFRONT,cbd_bus,CBD-bound,Cbd Bus,42.136,39.117,3.019,improved
G_010_010,BUSSTOP_OUT::03021,PRUDENTIAL TWR,cbd_bus,CBD-bound,Cbd Bus,38.936,33.49,5.446,improved
G_010_010,BUSSTOP_OUT::03031,RAFFLES PL STN EXIT F,cbd_bus,CBD-bound,Cbd Bus,37.551,34.235,3.316,improved
G_010_010,BUSSTOP_OUT::03041,TELOK AYER STN EXIT A,cbd_bus,CBD-bound,Cbd Bus,38.936,33.49,5.446,improved
G_010_010,BUSSTOP_OUT::03059,ONE RAFFLES QUAY,cbd_bus,CBD-bound,Cbd Bus,38.263,38.263,-0.0,unchanged
G_010_010,BUSSTOP_OUT::03071,OPP SO SOFITEL S'PORE,cbd_bus,CBD-bound,Cbd Bus,36.433,33.117,3.316,improved
G_010_010,BUSSTOP_OUT::03111,AFT CAPITAL TWR,cbd_bus,CBD-bound,Cbd Bus,35.315,31.999,3.316,improved
G_010_010,BUSSTOP_OUT::03129,UIC BLDG,cbd_bus,CBD-bound,Cbd Bus,37.936,37.536,0.4,improved
G_010_010,BUSSTOP_OUT::03151,AFT TELOK AYER ST,cbd_bus,CBD-bound,Cbd Bus,37.936,31.627,6.309,improved
G_010_010,BUSSTOP_OUT::03217,AFT STRAITS BLVD,cbd_bus,CBD-bound,Cbd Bus,37.936,30.136,7.8,improved
G_010_010,BUSSTOP_OUT::03218,OPP MAS BLDG,cbd_bus,CBD-bound,Cbd Bus,37.936,30.136,7.8,improved
G_010_010,BUSSTOP_OUT::03222,HUB SYNERGY PT,cbd_bus,CBD-bound,Cbd Bus,32.706,30.136,2.57,improved
G_010_010,BUSSTOP_OUT::03223,TANJONG PAGAR STN EXIT C,cbd_bus,CBD-bound,Cbd Bus,37.936,30.136,7.8,improved
G_010_010,BUSSTOP_OUT::03239,SHENTON WAY TER,cbd_bus,CBD-bound,Cbd Bus,37.936,30.136,7.8,improved
G_010_010,BUSSTOP_OUT::03241,MAPLETREE ANSON,cbd_bus,CBD-bound,Cbd Bus,37.936,30.136,7.8,improved
G_010_010,BUSSTOP_OUT::03381,THE SAIL,cbd_bus,CBD-bound,Cbd Bus,39.936,34.981,4.955,improved
G_010_010,BUSSTOP_OUT::03391,MARINA BAY FINANCIAL CTR,cbd_bus,CBD-bound,Cbd Bus,39.936,35.726,4.21,improved
G_010_010,BUSSTOP_OUT::03501,MARINA BAY SANDS THEATRE,cbd_bus,CBD-bound,Cbd Bus,43.136,35.336,7.8,improved
G_010_010,BUSSTOP_OUT::03509,BAYFRONT STN EXIT B/MBS,cbd_bus,CBD-bound,Cbd Bus,43.136,35.336,7.8,improved
G_010_010,BUSSTOP_OUT::03511,AFT BAYFRONT STN EXIT E,cbd_bus,CBD-bound,Cbd Bus,42.545,35.336,7.209,improved
G_010_010,BUSSTOP_OUT::03519,BAYFRONT STN EXIT A,cbd_bus,CBD-bound,Cbd Bus,43.136,35.336,7.8,improved
G_010_010,BUSSTOP_OUT::03529,DOWNTOWN STN,cbd_bus,CBD-bound,Cbd Bus,38.936,35.827,3.109,improved
G_010_010,BUSSTOP_OUT::03539,Marina Bay Stn,cbd_bus,CBD-bound,Cbd Bus,39.936,34.336,5.6,improved
G_010_010,BUSSTOP_OUT::05269,MAXWELL RD FC,cbd_bus,CBD-bound,Cbd Bus,37.599,37.599,-0.0,unchanged
G_010_010,BUSSTOP_OUT::05319,OCBC CTR,cbd_bus,CBD-bound,Cbd Bus,36.027,36.027,-0.0,unchanged
G_010_010,BUSSTOP_OUT::05411,TG PAGAR PLAZA,cbd_bus,CBD-bound,Cbd Bus,37.143,30.371,6.772,improved
G_010_010,BUSSTOP_OUT::05419,THE AMARA,cbd_bus,CBD-bound,Cbd Bus,39.054,39.054,-0.0,unchanged
G_010_010,BUSSTOP_OUT::05431,TOWER 15,cbd_bus,CBD-bound,Cbd Bus,39.799,39.799,-0.0,unchanged
G_010_010,BUSSTOP_OUT::05629,OPP STH PT,cbd_bus,CBD-bound,Cbd Bus,36.025,28.881,7.144,improved
G_010_010,BUSSTOP_OUT::05651,OPP FUJI XEROX TWRS,cbd_bus,CBD-bound,Cbd Bus,36.398,29.626,6.772,improved
G_010_010,MRTHUB::Bayfront,Bayfront,cbd_mrt,CBD-bound,Cbd Mrt,32.836,25.036,7.8,improved
G_010_010,MRTHUB::Downtown,Downtown,cbd_mrt,CBD-bound,Cbd Mrt,29.636,28.236,1.4,improved
G_010_010,MRTHUB::Marina_Bay,Marina Bay,cbd_mrt,CBD-bound,Cbd Mrt,31.836,24.036,7.8,improved
G_010_010,MRTHUB::Maxwell,Maxwell,cbd_mrt,CBD-bound,Cbd Mrt,27.636,27.636,-0.0,unchanged
G_010_010,MRTHUB::Raffles_Place,Raffles Place,cbd_mrt,CBD-bound,Cbd Mrt,31.836,29.436,2.4,improved
G_010_010,MRTHUB::Shenton_Way,Shenton Way,cbd_mrt,CBD-bound,Cbd Mrt,28.636,27.236,1.4,improved
G_010_010,MRTHUB::Tanjong_Pagar,Tanjong Pagar,cbd_mrt,CBD-bound,Cbd Mrt,27.636,27.636,-0.0,unchanged
G_010_011,BUSSTOP_OUT::95011,AFT AIRCRAFT FLYOVER,airport_bus,Airport-bound,Airport Bus,75.763,75.363,0.4,improved
G_010_011,BUSSTOP_OUT::95019,AFT CHANGI AIRPORT TER 2,airport_bus,Airport-bound,Airport Bus,65.484,64.084,1.4,improved
G_010_011,BUSSTOP_OUT::95029,CHANGI AIRPORT TER 1,airport_bus,Airport-bound,Airport Bus,64.738,63.338,1.4,improved
G_010_011,BUSSTOP_OUT::95109,CHANGI AIRPORT TER 3,airport_bus,Airport-bound,Airport Bus,61.757,60.357,1.4,improved
G_010_011,BUSSTOP_OUT::95129,CHANGI AIRPORT TER 2,airport_bus,Airport-bound,Airport Bus,61.757,60.357,1.4,improved
G_010_011,BUSSTOP_OUT::95151,AIRPORT POLICE STN,airport_bus,Airport-bound,Airport Bus,73.9,73.5,0.4,improved
G_010_011,BUSSTOP_OUT::95159,NEAR SATS FLIGHT KITCHEN,airport_bus,Airport-bound,Airport Bus,68.465,67.065,1.4,improved
G_010_011,BUSSTOP_OUT::95209,CHANGI AIRPORT TER 4,airport_bus,Airport-bound,Airport Bus,71.447,70.047,1.4,improved
G_010_011,MRTHUB::Changi_Airport,Changi Airport,airport_mrt,Airport-bound,Airport Mrt,51.457,50.057,1.4,improved
G_010_011,BUSSTOP_OUT::03011,FULLERTON SQ,cbd_bus,CBD-bound,Cbd Bus,35.615,31.547,4.068,improved
G_010_011,BUSSTOP_OUT::03019,OUE BAYFRONT,cbd_bus,CBD-bound,Cbd Bus,37.957,34.938,3.019,improved
G_010_011,BUSSTOP_OUT::03021,PRUDENTIAL TWR,cbd_bus,CBD-bound,Cbd Bus,34.757,29.311,5.446,improved
G_010_011,BUSSTOP_OUT::03031,RAFFLES PL STN EXIT F,cbd_bus,CBD-bound,Cbd Bus,33.379,30.056,3.323,improved
G_010_011,BUSSTOP_OUT::03041,TELOK AYER STN EXIT A,cbd_bus,CBD-bound,Cbd Bus,34.757,29.311,5.446,improved
G_010_011,BUSSTOP_OUT::03059,ONE RAFFLES QUAY,cbd_bus,CBD-bound,Cbd Bus,34.084,34.084,-0.0,unchanged
G_010_011,BUSSTOP_OUT::03071,OPP SO SOFITEL S'PORE,cbd_bus,CBD-bound,Cbd Bus,32.261,28.938,3.323,improved
G_010_011,BUSSTOP_OUT::03111,AFT CAPITAL TWR,cbd_bus,CBD-bound,Cbd Bus,31.143,27.82,3.323,improved
G_010_011,BUSSTOP_OUT::03129,UIC BLDG,cbd_bus,CBD-bound,Cbd Bus,33.757,33.357,0.4,improved
G_010_011,BUSSTOP_OUT::03151,AFT TELOK AYER ST,cbd_bus,CBD-bound,Cbd Bus,33.757,27.448,6.309,improved
G_010_011,BUSSTOP_OUT::03217,AFT STRAITS BLVD,cbd_bus,CBD-bound,Cbd Bus,33.757,25.957,7.8,improved
G_010_011,BUSSTOP_OUT::03218,OPP MAS BLDG,cbd_bus,CBD-bound,Cbd Bus,33.757,25.957,7.8,improved
G_010_011,BUSSTOP_OUT::03222,HUB SYNERGY PT,cbd_bus,CBD-bound,Cbd Bus,28.534,25.957,2.577,improved
G_010_011,BUSSTOP_OUT::03223,TANJONG PAGAR STN EXIT C,cbd_bus,CBD-bound,Cbd Bus,33.757,25.957,7.8,improved
G_010_011,BUSSTOP_OUT::03239,SHENTON WAY TER,cbd_bus,CBD-bound,Cbd Bus,33.757,25.957,7.8,improved
G_010_011,BUSSTOP_OUT::03241,MAPLETREE ANSON,cbd_bus,CBD-bound,Cbd Bus,33.757,25.957,7.8,improved
G_010_011,BUSSTOP_OUT::03381,THE SAIL,cbd_bus,CBD-bound,Cbd Bus,35.757,30.802,4.955,improved
G_010_011,BUSSTOP_OUT::03391,MARINA BAY FINANCIAL CTR,cbd_bus,CBD-bound,Cbd Bus,35.757,31.547,4.21,improved
G_010_011,BUSSTOP_OUT::03501,MARINA BAY SANDS THEATRE,cbd_bus,CBD-bound,Cbd Bus,38.957,31.157,7.8,improved
G_010_011,BUSSTOP_OUT::03509,BAYFRONT STN EXIT B/MBS,cbd_bus,CBD-bound,Cbd Bus,38.957,31.157,7.8,improved
G_010_011,BUSSTOP_OUT::03511,AFT BAYFRONT STN EXIT E,cbd_bus,CBD-bound,Cbd Bus,38.366,31.157,7.209,improved
G_010_011,BUSSTOP_OUT::03519,BAYFRONT STN EXIT A,cbd_bus,CBD-bound,Cbd Bus,38.957,31.157,7.8,improved
G_010_011,BUSSTOP_OUT::03529,DOWNTOWN STN,cbd_bus,CBD-bound,Cbd Bus,34.757,31.648,3.109,improved
G_010_011,BUSSTOP_OUT::03539,Marina Bay Stn,cbd_bus,CBD-bound,Cbd Bus,35.757,30.157,5.6,improved
G_010_011,BUSSTOP_OUT::05269,MAXWELL RD FC,cbd_bus,CBD-bound,Cbd Bus,33.42,33.42,-0.0,unchanged
G_010_011,BUSSTOP_OUT::05319,OCBC CTR,cbd_bus,CBD-bound,Cbd Bus,31.848,31.848,-0.0,unchanged
G_010_011,BUSSTOP_OUT::05411,TG PAGAR PLAZA,cbd_bus,CBD-bound,Cbd Bus,32.964,26.192,6.772,improved
G_010_011,BUSSTOP_OUT::05419,THE AMARA,cbd_bus,CBD-bound,Cbd Bus,34.875,34.875,-0.0,unchanged
G_010_011,BUSSTOP_OUT::05431,TOWER 15,cbd_bus,CBD-bound,Cbd Bus,35.62,35.62,-0.0,unchanged
G_010_011,BUSSTOP_OUT::05629,OPP STH PT,cbd_bus,CBD-bound,Cbd Bus,31.846,24.702,7.144,improved
G_010_011,BUSSTOP_OUT::05651,OPP FUJI XEROX TWRS,cbd_bus,CBD-bound,Cbd Bus,32.219,25.447,6.772,improved
G_010_011,MRTHUB::Bayfront,Bayfront,cbd_mrt,CBD-bound,Cbd Mrt,28.657,20.857,7.8,improved
G_010_011,MRTHUB::Downtown,Downtown,cbd_mrt,CBD-bound,Cbd Mrt,25.457,24.057,1.4,improved
G_010_011,MRTHUB::Marina_Bay,Marina Bay,cbd_mrt,CBD-bound,Cbd Mrt,27.657,19.857,7.8,improved
G_010_011,MRTHUB::Maxwell,Maxwell,cbd_mrt,CBD-bound,Cbd Mrt,23.457,23.457,-0.0,unchanged
G_010_011,MRTHUB::Raffles_Place,Raffles Place,cbd_mrt,CBD-bound,Cbd Mrt,27.657,25.257,2.4,improved
G_010_011,MRTHUB::Shenton_Way,Shenton Way,cbd_mrt,CBD-bound,Cbd Mrt,24.457,23.057,1.4,improved
G_010_011,MRTHUB::Tanjong_Pagar,Tanjong Pagar,cbd_mrt,CBD-bound,Cbd Mrt,23.457,23.457,-0.0,unchanged
G_010_012,BUSSTOP_OUT::95011,AFT AIRCRAFT FLYOVER,airport_bus,Airport-bound,Airport Bus,73.137,72.737,0.4,improved
G_010_012,BUSSTOP_OUT::95019,AFT CHANGI AIRPORT TER 2,airport_bus,Airport-bound,Airport Bus,62.858,61.458,1.4,improved
G_010_012,BUSSTOP_OUT::95029,CHANGI AIRPORT TER 1,airport_bus,Airport-bound,Airport Bus,62.112,60.712,1.4,improved
G_010_012,BUSSTOP_OUT::95109,CHANGI AIRPORT TER 3,airport_bus,Airport-bound,Airport Bus,59.131,57.731,1.4,improved
G_010_012,BUSSTOP_OUT::95129,CHANGI AIRPORT TER 2,airport_bus,Airport-bound,Airport Bus,59.131,57.731,1.4,improved
G_010_012,BUSSTOP_OUT::95151,AIRPORT POLICE STN,airport_bus,Airport-bound,Airport Bus,71.274,70.874,0.4,improved
G_010_012,BUSSTOP_OUT::95159,NEAR SATS FLIGHT KITCHEN,airport_bus,Airport-bound,Airport Bus,65.839,64.439,1.4,improved
G_010_012,BUSSTOP_OUT::95209,CHANGI AIRPORT TER 4,airport_bus,Airport-bound,Airport Bus,68.821,67.421,1.4,improved
G_010_012,MRTHUB::Changi_Airport,Changi Airport,airport_mrt,Airport-bound,Airport Mrt,48.831,47.431,1.4,improved
G_010_012,BUSSTOP_OUT::03011,FULLERTON SQ,cbd_bus,CBD-bound,Cbd Bus,34.367,28.921,5.446,improved
G_010_012,BUSSTOP_OUT::03019,OUE BAYFRONT,cbd_bus,CBD-bound,Cbd Bus,35.331,32.312,3.019,improved
G_010_012,BUSSTOP_OUT::03021,PRUDENTIAL TWR,cbd_bus,CBD-bound,Cbd Bus,32.131,26.685,5.446,improved
G_010_012,BUSSTOP_OUT::03031,RAFFLES PL STN EXIT F,cbd_bus,CBD-bound,Cbd Bus,32.131,27.43,4.701,improved
G_010_012,BUSSTOP_OUT::03041,TELOK AYER STN EXIT A,cbd_bus,CBD-bound,Cbd Bus,32.131,26.685,5.446,improved
G_010_012,BUSSTOP_OUT::03059,ONE RAFFLES QUAY,cbd_bus,CBD-bound,Cbd Bus,31.458,31.458,-0.0,unchanged
G_010_012,BUSSTOP_OUT::03071,OPP SO SOFITEL S'PORE,cbd_bus,CBD-bound,Cbd Bus,31.969,26.312,5.657,improved
G_010_012,BUSSTOP_OUT::03111,AFT CAPITAL TWR,cbd_bus,CBD-bound,Cbd Bus,30.851,25.194,5.657,improved
G_010_012,BUSSTOP_OUT::03129,UIC BLDG,cbd_bus,CBD-bound,Cbd Bus,31.131,30.731,0.4,improved
G_010_012,BUSSTOP_OUT::03151,AFT TELOK AYER ST,cbd_bus,CBD-bound,Cbd Bus,31.131,24.822,6.309,improved
G_010_012,BUSSTOP_OUT::03217,AFT STRAITS BLVD,cbd_bus,CBD-bound,Cbd Bus,31.131,23.331,7.8,improved
G_010_012,BUSSTOP_OUT::03218,OPP MAS BLDG,cbd_bus,CBD-bound,Cbd Bus,31.131,23.331,7.8,improved
G_010_012,BUSSTOP_OUT::03222,HUB SYNERGY PT,cbd_bus,CBD-bound,Cbd Bus,28.242,23.331,4.911,improved
G_010_012,BUSSTOP_OUT::03223,TANJONG PAGAR STN EXIT C,cbd_bus,CBD-bound,Cbd Bus,31.131,23.331,7.8,improved
G_010_012,BUSSTOP_OUT::03239,SHENTON WAY TER,cbd_bus,CBD-bound,Cbd Bus,31.131,23.331,7.8,improved
G_010_012,BUSSTOP_OUT::03241,MAPLETREE ANSON,cbd_bus,CBD-bound,Cbd Bus,31.131,23.331,7.8,improved
G_010_012,BUSSTOP_OUT::03381,THE SAIL,cbd_bus,CBD-bound,Cbd Bus,33.131,28.176,4.955,improved
G_010_012,BUSSTOP_OUT::03391,MARINA BAY FINANCIAL CTR,cbd_bus,CBD-bound,Cbd Bus,33.131,28.921,4.21,improved
G_010_012,BUSSTOP_OUT::03501,MARINA BAY SANDS THEATRE,cbd_bus,CBD-bound,Cbd Bus,36.331,28.531,7.8,improved
G_010_012,BUSSTOP_OUT::03509,BAYFRONT STN EXIT B/MBS,cbd_bus,CBD-bound,Cbd Bus,36.331,28.531,7.8,improved
G_010_012,BUSSTOP_OUT::03511,AFT BAYFRONT STN EXIT E,cbd_bus,CBD-bound,Cbd Bus,35.74,28.531,7.209,improved
G_010_012,BUSSTOP_OUT::03519,BAYFRONT STN EXIT A,cbd_bus,CBD-bound,Cbd Bus,36.331,28.531,7.8,improved
G_010_012,BUSSTOP_OUT::03529,DOWNTOWN STN,cbd_bus,CBD-bound,Cbd Bus,32.131,29.022,3.109,improved
G_010_012,BUSSTOP_OUT::03539,Marina Bay Stn,cbd_bus,CBD-bound,Cbd Bus,33.131,27.531,5.6,improved
G_010_012,BUSSTOP_OUT::05269,MAXWELL RD FC,cbd_bus,CBD-bound,Cbd Bus,30.794,30.794,-0.0,unchanged
G_010_012,BUSSTOP_OUT::05319,OCBC CTR,cbd_bus,CBD-bound,Cbd Bus,29.222,29.222,-0.0,unchanged
G_010_012,BUSSTOP_OUT::05411,TG PAGAR PLAZA,cbd_bus,CBD-bound,Cbd Bus,30.338,23.566,6.772,improved
G_010_012,BUSSTOP_OUT::05419,THE AMARA,cbd_bus,CBD-bound,Cbd Bus,32.249,32.249,-0.0,unchanged
G_010_012,BUSSTOP_OUT::05431,TOWER 15,cbd_bus,CBD-bound,Cbd Bus,32.994,32.994,-0.0,unchanged
G_010_012,BUSSTOP_OUT::05629,OPP STH PT,cbd_bus,CBD-bound,Cbd Bus,29.22,22.076,7.144,improved
G_010_012,BUSSTOP_OUT::05651,OPP FUJI XEROX TWRS,cbd_bus,CBD-bound,Cbd Bus,29.593,22.821,6.772,improved
G_010_012,MRTHUB::Bayfront,Bayfront,cbd_mrt,CBD-bound,Cbd Mrt,26.031,18.231,7.8,improved
G_010_012,MRTHUB::Downtown,Downtown,cbd_mrt,CBD-bound,Cbd Mrt,22.831,21.431,1.4,improved
G_010_012,MRTHUB::Marina_Bay,Marina Bay,cbd_mrt,CBD-bound,Cbd Mrt,25.031,17.231,7.8,improved
G_010_012,MRTHUB::Maxwell,Maxwell,cbd_mrt,CBD-bound,Cbd Mrt,20.831,20.831,-0.0,unchanged
G_010_012,MRTHUB::Raffles_Place,Raffles Place,cbd_mrt,CBD-bound,Cbd Mrt,25.031,22.631,2.4,improved
G_010_012,MRTHUB::Shenton_Way,Shenton Way,cbd_mrt,CBD-bound,Cbd Mrt,21.831,20.431,1.4,improved
G_010_012,MRTHUB::Tanjong_Pagar,Tanjong Pagar,cbd_mrt,CBD-bound,Cbd Mrt,20.831,20.831,-0.0,unchanged
G_011_006,BUSSTOP_OUT::95011,AFT AIRCRAFT FLYOVER,airport_bus,Airport-bound,Airport Bus,84.968,84.968,-0.0,unchanged
G_011_006,BUSSTOP_OUT::95019,AFT CHANGI AIRPORT TER 2,airport_bus,Airport-bound,Airport Bus,73.525,73.525,-0.0,unchanged
G_011_006,BUSSTOP_OUT::95029,CHANGI AIRPORT TER 1,airport_bus,Airport-bound,Airport Bus,72.779,72.779,-0.0,unchanged
G_011_006,BUSSTOP_OUT::95109,CHANGI AIRPORT TER 3,airport_bus,Airport-bound,Airport Bus,69.798,69.798,-0.0,unchanged
G_011_006,BUSSTOP_OUT::95129,CHANGI AIRPORT TER 2,airport_bus,Airport-bound,Airport Bus,69.798,69.798,-0.0,unchanged
G_011_006,BUSSTOP_OUT::95151,AIRPORT POLICE STN,airport_bus,Airport-bound,Airport Bus,83.105,83.105,-0.0,unchanged
G_011_006,BUSSTOP_OUT::95159,NEAR SATS FLIGHT KITCHEN,airport_bus,Airport-bound,Airport Bus,76.506,76.506,-0.0,unchanged
G_011_006,BUSSTOP_OUT::95209,CHANGI AIRPORT TER 4,airport_bus,Airport-bound,Airport Bus,79.488,79.488,-0.0,unchanged
G_011_006,MRTHUB::Changi_Airport,Changi Airport,airport_mrt,Airport-bound,Airport Mrt,59.498,59.498,-0.0,unchanged
G_011_006,BUSSTOP_OUT::03011,FULLERTON SQ,cbd_bus,CBD-bound,Cbd Bus,43.796,43.796,-0.0,unchanged
G_011_006,BUSSTOP_OUT::03019,OUE BAYFRONT,cbd_bus,CBD-bound,Cbd Bus,45.998,45.998,-0.0,unchanged
G_011_006,BUSSTOP_OUT::03021,PRUDENTIAL TWR,cbd_bus,CBD-bound,Cbd Bus,41.56,41.56,-0.0,unchanged
G_011_006,BUSSTOP_OUT::03031,RAFFLES PL STN EXIT F,cbd_bus,CBD-bound,Cbd Bus,41.933,41.933,-0.0,unchanged
G_011_006,BUSSTOP_OUT::03041,TELOK AYER STN EXIT A,cbd_bus,CBD-bound,Cbd Bus,43.661,43.661,-0.0,unchanged
G_011_006,BUSSTOP_OUT::03059,ONE RAFFLES QUAY,cbd_bus,CBD-bound,Cbd Bus,39.325,39.325,-0.0,unchanged
G_011_006,BUSSTOP_OUT::03071,OPP SO SOFITEL S'PORE,cbd_bus,CBD-bound,Cbd Bus,37.813,37.813,-0.0,unchanged
G_011_006,BUSSTOP_OUT::03111,AFT CAPITAL TWR,cbd_bus,CBD-bound,Cbd Bus,36.695,36.695,-0.0,unchanged
G_011_006,BUSSTOP_OUT::03129,UIC BLDG,cbd_bus,CBD-bound,Cbd Bus,40.816,40.816,-0.0,unchanged
G_011_006,BUSSTOP_OUT::03151,AFT TELOK AYER ST,cbd_bus,CBD-bound,Cbd Bus,39.697,39.697,-0.0,unchanged
G_011_006,BUSSTOP_OUT::03217,AFT STRAITS BLVD,cbd_bus,CBD-bound,Cbd Bus,41.798,40.507,1.291,improved
G_011_006,BUSSTOP_OUT::03218,OPP MAS BLDG,cbd_bus,CBD-bound,Cbd Bus,41.798,40.507,1.291,improved
G_011_006,BUSSTOP_OUT::03222,HUB SYNERGY PT,cbd_bus,CBD-bound,Cbd Bus,34.086,34.086,-0.0,unchanged
G_011_006,BUSSTOP_OUT::03223,TANJONG PAGAR STN EXIT C,cbd_bus,CBD-bound,Cbd Bus,38.206,38.206,-0.0,unchanged
G_011_006,BUSSTOP_OUT::03239,SHENTON WAY TER,cbd_bus,CBD-bound,Cbd Bus,41.798,40.507,1.291,improved
G_011_006,BUSSTOP_OUT::03241,MAPLETREE ANSON,cbd_bus,CBD-bound,Cbd Bus,41.798,40.507,1.291,improved
G_011_006,BUSSTOP_OUT::03381,THE SAIL,cbd_bus,CBD-bound,Cbd Bus,40.049,40.049,-0.0,unchanged
G_011_006,BUSSTOP_OUT::03391,MARINA BAY FINANCIAL CTR,cbd_bus,CBD-bound,Cbd Bus,40.794,40.794,-0.0,unchanged
G_011_006,BUSSTOP_OUT::03501,MARINA BAY SANDS THEATRE,cbd_bus,CBD-bound,Cbd Bus,44.894,44.894,-0.0,unchanged
G_011_006,BUSSTOP_OUT::03509,BAYFRONT STN EXIT B/MBS,cbd_bus,CBD-bound,Cbd Bus,49.107,45.707,3.4,improved
G_011_006,BUSSTOP_OUT::03511,AFT BAYFRONT STN EXIT E,cbd_bus,CBD-bound,Cbd Bus,43.403,43.403,-0.0,unchanged
G_011_006,BUSSTOP_OUT::03519,BAYFRONT STN EXIT A,cbd_bus,CBD-bound,Cbd Bus,49.107,45.707,3.4,improved
G_011_006,BUSSTOP_OUT::03529,DOWNTOWN STN,cbd_bus,CBD-bound,Cbd Bus,47.198,46.198,1.0,improved
G_011_006,BUSSTOP_OUT::03539,Marina Bay Stn,cbd_bus,CBD-bound,Cbd Bus,47.907,44.707,3.2,improved
G_011_006,BUSSTOP_OUT::05269,MAXWELL RD FC,cbd_bus,CBD-bound,Cbd Bus,46.198,46.198,-0.0,unchanged
G_011_006,BUSSTOP_OUT::05319,OCBC CTR,cbd_bus,CBD-bound,Cbd Bus,37.089,37.089,-0.0,unchanged
G_011_006,BUSSTOP_OUT::05411,TG PAGAR PLAZA,cbd_bus,CBD-bound,Cbd Bus,41.185,40.742,0.443,improved
G_011_006,BUSSTOP_OUT::05419,THE AMARA,cbd_bus,CBD-bound,Cbd Bus,42.916,42.916,-0.0,unchanged
G_011_006,BUSSTOP_OUT::05431,TOWER 15,cbd_bus,CBD-bound,Cbd Bus,43.661,43.661,-0.0,unchanged
G_011_006,BUSSTOP_OUT::05629,OPP STH PT,cbd_bus,CBD-bound,Cbd Bus,35.597,35.597,-0.0,unchanged
G_011_006,BUSSTOP_OUT::05651,OPP FUJI XEROX TWRS,cbd_bus,CBD-bound,Cbd Bus,40.44,39.997,0.443,improved
G_011_006,MRTHUB::Bayfront,Bayfront,cbd_mrt,CBD-bound,Cbd Mrt,38.807,35.407,3.4,improved
G_011_006,MRTHUB::Downtown,Downtown,cbd_mrt,CBD-bound,Cbd Mrt,37.607,37.607,-0.0,unchanged
G_011_006,MRTHUB::Marina_Bay,Marina Bay,cbd_mrt,CBD-bound,Cbd Mrt,40.098,34.407,5.691,improved
G_011_006,MRTHUB::Maxwell,Maxwell,cbd_mrt,CBD-bound,Cbd Mrt,35.898,35.898,-0.0,unchanged
G_011_006,MRTHUB::Raffles_Place,Raffles Place,cbd_mrt,CBD-bound,Cbd Mrt,35.698,35.698,-0.0,unchanged
G_011_006,MRTHUB::Shenton_Way,Shenton Way,cbd_mrt,CBD-bound,Cbd Mrt,36.898,36.898,-0.0,unchanged
G_011_006,MRTHUB::Tanjong_Pagar,Tanjong Pagar,cbd_mrt,CBD-bound,Cbd Mrt,31.498,31.498,-0.0,unchanged
G_011_007,BUSSTOP_OUT::95011,AFT AIRCRAFT FLYOVER,airport_bus,Airport-bound,Airport Bus,86.303,86.303,-0.0,unchanged
G_011_007,BUSSTOP_OUT::95019,AFT CHANGI AIRPORT TER 2,airport_bus,Airport-bound,Airport Bus,74.86,74.86,-0.0,unchanged
G_011_007,BUSSTOP_OUT::95029,CHANGI AIRPORT TER 1,airport_bus,Airport-bound,Airport Bus,74.114,74.114,-0.0,unchanged
G_011_007,BUSSTOP_OUT::95109,CHANGI AIRPORT TER 3,airport_bus,Airport-bound,Airport Bus,71.133,71.133,-0.0,unchanged
G_011_007,BUSSTOP_OUT::95129,CHANGI AIRPORT TER 2,airport_bus,Airport-bound,Airport Bus,71.133,71.133,-0.0,unchanged
G_011_007,BUSSTOP_OUT::95151,AIRPORT POLICE STN,airport_bus,Airport-bound,Airport Bus,84.44,84.44,-0.0,unchanged
G_011_007,BUSSTOP_OUT::95159,NEAR SATS FLIGHT KITCHEN,airport_bus,Airport-bound,Airport Bus,77.841,77.841,-0.0,unchanged
G_011_007,BUSSTOP_OUT::95209,CHANGI AIRPORT TER 4,airport_bus,Airport-bound,Airport Bus,80.823,80.823,-0.0,unchanged
G_011_007,MRTHUB::Changi_Airport,Changi Airport,airport_mrt,Airport-bound,Airport Mrt,60.833,60.833,-0.0,unchanged
G_011_007,BUSSTOP_OUT::03011,FULLERTON SQ,cbd_bus,CBD-bound,Cbd Bus,47.232,47.232,-0.0,unchanged
G_011_007,BUSSTOP_OUT::03019,OUE BAYFRONT,cbd_bus,CBD-bound,Cbd Bus,47.333,47.333,-0.0,unchanged
G_011_007,BUSSTOP_OUT::03021,PRUDENTIAL TWR,cbd_bus,CBD-bound,Cbd Bus,44.996,44.996,-0.0,unchanged
G_011_007,BUSSTOP_OUT::03031,RAFFLES PL STN EXIT F,cbd_bus,CBD-bound,Cbd Bus,45.369,45.369,-0.0,unchanged
G_011_007,BUSSTOP_OUT::03041,TELOK AYER STN EXIT A,cbd_bus,CBD-bound,Cbd Bus,44.996,44.996,-0.0,unchanged
G_011_007,BUSSTOP_OUT::03059,ONE RAFFLES QUAY,cbd_bus,CBD-bound,Cbd Bus,47.333,47.333,-0.0,unchanged
G_011_007,BUSSTOP_OUT::03071,OPP SO SOFITEL S'PORE,cbd_bus,CBD-bound,Cbd Bus,44.251,44.251,-0.0,unchanged
G_011_007,BUSSTOP_OUT::03111,AFT CAPITAL TWR,cbd_bus,CBD-bound,Cbd Bus,43.133,43.133,-0.0,unchanged
G_011_007,BUSSTOP_OUT::03129,UIC BLDG,cbd_bus,CBD-bound,Cbd Bus,43.133,43.133,-0.0,unchanged
G_011_007,BUSSTOP_OUT::03151,AFT TELOK AYER ST,cbd_bus,CBD-bound,Cbd Bus,43.133,43.133,-0.0,unchanged
G_011_007,BUSSTOP_OUT::03217,AFT STRAITS BLVD,cbd_bus,CBD-bound,Cbd Bus,43.133,41.733,1.4,improved
G_011_007,BUSSTOP_OUT::03218,OPP MAS BLDG,cbd_bus,CBD-bound,Cbd Bus,43.133,41.733,1.4,improved
G_011_007,BUSSTOP_OUT::03222,HUB SYNERGY PT,cbd_bus,CBD-bound,Cbd Bus,43.133,41.733,1.4,improved
G_011_007,BUSSTOP_OUT::03223,TANJONG PAGAR STN EXIT C,cbd_bus,CBD-bound,Cbd Bus,43.133,41.733,1.4,improved
G_011_007,BUSSTOP_OUT::03239,SHENTON WAY TER,cbd_bus,CBD-bound,Cbd Bus,43.133,41.733,1.4,improved
G_011_007,BUSSTOP_OUT::03241,MAPLETREE ANSON,cbd_bus,CBD-bound,Cbd Bus,43.133,41.733,1.4,improved
G_011_007,BUSSTOP_OUT::03381,THE SAIL,cbd_bus,CBD-bound,Cbd Bus,46.487,46.487,-0.0,unchanged
G_011_007,BUSSTOP_OUT::03391,MARINA BAY FINANCIAL CTR,cbd_bus,CBD-bound,Cbd Bus,47.232,47.232,-0.0,unchanged
G_011_007,BUSSTOP_OUT::03501,MARINA BAY SANDS THEATRE,cbd_bus,CBD-bound,Cbd Bus,50.333,46.933,3.4,improved
G_011_007,BUSSTOP_OUT::03509,BAYFRONT STN EXIT B/MBS,cbd_bus,CBD-bound,Cbd Bus,50.333,46.933,3.4,improved
G_011_007,BUSSTOP_OUT::03511,AFT BAYFRONT STN EXIT E,cbd_bus,CBD-bound,Cbd Bus,49.841,46.933,2.908,improved
G_011_007,BUSSTOP_OUT::03519,BAYFRONT STN EXIT A,cbd_bus,CBD-bound,Cbd Bus,50.333,46.933,3.4,improved
G_011_007,BUSSTOP_OUT::03529,DOWNTOWN STN,cbd_bus,CBD-bound,Cbd Bus,48.533,47.424,1.109,improved
G_011_007,BUSSTOP_OUT::03539,Marina Bay Stn,cbd_bus,CBD-bound,Cbd Bus,49.133,45.933,3.2,improved
G_011_007,BUSSTOP_OUT::05269,MAXWELL RD FC,cbd_bus,CBD-bound,Cbd Bus,47.533,47.533,-0.0,unchanged
G_011_007,BUSSTOP_OUT::05319,OCBC CTR,cbd_bus,CBD-bound,Cbd Bus,47.333,47.333,-0.0,unchanged
G_011_007,BUSSTOP_OUT::05411,TG PAGAR PLAZA,cbd_bus,CBD-bound,Cbd Bus,43.133,41.968,1.165,improved
G_011_007,BUSSTOP_OUT::05419,THE AMARA,cbd_bus,CBD-bound,Cbd Bus,44.251,44.251,-0.0,unchanged
G_011_007,BUSSTOP_OUT::05431,TOWER 15,cbd_bus,CBD-bound,Cbd Bus,44.996,44.996,-0.0,unchanged
G_011_007,BUSSTOP_OUT::05629,OPP STH PT,cbd_bus,CBD-bound,Cbd Bus,46.569,40.478,6.091,improved
G_011_007,BUSSTOP_OUT::05651,OPP FUJI XEROX TWRS,cbd_bus,CBD-bound,Cbd Bus,47.995,41.223,6.772,improved
G_011_007,MRTHUB::Bayfront,Bayfront,cbd_mrt,CBD-bound,Cbd Mrt,40.033,36.633,3.4,improved
G_011_007,MRTHUB::Downtown,Downtown,cbd_mrt,CBD-bound,Cbd Mrt,38.833,38.833,-0.0,unchanged
G_011_007,MRTHUB::Marina_Bay,Marina Bay,cbd_mrt,CBD-bound,Cbd Mrt,41.433,35.633,5.8,improved
G_011_007,MRTHUB::Maxwell,Maxwell,cbd_mrt,CBD-bound,Cbd Mrt,37.233,37.233,-0.0,unchanged
G_011_007,MRTHUB::Raffles_Place,Raffles Place,cbd_mrt,CBD-bound,Cbd Mrt,37.033,37.033,-0.0,unchanged
G_011_007,MRTHUB::Shenton_Way,Shenton Way,cbd_mrt,CBD-bound,Cbd Mrt,38.233,38.233,-0.0,unchanged
G_011_007,MRTHUB::Tanjong_Pagar,Tanjong Pagar,cbd_mrt,CBD-bound,Cbd Mrt,32.833,32.833,-0.0,unchanged
G_011_008,BUSSTOP_OUT::95011,AFT AIRCRAFT FLYOVER,airport_bus,Airport-bound,Airport Bus,88.702,88.302,0.4,improved
G_011_008,BUSSTOP_OUT::95019,AFT CHANGI AIRPORT TER 2,airport_bus,Airport-bound,Airport Bus,78.328,77.023,1.305,improved
G_011_008,BUSSTOP_OUT::95029,CHANGI AIRPORT TER 1,airport_bus,Airport-bound,Airport Bus,77.582,76.277,1.305,improved
G_011_008,BUSSTOP_OUT::95109,CHANGI AIRPORT TER 3,airport_bus,Airport-bound,Airport Bus,74.601,73.296,1.305,improved
G_011_008,BUSSTOP_OUT::95129,CHANGI AIRPORT TER 2,airport_bus,Airport-bound,Airport Bus,74.601,73.296,1.305,improved
G_011_008,BUSSTOP_OUT::95151,AIRPORT POLICE STN,airport_bus,Airport-bound,Airport Bus,86.839,86.439,0.4,improved
G_011_008,BUSSTOP_OUT::95159,NEAR SATS FLIGHT KITCHEN,airport_bus,Airport-bound,Airport Bus,81.309,80.004,1.305,improved
G_011_008,BUSSTOP_OUT::95209,CHANGI AIRPORT TER 4,airport_bus,Airport-bound,Airport Bus,84.291,82.986,1.305,improved
G_011_008,MRTHUB::Changi_Airport,Changi Airport,airport_mrt,Airport-bound,Airport Mrt,64.301,62.996,1.305,improved
G_011_008,BUSSTOP_OUT::03011,FULLERTON SQ,cbd_bus,CBD-bound,Cbd Bus,49.932,44.486,5.446,improved
G_011_008,BUSSTOP_OUT::03019,OUE BAYFRONT,cbd_bus,CBD-bound,Cbd Bus,50.801,47.877,2.924,improved
G_011_008,BUSSTOP_OUT::03021,PRUDENTIAL TWR,cbd_bus,CBD-bound,Cbd Bus,47.696,42.25,5.446,improved
G_011_008,BUSSTOP_OUT::03031,RAFFLES PL STN EXIT F,cbd_bus,CBD-bound,Cbd Bus,47.696,42.995,4.701,improved
G_011_008,BUSSTOP_OUT::03041,TELOK AYER STN EXIT A,cbd_bus,CBD-bound,Cbd Bus,47.696,42.25,5.446,improved
G_011_008,BUSSTOP_OUT::03059,ONE RAFFLES QUAY,cbd_bus,CBD-bound,Cbd Bus,47.023,47.023,-0.0,unchanged
G_011_008,BUSSTOP_OUT::03071,OPP SO SOFITEL S'PORE,cbd_bus,CBD-bound,Cbd Bus,47.696,41.877,5.819,improved
G_011_008,BUSSTOP_OUT::03111,AFT CAPITAL TWR,cbd_bus,CBD-bound,Cbd Bus,46.601,40.759,5.842,improved
G_011_008,BUSSTOP_OUT::03129,UIC BLDG,cbd_bus,CBD-bound,Cbd Bus,46.601,46.296,0.305,improved
G_011_008,BUSSTOP_OUT::03151,AFT TELOK AYER ST,cbd_bus,CBD-bound,Cbd Bus,46.601,40.387,6.214,improved
G_011_008,BUSSTOP_OUT::03217,AFT STRAITS BLVD,cbd_bus,CBD-bound,Cbd Bus,46.601,38.896,7.705,improved
G_011_008,BUSSTOP_OUT::03218,OPP MAS BLDG,cbd_bus,CBD-bound,Cbd Bus,46.601,38.896,7.705,improved
G_011_008,BUSSTOP_OUT::03222,HUB SYNERGY PT,cbd_bus,CBD-bound,Cbd Bus,45.904,38.896,7.008,improved
G_011_008,BUSSTOP_OUT::03223,TANJONG PAGAR STN EXIT C,cbd_bus,CBD-bound,Cbd Bus,46.601,38.896,7.705,improved
G_011_008,BUSSTOP_OUT::03239,SHENTON WAY TER,cbd_bus,CBD-bound,Cbd Bus,46.601,38.896,7.705,improved
G_011_008,BUSSTOP_OUT::03241,MAPLETREE ANSON,cbd_bus,CBD-bound,Cbd Bus,46.601,38.896,7.705,improved
G_011_008,BUSSTOP_OUT::03381,THE SAIL,cbd_bus,CBD-bound,Cbd Bus,48.696,43.741,4.955,improved
G_011_008,BUSSTOP_OUT::03391,MARINA BAY FINANCIAL CTR,cbd_bus,CBD-bound,Cbd Bus,48.696,44.486,4.21,improved
G_011_008,BUSSTOP_OUT::03501,MARINA BAY SANDS THEATRE,cbd_bus,CBD-bound,Cbd Bus,51.896,44.096,7.8,improved
G_011_008,BUSSTOP_OUT::03509,BAYFRONT STN EXIT B/MBS,cbd_bus,CBD-bound,Cbd Bus,51.896,44.096,7.8,improved
G_011_008,BUSSTOP_OUT::03511,AFT BAYFRONT STN EXIT E,cbd_bus,CBD-bound,Cbd Bus,51.305,44.096,7.209,improved
G_011_008,BUSSTOP_OUT::03519,BAYFRONT STN EXIT A,cbd_bus,CBD-bound,Cbd Bus,51.896,44.096,7.8,improved
G_011_008,BUSSTOP_OUT::03529,DOWNTOWN STN,cbd_bus,CBD-bound,Cbd Bus,47.696,44.587,3.109,improved
G_011_008,BUSSTOP_OUT::03539,Marina Bay Stn,cbd_bus,CBD-bound,Cbd Bus,48.696,43.096,5.6,improved
G_011_008,BUSSTOP_OUT::05269,MAXWELL RD FC,cbd_bus,CBD-bound,Cbd Bus,46.359,46.359,-0.0,unchanged
G_011_008,BUSSTOP_OUT::05319,OCBC CTR,cbd_bus,CBD-bound,Cbd Bus,44.787,44.787,-0.0,unchanged
G_011_008,BUSSTOP_OUT::05411,TG PAGAR PLAZA,cbd_bus,CBD-bound,Cbd Bus,45.903,39.131,6.772,improved
G_011_008,BUSSTOP_OUT::05419,THE AMARA,cbd_bus,CBD-bound,Cbd Bus,47.719,47.719,-0.0,unchanged
G_011_008,BUSSTOP_OUT::05431,TOWER 15,cbd_bus,CBD-bound,Cbd Bus,48.464,48.464,-0.0,unchanged
G_011_008,BUSSTOP_OUT::05629,OPP STH PT,cbd_bus,CBD-bound,Cbd Bus,44.785,37.641,7.144,improved
G_011_008,BUSSTOP_OUT::05651,OPP FUJI XEROX TWRS,cbd_bus,CBD-bound,Cbd Bus,45.158,38.386,6.772,improved
G_011_008,MRTHUB::Bayfront,Bayfront,cbd_mrt,CBD-bound,Cbd Mrt,41.596,33.796,7.8,improved
G_011_008,MRTHUB::Downtown,Downtown,cbd_mrt,CBD-bound,Cbd Mrt,38.396,36.996,1.4,improved
G_011_008,MRTHUB::Marina_Bay,Marina Bay,cbd_mrt,CBD-bound,Cbd Mrt,40.596,32.796,7.8,improved
G_011_008,MRTHUB::Maxwell,Maxwell,cbd_mrt,CBD-bound,Cbd Mrt,36.396,36.396,-0.0,unchanged
G_011_008,MRTHUB::Raffles_Place,Raffles Place,cbd_mrt,CBD-bound,Cbd Mrt,40.501,38.196,2.305,improved
G_011_008,MRTHUB::Shenton_Way,Shenton Way,cbd_mrt,CBD-bound,Cbd Mrt,37.396,35.996,1.4,improved
G_011_008,MRTHUB::Tanjong_Pagar,Tanjong Pagar,cbd_mrt,CBD-bound,Cbd Mrt,36.301,36.301,-0.0,unchanged
G_011_009,BUSSTOP_OUT::95011,AFT AIRCRAFT FLYOVER,airport_bus,Airport-bound,Airport Bus,84.307,83.907,0.4,improved
G_011_009,BUSSTOP_OUT::95019,AFT CHANGI AIRPORT TER 2,airport_bus,Airport-bound,Airport Bus,74.028,72.628,1.4,improved
G_011_009,BUSSTOP_OUT::95029,CHANGI AIRPORT TER 1,airport_bus,Airport-bound,Airport Bus,73.282,71.882,1.4,improved
G_011_009,BUSSTOP_OUT::95109,CHANGI AIRPORT TER 3,airport_bus,Airport-bound,Airport Bus,70.301,68.901,1.4,improved
G_011_009,BUSSTOP_OUT::95129,CHANGI AIRPORT TER 2,airport_bus,Airport-bound,Airport Bus,70.301,68.901,1.4,improved
G_011_009,BUSSTOP_OUT::95151,AIRPORT POLICE STN,airport_bus,Airport-bound,Airport Bus,82.444,82.044,0.4,improved
G_011_009,BUSSTOP_OUT::95159,NEAR SATS FLIGHT KITCHEN,airport_bus,Airport-bound,Airport Bus,77.009,75.609,1.4,improved
G_011_009,BUSSTOP_OUT::95209,CHANGI AIRPORT TER 4,airport_bus,Airport-bound,Airport Bus,79.991,78.591,1.4,improved
G_011_009,MRTHUB::Changi_Airport,Changi Airport,airport_mrt,Airport-bound,Airport Mrt,60.001,58.601,1.4,improved
G_011_009,BUSSTOP_OUT::03011,FULLERTON SQ,cbd_bus,CBD-bound,Cbd Bus,45.537,40.091,5.446,improved
G_011_009,BUSSTOP_OUT::03019,OUE BAYFRONT,cbd_bus,CBD-bound,Cbd Bus,46.501,43.482,3.019,improved
G_011_009,BUSSTOP_OUT::03021,PRUDENTIAL TWR,cbd_bus,CBD-bound,Cbd Bus,43.301,37.855,5.446,improved
G_011_009,BUSSTOP_OUT::03031,RAFFLES PL STN EXIT F,cbd_bus,CBD-bound,Cbd Bus,43.301,38.6,4.701,improved
G_011_009,BUSSTOP_OUT::03041,TELOK AYER STN EXIT A,cbd_bus,CBD-bound,Cbd Bus,43.301,37.855,5.446,improved
G_011_009,BUSSTOP_OUT::03059,ONE RAFFLES QUAY,cbd_bus,CBD-bound,Cbd Bus,42.628,42.628,-0.0,unchanged
G_011_009,BUSSTOP_OUT::03071,OPP SO SOFITEL S'PORE,cbd_bus,CBD-bound,Cbd Bus,43.301,37.482,5.819,improved
G_011_009,BUSSTOP_OUT::03111,AFT CAPITAL TWR,cbd_bus,CBD-bound,Cbd Bus,42.301,36.364,5.937,improved
G_011_009,BUSSTOP_OUT::03129,UIC BLDG,cbd_bus,CBD-bound,Cbd Bus,42.301,41.901,0.4,improved
G_011_009,BUSSTOP_OUT::03151,AFT TELOK AYER ST,cbd_bus,CBD-bound,Cbd Bus,42.301,35.992,6.309,improved
G_011_009,BUSSTOP_OUT::03217,AFT STRAITS BLVD,cbd_bus,CBD-bound,Cbd Bus,42.301,34.501,7.8,improved
G_011_009,BUSSTOP_OUT::03218,OPP MAS BLDG,cbd_bus,CBD-bound,Cbd Bus,42.301,34.501,7.8,improved
G_011_009,BUSSTOP_OUT::03222,HUB SYNERGY PT,cbd_bus,CBD-bound,Cbd Bus,41.509,34.501,7.008,improved
G_011_009,BUSSTOP_OUT::03223,TANJONG PAGAR STN EXIT C,cbd_bus,CBD-bound,Cbd Bus,42.301,34.501,7.8,improved
G_011_009,BUSSTOP_OUT::03239,SHENTON WAY TER,cbd_bus,CBD-bound,Cbd Bus,42.301,34.501,7.8,improved
G_011_009,BUSSTOP_OUT::03241,MAPLETREE ANSON,cbd_bus,CBD-bound,Cbd Bus,42.301,34.501,7.8,improved
G_011_009,BUSSTOP_OUT::03381,THE SAIL,cbd_bus,CBD-bound,Cbd Bus,44.301,39.346,4.955,improved
G_011_009,BUSSTOP_OUT::03391,MARINA BAY FINANCIAL CTR,cbd_bus,CBD-bound,Cbd Bus,44.301,40.091,4.21,improved
G_011_009,BUSSTOP_OUT::03501,MARINA BAY SANDS THEATRE,cbd_bus,CBD-bound,Cbd Bus,47.501,39.701,7.8,improved
G_011_009,BUSSTOP_OUT::03509,BAYFRONT STN EXIT B/MBS,cbd_bus,CBD-bound,Cbd Bus,47.501,39.701,7.8,improved
G_011_009,BUSSTOP_OUT::03511,AFT BAYFRONT STN EXIT E,cbd_bus,CBD-bound,Cbd Bus,46.91,39.701,7.209,improved
G_011_009,BUSSTOP_OUT::03519,BAYFRONT STN EXIT A,cbd_bus,CBD-bound,Cbd Bus,47.501,39.701,7.8,improved
G_011_009,BUSSTOP_OUT::03529,DOWNTOWN STN,cbd_bus,CBD-bound,Cbd Bus,43.301,40.192,3.109,improved
G_011_009,BUSSTOP_OUT::03539,Marina Bay Stn,cbd_bus,CBD-bound,Cbd Bus,44.301,38.701,5.6,improved
G_011_009,BUSSTOP_OUT::05269,MAXWELL RD FC,cbd_bus,CBD-bound,Cbd Bus,41.964,41.964,-0.0,unchanged
G_011_009,BUSSTOP_OUT::05319,OCBC CTR,cbd_bus,CBD-bound,Cbd Bus,40.392,40.392,-0.0,unchanged
G_011_009,BUSSTOP_OUT::05411,TG PAGAR PLAZA,cbd_bus,CBD-bound,Cbd Bus,41.508,34.736,6.772,improved
G_011_009,BUSSTOP_OUT::05419,THE AMARA,cbd_bus,CBD-bound,Cbd Bus,43.419,43.419,-0.0,unchanged
G_011_009,BUSSTOP_OUT::05431,TOWER 15,cbd_bus,CBD-bound,Cbd Bus,44.164,44.164,-0.0,unchanged
G_011_009,BUSSTOP_OUT::05629,OPP STH PT,cbd_bus,CBD-bound,Cbd Bus,40.39,33.246,7.144,improved
G_011_009,BUSSTOP_OUT::05651,OPP FUJI XEROX TWRS,cbd_bus,CBD-bound,Cbd Bus,40.763,33.991,6.772,improved
G_011_009,MRTHUB::Bayfront,Bayfront,cbd_mrt,CBD-bound,Cbd Mrt,37.201,29.401,7.8,improved
G_011_009,MRTHUB::Downtown,Downtown,cbd_mrt,CBD-bound,Cbd Mrt,34.001,32.601,1.4,improved
G_011_009,MRTHUB::Marina_Bay,Marina Bay,cbd_mrt,CBD-bound,Cbd Mrt,36.201,28.401,7.8,improved
G_011_009,MRTHUB::Maxwell,Maxwell,cbd_mrt,CBD-bound,Cbd Mrt,32.001,32.001,-0.0,unchanged
G_011_009,MRTHUB::Raffles_Place,Raffles Place,cbd_mrt,CBD-bound,Cbd Mrt,36.201,33.801,2.4,improved
G_011_009,MRTHUB::Shenton_Way,Shenton Way,cbd_mrt,CBD-bound,Cbd Mrt,33.001,31.601,1.4,improved
G_011_009,MRTHUB::Tanjong_Pagar,Tanjong Pagar,cbd_mrt,CBD-bound,Cbd Mrt,32.001,32.001,-0.0,unchanged
G_011_010,BUSSTOP_OUT::95011,AFT AIRCRAFT FLYOVER,airport_bus,Airport-bound,Airport Bus,79.961,79.561,0.4,improved
G_011_010,BUSSTOP_OUT::95019,AFT CHANGI AIRPORT TER 2,airport_bus,Airport-bound,Airport Bus,69.682,68.282,1.4,improved
G_011_010,BUSSTOP_OUT::95029,CHANGI AIRPORT TER 1,airport_bus,Airport-bound,Airport Bus,68.936,67.536,1.4,improved
G_011_010,BUSSTOP_OUT::95109,CHANGI AIRPORT TER 3,airport_bus,Airport-bound,Airport Bus,65.955,64.555,1.4,improved
G_011_010,BUSSTOP_OUT::95129,CHANGI AIRPORT TER 2,airport_bus,Airport-bound,Airport Bus,65.955,64.555,1.4,improved
G_011_010,BUSSTOP_OUT::95151,AIRPORT POLICE STN,airport_bus,Airport-bound,Airport Bus,78.098,77.698,0.4,improved
G_011_010,BUSSTOP_OUT::95159,NEAR SATS FLIGHT KITCHEN,airport_bus,Airport-bound,Airport Bus,72.663,71.263,1.4,improved
G_011_010,BUSSTOP_OUT::95209,CHANGI AIRPORT TER 4,airport_bus,Airport-bound,Airport Bus,75.645,74.245,1.4,improved
G_011_010,MRTHUB::Changi_Airport,Changi Airport,airport_mrt,Airport-bound,Airport Mrt,55.655,54.255,1.4,improved
G_011_010,BUSSTOP_OUT::03011,FULLERTON SQ,cbd_bus,CBD-bound,Cbd Bus,40.538,35.745,4.793,improved
G_011_010,BUSSTOP_OUT::03019,OUE BAYFRONT,cbd_bus,CBD-bound,Cbd Bus,42.155,39.136,3.019,improved
G_011_010,BUSSTOP_OUT::03021,PRUDENTIAL TWR,cbd_bus,CBD-bound,Cbd Bus,38.955,33.509,5.446,improved
G_011_010,BUSSTOP_OUT::03031,RAFFLES PL STN EXIT F,cbd_bus,CBD-bound,Cbd Bus,38.302,34.254,4.048,improved
G_011_010,BUSSTOP_OUT::03041,TELOK AYER STN EXIT A,cbd_bus,CBD-bound,Cbd Bus,38.955,33.509,5.446,improved
G_011_010,BUSSTOP_OUT::03059,ONE RAFFLES QUAY,cbd_bus,CBD-bound,Cbd Bus,38.282,38.282,-0.0,unchanged
G_011_010,BUSSTOP_OUT::03071,OPP SO SOFITEL S'PORE,cbd_bus,CBD-bound,Cbd Bus,37.184,33.136,4.048,improved
G_011_010,BUSSTOP_OUT::03111,AFT CAPITAL TWR,cbd_bus,CBD-bound,Cbd Bus,36.066,32.018,4.048,improved
G_011_010,BUSSTOP_OUT::03129,UIC BLDG,cbd_bus,CBD-bound,Cbd Bus,37.955,37.555,0.4,improved
G_011_010,BUSSTOP_OUT::03151,AFT TELOK AYER ST,cbd_bus,CBD-bound,Cbd Bus,37.955,31.646,6.309,improved
G_011_010,BUSSTOP_OUT::03217,AFT STRAITS BLVD,cbd_bus,CBD-bound,Cbd Bus,37.955,30.155,7.8,improved
G_011_010,BUSSTOP_OUT::03218,OPP MAS BLDG,cbd_bus,CBD-bound,Cbd Bus,37.955,30.155,7.8,improved
G_011_010,BUSSTOP_OUT::03222,HUB SYNERGY PT,cbd_bus,CBD-bound,Cbd Bus,33.457,30.155,3.302,improved
G_011_010,BUSSTOP_OUT::03223,TANJONG PAGAR STN EXIT C,cbd_bus,CBD-bound,Cbd Bus,37.955,30.155,7.8,improved
G_011_010,BUSSTOP_OUT::03239,SHENTON WAY TER,cbd_bus,CBD-bound,Cbd Bus,37.955,30.155,7.8,improved
G_011_010,BUSSTOP_OUT::03241,MAPLETREE ANSON,cbd_bus,CBD-bound,Cbd Bus,37.955,30.155,7.8,improved
G_011_010,BUSSTOP_OUT::03381,THE SAIL,cbd_bus,CBD-bound,Cbd Bus,39.955,35.0,4.955,improved
G_011_010,BUSSTOP_OUT::03391,MARINA BAY FINANCIAL CTR,cbd_bus,CBD-bound,Cbd Bus,39.955,35.745,4.21,improved
G_011_010,BUSSTOP_OUT::03501,MARINA BAY SANDS THEATRE,cbd_bus,CBD-bound,Cbd Bus,43.155,35.355,7.8,improved
G_011_010,BUSSTOP_OUT::03509,BAYFRONT STN EXIT B/MBS,cbd_bus,CBD-bound,Cbd Bus,43.155,35.355,7.8,improved
G_011_010,BUSSTOP_OUT::03511,AFT BAYFRONT STN EXIT E,cbd_bus,CBD-bound,Cbd Bus,42.564,35.355,7.209,improved
G_011_010,BUSSTOP_OUT::03519,BAYFRONT STN EXIT A,cbd_bus,CBD-bound,Cbd Bus,43.155,35.355,7.8,improved
G_011_010,BUSSTOP_OUT::03529,DOWNTOWN STN,cbd_bus,CBD-bound,Cbd Bus,38.955,35.846,3.109,improved
G_011_010,BUSSTOP_OUT::03539,Marina Bay Stn,cbd_bus,CBD-bound,Cbd Bus,39.955,34.355,5.6,improved
G_011_010,BUSSTOP_OUT::05269,MAXWELL RD FC,cbd_bus,CBD-bound,Cbd Bus,37.618,37.618,-0.0,unchanged
G_011_010,BUSSTOP_OUT::05319,OCBC CTR,cbd_bus,CBD-bound,Cbd Bus,36.046,36.046,-0.0,unchanged
G_011_010,BUSSTOP_OUT::05411,TG PAGAR PLAZA,cbd_bus,CBD-bound,Cbd Bus,37.162,30.39,6.772,improved
G_011_010,BUSSTOP_OUT::05419,THE AMARA,cbd_bus,CBD-bound,Cbd Bus,39.073,39.073,-0.0,unchanged
G_011_010,BUSSTOP_OUT::05431,TOWER 15,cbd_bus,CBD-bound,Cbd Bus,39.818,39.818,-0.0,unchanged
G_011_010,BUSSTOP_OUT::05629,OPP STH PT,cbd_bus,CBD-bound,Cbd Bus,36.044,28.9,7.144,improved
G_011_010,BUSSTOP_OUT::05651,OPP FUJI XEROX TWRS,cbd_bus,CBD-bound,Cbd Bus,36.417,29.645,6.772,improved
G_011_010,MRTHUB::Bayfront,Bayfront,cbd_mrt,CBD-bound,Cbd Mrt,32.855,25.055,7.8,improved
G_011_010,MRTHUB::Downtown,Downtown,cbd_mrt,CBD-bound,Cbd Mrt,29.655,28.255,1.4,improved
G_011_010,MRTHUB::Marina_Bay,Marina Bay,cbd_mrt,CBD-bound,Cbd Mrt,31.855,24.055,7.8,improved
G_011_010,MRTHUB::Maxwell,Maxwell,cbd_mrt,CBD-bound,Cbd Mrt,27.655,27.655,-0.0,unchanged
G_011_010,MRTHUB::Raffles_Place,Raffles Place,cbd_mrt,CBD-bound,Cbd Mrt,31.855,29.455,2.4,improved
G_011_010,MRTHUB::Shenton_Way,Shenton Way,cbd_mrt,CBD-bound,Cbd Mrt,28.655,27.255,1.4,improved
G_011_010,MRTHUB::Tanjong_Pagar,Tanjong Pagar,cbd_mrt,CBD-bound,Cbd Mrt,27.655,27.655,-0.0,unchanged
G_011_011,BUSSTOP_OUT::95011,AFT AIRCRAFT FLYOVER,airport_bus,Airport-bound,Airport Bus,75.8,75.4,0.4,improved
G_011_011,BUSSTOP_OUT::95019,AFT CHANGI AIRPORT TER 2,airport_bus,Airport-bound,Airport Bus,65.521,64.121,1.4,improved
G_011_011,BUSSTOP_OUT::95029,CHANGI AIRPORT TER 1,airport_bus,Airport-bound,Airport Bus,64.775,63.375,1.4,improved
G_011_011,BUSSTOP_OUT::95109,CHANGI AIRPORT TER 3,airport_bus,Airport-bound,Airport Bus,61.794,60.394,1.4,improved
G_011_011,BUSSTOP_OUT::95129,CHANGI AIRPORT TER 2,airport_bus,Airport-bound,Airport Bus,61.794,60.394,1.4,improved
G_011_011,BUSSTOP_OUT::95151,AIRPORT POLICE STN,airport_bus,Airport-bound,Airport Bus,73.937,73.537,0.4,improved
G_011_011,BUSSTOP_OUT::95159,NEAR SATS FLIGHT KITCHEN,airport_bus,Airport-bound,Airport Bus,68.502,67.102,1.4,improved
G_011_011,BUSSTOP_OUT::95209,CHANGI AIRPORT TER 4,airport_bus,Airport-bound,Airport Bus,71.484,70.084,1.4,improved
G_011_011,MRTHUB::Changi_Airport,Changi Airport,airport_mrt,Airport-bound,Airport Mrt,51.494,50.094,1.4,improved
G_011_011,BUSSTOP_OUT::03011,FULLERTON SQ,cbd_bus,CBD-bound,Cbd Bus,36.095,31.584,4.511,improved
G_011_011,BUSSTOP_OUT::03019,OUE BAYFRONT,cbd_bus,CBD-bound,Cbd Bus,37.994,34.975,3.019,improved
G_011_011,BUSSTOP_OUT::03021,PRUDENTIAL TWR,cbd_bus,CBD-bound,Cbd Bus,34.794,29.348,5.446,improved
G_011_011,BUSSTOP_OUT::03031,RAFFLES PL STN EXIT F,cbd_bus,CBD-bound,Cbd Bus,33.859,30.093,3.766,improved
G_011_011,BUSSTOP_OUT::03041,TELOK AYER STN EXIT A,cbd_bus,CBD-bound,Cbd Bus,34.794,29.348,5.446,improved
G_011_011,BUSSTOP_OUT::03059,ONE RAFFLES QUAY,cbd_bus,CBD-bound,Cbd Bus,34.121,34.121,-0.0,unchanged
G_011_011,BUSSTOP_OUT::03071,OPP SO SOFITEL S'PORE,cbd_bus,CBD-bound,Cbd Bus,32.741,28.975,3.766,improved
G_011_011,BUSSTOP_OUT::03111,AFT CAPITAL TWR,cbd_bus,CBD-bound,Cbd Bus,31.623,27.857,3.766,improved
G_011_011,BUSSTOP_OUT::03129,UIC BLDG,cbd_bus,CBD-bound,Cbd Bus,33.794,33.394,0.4,improved
G_011_011,BUSSTOP_OUT::03151,AFT TELOK AYER ST,cbd_bus,CBD-bound,Cbd Bus,33.794,27.485,6.309,improved
G_011_011,BUSSTOP_OUT::03217,AFT STRAITS BLVD,cbd_bus,CBD-bound,Cbd Bus,33.794,25.994,7.8,improved
G_011_011,BUSSTOP_OUT::03218,OPP MAS BLDG,cbd_bus,CBD-bound,Cbd Bus,33.794,25.994,7.8,improved
G_011_011,BUSSTOP_OUT::03222,HUB SYNERGY PT,cbd_bus,CBD-bound,Cbd Bus,29.014,25.994,3.02,improved
G_011_011,BUSSTOP_OUT::03223,TANJONG PAGAR STN EXIT C,cbd_bus,CBD-bound,Cbd Bus,33.794,25.994,7.8,improved
G_011_011,BUSSTOP_OUT::03239,SHENTON WAY TER,cbd_bus,CBD-bound,Cbd Bus,33.794,25.994,7.8,improved
G_011_011,BUSSTOP_OUT::03241,MAPLETREE ANSON,cbd_bus,CBD-bound,Cbd Bus,33.794,25.994,7.8,improved
G_011_011,BUSSTOP_OUT::03381,THE SAIL,cbd_bus,CBD-bound,Cbd Bus,35.794,30.839,4.955,improved
G_011_011,BUSSTOP_OUT::03391,MARINA BAY FINANCIAL CTR,cbd_bus,CBD-bound,Cbd Bus,35.794,31.584,4.21,improved
G_011_011,BUSSTOP_OUT::03501,MARINA BAY SANDS THEATRE,cbd_bus,CBD-bound,Cbd Bus,38.994,31.194,7.8,improved
G_011_011,BUSSTOP_OUT::03509,BAYFRONT STN EXIT B/MBS,cbd_bus,CBD-bound,Cbd Bus,38.994,31.194,7.8,improved
G_011_011,BUSSTOP_OUT::03511,AFT BAYFRONT STN EXIT E,cbd_bus,CBD-bound,Cbd Bus,38.403,31.194,7.209,improved
G_011_011,BUSSTOP_OUT::03519,BAYFRONT STN EXIT A,cbd_bus,CBD-bound,Cbd Bus,38.994,31.194,7.8,improved
G_011_011,BUSSTOP_OUT::03529,DOWNTOWN STN,cbd_bus,CBD-bound,Cbd Bus,34.794,31.685,3.109,improved
G_011_011,BUSSTOP_OUT::03539,Marina Bay Stn,cbd_bus,CBD-bound,Cbd Bus,35.794,30.194,5.6,improved
G_011_011,BUSSTOP_OUT::05269,MAXWELL RD FC,cbd_bus,CBD-bound,Cbd Bus,33.457,33.457,-0.0,unchanged
G_011_011,BUSSTOP_OUT::05319,OCBC CTR,cbd_bus,CBD-bound,Cbd Bus,31.885,31.885,-0.0,unchanged
G_011_011,BUSSTOP_OUT::05411,TG PAGAR PLAZA,cbd_bus,CBD-bound,Cbd Bus,33.001,26.229,6.772,improved
G_011_011,BUSSTOP_OUT::05419,THE AMARA,cbd_bus,CBD-bound,Cbd Bus,34.912,34.912,-0.0,unchanged
G_011_011,BUSSTOP_OUT::05431,TOWER 15,cbd_bus,CBD-bound,Cbd Bus,35.657,35.657,-0.0,unchanged
G_011_011,BUSSTOP_OUT::05629,OPP STH PT,cbd_bus,CBD-bound,Cbd Bus,31.883,24.739,7.144,improved
G_011_011,BUSSTOP_OUT::05651,OPP FUJI XEROX TWRS,cbd_bus,CBD-bound,Cbd Bus,32.256,25.484,6.772,improved
G_011_011,MRTHUB::Bayfront,Bayfront,cbd_mrt,CBD-bound,Cbd Mrt,28.694,20.894,7.8,improved
G_011_011,MRTHUB::Downtown,Downtown,cbd_mrt,CBD-bound,Cbd Mrt,25.494,24.094,1.4,improved
G_011_011,MRTHUB::Marina_Bay,Marina Bay,cbd_mrt,CBD-bound,Cbd Mrt,27.694,19.894,7.8,improved
G_011_011,MRTHUB::Maxwell,Maxwell,cbd_mrt,CBD-bound,Cbd Mrt,23.494,23.494,-0.0,unchanged
G_011_011,MRTHUB::Raffles_Place,Raffles Place,cbd_mrt,CBD-bound,Cbd Mrt,27.694,25.294,2.4,improved
G_011_011,MRTHUB::Shenton_Way,Shenton Way,cbd_mrt,CBD-bound,Cbd Mrt,24.494,23.094,1.4,improved
G_011_011,MRTHUB::Tanjong_Pagar,Tanjong Pagar,cbd_mrt,CBD-bound,Cbd Mrt,23.494,23.494,-0.0,unchanged
G_011_012,BUSSTOP_OUT::95011,AFT AIRCRAFT FLYOVER,airport_bus,Airport-bound,Airport Bus,73.685,73.285,0.4,improved
G_011_012,BUSSTOP_OUT::95019,AFT CHANGI AIRPORT TER 2,airport_bus,Airport-bound,Airport Bus,63.406,62.006,1.4,improved
G_011_012,BUSSTOP_OUT::95029,CHANGI AIRPORT TER 1,airport_bus,Airport-bound,Airport Bus,62.66,61.26,1.4,improved
G_011_012,BUSSTOP_OUT::95109,CHANGI AIRPORT TER 3,airport_bus,Airport-bound,Airport Bus,59.679,58.279,1.4,improved
G_011_012,BUSSTOP_OUT::95129,CHANGI AIRPORT TER 2,airport_bus,Airport-bound,Airport Bus,59.679,58.279,1.4,improved
G_011_012,BUSSTOP_OUT::95151,AIRPORT POLICE STN,airport_bus,Airport-bound,Airport Bus,71.822,71.422,0.4,improved
G_011_012,BUSSTOP_OUT::95159,NEAR SATS FLIGHT KITCHEN,airport_bus,Airport-bound,Airport Bus,66.387,64.987,1.4,improved
G_011_012,BUSSTOP_OUT::95209,CHANGI AIRPORT TER 4,airport_bus,Airport-bound,Airport Bus,69.369,67.969,1.4,improved
G_011_012,MRTHUB::Changi_Airport,Changi Airport,airport_mrt,Airport-bound,Airport Mrt,49.379,47.979,1.4,improved
G_011_012,BUSSTOP_OUT::03011,FULLERTON SQ,cbd_bus,CBD-bound,Cbd Bus,32.706,29.469,3.237,improved
G_011_012,BUSSTOP_OUT::03019,OUE BAYFRONT,cbd_bus,CBD-bound,Cbd Bus,35.879,32.86,3.019,improved
G_011_012,BUSSTOP_OUT::03021,PRUDENTIAL TWR,cbd_bus,CBD-bound,Cbd Bus,32.679,27.233,5.446,improved
G_011_012,BUSSTOP_OUT::03031,RAFFLES PL STN EXIT F,cbd_bus,CBD-bound,Cbd Bus,30.47,27.978,2.492,improved
G_011_012,BUSSTOP_OUT::03041,TELOK AYER STN EXIT A,cbd_bus,CBD-bound,Cbd Bus,32.679,27.233,5.446,improved
G_011_012,BUSSTOP_OUT::03059,ONE RAFFLES QUAY,cbd_bus,CBD-bound,Cbd Bus,32.006,32.006,-0.0,unchanged
G_011_012,BUSSTOP_OUT::03071,OPP SO SOFITEL S'PORE,cbd_bus,CBD-bound,Cbd Bus,29.352,26.86,2.492,improved
G_011_012,BUSSTOP_OUT::03111,AFT CAPITAL TWR,cbd_bus,CBD-bound,Cbd Bus,28.234,25.742,2.492,improved
G_011_012,BUSSTOP_OUT::03129,UIC BLDG,cbd_bus,CBD-bound,Cbd Bus,31.679,31.279,0.4,improved
G_011_012,BUSSTOP_OUT::03151,AFT TELOK AYER ST,cbd_bus,CBD-bound,Cbd Bus,31.679,25.37,6.309,improved
G_011_012,BUSSTOP_OUT::03217,AFT STRAITS BLVD,cbd_bus,CBD-bound,Cbd Bus,31.679,23.879,7.8,improved
G_011_012,BUSSTOP_OUT::03218,OPP MAS BLDG,cbd_bus,CBD-bound,Cbd Bus,31.679,23.879,7.8,improved
G_011_012,BUSSTOP_OUT::03222,HUB SYNERGY PT,cbd_bus,CBD-bound,Cbd Bus,25.625,23.879,1.746,improved
G_011_012,BUSSTOP_OUT::03223,TANJONG PAGAR STN EXIT C,cbd_bus,CBD-bound,Cbd Bus,31.679,23.879,7.8,improved
G_011_012,BUSSTOP_OUT::03239,SHENTON WAY TER,cbd_bus,CBD-bound,Cbd Bus,31.679,23.879,7.8,improved
G_011_012,BUSSTOP_OUT::03241,MAPLETREE ANSON,cbd_bus,CBD-bound,Cbd Bus,31.679,23.879,7.8,improved
G_011_012,BUSSTOP_OUT::03381,THE SAIL,cbd_bus,CBD-bound,Cbd Bus,33.679,28.724,4.955,improved
G_011_012,BUSSTOP_OUT::03391,MARINA BAY FINANCIAL CTR,cbd_bus,CBD-bound,Cbd Bus,33.679,29.469,4.21,improved
G_011_012,BUSSTOP_OUT::03501,MARINA BAY SANDS THEATRE,cbd_bus,CBD-bound,Cbd Bus,36.879,29.079,7.8,improved
G_011_012,BUSSTOP_OUT::03509,BAYFRONT STN EXIT B/MBS,cbd_bus,CBD-bound,Cbd Bus,36.879,29.079,7.8,improved
G_011_012,BUSSTOP_OUT::03511,AFT BAYFRONT STN EXIT E,cbd_bus,CBD-bound,Cbd Bus,36.288,29.079,7.209,improved
G_011_012,BUSSTOP_OUT::03519,BAYFRONT STN EXIT A,cbd_bus,CBD-bound,Cbd Bus,36.879,29.079,7.8,improved
G_011_012,BUSSTOP_OUT::03529,DOWNTOWN STN,cbd_bus,CBD-bound,Cbd Bus,32.679,29.57,3.109,improved
G_011_012,BUSSTOP_OUT::03539,Marina Bay Stn,cbd_bus,CBD-bound,Cbd Bus,33.679,28.079,5.6,improved
G_011_012,BUSSTOP_OUT::05269,MAXWELL RD FC,cbd_bus,CBD-bound,Cbd Bus,31.342,31.342,-0.0,unchanged
G_011_012,BUSSTOP_OUT::05319,OCBC CTR,cbd_bus,CBD-bound,Cbd Bus,29.77,29.77,-0.0,unchanged
G_011_012,BUSSTOP_OUT::05411,TG PAGAR PLAZA,cbd_bus,CBD-bound,Cbd Bus,30.886,24.114,6.772,improved
G_011_012,BUSSTOP_OUT::05419,THE AMARA,cbd_bus,CBD-bound,Cbd Bus,32.797,32.797,-0.0,unchanged
G_011_012,BUSSTOP_OUT::05431,TOWER 15,cbd_bus,CBD-bound,Cbd Bus,33.542,33.542,-0.0,unchanged
G_011_012,BUSSTOP_OUT::05629,OPP STH PT,cbd_bus,CBD-bound,Cbd Bus,29.768,22.624,7.144,improved
G_011_012,BUSSTOP_OUT::05651,OPP FUJI XEROX TWRS,cbd_bus,CBD-bound,Cbd Bus,30.141,23.369,6.772,improved
G_011_012,MRTHUB::Bayfront,Bayfront,cbd_mrt,CBD-bound,Cbd Mrt,26.579,18.779,7.8,improved
G_011_012,MRTHUB::Downtown,Downtown,cbd_mrt,CBD-bound,Cbd Mrt,23.379,21.979,1.4,improved
G_011_012,MRTHUB::Marina_Bay,Marina Bay,cbd_mrt,CBD-bound,Cbd Mrt,25.579,17.779,7.8,improved
G_011_012,MRTHUB::Maxwell,Maxwell,cbd_mrt,CBD-bound,Cbd Mrt,21.379,21.379,-0.0,unchanged
G_011_012,MRTHUB::Raffles_Place,Raffles Place,cbd_mrt,CBD-bound,Cbd Mrt,25.579,23.179,2.4,improved
G_011_012,MRTHUB::Shenton_Way,Shenton Way,cbd_mrt,CBD-bound,Cbd Mrt,22.379,20.979,1.4,improved
G_011_012,MRTHUB::Tanjong_Pagar,Tanjong Pagar,cbd_mrt,CBD-bound,Cbd Mrt,21.379,21.379,-0.0,unchanged
G_012_007,BUSSTOP_OUT::95011,AFT AIRCRAFT FLYOVER,airport_bus,Airport-bound,Airport Bus,89.023,89.023,-0.0,unchanged
G_012_007,BUSSTOP_OUT::95019,AFT CHANGI AIRPORT TER 2,airport_bus,Airport-bound,Airport Bus,77.58,77.58,-0.0,unchanged
G_012_007,BUSSTOP_OUT::95029,CHANGI AIRPORT TER 1,airport_bus,Airport-bound,Airport Bus,76.834,76.834,-0.0,unchanged
G_012_007,BUSSTOP_OUT::95109,CHANGI AIRPORT TER 3,airport_bus,Airport-bound,Airport Bus,73.853,73.853,-0.0,unchanged
G_012_007,BUSSTOP_OUT::95129,CHANGI AIRPORT TER 2,airport_bus,Airport-bound,Airport Bus,73.853,73.853,-0.0,unchanged
G_012_007,BUSSTOP_OUT::95151,AIRPORT POLICE STN,airport_bus,Airport-bound,Airport Bus,87.16,87.16,-0.0,unchanged
G_012_007,BUSSTOP_OUT::95159,NEAR SATS FLIGHT KITCHEN,airport_bus,Airport-bound,Airport Bus,80.561,80.561,-0.0,unchanged
G_012_007,BUSSTOP_OUT::95209,CHANGI AIRPORT TER 4,airport_bus,Airport-bound,Airport Bus,83.543,83.543,-0.0,unchanged
G_012_007,MRTHUB::Changi_Airport,Changi Airport,airport_mrt,Airport-bound,Airport Mrt,63.553,63.553,-0.0,unchanged
G_012_007,BUSSTOP_OUT::03011,FULLERTON SQ,cbd_bus,CBD-bound,Cbd Bus,49.952,48.906,1.046,improved
G_012_007,BUSSTOP_OUT::03019,OUE BAYFRONT,cbd_bus,CBD-bound,Cbd Bus,50.053,50.053,-0.0,unchanged
G_012_007,BUSSTOP_OUT::03021,PRUDENTIAL TWR,cbd_bus,CBD-bound,Cbd Bus,47.716,46.67,1.046,improved
G_012_007,BUSSTOP_OUT::03031,RAFFLES PL STN EXIT F,cbd_bus,CBD-bound,Cbd Bus,48.089,47.415,0.674,improved
G_012_007,BUSSTOP_OUT::03041,TELOK AYER STN EXIT A,cbd_bus,CBD-bound,Cbd Bus,47.716,46.67,1.046,improved
G_012_007,BUSSTOP_OUT::03059,ONE RAFFLES QUAY,cbd_bus,CBD-bound,Cbd Bus,50.053,50.053,-0.0,unchanged
G_012_007,BUSSTOP_OUT::03071,OPP SO SOFITEL S'PORE,cbd_bus,CBD-bound,Cbd Bus,46.971,46.297,0.674,improved
G_012_007,BUSSTOP_OUT::03111,AFT CAPITAL TWR,cbd_bus,CBD-bound,Cbd Bus,45.853,45.179,0.674,improved
G_012_007,BUSSTOP_OUT::03129,UIC BLDG,cbd_bus,CBD-bound,Cbd Bus,45.853,45.853,-0.0,unchanged
G_012_007,BUSSTOP_OUT::03151,AFT TELOK AYER ST,cbd_bus,CBD-bound,Cbd Bus,45.853,44.807,1.046,improved
G_012_007,BUSSTOP_OUT::03217,AFT STRAITS BLVD,cbd_bus,CBD-bound,Cbd Bus,45.853,43.316,2.537,improved
G_012_007,BUSSTOP_OUT::03218,OPP MAS BLDG,cbd_bus,CBD-bound,Cbd Bus,45.853,43.316,2.537,improved
G_012_007,BUSSTOP_OUT::03222,HUB SYNERGY PT,cbd_bus,CBD-bound,Cbd Bus,45.853,43.316,2.537,improved
G_012_007,BUSSTOP_OUT::03223,TANJONG PAGAR STN EXIT C,cbd_bus,CBD-bound,Cbd Bus,45.853,43.316,2.537,improved
G_012_007,BUSSTOP_OUT::03239,SHENTON WAY TER,cbd_bus,CBD-bound,Cbd Bus,45.853,43.316,2.537,improved
G_012_007,BUSSTOP_OUT::03241,MAPLETREE ANSON,cbd_bus,CBD-bound,Cbd Bus,45.853,43.316,2.537,improved
G_012_007,BUSSTOP_OUT::03381,THE SAIL,cbd_bus,CBD-bound,Cbd Bus,49.207,48.161,1.046,improved
G_012_007,BUSSTOP_OUT::03391,MARINA BAY FINANCIAL CTR,cbd_bus,CBD-bound,Cbd Bus,49.952,48.906,1.046,improved
G_012_007,BUSSTOP_OUT::03501,MARINA BAY SANDS THEATRE,cbd_bus,CBD-bound,Cbd Bus,53.053,48.516,4.537,improved
G_012_007,BUSSTOP_OUT::03509,BAYFRONT STN EXIT B/MBS,cbd_bus,CBD-bound,Cbd Bus,53.053,48.516,4.537,improved
G_012_007,BUSSTOP_OUT::03511,AFT BAYFRONT STN EXIT E,cbd_bus,CBD-bound,Cbd Bus,52.561,48.516,4.045,improved
G_012_007,BUSSTOP_OUT::03519,BAYFRONT STN EXIT A,cbd_bus,CBD-bound,Cbd Bus,53.053,48.516,4.537,improved
G_012_007,BUSSTOP_OUT::03529,DOWNTOWN STN,cbd_bus,CBD-bound,Cbd Bus,51.253,49.007,2.246,improved
G_012_007,BUSSTOP_OUT::03539,Marina Bay Stn,cbd_bus,CBD-bound,Cbd Bus,51.853,47.516,4.337,improved
G_012_007,BUSSTOP_OUT::05269,MAXWELL RD FC,cbd_bus,CBD-bound,Cbd Bus,50.253,50.253,-0.0,unchanged
G_012_007,BUSSTOP_OUT::05319,OCBC CTR,cbd_bus,CBD-bound,Cbd Bus,49.207,49.207,-0.0,unchanged
G_012_007,BUSSTOP_OUT::05411,TG PAGAR PLAZA,cbd_bus,CBD-bound,Cbd Bus,45.853,43.551,2.302,improved
G_012_007,BUSSTOP_OUT::05419,THE AMARA,cbd_bus,CBD-bound,Cbd Bus,46.971,46.971,-0.0,unchanged
G_012_007,BUSSTOP_OUT::05431,TOWER 15,cbd_bus,CBD-bound,Cbd Bus,47.716,47.716,-0.0,unchanged
G_012_007,BUSSTOP_OUT::05629,OPP STH PT,cbd_bus,CBD-bound,Cbd Bus,49.205,42.061,7.144,improved
G_012_007,BUSSTOP_OUT::05651,OPP FUJI XEROX TWRS,cbd_bus,CBD-bound,Cbd Bus,49.578,42.806,6.772,improved
G_012_007,MRTHUB::Bayfront,Bayfront,cbd_mrt,CBD-bound,Cbd Mrt,42.753,38.216,4.537,improved
G_012_007,MRTHUB::Downtown,Downtown,cbd_mrt,CBD-bound,Cbd Mrt,41.553,41.416,0.137,improved
G_012_007,MRTHUB::Marina_Bay,Marina Bay,cbd_mrt,CBD-bound,Cbd Mrt,44.153,37.216,6.937,improved
G_012_007,MRTHUB::Maxwell,Maxwell,cbd_mrt,CBD-bound,Cbd Mrt,39.953,39.953,-0.0,unchanged
G_012_007,MRTHUB::Raffles_Place,Raffles Place,cbd_mrt,CBD-bound,Cbd Mrt,39.753,39.753,-0.0,unchanged
G_012_007,MRTHUB::Shenton_Way,Shenton Way,cbd_mrt,CBD-bound,Cbd Mrt,40.953,40.416,0.537,improved
G_012_007,MRTHUB::Tanjong_Pagar,Tanjong Pagar,cbd_mrt,CBD-bound,Cbd Mrt,35.553,35.553,-0.0,unchanged
G_012_008,BUSSTOP_OUT::95011,AFT AIRCRAFT FLYOVER,airport_bus,Airport-bound,Airport Bus,89.786,89.386,0.4,improved
G_012_008,BUSSTOP_OUT::95019,AFT CHANGI AIRPORT TER 2,airport_bus,Airport-bound,Airport Bus,79.507,78.107,1.4,improved
G_012_008,BUSSTOP_OUT::95029,CHANGI AIRPORT TER 1,airport_bus,Airport-bound,Airport Bus,78.761,77.361,1.4,improved
G_012_008,BUSSTOP_OUT::95109,CHANGI AIRPORT TER 3,airport_bus,Airport-bound,Airport Bus,75.78,74.38,1.4,improved
G_012_008,BUSSTOP_OUT::95129,CHANGI AIRPORT TER 2,airport_bus,Airport-bound,Airport Bus,75.78,74.38,1.4,improved
G_012_008,BUSSTOP_OUT::95151,AIRPORT POLICE STN,airport_bus,Airport-bound,Airport Bus,87.923,87.523,0.4,improved
G_012_008,BUSSTOP_OUT::95159,NEAR SATS FLIGHT KITCHEN,airport_bus,Airport-bound,Airport Bus,82.488,81.088,1.4,improved
G_012_008,BUSSTOP_OUT::95209,CHANGI AIRPORT TER 4,airport_bus,Airport-bound,Airport Bus,85.47,84.07,1.4,improved
G_012_008,MRTHUB::Changi_Airport,Changi Airport,airport_mrt,Airport-bound,Airport Mrt,65.48,64.08,1.4,improved
G_012_008,BUSSTOP_OUT::03011,FULLERTON SQ,cbd_bus,CBD-bound,Cbd Bus,51.016,45.57,5.446,improved
G_012_008,BUSSTOP_OUT::03019,OUE BAYFRONT,cbd_bus,CBD-bound,Cbd Bus,51.98,48.961,3.019,improved
G_012_008,BUSSTOP_OUT::03021,PRUDENTIAL TWR,cbd_bus,CBD-bound,Cbd Bus,48.78,43.334,5.446,improved
G_012_008,BUSSTOP_OUT::03031,RAFFLES PL STN EXIT F,cbd_bus,CBD-bound,Cbd Bus,48.78,44.079,4.701,improved
G_012_008,BUSSTOP_OUT::03041,TELOK AYER STN EXIT A,cbd_bus,CBD-bound,Cbd Bus,48.78,43.334,5.446,improved
G_012_008,BUSSTOP_OUT::03059,ONE RAFFLES QUAY,cbd_bus,CBD-bound,Cbd Bus,48.107,48.107,-0.0,unchanged
G_012_008,BUSSTOP_OUT::03071,OPP SO SOFITEL S'PORE,cbd_bus,CBD-bound,Cbd Bus,48.78,42.961,5.819,improved
G_012_008,BUSSTOP_OUT::03111,AFT CAPITAL TWR,cbd_bus,CBD-bound,Cbd Bus,47.78,41.843,5.937,improved
G_012_008,BUSSTOP_OUT::03129,UIC BLDG,cbd_bus,CBD-bound,Cbd Bus,47.78,47.38,0.4,improved
G_012_008,BUSSTOP_OUT::03151,AFT TELOK AYER ST,cbd_bus,CBD-bound,Cbd Bus,47.78,41.471,6.309,improved
G_012_008,BUSSTOP_OUT::03217,AFT STRAITS BLVD,cbd_bus,CBD-bound,Cbd Bus,47.78,39.98,7.8,improved
G_012_008,BUSSTOP_OUT::03218,OPP MAS BLDG,cbd_bus,CBD-bound,Cbd Bus,47.78,39.98,7.8,improved
G_012_008,BUSSTOP_OUT::03222,HUB SYNERGY PT,cbd_bus,CBD-bound,Cbd Bus,46.988,39.98,7.008,improved
G_012_008,BUSSTOP_OUT::03223,TANJONG PAGAR STN EXIT C,cbd_bus,CBD-bound,Cbd Bus,47.78,39.98,7.8,improved
G_012_008,BUSSTOP_OUT::03239,SHENTON WAY TER,cbd_bus,CBD-bound,Cbd Bus,47.78,39.98,7.8,improved
G_012_008,BUSSTOP_OUT::03241,MAPLETREE ANSON,cbd_bus,CBD-bound,Cbd Bus,47.78,39.98,7.8,improved
G_012_008,BUSSTOP_OUT::03381,THE SAIL,cbd_bus,CBD-bound,Cbd Bus,49.78,44.825,4.955,improved
G_012_008,BUSSTOP_OUT::03391,MARINA BAY FINANCIAL CTR,cbd_bus,CBD-bound,Cbd Bus,49.78,45.57,4.21,improved
G_012_008,BUSSTOP_OUT::03501,MARINA BAY SANDS THEATRE,cbd_bus,CBD-bound,Cbd Bus,52.98,45.18,7.8,improved
G_012_008,BUSSTOP_OUT::03509,BAYFRONT STN EXIT B/MBS,cbd_bus,CBD-bound,Cbd Bus,52.98,45.18,7.8,improved
G_012_008,BUSSTOP_OUT::03511,AFT BAYFRONT STN EXIT E,cbd_bus,CBD-bound,Cbd Bus,52.389,45.18,7.209,improved
G_012_008,BUSSTOP_OUT::03519,BAYFRONT STN EXIT A,cbd_bus,CBD-bound,Cbd Bus,52.98,45.18,7.8,improved
G_012_008,BUSSTOP_OUT::03529,DOWNTOWN STN,cbd_bus,CBD-bound,Cbd Bus,48.78,45.671,3.109,improved
G_012_008,BUSSTOP_OUT::03539,Marina Bay Stn,cbd_bus,CBD-bound,Cbd Bus,49.78,44.18,5.6,improved
G_012_008,BUSSTOP_OUT::05269,MAXWELL RD FC,cbd_bus,CBD-bound,Cbd Bus,47.443,47.443,-0.0,unchanged
G_012_008,BUSSTOP_OUT::05319,OCBC CTR,cbd_bus,CBD-bound,Cbd Bus,45.871,45.871,-0.0,unchanged
G_012_008,BUSSTOP_OUT::05411,TG PAGAR PLAZA,cbd_bus,CBD-bound,Cbd Bus,46.987,40.215,6.772,improved
G_012_008,BUSSTOP_OUT::05419,THE AMARA,cbd_bus,CBD-bound,Cbd Bus,48.898,48.898,-0.0,unchanged
G_012_008,BUSSTOP_OUT::05431,TOWER 15,cbd_bus,CBD-bound,Cbd Bus,49.643,49.643,-0.0,unchanged
G_012_008,BUSSTOP_OUT::05629,OPP STH PT,cbd_bus,CBD-bound,Cbd Bus,45.869,38.725,7.144,improved
G_012_008,BUSSTOP_OUT::05651,OPP FUJI XEROX TWRS,cbd_bus,CBD-bound,Cbd Bus,46.242,39.47,6.772,improved
G_012_008,MRTHUB::Bayfront,Bayfront,cbd_mrt,CBD-bound,Cbd Mrt,42.68,34.88,7.8,improved
G_012_008,MRTHUB::Downtown,Downtown,cbd_mrt,CBD-bound,Cbd Mrt,39.48,38.08,1.4,improved
G_012_008,MRTHUB::Marina_Bay,Marina Bay,cbd_mrt,CBD-bound,Cbd Mrt,41.68,33.88,7.8,improved
G_012_008,MRTHUB::Maxwell,Maxwell,cbd_mrt,CBD-bound,Cbd Mrt,37.48,37.48,-0.0,unchanged
G_012_008,MRTHUB::Raffles_Place,Raffles Place,cbd_mrt,CBD-bound,Cbd Mrt,41.68,39.28,2.4,improved
G_012_008,MRTHUB::Shenton_Way,Shenton Way,cbd_mrt,CBD-bound,Cbd Mrt,38.48,37.08,1.4,improved
G_012_008,MRTHUB::Tanjong_Pagar,Tanjong Pagar,cbd_mrt,CBD-bound,Cbd Mrt,37.48,37.48,-0.0,unchanged
G_012_009,BUSSTOP_OUT::95011,AFT AIRCRAFT FLYOVER,airport_bus,Airport-bound,Airport Bus,85.72,85.32,0.4,improved
G_012_009,BUSSTOP_OUT::95019,AFT CHANGI AIRPORT TER 2,airport_bus,Airport-bound,Airport Bus,75.441,74.041,1.4,improved
G_012_009,BUSSTOP_OUT::95029,CHANGI AIRPORT TER 1,airport_bus,Airport-bound,Airport Bus,74.695,73.295,1.4,improved
G_012_009,BUSSTOP_OUT::95109,CHANGI AIRPORT TER 3,airport_bus,Airport-bound,Airport Bus,71.714,70.314,1.4,improved
G_012_009,BUSSTOP_OUT::95129,CHANGI AIRPORT TER 2,airport_bus,Airport-bound,Airport Bus,71.714,70.314,1.4,improved
G_012_009,BUSSTOP_OUT::95151,AIRPORT POLICE STN,airport_bus,Airport-bound,Airport Bus,83.857,83.457,0.4,improved
G_012_009,BUSSTOP_OUT::95159,NEAR SATS FLIGHT KITCHEN,airport_bus,Airport-bound,Airport Bus,78.422,77.022,1.4,improved
G_012_009,BUSSTOP_OUT::95209,CHANGI AIRPORT TER 4,airport_bus,Airport-bound,Airport Bus,81.404,80.004,1.4,improved
G_012_009,MRTHUB::Changi_Airport,Changi Airport,airport_mrt,Airport-bound,Airport Mrt,61.414,60.014,1.4,improved
G_012_009,BUSSTOP_OUT::03011,FULLERTON SQ,cbd_bus,CBD-bound,Cbd Bus,46.95,41.504,5.446,improved
G_012_009,BUSSTOP_OUT::03019,OUE BAYFRONT,cbd_bus,CBD-bound,Cbd Bus,47.914,44.895,3.019,improved
G_012_009,BUSSTOP_OUT::03021,PRUDENTIAL TWR,cbd_bus,CBD-bound,Cbd Bus,44.714,39.268,5.446,improved
G_012_009,BUSSTOP_OUT::03031,RAFFLES PL STN EXIT F,cbd_bus,CBD-bound,Cbd Bus,44.714,40.013,4.701,improved
G_012_009,BUSSTOP_OUT::03041,TELOK AYER STN EXIT A,cbd_bus,CBD-bound,Cbd Bus,44.714,39.268,5.446,improved
G_012_009,BUSSTOP_OUT::03059,ONE RAFFLES QUAY,cbd_bus,CBD-bound,Cbd Bus,44.041,44.041,-0.0,unchanged
G_012_009,BUSSTOP_OUT::03071,OPP SO SOFITEL S'PORE,cbd_bus,CBD-bound,Cbd Bus,44.714,38.895,5.819,improved
G_012_009,BUSSTOP_OUT::03111,AFT CAPITAL TWR,cbd_bus,CBD-bound,Cbd Bus,43.714,37.777,5.937,improved
G_012_009,BUSSTOP_OUT::03129,UIC BLDG,cbd_bus,CBD-bound,Cbd Bus,43.714,43.314,0.4,improved
G_012_009,BUSSTOP_OUT::03151,AFT TELOK AYER ST,cbd_bus,CBD-bound,Cbd Bus,43.714,37.405,6.309,improved
G_012_009,BUSSTOP_OUT::03217,AFT STRAITS BLVD,cbd_bus,CBD-bound,Cbd Bus,43.714,35.914,7.8,improved
G_012_009,BUSSTOP_OUT::03218,OPP MAS BLDG,cbd_bus,CBD-bound,Cbd Bus,43.714,35.914,7.8,improved
G_012_009,BUSSTOP_OUT::03222,HUB SYNERGY PT,cbd_bus,CBD-bound,Cbd Bus,42.922,35.914,7.008,improved
G_012_009,BUSSTOP_OUT::03223,TANJONG PAGAR STN EXIT C,cbd_bus,CBD-bound,Cbd Bus,43.714,35.914,7.8,improved
G_012_009,BUSSTOP_OUT::03239,SHENTON WAY TER,cbd_bus,CBD-bound,Cbd Bus,43.714,35.914,7.8,improved
G_012_009,BUSSTOP_OUT::03241,MAPLETREE ANSON,cbd_bus,CBD-bound,Cbd Bus,43.714,35.914,7.8,improved
G_012_009,BUSSTOP_OUT::03381,THE SAIL,cbd_bus,CBD-bound,Cbd Bus,45.714,40.759,4.955,improved
G_012_009,BUSSTOP_OUT::03391,MARINA BAY FINANCIAL CTR,cbd_bus,CBD-bound,Cbd Bus,45.714,41.504,4.21,improved
G_012_009,BUSSTOP_OUT::03501,MARINA BAY SANDS THEATRE,cbd_bus,CBD-bound,Cbd Bus,48.914,41.114,7.8,improved
G_012_009,BUSSTOP_OUT::03509,BAYFRONT STN EXIT B/MBS,cbd_bus,CBD-bound,Cbd Bus,48.914,41.114,7.8,improved
G_012_009,BUSSTOP_OUT::03511,AFT BAYFRONT STN EXIT E,cbd_bus,CBD-bound,Cbd Bus,48.323,41.114,7.209,improved
G_012_009,BUSSTOP_OUT::03519,BAYFRONT STN EXIT A,cbd_bus,CBD-bound,Cbd Bus,48.914,41.114,7.8,improved
G_012_009,BUSSTOP_OUT::03529,DOWNTOWN STN,cbd_bus,CBD-bound,Cbd Bus,44.714,41.605,3.109,improved
G_012_009,BUSSTOP_OUT::03539,Marina Bay Stn,cbd_bus,CBD-bound,Cbd Bus,45.714,40.114,5.6,improved
G_012_009,BUSSTOP_OUT::05269,MAXWELL RD FC,cbd_bus,CBD-bound,Cbd Bus,43.377,43.377,-0.0,unchanged
G_012_009,BUSSTOP_OUT::05319,OCBC CTR,cbd_bus,CBD-bound,Cbd Bus,41.805,41.805,-0.0,unchanged
G_012_009,BUSSTOP_OUT::05411,TG PAGAR PLAZA,cbd_bus,CBD-bound,Cbd Bus,42.921,36.149,6.772,improved
G_012_009,BUSSTOP_OUT::05419,THE AMARA,cbd_bus,CBD-bound,Cbd Bus,44.832,44.832,-0.0,unchanged
G_012_009,BUSSTOP_OUT::05431,TOWER 15,cbd_bus,CBD-bound,Cbd Bus,45.577,45.577,-0.0,unchanged
G_012_009,BUSSTOP_OUT::05629,OPP STH PT,cbd_bus,CBD-bound,Cbd Bus,41.803,34.659,7.144,improved
G_012_009,BUSSTOP_OUT::05651,OPP FUJI XEROX TWRS,cbd_bus,CBD-bound,Cbd Bus,42.176,35.404,6.772,improved
G_012_009,MRTHUB::Bayfront,Bayfront,cbd_mrt,CBD-bound,Cbd Mrt,38.614,30.814,7.8,improved
G_012_009,MRTHUB::Downtown,Downtown,cbd_mrt,CBD-bound,Cbd Mrt,35.414,34.014,1.4,improved
G_012_009,MRTHUB::Marina_Bay,Marina Bay,cbd_mrt,CBD-bound,Cbd Mrt,37.614,29.814,7.8,improved
G_012_009,MRTHUB::Maxwell,Maxwell,cbd_mrt,CBD-bound,Cbd Mrt,33.414,33.414,-0.0,unchanged
G_012_009,MRTHUB::Raffles_Place,Raffles Place,cbd_mrt,CBD-bound,Cbd Mrt,37.614,35.214,2.4,improved
G_012_009,MRTHUB::Shenton_Way,Shenton Way,cbd_mrt,CBD-bound,Cbd Mrt,34.414,33.014,1.4,improved
G_012_009,MRTHUB::Tanjong_Pagar,Tanjong Pagar,cbd_mrt,CBD-bound,Cbd Mrt,33.414,33.414,-0.0,unchanged
G_012_010,BUSSTOP_OUT::95011,AFT AIRCRAFT FLYOVER,airport_bus,Airport-bound,Airport Bus,81.955,81.555,0.4,improved
G_012_010,BUSSTOP_OUT::95019,AFT CHANGI AIRPORT TER 2,airport_bus,Airport-bound,Airport Bus,71.676,70.276,1.4,improved
G_012_010,BUSSTOP_OUT::95029,CHANGI AIRPORT TER 1,airport_bus,Airport-bound,Airport Bus,70.93,69.53,1.4,improved
G_012_010,BUSSTOP_OUT::95109,CHANGI AIRPORT TER 3,airport_bus,Airport-bound,Airport Bus,67.949,66.549,1.4,improved
G_012_010,BUSSTOP_OUT::95129,CHANGI AIRPORT TER 2,airport_bus,Airport-bound,Airport Bus,67.949,66.549,1.4,improved
G_012_010,BUSSTOP_OUT::95151,AIRPORT POLICE STN,airport_bus,Airport-bound,Airport Bus,80.092,79.692,0.4,improved
G_012_010,BUSSTOP_OUT::95159,NEAR SATS FLIGHT KITCHEN,airport_bus,Airport-bound,Airport Bus,74.657,73.257,1.4,improved
G_012_010,BUSSTOP_OUT::95209,CHANGI AIRPORT TER 4,airport_bus,Airport-bound,Airport Bus,77.639,76.239,1.4,improved
G_012_010,MRTHUB::Changi_Airport,Changi Airport,airport_mrt,Airport-bound,Airport Mrt,57.649,56.249,1.4,improved
G_012_010,BUSSTOP_OUT::03011,FULLERTON SQ,cbd_bus,CBD-bound,Cbd Bus,41.607,37.739,3.868,improved
G_012_010,BUSSTOP_OUT::03019,OUE BAYFRONT,cbd_bus,CBD-bound,Cbd Bus,44.149,41.13,3.019,improved
G_012_010,BUSSTOP_OUT::03021,PRUDENTIAL TWR,cbd_bus,CBD-bound,Cbd Bus,40.949,35.503,5.446,improved
G_012_010,BUSSTOP_OUT::03031,RAFFLES PL STN EXIT F,cbd_bus,CBD-bound,Cbd Bus,39.371,36.248,3.123,improved
G_012_010,BUSSTOP_OUT::03041,TELOK AYER STN EXIT A,cbd_bus,CBD-bound,Cbd Bus,40.949,35.503,5.446,improved
G_012_010,BUSSTOP_OUT::03059,ONE RAFFLES QUAY,cbd_bus,CBD-bound,Cbd Bus,40.276,40.276,-0.0,unchanged
G_012_010,BUSSTOP_OUT::03071,OPP SO SOFITEL S'PORE,cbd_bus,CBD-bound,Cbd Bus,38.253,35.13,3.123,improved
G_012_010,BUSSTOP_OUT::03111,AFT CAPITAL TWR,cbd_bus,CBD-bound,Cbd Bus,37.135,34.012,3.123,improved
G_012_010,BUSSTOP_OUT::03129,UIC BLDG,cbd_bus,CBD-bound,Cbd Bus,39.949,39.549,0.4,improved
G_012_010,BUSSTOP_OUT::03151,AFT TELOK AYER ST,cbd_bus,CBD-bound,Cbd Bus,39.949,33.64,6.309,improved
G_012_010,BUSSTOP_OUT::03217,AFT STRAITS BLVD,cbd_bus,CBD-bound,Cbd Bus,39.949,32.149,7.8,improved
G_012_010,BUSSTOP_OUT::03218,OPP MAS BLDG,cbd_bus,CBD-bound,Cbd Bus,39.949,32.149,7.8,improved
G_012_010,BUSSTOP_OUT::03222,HUB SYNERGY PT,cbd_bus,CBD-bound,Cbd Bus,34.526,32.149,2.377,improved
G_012_010,BUSSTOP_OUT::03223,TANJONG PAGAR STN EXIT C,cbd_bus,CBD-bound,Cbd Bus,39.949,32.149,7.8,improved
G_012_010,BUSSTOP_OUT::03239,SHENTON WAY TER,cbd_bus,CBD-bound,Cbd Bus,39.949,32.149,7.8,improved
G_012_010,BUSSTOP_OUT::03241,MAPLETREE ANSON,cbd_bus,CBD-bound,Cbd Bus,39.949,32.149,7.8,improved
G_012_010,BUSSTOP_OUT::03381,THE SAIL,cbd_bus,CBD-bound,Cbd Bus,41.949,36.994,4.955,improved
G_012_010,BUSSTOP_OUT::03391,MARINA BAY FINANCIAL CTR,cbd_bus,CBD-bound,Cbd Bus,41.949,37.739,4.21,improved
G_012_010,BUSSTOP_OUT::03501,MARINA BAY SANDS THEATRE,cbd_bus,CBD-bound,Cbd Bus,45.149,37.349,7.8,improved
G_012_010,BUSSTOP_OUT::03509,BAYFRONT STN EXIT B/MBS,cbd_bus,CBD-bound,Cbd Bus,45.149,37.349,7.8,improved
G_012_010,BUSSTOP_OUT::03511,AFT BAYFRONT STN EXIT E,cbd_bus,CBD-bound,Cbd Bus,44.558,37.349,7.209,improved
G_012_010,BUSSTOP_OUT::03519,BAYFRONT STN EXIT A,cbd_bus,CBD-bound,Cbd Bus,45.149,37.349,7.8,improved
G_012_010,BUSSTOP_OUT::03529,DOWNTOWN STN,cbd_bus,CBD-bound,Cbd Bus,40.949,37.84,3.109,improved
G_012_010,BUSSTOP_OUT::03539,Marina Bay Stn,cbd_bus,CBD-bound,Cbd Bus,41.949,36.349,5.6,improved
G_012_010,BUSSTOP_OUT::05269,MAXWELL RD FC,cbd_bus,CBD-bound,Cbd Bus,39.612,39.612,-0.0,unchanged
G_012_010,BUSSTOP_OUT::05319,OCBC CTR,cbd_bus,CBD-bound,Cbd Bus,38.04,38.04,-0.0,unchanged
G_012_010,BUSSTOP_OUT::05411,TG PAGAR PLAZA,cbd_bus,CBD-bound,Cbd Bus,39.156,32.384,6.772,improved
G_012_010,BUSSTOP_OUT::05419,THE AMARA,cbd_bus,CBD-bound,Cbd Bus,41.067,41.067,-0.0,unchanged
G_012_010,BUSSTOP_OUT::05431,TOWER 15,cbd_bus,CBD-bound,Cbd Bus,41.812,41.812,-0.0,unchanged
G_012_010,BUSSTOP_OUT::05629,OPP STH PT,cbd_bus,CBD-bound,Cbd Bus,38.038,30.894,7.144,improved
G_012_010,BUSSTOP_OUT::05651,OPP FUJI XEROX TWRS,cbd_bus,CBD-bound,Cbd Bus,38.411,31.639,6.772,improved
G_012_010,MRTHUB::Bayfront,Bayfront,cbd_mrt,CBD-bound,Cbd Mrt,34.849,27.049,7.8,improved
G_012_010,MRTHUB::Downtown,Downtown,cbd_mrt,CBD-bound,Cbd Mrt,31.649,30.249,1.4,improved
G_012_010,MRTHUB::Marina_Bay,Marina Bay,cbd_mrt,CBD-bound,Cbd Mrt,33.849,26.049,7.8,improved
G_012_010,MRTHUB::Maxwell,Maxwell,cbd_mrt,CBD-bound,Cbd Mrt,29.649,29.649,-0.0,unchanged
G_012_010,MRTHUB::Raffles_Place,Raffles Place,cbd_mrt,CBD-bound,Cbd Mrt,33.849,31.449,2.4,improved
G_012_010,MRTHUB::Shenton_Way,Shenton Way,cbd_mrt,CBD-bound,Cbd Mrt,30.649,29.249,1.4,improved
G_012_010,MRTHUB::Tanjong_Pagar,Tanjong Pagar,cbd_mrt,CBD-bound,Cbd Mrt,29.649,29.649,-0.0,unchanged
G_012_011,BUSSTOP_OUT::95011,AFT AIRCRAFT FLYOVER,airport_bus,Airport-bound,Airport Bus,78.938,78.538,0.4,improved
G_012_011,BUSSTOP_OUT::95019,AFT CHANGI AIRPORT TER 2,airport_bus,Airport-bound,Airport Bus,68.659,67.259,1.4,improved
G_012_011,BUSSTOP_OUT::95029,CHANGI AIRPORT TER 1,airport_bus,Airport-bound,Airport Bus,67.913,66.513,1.4,improved
G_012_011,BUSSTOP_OUT::95109,CHANGI AIRPORT TER 3,airport_bus,Airport-bound,Airport Bus,64.932,63.532,1.4,improved
G_012_011,BUSSTOP_OUT::95129,CHANGI AIRPORT TER 2,airport_bus,Airport-bound,Airport Bus,64.932,63.532,1.4,improved
G_012_011,BUSSTOP_OUT::95151,AIRPORT POLICE STN,airport_bus,Airport-bound,Airport Bus,77.075,76.675,0.4,improved
G_012_011,BUSSTOP_OUT::95159,NEAR SATS FLIGHT KITCHEN,airport_bus,Airport-bound,Airport Bus,71.64,70.24,1.4,improved
G_012_011,BUSSTOP_OUT::95209,CHANGI AIRPORT TER 4,airport_bus,Airport-bound,Airport Bus,74.622,73.222,1.4,improved
G_012_011,MRTHUB::Changi_Airport,Changi Airport,airport_mrt,Airport-bound,Airport Mrt,54.632,53.232,1.4,improved
G_012_011,BUSSTOP_OUT::03011,FULLERTON SQ,cbd_bus,CBD-bound,Cbd Bus,38.021,34.722,3.299,improved
G_012_011,BUSSTOP_OUT::03019,OUE BAYFRONT,cbd_bus,CBD-bound,Cbd Bus,41.132,38.113,3.019,improved
G_012_011,BUSSTOP_OUT::03021,PRUDENTIAL TWR,cbd_bus,CBD-bound,Cbd Bus,37.932,32.486,5.446,improved
G_012_011,BUSSTOP_OUT::03031,RAFFLES PL STN EXIT F,cbd_bus,CBD-bound,Cbd Bus,35.785,33.231,2.554,improved
G_012_011,BUSSTOP_OUT::03041,TELOK AYER STN EXIT A,cbd_bus,CBD-bound,Cbd Bus,37.932,32.486,5.446,improved
G_012_011,BUSSTOP_OUT::03059,ONE RAFFLES QUAY,cbd_bus,CBD-bound,Cbd Bus,37.259,37.259,-0.0,unchanged
G_012_011,BUSSTOP_OUT::03071,OPP SO SOFITEL S'PORE,cbd_bus,CBD-bound,Cbd Bus,34.667,32.113,2.554,improved
G_012_011,BUSSTOP_OUT::03111,AFT CAPITAL TWR,cbd_bus,CBD-bound,Cbd Bus,33.549,30.995,2.554,improved
G_012_011,BUSSTOP_OUT::03129,UIC BLDG,cbd_bus,CBD-bound,Cbd Bus,36.932,36.532,0.4,improved
G_012_011,BUSSTOP_OUT::03151,AFT TELOK AYER ST,cbd_bus,CBD-bound,Cbd Bus,36.932,30.623,6.309,improved
G_012_011,BUSSTOP_OUT::03217,AFT STRAITS BLVD,cbd_bus,CBD-bound,Cbd Bus,36.932,29.132,7.8,improved
G_012_011,BUSSTOP_OUT::03218,OPP MAS BLDG,cbd_bus,CBD-bound,Cbd Bus,36.932,29.132,7.8,improved
G_012_011,BUSSTOP_OUT::03222,HUB SYNERGY PT,cbd_bus,CBD-bound,Cbd Bus,30.94,29.132,1.808,improved
G_012_011,BUSSTOP_OUT::03223,TANJONG PAGAR STN EXIT C,cbd_bus,CBD-bound,Cbd Bus,36.932,29.132,7.8,improved
G_012_011,BUSSTOP_OUT::03239,SHENTON WAY TER,cbd_bus,CBD-bound,Cbd Bus,36.932,29.132,7.8,improved
G_012_011,BUSSTOP_OUT::03241,MAPLETREE ANSON,cbd_bus,CBD-bound,Cbd Bus,36.932,29.132,7.8,improved
G_012_011,BUSSTOP_OUT::03381,THE SAIL,cbd_bus,CBD-bound,Cbd Bus,38.932,33.977,4.955,improved
G_012_011,BUSSTOP_OUT::03391,MARINA BAY FINANCIAL CTR,cbd_bus,CBD-bound,Cbd Bus,38.932,34.722,4.21,improved
G_012_011,BUSSTOP_OUT::03501,MARINA BAY SANDS THEATRE,cbd_bus,CBD-bound,Cbd Bus,42.132,34.332,7.8,improved
G_012_011,BUSSTOP_OUT::03509,BAYFRONT STN EXIT B/MBS,cbd_bus,CBD-bound,Cbd Bus,42.132,34.332,7.8,improved
G_012_011,BUSSTOP_OUT::03511,AFT BAYFRONT STN EXIT E,cbd_bus,CBD-bound,Cbd Bus,41.541,34.332,7.209,improved
G_012_011,BUSSTOP_OUT::03519,BAYFRONT STN EXIT A,cbd_bus,CBD-bound,Cbd Bus,42.132,34.332,7.8,improved
G_012_011,BUSSTOP_OUT::03529,DOWNTOWN STN,cbd_bus,CBD-bound,Cbd Bus,37.932,34.823,3.109,improved
G_012_011,BUSSTOP_OUT::03539,Marina Bay Stn,cbd_bus,CBD-bound,Cbd Bus,38.932,33.332,5.6,improved
G_012_011,BUSSTOP_OUT::05269,MAXWELL RD FC,cbd_bus,CBD-bound,Cbd Bus,36.595,36.595,-0.0,unchanged
G_012_011,BUSSTOP_OUT::05319,OCBC CTR,cbd_bus,CBD-bound,Cbd Bus,35.023,35.023,-0.0,unchanged
G_012_011,BUSSTOP_OUT::05411,TG PAGAR PLAZA,cbd_bus,CBD-bound,Cbd Bus,36.139,29.367,6.772,improved
G_012_011,BUSSTOP_OUT::05419,THE AMARA,cbd_bus,CBD-bound,Cbd Bus,38.05,38.05,-0.0,unchanged
G_012_011,BUSSTOP_OUT::05431,TOWER 15,cbd_bus,CBD-bound,Cbd Bus,38.795,38.795,-0.0,unchanged
G_012_011,BUSSTOP_OUT::05629,OPP STH PT,cbd_bus,CBD-bound,Cbd Bus,35.021,27.877,7.144,improved
G_012_011,BUSSTOP_OUT::05651,OPP FUJI XEROX TWRS,cbd_bus,CBD-bound,Cbd Bus,35.394,28.622,6.772,improved
G_012_011,MRTHUB::Bayfront,Bayfront,cbd_mrt,CBD-bound,Cbd Mrt,31.832,24.032,7.8,improved
G_012_011,MRTHUB::Downtown,Downtown,cbd_mrt,CBD-bound,Cbd Mrt,28.632,27.232,1.4,improved
G_012_011,MRTHUB::Marina_Bay,Marina Bay,cbd_mrt,CBD-bound,Cbd Mrt,30.832,23.032,7.8,improved
G_012_011,MRTHUB::Maxwell,Maxwell,cbd_mrt,CBD-bound,Cbd Mrt,26.632,26.632,-0.0,unchanged
G_012_011,MRTHUB::Raffles_Place,Raffles Place,cbd_mrt,CBD-bound,Cbd Mrt,30.832,28.432,2.4,improved
G_012_011,MRTHUB::Shenton_Way,Shenton Way,cbd_mrt,CBD-bound,Cbd Mrt,27.632,26.232,1.4,improved
G_012_011,MRTHUB::Tanjong_Pagar,Tanjong Pagar,cbd_mrt,CBD-bound,Cbd Mrt,26.632,26.632,-0.0,unchanged
G_012_012,BUSSTOP_OUT::95011,AFT AIRCRAFT FLYOVER,airport_bus,Airport-bound,Airport Bus,77.906,77.506,0.4,improved
G_012_012,BUSSTOP_OUT::95019,AFT CHANGI AIRPORT TER 2,airport_bus,Airport-bound,Airport Bus,67.627,66.227,1.4,improved
G_012_012,BUSSTOP_OUT::95029,CHANGI AIRPORT TER 1,airport_bus,Airport-bound,Airport Bus,66.881,65.481,1.4,improved
G_012_012,BUSSTOP_OUT::95109,CHANGI AIRPORT TER 3,airport_bus,Airport-bound,Airport Bus,63.9,62.5,1.4,improved
G_012_012,BUSSTOP_OUT::95129,CHANGI AIRPORT TER 2,airport_bus,Airport-bound,Airport Bus,63.9,62.5,1.4,improved
G_012_012,BUSSTOP_OUT::95151,AIRPORT POLICE STN,airport_bus,Airport-bound,Airport Bus,76.043,75.643,0.4,improved
G_012_012,BUSSTOP_OUT::95159,NEAR SATS FLIGHT KITCHEN,airport_bus,Airport-bound,Airport Bus,70.608,69.208,1.4,improved
G_012_012,BUSSTOP_OUT::95209,CHANGI AIRPORT TER 4,airport_bus,Airport-bound,Airport Bus,73.59,72.19,1.4,improved
G_012_012,MRTHUB::Changi_Airport,Changi Airport,airport_mrt,Airport-bound,Airport Mrt,53.6,52.2,1.4,improved
G_012_012,BUSSTOP_OUT::03011,FULLERTON SQ,cbd_bus,CBD-bound,Cbd Bus,33.55,33.55,-0.0,unchanged
G_012_012,BUSSTOP_OUT::03019,OUE BAYFRONT,cbd_bus,CBD-bound,Cbd Bus,40.1,37.081,3.019,improved
G_012_012,BUSSTOP_OUT::03021,PRUDENTIAL TWR,cbd_bus,CBD-bound,Cbd Bus,36.9,31.454,5.446,improved
G_012_012,BUSSTOP_OUT::03031,RAFFLES PL STN EXIT F,cbd_bus,CBD-bound,Cbd Bus,31.314,31.314,-0.0,unchanged
G_012_012,BUSSTOP_OUT::03041,TELOK AYER STN EXIT A,cbd_bus,CBD-bound,Cbd Bus,36.9,31.454,5.446,improved
G_012_012,BUSSTOP_OUT::03059,ONE RAFFLES QUAY,cbd_bus,CBD-bound,Cbd Bus,36.227,36.227,-0.0,unchanged
G_012_012,BUSSTOP_OUT::03071,OPP SO SOFITEL S'PORE,cbd_bus,CBD-bound,Cbd Bus,30.196,30.196,-0.0,unchanged
G_012_012,BUSSTOP_OUT::03111,AFT CAPITAL TWR,cbd_bus,CBD-bound,Cbd Bus,29.078,29.078,-0.0,unchanged
G_012_012,BUSSTOP_OUT::03129,UIC BLDG,cbd_bus,CBD-bound,Cbd Bus,35.9,35.5,0.4,improved
G_012_012,BUSSTOP_OUT::03151,AFT TELOK AYER ST,cbd_bus,CBD-bound,Cbd Bus,35.9,29.591,6.309,improved
G_012_012,BUSSTOP_OUT::03217,AFT STRAITS BLVD,cbd_bus,CBD-bound,Cbd Bus,35.9,28.1,7.8,improved
G_012_012,BUSSTOP_OUT::03218,OPP MAS BLDG,cbd_bus,CBD-bound,Cbd Bus,35.9,28.1,7.8,improved
G_012_012,BUSSTOP_OUT::03222,HUB SYNERGY PT,cbd_bus,CBD-bound,Cbd Bus,26.469,26.469,-0.0,unchanged
G_012_012,BUSSTOP_OUT::03223,TANJONG PAGAR STN EXIT C,cbd_bus,CBD-bound,Cbd Bus,34.687,28.1,6.587,improved
G_012_012,BUSSTOP_OUT::03239,SHENTON WAY TER,cbd_bus,CBD-bound,Cbd Bus,35.9,28.1,7.8,improved
G_012_012,BUSSTOP_OUT::03241,MAPLETREE ANSON,cbd_bus,CBD-bound,Cbd Bus,35.9,28.1,7.8,improved
G_012_012,BUSSTOP_OUT::03381,THE SAIL,cbd_bus,CBD-bound,Cbd Bus,37.9,32.945,4.955,improved
G_012_012,BUSSTOP_OUT::03391,MARINA BAY FINANCIAL CTR,cbd_bus,CBD-bound,Cbd Bus,37.9,33.69,4.21,improved
G_012_012,BUSSTOP_OUT::03501,MARINA BAY SANDS THEATRE,cbd_bus,CBD-bound,Cbd Bus,41.1,33.3,7.8,improved
G_012_012,BUSSTOP_OUT::03509,BAYFRONT STN EXIT B/MBS,cbd_bus,CBD-bound,Cbd Bus,41.1,33.3,7.8,improved
G_012_012,BUSSTOP_OUT::03511,AFT BAYFRONT STN EXIT E,cbd_bus,CBD-bound,Cbd Bus,40.509,33.3,7.209,improved
G_012_012,BUSSTOP_OUT::03519,BAYFRONT STN EXIT A,cbd_bus,CBD-bound,Cbd Bus,41.1,33.3,7.8,improved
G_012_012,BUSSTOP_OUT::03529,DOWNTOWN STN,cbd_bus,CBD-bound,Cbd Bus,36.9,33.791,3.109,improved
G_012_012,BUSSTOP_OUT::03539,Marina Bay Stn,cbd_bus,CBD-bound,Cbd Bus,37.9,32.3,5.6,improved
G_012_012,BUSSTOP_OUT::05269,MAXWELL RD FC,cbd_bus,CBD-bound,Cbd Bus,35.563,35.563,-0.0,unchanged
G_012_012,BUSSTOP_OUT::05319,OCBC CTR,cbd_bus,CBD-bound,Cbd Bus,33.991,33.991,-0.0,unchanged
G_012_012,BUSSTOP_OUT::05411,TG PAGAR PLAZA,cbd_bus,CBD-bound,Cbd Bus,33.568,28.335,5.233,improved
G_012_012,BUSSTOP_OUT::05419,THE AMARA,cbd_bus,CBD-bound,Cbd Bus,37.018,37.018,-0.0,unchanged
G_012_012,BUSSTOP_OUT::05431,TOWER 15,cbd_bus,CBD-bound,Cbd Bus,37.763,37.763,-0.0,unchanged
G_012_012,BUSSTOP_OUT::05629,OPP STH PT,cbd_bus,CBD-bound,Cbd Bus,32.45,26.845,5.605,improved
G_012_012,BUSSTOP_OUT::05651,OPP FUJI XEROX TWRS,cbd_bus,CBD-bound,Cbd Bus,32.823,27.59,5.233,improved
G_012_012,MRTHUB::Bayfront,Bayfront,cbd_mrt,CBD-bound,Cbd Mrt,30.8,23.0,7.8,improved
G_012_012,MRTHUB::Downtown,Downtown,cbd_mrt,CBD-bound,Cbd Mrt,27.6,26.2,1.4,improved
G_012_012,MRTHUB::Marina_Bay,Marina Bay,cbd_mrt,CBD-bound,Cbd Mrt,29.8,22.0,7.8,improved
G_012_012,MRTHUB::Maxwell,Maxwell,cbd_mrt,CBD-bound,Cbd Mrt,25.6,25.6,-0.0,unchanged
G_012_012,MRTHUB::Raffles_Place,Raffles Place,cbd_mrt,CBD-bound,Cbd Mrt,29.8,27.4,2.4,improved
G_012_012,MRTHUB::Shenton_Way,Shenton Way,cbd_mrt,CBD-bound,Cbd Mrt,26.6,25.2,1.4,improved
G_012_012,MRTHUB::Tanjong_Pagar,Tanjong Pagar,cbd_mrt,CBD-bound,Cbd Mrt,25.6,25.6,-0.0,unchanged
G_012_013,BUSSTOP_OUT::95011,AFT AIRCRAFT FLYOVER,airport_bus,Airport-bound,Airport Bus,80.213,79.813,0.4,improved
G_012_013,BUSSTOP_OUT::95019,AFT CHANGI AIRPORT TER 2,airport_bus,Airport-bound,Airport Bus,69.934,68.534,1.4,improved
G_012_013,BUSSTOP_OUT::95029,CHANGI AIRPORT TER 1,airport_bus,Airport-bound,Airport Bus,69.188,67.788,1.4,improved
G_012_013,BUSSTOP_OUT::95109,CHANGI AIRPORT TER 3,airport_bus,Airport-bound,Airport Bus,66.207,64.807,1.4,improved
G_012_013,BUSSTOP_OUT::95129,CHANGI AIRPORT TER 2,airport_bus,Airport-bound,Airport Bus,66.207,64.807,1.4,improved
G_012_013,BUSSTOP_OUT::95151,AIRPORT POLICE STN,airport_bus,Airport-bound,Airport Bus,78.35,77.95,0.4,improved
G_012_013,BUSSTOP_OUT::95159,NEAR SATS FLIGHT KITCHEN,airport_bus,Airport-bound,Airport Bus,72.915,71.515,1.4,improved
G_012_013,BUSSTOP_OUT::95209,CHANGI AIRPORT TER 4,airport_bus,Airport-bound,Airport Bus,75.897,74.497,1.4,improved
G_012_013,MRTHUB::Changi_Airport,Changi Airport,airport_mrt,Airport-bound,Airport Mrt,55.907,54.507,1.4,improved
G_012_013,BUSSTOP_OUT::03011,FULLERTON SQ,cbd_bus,CBD-bound,Cbd Bus,30.769,30.769,-0.0,unchanged
G_012_013,BUSSTOP_OUT::03019,OUE BAYFRONT,cbd_bus,CBD-bound,Cbd Bus,42.407,39.388,3.019,improved
G_012_013,BUSSTOP_OUT::03021,PRUDENTIAL TWR,cbd_bus,CBD-bound,Cbd Bus,35.26,33.761,1.499,improved
G_012_013,BUSSTOP_OUT::03031,RAFFLES PL STN EXIT F,cbd_bus,CBD-bound,Cbd Bus,28.533,28.533,-0.0,unchanged
G_012_013,BUSSTOP_OUT::03041,TELOK AYER STN EXIT A,cbd_bus,CBD-bound,Cbd Bus,39.207,33.761,5.446,improved
G_012_013,BUSSTOP_OUT::03059,ONE RAFFLES QUAY,cbd_bus,CBD-bound,Cbd Bus,38.534,38.534,-0.0,unchanged
G_012_013,BUSSTOP_OUT::03071,OPP SO SOFITEL S'PORE,cbd_bus,CBD-bound,Cbd Bus,27.415,27.415,-0.0,unchanged
G_012_013,BUSSTOP_OUT::03111,AFT CAPITAL TWR,cbd_bus,CBD-bound,Cbd Bus,26.297,26.297,-0.0,unchanged
G_012_013,BUSSTOP_OUT::03129,UIC BLDG,cbd_bus,CBD-bound,Cbd Bus,38.207,37.807,0.4,improved
G_012_013,BUSSTOP_OUT::03151,AFT TELOK AYER ST,cbd_bus,CBD-bound,Cbd Bus,33.397,31.898,1.499,improved
G_012_013,BUSSTOP_OUT::03217,AFT STRAITS BLVD,cbd_bus,CBD-bound,Cbd Bus,38.207,30.407,7.8,improved
G_012_013,BUSSTOP_OUT::03218,OPP MAS BLDG,cbd_bus,CBD-bound,Cbd Bus,33.769,30.407,3.362,improved
G_012_013,BUSSTOP_OUT::03222,HUB SYNERGY PT,cbd_bus,CBD-bound,Cbd Bus,23.688,23.688,-0.0,unchanged
G_012_013,BUSSTOP_OUT::03223,TANJONG PAGAR STN EXIT C,cbd_bus,CBD-bound,Cbd Bus,31.906,30.407,1.499,improved
G_012_013,BUSSTOP_OUT::03239,SHENTON WAY TER,cbd_bus,CBD-bound,Cbd Bus,34.514,30.407,4.107,improved
G_012_013,BUSSTOP_OUT::03241,MAPLETREE ANSON,cbd_bus,CBD-bound,Cbd Bus,38.207,30.407,7.8,improved
G_012_013,BUSSTOP_OUT::03381,THE SAIL,cbd_bus,CBD-bound,Cbd Bus,36.751,35.252,1.499,improved
G_012_013,BUSSTOP_OUT::03391,MARINA BAY FINANCIAL CTR,cbd_bus,CBD-bound,Cbd Bus,37.496,35.997,1.499,improved
G_012_013,BUSSTOP_OUT::03501,MARINA BAY SANDS THEATRE,cbd_bus,CBD-bound,Cbd Bus,41.596,35.607,5.989,improved
G_012_013,BUSSTOP_OUT::03509,BAYFRONT STN EXIT B/MBS,cbd_bus,CBD-bound,Cbd Bus,43.407,35.607,7.8,improved
G_012_013,BUSSTOP_OUT::03511,AFT BAYFRONT STN EXIT E,cbd_bus,CBD-bound,Cbd Bus,40.105,35.607,4.498,improved
G_012_013,BUSSTOP_OUT::03519,BAYFRONT STN EXIT A,cbd_bus,CBD-bound,Cbd Bus,43.407,35.607,7.8,improved
G_012_013,BUSSTOP_OUT::03529,DOWNTOWN STN,cbd_bus,CBD-bound,Cbd Bus,39.207,36.098,3.109,improved
G_012_013,BUSSTOP_OUT::03539,Marina Bay Stn,cbd_bus,CBD-bound,Cbd Bus,40.207,34.607,5.6,improved
G_012_013,BUSSTOP_OUT::05269,MAXWELL RD FC,cbd_bus,CBD-bound,Cbd Bus,37.87,37.87,-0.0,unchanged
G_012_013,BUSSTOP_OUT::05319,OCBC CTR,cbd_bus,CBD-bound,Cbd Bus,36.298,36.298,-0.0,unchanged
G_012_013,BUSSTOP_OUT::05411,TG PAGAR PLAZA,cbd_bus,CBD-bound,Cbd Bus,30.787,30.642,0.145,improved
G_012_013,BUSSTOP_OUT::05419,THE AMARA,cbd_bus,CBD-bound,Cbd Bus,39.325,39.325,-0.0,unchanged
G_012_013,BUSSTOP_OUT::05431,TOWER 15,cbd_bus,CBD-bound,Cbd Bus,40.07,40.07,-0.0,unchanged
G_012_013,BUSSTOP_OUT::05629,OPP STH PT,cbd_bus,CBD-bound,Cbd Bus,29.669,29.152,0.517,improved
G_012_013,BUSSTOP_OUT::05651,OPP FUJI XEROX TWRS,cbd_bus,CBD-bound,Cbd Bus,30.042,29.897,0.145,improved
G_012_013,MRTHUB::Bayfront,Bayfront,cbd_mrt,CBD-bound,Cbd Mrt,33.107,25.307,7.8,improved
G_012_013,MRTHUB::Downtown,Downtown,cbd_mrt,CBD-bound,Cbd Mrt,29.907,28.507,1.4,improved
G_012_013,MRTHUB::Marina_Bay,Marina Bay,cbd_mrt,CBD-bound,Cbd Mrt,32.107,24.307,7.8,improved
G_012_013,MRTHUB::Maxwell,Maxwell,cbd_mrt,CBD-bound,Cbd Mrt,27.907,27.907,-0.0,unchanged
G_012_013,MRTHUB::Raffles_Place,Raffles Place,cbd_mrt,CBD-bound,Cbd Mrt,32.107,29.707,2.4,improved
G_012_013,MRTHUB::Shenton_Way,Shenton Way,cbd_mrt,CBD-bound,Cbd Mrt,28.907,27.507,1.4,improved
G_012_013,MRTHUB::Tanjong_Pagar,Tanjong Pagar,cbd_mrt,CBD-bound,Cbd Mrt,27.907,27.907,-0.0,unchanged
G_013_007,BUSSTOP_OUT::95011,AFT AIRCRAFT FLYOVER,airport_bus,Airport-bound,Airport Bus,92.292,92.292,-0.0,unchanged
G_013_007,BUSSTOP_OUT::95019,AFT CHANGI AIRPORT TER 2,airport_bus,Airport-bound,Airport Bus,80.849,80.849,-0.0,unchanged
G_013_007,BUSSTOP_OUT::95029,CHANGI AIRPORT TER 1,airport_bus,Airport-bound,Airport Bus,80.103,80.103,-0.0,unchanged
G_013_007,BUSSTOP_OUT::95109,CHANGI AIRPORT TER 3,airport_bus,Airport-bound,Airport Bus,77.122,77.122,-0.0,unchanged
G_013_007,BUSSTOP_OUT::95129,CHANGI AIRPORT TER 2,airport_bus,Airport-bound,Airport Bus,77.122,77.122,-0.0,unchanged
G_013_007,BUSSTOP_OUT::95151,AIRPORT POLICE STN,airport_bus,Airport-bound,Airport Bus,90.429,90.429,-0.0,unchanged
G_013_007,BUSSTOP_OUT::95159,NEAR SATS FLIGHT KITCHEN,airport_bus,Airport-bound,Airport Bus,83.83,83.83,-0.0,unchanged
G_013_007,BUSSTOP_OUT::95209,CHANGI AIRPORT TER 4,airport_bus,Airport-bound,Airport Bus,86.812,86.812,-0.0,unchanged
G_013_007,MRTHUB::Changi_Airport,Changi Airport,airport_mrt,Airport-bound,Airport Mrt,66.822,66.822,-0.0,unchanged
G_013_007,BUSSTOP_OUT::03011,FULLERTON SQ,cbd_bus,CBD-bound,Cbd Bus,53.221,49.113,4.108,improved
G_013_007,BUSSTOP_OUT::03019,OUE BAYFRONT,cbd_bus,CBD-bound,Cbd Bus,53.322,52.504,0.818,improved
G_013_007,BUSSTOP_OUT::03021,PRUDENTIAL TWR,cbd_bus,CBD-bound,Cbd Bus,50.985,46.877,4.108,improved
G_013_007,BUSSTOP_OUT::03031,RAFFLES PL STN EXIT F,cbd_bus,CBD-bound,Cbd Bus,51.358,47.622,3.736,improved
G_013_007,BUSSTOP_OUT::03041,TELOK AYER STN EXIT A,cbd_bus,CBD-bound,Cbd Bus,50.985,46.877,4.108,improved
G_013_007,BUSSTOP_OUT::03059,ONE RAFFLES QUAY,cbd_bus,CBD-bound,Cbd Bus,51.65,51.65,-0.0,unchanged
G_013_007,BUSSTOP_OUT::03071,OPP SO SOFITEL S'PORE,cbd_bus,CBD-bound,Cbd Bus,50.24,46.504,3.736,improved
G_013_007,BUSSTOP_OUT::03111,AFT CAPITAL TWR,cbd_bus,CBD-bound,Cbd Bus,49.122,45.386,3.736,improved
G_013_007,BUSSTOP_OUT::03129,UIC BLDG,cbd_bus,CBD-bound,Cbd Bus,49.122,49.122,-0.0,unchanged
G_013_007,BUSSTOP_OUT::03151,AFT TELOK AYER ST,cbd_bus,CBD-bound,Cbd Bus,49.122,45.014,4.108,improved
G_013_007,BUSSTOP_OUT::03217,AFT STRAITS BLVD,cbd_bus,CBD-bound,Cbd Bus,49.122,43.523,5.599,improved
G_013_007,BUSSTOP_OUT::03218,OPP MAS BLDG,cbd_bus,CBD-bound,Cbd Bus,49.122,43.523,5.599,improved
G_013_007,BUSSTOP_OUT::03222,HUB SYNERGY PT,cbd_bus,CBD-bound,Cbd Bus,49.122,43.523,5.599,improved
G_013_007,BUSSTOP_OUT::03223,TANJONG PAGAR STN EXIT C,cbd_bus,CBD-bound,Cbd Bus,49.122,43.523,5.599,improved
G_013_007,BUSSTOP_OUT::03239,SHENTON WAY TER,cbd_bus,CBD-bound,Cbd Bus,49.122,43.523,5.599,improved
G_013_007,BUSSTOP_OUT::03241,MAPLETREE ANSON,cbd_bus,CBD-bound,Cbd Bus,49.122,43.523,5.599,improved
G_013_007,BUSSTOP_OUT::03381,THE SAIL,cbd_bus,CBD-bound,Cbd Bus,52.476,48.368,4.108,improved
G_013_007,BUSSTOP_OUT::03391,MARINA BAY FINANCIAL CTR,cbd_bus,CBD-bound,Cbd Bus,53.221,49.113,4.108,improved
G_013_007,BUSSTOP_OUT::03501,MARINA BAY SANDS THEATRE,cbd_bus,CBD-bound,Cbd Bus,56.322,48.723,7.599,improved
G_013_007,BUSSTOP_OUT::03509,BAYFRONT STN EXIT B/MBS,cbd_bus,CBD-bound,Cbd Bus,56.322,48.723,7.599,improved
G_013_007,BUSSTOP_OUT::03511,AFT BAYFRONT STN EXIT E,cbd_bus,CBD-bound,Cbd Bus,55.83,48.723,7.107,improved
G_013_007,BUSSTOP_OUT::03519,BAYFRONT STN EXIT A,cbd_bus,CBD-bound,Cbd Bus,56.322,48.723,7.599,improved
G_013_007,BUSSTOP_OUT::03529,DOWNTOWN STN,cbd_bus,CBD-bound,Cbd Bus,52.323,49.214,3.109,improved
G_013_007,BUSSTOP_OUT::03539,Marina Bay Stn,cbd_bus,CBD-bound,Cbd Bus,53.323,47.723,5.6,improved
G_013_007,BUSSTOP_OUT::05269,MAXWELL RD FC,cbd_bus,CBD-bound,Cbd Bus,50.986,50.986,-0.0,unchanged
G_013_007,BUSSTOP_OUT::05319,OCBC CTR,cbd_bus,CBD-bound,Cbd Bus,49.414,49.414,-0.0,unchanged
G_013_007,BUSSTOP_OUT::05411,TG PAGAR PLAZA,cbd_bus,CBD-bound,Cbd Bus,49.122,43.758,5.364,improved
G_013_007,BUSSTOP_OUT::05419,THE AMARA,cbd_bus,CBD-bound,Cbd Bus,50.24,50.24,-0.0,unchanged
G_013_007,BUSSTOP_OUT::05431,TOWER 15,cbd_bus,CBD-bound,Cbd Bus,50.985,50.985,-0.0,unchanged
G_013_007,BUSSTOP_OUT::05629,OPP STH PT,cbd_bus,CBD-bound,Cbd Bus,49.412,42.268,7.144,improved
G_013_007,BUSSTOP_OUT::05651,OPP FUJI XEROX TWRS,cbd_bus,CBD-bound,Cbd Bus,49.785,43.013,6.772,improved
G_013_007,MRTHUB::Bayfront,Bayfront,cbd_mrt,CBD-bound,Cbd Mrt,46.022,38.423,7.599,improved
G_013_007,MRTHUB::Downtown,Downtown,cbd_mrt,CBD-bound,Cbd Mrt,43.023,41.623,1.4,improved
G_013_007,MRTHUB::Marina_Bay,Marina Bay,cbd_mrt,CBD-bound,Cbd Mrt,45.223,37.423,7.8,improved
G_013_007,MRTHUB::Maxwell,Maxwell,cbd_mrt,CBD-bound,Cbd Mrt,41.023,41.023,-0.0,unchanged
G_013_007,MRTHUB::Raffles_Place,Raffles Place,cbd_mrt,CBD-bound,Cbd Mrt,43.022,42.823,0.199,improved
G_013_007,MRTHUB::Shenton_Way,Shenton Way,cbd_mrt,CBD-bound,Cbd Mrt,42.023,40.623,1.4,improved
G_013_007,MRTHUB::Tanjong_Pagar,Tanjong Pagar,cbd_mrt,CBD-bound,Cbd Mrt,38.822,38.822,-0.0,unchanged
G_013_008,BUSSTOP_OUT::95011,AFT AIRCRAFT FLYOVER,airport_bus,Airport-bound,Airport Bus,84.819,84.819,-0.0,unchanged
G_013_008,BUSSTOP_OUT::95019,AFT CHANGI AIRPORT TER 2,airport_bus,Airport-bound,Airport Bus,73.376,73.376,-0.0,unchanged
G_013_008,BUSSTOP_OUT::95029,CHANGI AIRPORT TER 1,airport_bus,Airport-bound,Airport Bus,72.63,72.63,-0.0,unchanged
G_013_008,BUSSTOP_OUT::95109,CHANGI AIRPORT TER 3,airport_bus,Airport-bound,Airport Bus,69.649,69.649,-0.0,unchanged
G_013_008,BUSSTOP_OUT::95129,CHANGI AIRPORT TER 2,airport_bus,Airport-bound,Airport Bus,69.649,69.649,-0.0,unchanged
G_013_008,BUSSTOP_OUT::95151,AIRPORT POLICE STN,airport_bus,Airport-bound,Airport Bus,82.956,82.956,-0.0,unchanged
G_013_008,BUSSTOP_OUT::95159,NEAR SATS FLIGHT KITCHEN,airport_bus,Airport-bound,Airport Bus,76.357,76.357,-0.0,unchanged
G_013_008,BUSSTOP_OUT::95209,CHANGI AIRPORT TER 4,airport_bus,Airport-bound,Airport Bus,79.339,79.339,-0.0,unchanged
G_013_008,MRTHUB::Changi_Airport,Changi Airport,airport_mrt,Airport-bound,Airport Mrt,59.349,59.349,-0.0,unchanged
G_013_008,BUSSTOP_OUT::03011,FULLERTON SQ,cbd_bus,CBD-bound,Cbd Bus,45.0,45.0,-0.0,unchanged
G_013_008,BUSSTOP_OUT::03019,OUE BAYFRONT,cbd_bus,CBD-bound,Cbd Bus,45.849,45.849,-0.0,unchanged
G_013_008,BUSSTOP_OUT::03021,PRUDENTIAL TWR,cbd_bus,CBD-bound,Cbd Bus,42.764,42.764,-0.0,unchanged
G_013_008,BUSSTOP_OUT::03031,RAFFLES PL STN EXIT F,cbd_bus,CBD-bound,Cbd Bus,43.137,43.137,-0.0,unchanged
G_013_008,BUSSTOP_OUT::03041,TELOK AYER STN EXIT A,cbd_bus,CBD-bound,Cbd Bus,43.512,43.512,-0.0,unchanged
G_013_008,BUSSTOP_OUT::03059,ONE RAFFLES QUAY,cbd_bus,CBD-bound,Cbd Bus,40.529,40.529,-0.0,unchanged
G_013_008,BUSSTOP_OUT::03071,OPP SO SOFITEL S'PORE,cbd_bus,CBD-bound,Cbd Bus,42.019,42.019,-0.0,unchanged
G_013_008,BUSSTOP_OUT::03111,AFT CAPITAL TWR,cbd_bus,CBD-bound,Cbd Bus,40.901,40.901,-0.0,unchanged
G_013_008,BUSSTOP_OUT::03129,UIC BLDG,cbd_bus,CBD-bound,Cbd Bus,41.649,41.649,-0.0,unchanged
G_013_008,BUSSTOP_OUT::03151,AFT TELOK AYER ST,cbd_bus,CBD-bound,Cbd Bus,40.901,40.901,-0.0,unchanged
G_013_008,BUSSTOP_OUT::03217,AFT STRAITS BLVD,cbd_bus,CBD-bound,Cbd Bus,41.649,41.649,-0.0,unchanged
G_013_008,BUSSTOP_OUT::03218,OPP MAS BLDG,cbd_bus,CBD-bound,Cbd Bus,41.649,41.649,-0.0,unchanged
G_013_008,BUSSTOP_OUT::03222,HUB SYNERGY PT,cbd_bus,CBD-bound,Cbd Bus,38.292,38.292,-0.0,unchanged
G_013_008,BUSSTOP_OUT::03223,TANJONG PAGAR STN EXIT C,cbd_bus,CBD-bound,Cbd Bus,39.41,39.41,-0.0,unchanged
G_013_008,BUSSTOP_OUT::03239,SHENTON WAY TER,cbd_bus,CBD-bound,Cbd Bus,41.649,41.649,-0.0,unchanged
G_013_008,BUSSTOP_OUT::03241,MAPLETREE ANSON,cbd_bus,CBD-bound,Cbd Bus,41.649,41.649,-0.0,unchanged
G_013_008,BUSSTOP_OUT::03381,THE SAIL,cbd_bus,CBD-bound,Cbd Bus,45.003,45.003,-0.0,unchanged
G_013_008,BUSSTOP_OUT::03391,MARINA BAY FINANCIAL CTR,cbd_bus,CBD-bound,Cbd Bus,45.748,45.748,-0.0,unchanged
G_013_008,BUSSTOP_OUT::03501,MARINA BAY SANDS THEATRE,cbd_bus,CBD-bound,Cbd Bus,49.848,46.933,2.915,improved
G_013_008,BUSSTOP_OUT::03509,BAYFRONT STN EXIT B/MBS,cbd_bus,CBD-bound,Cbd Bus,54.733,46.933,7.8,improved
G_013_008,BUSSTOP_OUT::03511,AFT BAYFRONT STN EXIT E,cbd_bus,CBD-bound,Cbd Bus,48.357,46.933,1.424,improved
G_013_008,BUSSTOP_OUT::03519,BAYFRONT STN EXIT A,cbd_bus,CBD-bound,Cbd Bus,54.733,46.933,7.8,improved
G_013_008,BUSSTOP_OUT::03529,DOWNTOWN STN,cbd_bus,CBD-bound,Cbd Bus,47.049,47.049,-0.0,unchanged
G_013_008,BUSSTOP_OUT::03539,Marina Bay Stn,cbd_bus,CBD-bound,Cbd Bus,50.249,45.933,4.316,improved
G_013_008,BUSSTOP_OUT::05269,MAXWELL RD FC,cbd_bus,CBD-bound,Cbd Bus,46.049,46.049,-0.0,unchanged
G_013_008,BUSSTOP_OUT::05319,OCBC CTR,cbd_bus,CBD-bound,Cbd Bus,38.293,38.293,-0.0,unchanged
G_013_008,BUSSTOP_OUT::05411,TG PAGAR PLAZA,cbd_bus,CBD-bound,Cbd Bus,41.649,41.649,-0.0,unchanged
G_013_008,BUSSTOP_OUT::05419,THE AMARA,cbd_bus,CBD-bound,Cbd Bus,42.767,42.767,-0.0,unchanged
G_013_008,BUSSTOP_OUT::05431,TOWER 15,cbd_bus,CBD-bound,Cbd Bus,43.512,43.512,-0.0,unchanged
G_013_008,BUSSTOP_OUT::05629,OPP STH PT,cbd_bus,CBD-bound,Cbd Bus,36.801,36.801,-0.0,unchanged
G_013_008,BUSSTOP_OUT::05651,OPP FUJI XEROX TWRS,cbd_bus,CBD-bound,Cbd Bus,44.646,41.223,3.423,improved
G_013_008,MRTHUB::Bayfront,Bayfront,cbd_mrt,CBD-bound,Cbd Mrt,44.433,36.633,7.8,improved
G_013_008,MRTHUB::Downtown,Downtown,cbd_mrt,CBD-bound,Cbd Mrt,41.233,39.833,1.4,improved
G_013_008,MRTHUB::Marina_Bay,Marina Bay,cbd_mrt,CBD-bound,Cbd Mrt,39.949,35.633,4.316,improved
G_013_008,MRTHUB::Maxwell,Maxwell,cbd_mrt,CBD-bound,Cbd Mrt,35.749,35.749,-0.0,unchanged
G_013_008,MRTHUB::Raffles_Place,Raffles Place,cbd_mrt,CBD-bound,Cbd Mrt,35.549,35.549,-0.0,unchanged
G_013_008,MRTHUB::Shenton_Way,Shenton Way,cbd_mrt,CBD-bound,Cbd Mrt,36.749,36.749,-0.0,unchanged
G_013_008,MRTHUB::Tanjong_Pagar,Tanjong Pagar,cbd_mrt,CBD-bound,Cbd Mrt,31.349,31.349,-0.0,unchanged
G_013_009,BUSSTOP_OUT::95011,AFT AIRCRAFT FLYOVER,airport_bus,Airport-bound,Airport Bus,87.834,87.789,0.045,improved
G_013_009,BUSSTOP_OUT::95019,AFT CHANGI AIRPORT TER 2,airport_bus,Airport-bound,Airport Bus,76.391,76.391,-0.0,unchanged
G_013_009,BUSSTOP_OUT::95029,CHANGI AIRPORT TER 1,airport_bus,Airport-bound,Airport Bus,75.645,75.645,-0.0,unchanged
G_013_009,BUSSTOP_OUT::95109,CHANGI AIRPORT TER 3,airport_bus,Airport-bound,Airport Bus,72.664,72.664,-0.0,unchanged
G_013_009,BUSSTOP_OUT::95129,CHANGI AIRPORT TER 2,airport_bus,Airport-bound,Airport Bus,72.664,72.664,-0.0,unchanged
G_013_009,BUSSTOP_OUT::95151,AIRPORT POLICE STN,airport_bus,Airport-bound,Airport Bus,85.971,85.926,0.045,improved
G_013_009,BUSSTOP_OUT::95159,NEAR SATS FLIGHT KITCHEN,airport_bus,Airport-bound,Airport Bus,79.372,79.372,-0.0,unchanged
G_013_009,BUSSTOP_OUT::95209,CHANGI AIRPORT TER 4,airport_bus,Airport-bound,Airport Bus,82.354,82.354,-0.0,unchanged
G_013_009,MRTHUB::Changi_Airport,Changi Airport,airport_mrt,Airport-bound,Airport Mrt,62.364,62.364,-0.0,unchanged
G_013_009,BUSSTOP_OUT::03011,FULLERTON SQ,cbd_bus,CBD-bound,Cbd Bus,48.763,43.973,4.79,improved
G_013_009,BUSSTOP_OUT::03019,OUE BAYFRONT,cbd_bus,CBD-bound,Cbd Bus,48.864,47.364,1.5,improved
G_013_009,BUSSTOP_OUT::03021,PRUDENTIAL TWR,cbd_bus,CBD-bound,Cbd Bus,46.527,41.737,4.79,improved
G_013_009,BUSSTOP_OUT::03031,RAFFLES PL STN EXIT F,cbd_bus,CBD-bound,Cbd Bus,46.9,42.482,4.418,improved
G_013_009,BUSSTOP_OUT::03041,TELOK AYER STN EXIT A,cbd_bus,CBD-bound,Cbd Bus,46.527,41.737,4.79,improved
G_013_009,BUSSTOP_OUT::03059,ONE RAFFLES QUAY,cbd_bus,CBD-bound,Cbd Bus,42.191,42.191,-0.0,unchanged
G_013_009,BUSSTOP_OUT::03071,OPP SO SOFITEL S'PORE,cbd_bus,CBD-bound,Cbd Bus,45.782,41.364,4.418,improved
G_013_009,BUSSTOP_OUT::03111,AFT CAPITAL TWR,cbd_bus,CBD-bound,Cbd Bus,44.664,40.246,4.418,improved
G_013_009,BUSSTOP_OUT::03129,UIC BLDG,cbd_bus,CBD-bound,Cbd Bus,43.682,43.682,-0.0,unchanged
G_013_009,BUSSTOP_OUT::03151,AFT TELOK AYER ST,cbd_bus,CBD-bound,Cbd Bus,44.664,39.874,4.79,improved
G_013_009,BUSSTOP_OUT::03217,AFT STRAITS BLVD,cbd_bus,CBD-bound,Cbd Bus,44.664,38.383,6.281,improved
G_013_009,BUSSTOP_OUT::03218,OPP MAS BLDG,cbd_bus,CBD-bound,Cbd Bus,44.664,38.383,6.281,improved
G_013_009,BUSSTOP_OUT::03222,HUB SYNERGY PT,cbd_bus,CBD-bound,Cbd Bus,44.053,38.383,5.67,improved
G_013_009,BUSSTOP_OUT::03223,TANJONG PAGAR STN EXIT C,cbd_bus,CBD-bound,Cbd Bus,44.664,38.383,6.281,improved
G_013_009,BUSSTOP_OUT::03239,SHENTON WAY TER,cbd_bus,CBD-bound,Cbd Bus,44.664,38.383,6.281,improved
G_013_009,BUSSTOP_OUT::03241,MAPLETREE ANSON,cbd_bus,CBD-bound,Cbd Bus,44.664,38.383,6.281,improved
G_013_009,BUSSTOP_OUT::03381,THE SAIL,cbd_bus,CBD-bound,Cbd Bus,48.018,43.228,4.79,improved
G_013_009,BUSSTOP_OUT::03391,MARINA BAY FINANCIAL CTR,cbd_bus,CBD-bound,Cbd Bus,48.183,43.973,4.21,improved
G_013_009,BUSSTOP_OUT::03501,MARINA BAY SANDS THEATRE,cbd_bus,CBD-bound,Cbd Bus,51.383,43.583,7.8,improved
G_013_009,BUSSTOP_OUT::03509,BAYFRONT STN EXIT B/MBS,cbd_bus,CBD-bound,Cbd Bus,51.383,43.583,7.8,improved
G_013_009,BUSSTOP_OUT::03511,AFT BAYFRONT STN EXIT E,cbd_bus,CBD-bound,Cbd Bus,50.792,43.583,7.209,improved
G_013_009,BUSSTOP_OUT::03519,BAYFRONT STN EXIT A,cbd_bus,CBD-bound,Cbd Bus,51.383,43.583,7.8,improved
G_013_009,BUSSTOP_OUT::03529,DOWNTOWN STN,cbd_bus,CBD-bound,Cbd Bus,47.183,44.074,3.109,improved
G_013_009,BUSSTOP_OUT::03539,Marina Bay Stn,cbd_bus,CBD-bound,Cbd Bus,48.183,42.583,5.6,improved
G_013_009,BUSSTOP_OUT::05269,MAXWELL RD FC,cbd_bus,CBD-bound,Cbd Bus,45.846,45.846,-0.0,unchanged
G_013_009,BUSSTOP_OUT::05319,OCBC CTR,cbd_bus,CBD-bound,Cbd Bus,39.955,39.955,-0.0,unchanged
G_013_009,BUSSTOP_OUT::05411,TG PAGAR PLAZA,cbd_bus,CBD-bound,Cbd Bus,44.664,38.618,6.046,improved
G_013_009,BUSSTOP_OUT::05419,THE AMARA,cbd_bus,CBD-bound,Cbd Bus,45.782,45.782,-0.0,unchanged
G_013_009,BUSSTOP_OUT::05431,TOWER 15,cbd_bus,CBD-bound,Cbd Bus,46.527,46.527,-0.0,unchanged
G_013_009,BUSSTOP_OUT::05629,OPP STH PT,cbd_bus,CBD-bound,Cbd Bus,42.562,37.128,5.434,improved
G_013_009,BUSSTOP_OUT::05651,OPP FUJI XEROX TWRS,cbd_bus,CBD-bound,Cbd Bus,44.645,37.873,6.772,improved
G_013_009,MRTHUB::Bayfront,Bayfront,cbd_mrt,CBD-bound,Cbd Mrt,41.083,33.283,7.8,improved
G_013_009,MRTHUB::Downtown,Downtown,cbd_mrt,CBD-bound,Cbd Mrt,37.883,36.483,1.4,improved
G_013_009,MRTHUB::Marina_Bay,Marina Bay,cbd_mrt,CBD-bound,Cbd Mrt,40.083,32.283,7.8,improved
G_013_009,MRTHUB::Maxwell,Maxwell,cbd_mrt,CBD-bound,Cbd Mrt,35.883,35.883,-0.0,unchanged
G_013_009,MRTHUB::Raffles_Place,Raffles Place,cbd_mrt,CBD-bound,Cbd Mrt,38.564,37.683,0.881,improved
G_013_009,MRTHUB::Shenton_Way,Shenton Way,cbd_mrt,CBD-bound,Cbd Mrt,36.883,35.483,1.4,improved
G_013_009,MRTHUB::Tanjong_Pagar,Tanjong Pagar,cbd_mrt,CBD-bound,Cbd Mrt,34.364,34.364,-0.0,unchanged
G_013_010,BUSSTOP_OUT::95011,AFT AIRCRAFT FLYOVER,airport_bus,Airport-bound,Airport Bus,85.105,84.705,0.4,improved
G_013_010,BUSSTOP_OUT::95019,AFT CHANGI AIRPORT TER 2,airport_bus,Airport-bound,Airport Bus,74.826,73.426,1.4,improved
G_013_010,BUSSTOP_OUT::95029,CHANGI AIRPORT TER 1,airport_bus,Airport-bound,Airport Bus,74.08,72.68,1.4,improved
G_013_010,BUSSTOP_OUT::95109,CHANGI AIRPORT TER 3,airport_bus,Airport-bound,Airport Bus,71.099,69.699,1.4,improved
G_013_010,BUSSTOP_OUT::95129,CHANGI AIRPORT TER 2,airport_bus,Airport-bound,Airport Bus,71.099,69.699,1.4,improved
G_013_010,BUSSTOP_OUT::95151,AIRPORT POLICE STN,airport_bus,Airport-bound,Airport Bus,83.242,82.842,0.4,improved
G_013_010,BUSSTOP_OUT::95159,NEAR SATS FLIGHT KITCHEN,airport_bus,Airport-bound,Airport Bus,77.807,76.407,1.4,improved
G_013_010,BUSSTOP_OUT::95209,CHANGI AIRPORT TER 4,airport_bus,Airport-bound,Airport Bus,80.789,79.389,1.4,improved
G_013_010,MRTHUB::Changi_Airport,Changi Airport,airport_mrt,Airport-bound,Airport Mrt,60.799,59.399,1.4,improved
G_013_010,BUSSTOP_OUT::03011,FULLERTON SQ,cbd_bus,CBD-bound,Cbd Bus,46.335,40.889,5.446,improved
G_013_010,BUSSTOP_OUT::03019,OUE BAYFRONT,cbd_bus,CBD-bound,Cbd Bus,47.299,44.28,3.019,improved
G_013_010,BUSSTOP_OUT::03021,PRUDENTIAL TWR,cbd_bus,CBD-bound,Cbd Bus,44.099,38.653,5.446,improved
G_013_010,BUSSTOP_OUT::03031,RAFFLES PL STN EXIT F,cbd_bus,CBD-bound,Cbd Bus,44.099,39.398,4.701,improved
G_013_010,BUSSTOP_OUT::03041,TELOK AYER STN EXIT A,cbd_bus,CBD-bound,Cbd Bus,44.099,38.653,5.446,improved
G_013_010,BUSSTOP_OUT::03059,ONE RAFFLES QUAY,cbd_bus,CBD-bound,Cbd Bus,41.593,41.593,-0.0,unchanged
G_013_010,BUSSTOP_OUT::03071,OPP SO SOFITEL S'PORE,cbd_bus,CBD-bound,Cbd Bus,44.099,38.28,5.819,improved
G_013_010,BUSSTOP_OUT::03111,AFT CAPITAL TWR,cbd_bus,CBD-bound,Cbd Bus,43.099,37.162,5.937,improved
G_013_010,BUSSTOP_OUT::03129,UIC BLDG,cbd_bus,CBD-bound,Cbd Bus,43.084,42.699,0.385,improved
G_013_010,BUSSTOP_OUT::03151,AFT TELOK AYER ST,cbd_bus,CBD-bound,Cbd Bus,43.099,36.79,6.309,improved
G_013_010,BUSSTOP_OUT::03217,AFT STRAITS BLVD,cbd_bus,CBD-bound,Cbd Bus,43.099,35.299,7.8,improved
G_013_010,BUSSTOP_OUT::03218,OPP MAS BLDG,cbd_bus,CBD-bound,Cbd Bus,43.099,35.299,7.8,improved
G_013_010,BUSSTOP_OUT::03222,HUB SYNERGY PT,cbd_bus,CBD-bound,Cbd Bus,42.307,35.299,7.008,improved
G_013_010,BUSSTOP_OUT::03223,TANJONG PAGAR STN EXIT C,cbd_bus,CBD-bound,Cbd Bus,43.099,35.299,7.8,improved
G_013_010,BUSSTOP_OUT::03239,SHENTON WAY TER,cbd_bus,CBD-bound,Cbd Bus,43.099,35.299,7.8,improved
G_013_010,BUSSTOP_OUT::03241,MAPLETREE ANSON,cbd_bus,CBD-bound,Cbd Bus,43.099,35.299,7.8,improved
G_013_010,BUSSTOP_OUT::03381,THE SAIL,cbd_bus,CBD-bound,Cbd Bus,45.099,40.144,4.955,improved
G_013_010,BUSSTOP_OUT::03391,MARINA BAY FINANCIAL CTR,cbd_bus,CBD-bound,Cbd Bus,45.099,40.889,4.21,improved
G_013_010,BUSSTOP_OUT::03501,MARINA BAY SANDS THEATRE,cbd_bus,CBD-bound,Cbd Bus,48.299,40.499,7.8,improved
G_013_010,BUSSTOP_OUT::03509,BAYFRONT STN EXIT B/MBS,cbd_bus,CBD-bound,Cbd Bus,48.299,40.499,7.8,improved
G_013_010,BUSSTOP_OUT::03511,AFT BAYFRONT STN EXIT E,cbd_bus,CBD-bound,Cbd Bus,47.708,40.499,7.209,improved
G_013_010,BUSSTOP_OUT::03519,BAYFRONT STN EXIT A,cbd_bus,CBD-bound,Cbd Bus,48.299,40.499,7.8,improved
G_013_010,BUSSTOP_OUT::03529,DOWNTOWN STN,cbd_bus,CBD-bound,Cbd Bus,44.099,40.99,3.109,improved
G_013_010,BUSSTOP_OUT::03539,Marina Bay Stn,cbd_bus,CBD-bound,Cbd Bus,45.099,39.499,5.6,improved
G_013_010,BUSSTOP_OUT::05269,MAXWELL RD FC,cbd_bus,CBD-bound,Cbd Bus,42.762,42.762,-0.0,unchanged
G_013_010,BUSSTOP_OUT::05319,OCBC CTR,cbd_bus,CBD-bound,Cbd Bus,39.357,39.357,-0.0,unchanged
G_013_010,BUSSTOP_OUT::05411,TG PAGAR PLAZA,cbd_bus,CBD-bound,Cbd Bus,42.306,35.534,6.772,improved
G_013_010,BUSSTOP_OUT::05419,THE AMARA,cbd_bus,CBD-bound,Cbd Bus,44.217,44.217,-0.0,unchanged
G_013_010,BUSSTOP_OUT::05431,TOWER 15,cbd_bus,CBD-bound,Cbd Bus,44.962,44.962,-0.0,unchanged
G_013_010,BUSSTOP_OUT::05629,OPP STH PT,cbd_bus,CBD-bound,Cbd Bus,41.188,34.044,7.144,improved
G_013_010,BUSSTOP_OUT::05651,OPP FUJI XEROX TWRS,cbd_bus,CBD-bound,Cbd Bus,41.561,34.789,6.772,improved
G_013_010,MRTHUB::Bayfront,Bayfront,cbd_mrt,CBD-bound,Cbd Mrt,37.999,30.199,7.8,improved
G_013_010,MRTHUB::Downtown,Downtown,cbd_mrt,CBD-bound,Cbd Mrt,34.799,33.399,1.4,improved
G_013_010,MRTHUB::Marina_Bay,Marina Bay,cbd_mrt,CBD-bound,Cbd Mrt,36.999,29.199,7.8,improved
G_013_010,MRTHUB::Maxwell,Maxwell,cbd_mrt,CBD-bound,Cbd Mrt,32.799,32.799,-0.0,unchanged
G_013_010,MRTHUB::Raffles_Place,Raffles Place,cbd_mrt,CBD-bound,Cbd Mrt,36.999,34.599,2.4,improved
G_013_010,MRTHUB::Shenton_Way,Shenton Way,cbd_mrt,CBD-bound,Cbd Mrt,33.799,32.399,1.4,improved
G_013_010,MRTHUB::Tanjong_Pagar,Tanjong Pagar,cbd_mrt,CBD-bound,Cbd Mrt,32.799,32.799,-0.0,unchanged
G_013_011,BUSSTOP_OUT::95011,AFT AIRCRAFT FLYOVER,airport_bus,Airport-bound,Airport Bus,82.921,82.521,0.4,improved
G_013_011,BUSSTOP_OUT::95019,AFT CHANGI AIRPORT TER 2,airport_bus,Airport-bound,Airport Bus,72.642,71.242,1.4,improved
G_013_011,BUSSTOP_OUT::95029,CHANGI AIRPORT TER 1,airport_bus,Airport-bound,Airport Bus,71.896,70.496,1.4,improved
G_013_011,BUSSTOP_OUT::95109,CHANGI AIRPORT TER 3,airport_bus,Airport-bound,Airport Bus,68.915,67.515,1.4,improved
G_013_011,BUSSTOP_OUT::95129,CHANGI AIRPORT TER 2,airport_bus,Airport-bound,Airport Bus,68.915,67.515,1.4,improved
G_013_011,BUSSTOP_OUT::95151,AIRPORT POLICE STN,airport_bus,Airport-bound,Airport Bus,81.058,80.658,0.4,improved
G_013_011,BUSSTOP_OUT::95159,NEAR SATS FLIGHT KITCHEN,airport_bus,Airport-bound,Airport Bus,75.623,74.223,1.4,improved
G_013_011,BUSSTOP_OUT::95209,CHANGI AIRPORT TER 4,airport_bus,Airport-bound,Airport Bus,78.605,77.205,1.4,improved
G_013_011,MRTHUB::Changi_Airport,Changi Airport,airport_mrt,Airport-bound,Airport Mrt,58.615,57.215,1.4,improved
G_013_011,BUSSTOP_OUT::03011,FULLERTON SQ,cbd_bus,CBD-bound,Cbd Bus,36.896,36.896,-0.0,unchanged
G_013_011,BUSSTOP_OUT::03019,OUE BAYFRONT,cbd_bus,CBD-bound,Cbd Bus,45.115,42.096,3.019,improved
G_013_011,BUSSTOP_OUT::03021,PRUDENTIAL TWR,cbd_bus,CBD-bound,Cbd Bus,41.387,36.469,4.918,improved
G_013_011,BUSSTOP_OUT::03031,RAFFLES PL STN EXIT F,cbd_bus,CBD-bound,Cbd Bus,34.66,34.66,-0.0,unchanged
G_013_011,BUSSTOP_OUT::03041,TELOK AYER STN EXIT A,cbd_bus,CBD-bound,Cbd Bus,41.915,36.469,5.446,improved
G_013_011,BUSSTOP_OUT::03059,ONE RAFFLES QUAY,cbd_bus,CBD-bound,Cbd Bus,41.242,41.242,-0.0,unchanged
G_013_011,BUSSTOP_OUT::03071,OPP SO SOFITEL S'PORE,cbd_bus,CBD-bound,Cbd Bus,33.542,33.542,-0.0,unchanged
G_013_011,BUSSTOP_OUT::03111,AFT CAPITAL TWR,cbd_bus,CBD-bound,Cbd Bus,32.424,32.424,-0.0,unchanged
G_013_011,BUSSTOP_OUT::03129,UIC BLDG,cbd_bus,CBD-bound,Cbd Bus,40.915,40.515,0.4,improved
G_013_011,BUSSTOP_OUT::03151,AFT TELOK AYER ST,cbd_bus,CBD-bound,Cbd Bus,39.524,34.606,4.918,improved
G_013_011,BUSSTOP_OUT::03217,AFT STRAITS BLVD,cbd_bus,CBD-bound,Cbd Bus,40.915,33.115,7.8,improved
G_013_011,BUSSTOP_OUT::03218,OPP MAS BLDG,cbd_bus,CBD-bound,Cbd Bus,39.896,33.115,6.781,improved
G_013_011,BUSSTOP_OUT::03222,HUB SYNERGY PT,cbd_bus,CBD-bound,Cbd Bus,29.815,29.815,-0.0,unchanged
G_013_011,BUSSTOP_OUT::03223,TANJONG PAGAR STN EXIT C,cbd_bus,CBD-bound,Cbd Bus,38.033,33.115,4.918,improved
G_013_011,BUSSTOP_OUT::03239,SHENTON WAY TER,cbd_bus,CBD-bound,Cbd Bus,40.641,33.115,7.526,improved
G_013_011,BUSSTOP_OUT::03241,MAPLETREE ANSON,cbd_bus,CBD-bound,Cbd Bus,40.915,33.115,7.8,improved
G_013_011,BUSSTOP_OUT::03381,THE SAIL,cbd_bus,CBD-bound,Cbd Bus,42.878,37.96,4.918,improved
G_013_011,BUSSTOP_OUT::03391,MARINA BAY FINANCIAL CTR,cbd_bus,CBD-bound,Cbd Bus,42.915,38.705,4.21,improved
G_013_011,BUSSTOP_OUT::03501,MARINA BAY SANDS THEATRE,cbd_bus,CBD-bound,Cbd Bus,46.115,38.315,7.8,improved
G_013_011,BUSSTOP_OUT::03509,BAYFRONT STN EXIT B/MBS,cbd_bus,CBD-bound,Cbd Bus,46.115,38.315,7.8,improved
G_013_011,BUSSTOP_OUT::03511,AFT BAYFRONT STN EXIT E,cbd_bus,CBD-bound,Cbd Bus,45.524,38.315,7.209,improved
G_013_011,BUSSTOP_OUT::03519,BAYFRONT STN EXIT A,cbd_bus,CBD-bound,Cbd Bus,46.115,38.315,7.8,improved
G_013_011,BUSSTOP_OUT::03529,DOWNTOWN STN,cbd_bus,CBD-bound,Cbd Bus,41.915,38.806,3.109,improved
G_013_011,BUSSTOP_OUT::03539,Marina Bay Stn,cbd_bus,CBD-bound,Cbd Bus,42.915,37.315,5.6,improved
G_013_011,BUSSTOP_OUT::05269,MAXWELL RD FC,cbd_bus,CBD-bound,Cbd Bus,40.578,40.578,-0.0,unchanged
G_013_011,BUSSTOP_OUT::05319,OCBC CTR,cbd_bus,CBD-bound,Cbd Bus,39.006,39.006,-0.0,unchanged
G_013_011,BUSSTOP_OUT::05411,TG PAGAR PLAZA,cbd_bus,CBD-bound,Cbd Bus,36.914,33.35,3.564,improved
G_013_011,BUSSTOP_OUT::05419,THE AMARA,cbd_bus,CBD-bound,Cbd Bus,42.033,42.033,-0.0,unchanged
G_013_011,BUSSTOP_OUT::05431,TOWER 15,cbd_bus,CBD-bound,Cbd Bus,42.778,42.778,-0.0,unchanged
G_013_011,BUSSTOP_OUT::05629,OPP STH PT,cbd_bus,CBD-bound,Cbd Bus,35.796,31.86,3.936,improved
G_013_011,BUSSTOP_OUT::05651,OPP FUJI XEROX TWRS,cbd_bus,CBD-bound,Cbd Bus,36.169,32.605,3.564,improved
G_013_011,MRTHUB::Bayfront,Bayfront,cbd_mrt,CBD-bound,Cbd Mrt,35.815,28.015,7.8,improved
G_013_011,MRTHUB::Downtown,Downtown,cbd_mrt,CBD-bound,Cbd Mrt,32.615,31.215,1.4,improved
G_013_011,MRTHUB::Marina_Bay,Marina Bay,cbd_mrt,CBD-bound,Cbd Mrt,34.815,27.015,7.8,improved
G_013_011,MRTHUB::Maxwell,Maxwell,cbd_mrt,CBD-bound,Cbd Mrt,30.615,30.615,-0.0,unchanged
G_013_011,MRTHUB::Raffles_Place,Raffles Place,cbd_mrt,CBD-bound,Cbd Mrt,34.815,32.415,2.4,improved
G_013_011,MRTHUB::Shenton_Way,Shenton Way,cbd_mrt,CBD-bound,Cbd Mrt,31.615,30.215,1.4,improved
G_013_011,MRTHUB::Tanjong_Pagar,Tanjong Pagar,cbd_mrt,CBD-bound,Cbd Mrt,30.615,30.615,-0.0,unchanged
G_013_012,BUSSTOP_OUT::95011,AFT AIRCRAFT FLYOVER,airport_bus,Airport-bound,Airport Bus,82.184,81.784,0.4,improved
G_013_012,BUSSTOP_OUT::95019,AFT CHANGI AIRPORT TER 2,airport_bus,Airport-bound,Airport Bus,71.905,70.505,1.4,improved
G_013_012,BUSSTOP_OUT::95029,CHANGI AIRPORT TER 1,airport_bus,Airport-bound,Airport Bus,71.159,69.759,1.4,improved
G_013_012,BUSSTOP_OUT::95109,CHANGI AIRPORT TER 3,airport_bus,Airport-bound,Airport Bus,68.178,66.778,1.4,improved
G_013_012,BUSSTOP_OUT::95129,CHANGI AIRPORT TER 2,airport_bus,Airport-bound,Airport Bus,68.178,66.778,1.4,improved
G_013_012,BUSSTOP_OUT::95151,AIRPORT POLICE STN,airport_bus,Airport-bound,Airport Bus,80.321,79.921,0.4,improved
G_013_012,BUSSTOP_OUT::95159,NEAR SATS FLIGHT KITCHEN,airport_bus,Airport-bound,Airport Bus,74.886,73.486,1.4,improved
G_013_012,BUSSTOP_OUT::95209,CHANGI AIRPORT TER 4,airport_bus,Airport-bound,Airport Bus,77.868,76.468,1.4,improved
G_013_012,MRTHUB::Changi_Airport,Changi Airport,airport_mrt,Airport-bound,Airport Mrt,57.878,56.478,1.4,improved
G_013_012,BUSSTOP_OUT::03011,FULLERTON SQ,cbd_bus,CBD-bound,Cbd Bus,32.855,32.855,-0.0,unchanged
G_013_012,BUSSTOP_OUT::03019,OUE BAYFRONT,cbd_bus,CBD-bound,Cbd Bus,44.378,41.359,3.019,improved
G_013_012,BUSSTOP_OUT::03021,PRUDENTIAL TWR,cbd_bus,CBD-bound,Cbd Bus,37.346,35.732,1.614,improved
G_013_012,BUSSTOP_OUT::03031,RAFFLES PL STN EXIT F,cbd_bus,CBD-bound,Cbd Bus,30.619,30.619,-0.0,unchanged
G_013_012,BUSSTOP_OUT::03041,TELOK AYER STN EXIT A,cbd_bus,CBD-bound,Cbd Bus,41.178,35.732,5.446,improved
G_013_012,BUSSTOP_OUT::03059,ONE RAFFLES QUAY,cbd_bus,CBD-bound,Cbd Bus,40.505,40.505,-0.0,unchanged
G_013_012,BUSSTOP_OUT::03071,OPP SO SOFITEL S'PORE,cbd_bus,CBD-bound,Cbd Bus,29.501,29.501,-0.0,unchanged
G_013_012,BUSSTOP_OUT::03111,AFT CAPITAL TWR,cbd_bus,CBD-bound,Cbd Bus,28.383,28.383,-0.0,unchanged
G_013_012,BUSSTOP_OUT::03129,UIC BLDG,cbd_bus,CBD-bound,Cbd Bus,40.178,39.778,0.4,improved
G_013_012,BUSSTOP_OUT::03151,AFT TELOK AYER ST,cbd_bus,CBD-bound,Cbd Bus,35.483,33.869,1.614,improved
G_013_012,BUSSTOP_OUT::03217,AFT STRAITS BLVD,cbd_bus,CBD-bound,Cbd Bus,40.178,32.378,7.8,improved
G_013_012,BUSSTOP_OUT::03218,OPP MAS BLDG,cbd_bus,CBD-bound,Cbd Bus,35.855,32.378,3.477,improved
G_013_012,BUSSTOP_OUT::03222,HUB SYNERGY PT,cbd_bus,CBD-bound,Cbd Bus,25.774,25.774,-0.0,unchanged
G_013_012,BUSSTOP_OUT::03223,TANJONG PAGAR STN EXIT C,cbd_bus,CBD-bound,Cbd Bus,33.992,32.378,1.614,improved
G_013_012,BUSSTOP_OUT::03239,SHENTON WAY TER,cbd_bus,CBD-bound,Cbd Bus,36.6,32.378,4.222,improved
G_013_012,BUSSTOP_OUT::03241,MAPLETREE ANSON,cbd_bus,CBD-bound,Cbd Bus,40.178,32.378,7.8,improved
G_013_012,BUSSTOP_OUT::03381,THE SAIL,cbd_bus,CBD-bound,Cbd Bus,38.837,37.223,1.614,improved
G_013_012,BUSSTOP_OUT::03391,MARINA BAY FINANCIAL CTR,cbd_bus,CBD-bound,Cbd Bus,39.582,37.968,1.614,improved
G_013_012,BUSSTOP_OUT::03501,MARINA BAY SANDS THEATRE,cbd_bus,CBD-bound,Cbd Bus,43.682,37.578,6.104,improved
G_013_012,BUSSTOP_OUT::03509,BAYFRONT STN EXIT B/MBS,cbd_bus,CBD-bound,Cbd Bus,45.378,37.578,7.8,improved
G_013_012,BUSSTOP_OUT::03511,AFT BAYFRONT STN EXIT E,cbd_bus,CBD-bound,Cbd Bus,42.191,37.578,4.613,improved
G_013_012,BUSSTOP_OUT::03519,BAYFRONT STN EXIT A,cbd_bus,CBD-bound,Cbd Bus,45.378,37.578,7.8,improved
G_013_012,BUSSTOP_OUT::03529,DOWNTOWN STN,cbd_bus,CBD-bound,Cbd Bus,41.178,38.069,3.109,improved
G_013_012,BUSSTOP_OUT::03539,Marina Bay Stn,cbd_bus,CBD-bound,Cbd Bus,42.178,36.578,5.6,improved
G_013_012,BUSSTOP_OUT::05269,MAXWELL RD FC,cbd_bus,CBD-bound,Cbd Bus,39.841,39.841,-0.0,unchanged
G_013_012,BUSSTOP_OUT::05319,OCBC CTR,cbd_bus,CBD-bound,Cbd Bus,38.269,38.269,-0.0,unchanged
G_013_012,BUSSTOP_OUT::05411,TG PAGAR PLAZA,cbd_bus,CBD-bound,Cbd Bus,32.873,32.613,0.26,improved
G_013_012,BUSSTOP_OUT::05419,THE AMARA,cbd_bus,CBD-bound,Cbd Bus,41.296,41.296,-0.0,unchanged
G_013_012,BUSSTOP_OUT::05431,TOWER 15,cbd_bus,CBD-bound,Cbd Bus,42.041,42.041,-0.0,unchanged
G_013_012,BUSSTOP_OUT::05629,OPP STH PT,cbd_bus,CBD-bound,Cbd Bus,31.755,31.123,0.632,improved
G_013_012,BUSSTOP_OUT::05651,OPP FUJI XEROX TWRS,cbd_bus,CBD-bound,Cbd Bus,32.128,31.868,0.26,improved
G_013_012,MRTHUB::Bayfront,Bayfront,cbd_mrt,CBD-bound,Cbd Mrt,35.078,27.278,7.8,improved
G_013_012,MRTHUB::Downtown,Downtown,cbd_mrt,CBD-bound,Cbd Mrt,31.878,30.478,1.4,improved
G_013_012,MRTHUB::Marina_Bay,Marina Bay,cbd_mrt,CBD-bound,Cbd Mrt,34.078,26.278,7.8,improved
G_013_012,MRTHUB::Maxwell,Maxwell,cbd_mrt,CBD-bound,Cbd Mrt,29.878,29.878,-0.0,unchanged
G_013_012,MRTHUB::Raffles_Place,Raffles Place,cbd_mrt,CBD-bound,Cbd Mrt,34.078,31.678,2.4,improved
G_013_012,MRTHUB::Shenton_Way,Shenton Way,cbd_mrt,CBD-bound,Cbd Mrt,30.878,29.478,1.4,improved
G_013_012,MRTHUB::Tanjong_Pagar,Tanjong Pagar,cbd_mrt,CBD-bound,Cbd Mrt,29.878,29.878,-0.0,unchanged
G_013_013,BUSSTOP_OUT::95011,AFT AIRCRAFT FLYOVER,airport_bus,Airport-bound,Airport Bus,78.836,78.436,0.4,improved
G_013_013,BUSSTOP_OUT::95019,AFT CHANGI AIRPORT TER 2,airport_bus,Airport-bound,Airport Bus,68.557,67.157,1.4,improved
G_013_013,BUSSTOP_OUT::95029,CHANGI AIRPORT TER 1,airport_bus,Airport-bound,Airport Bus,67.811,66.411,1.4,improved
G_013_013,BUSSTOP_OUT::95109,CHANGI AIRPORT TER 3,airport_bus,Airport-bound,Airport Bus,64.83,63.43,1.4,improved
G_013_013,BUSSTOP_OUT::95129,CHANGI AIRPORT TER 2,airport_bus,Airport-bound,Airport Bus,64.83,63.43,1.4,improved
G_013_013,BUSSTOP_OUT::95151,AIRPORT POLICE STN,airport_bus,Airport-bound,Airport Bus,76.973,76.573,0.4,improved
G_013_013,BUSSTOP_OUT::95159,NEAR SATS FLIGHT KITCHEN,airport_bus,Airport-bound,Airport Bus,71.538,70.138,1.4,improved
G_013_013,BUSSTOP_OUT::95209,CHANGI AIRPORT TER 4,airport_bus,Airport-bound,Airport Bus,74.52,73.12,1.4,improved
G_013_013,MRTHUB::Changi_Airport,Changi Airport,airport_mrt,Airport-bound,Airport Mrt,54.53,53.13,1.4,improved
G_013_013,BUSSTOP_OUT::03011,FULLERTON SQ,cbd_bus,CBD-bound,Cbd Bus,30.314,30.314,-0.0,unchanged
G_013_013,BUSSTOP_OUT::03019,OUE BAYFRONT,cbd_bus,CBD-bound,Cbd Bus,41.03,38.011,3.019,improved
G_013_013,BUSSTOP_OUT::03021,PRUDENTIAL TWR,cbd_bus,CBD-bound,Cbd Bus,34.805,32.384,2.421,improved
G_013_013,BUSSTOP_OUT::03031,RAFFLES PL STN EXIT F,cbd_bus,CBD-bound,Cbd Bus,28.078,28.078,-0.0,unchanged
G_013_013,BUSSTOP_OUT::03041,TELOK AYER STN EXIT A,cbd_bus,CBD-bound,Cbd Bus,37.83,32.384,5.446,improved
G_013_013,BUSSTOP_OUT::03059,ONE RAFFLES QUAY,cbd_bus,CBD-bound,Cbd Bus,37.157,37.157,-0.0,unchanged
G_013_013,BUSSTOP_OUT::03071,OPP SO SOFITEL S'PORE,cbd_bus,CBD-bound,Cbd Bus,26.96,26.96,-0.0,unchanged
G_013_013,BUSSTOP_OUT::03111,AFT CAPITAL TWR,cbd_bus,CBD-bound,Cbd Bus,25.842,25.842,-0.0,unchanged
G_013_013,BUSSTOP_OUT::03129,UIC BLDG,cbd_bus,CBD-bound,Cbd Bus,36.83,36.43,0.4,improved
G_013_013,BUSSTOP_OUT::03151,AFT TELOK AYER ST,cbd_bus,CBD-bound,Cbd Bus,32.942,30.521,2.421,improved
G_013_013,BUSSTOP_OUT::03217,AFT STRAITS BLVD,cbd_bus,CBD-bound,Cbd Bus,36.83,29.03,7.8,improved
G_013_013,BUSSTOP_OUT::03218,OPP MAS BLDG,cbd_bus,CBD-bound,Cbd Bus,33.314,29.03,4.284,improved
G_013_013,BUSSTOP_OUT::03222,HUB SYNERGY PT,cbd_bus,CBD-bound,Cbd Bus,23.233,23.233,-0.0,unchanged
G_013_013,BUSSTOP_OUT::03223,TANJONG PAGAR STN EXIT C,cbd_bus,CBD-bound,Cbd Bus,31.451,29.03,2.421,improved
G_013_013,BUSSTOP_OUT::03239,SHENTON WAY TER,cbd_bus,CBD-bound,Cbd Bus,34.059,29.03,5.029,improved
G_013_013,BUSSTOP_OUT::03241,MAPLETREE ANSON,cbd_bus,CBD-bound,Cbd Bus,36.83,29.03,7.8,improved
G_013_013,BUSSTOP_OUT::03381,THE SAIL,cbd_bus,CBD-bound,Cbd Bus,36.296,33.875,2.421,improved
G_013_013,BUSSTOP_OUT::03391,MARINA BAY FINANCIAL CTR,cbd_bus,CBD-bound,Cbd Bus,37.041,34.62,2.421,improved
G_013_013,BUSSTOP_OUT::03501,MARINA BAY SANDS THEATRE,cbd_bus,CBD-bound,Cbd Bus,41.141,34.23,6.911,improved
G_013_013,BUSSTOP_OUT::03509,BAYFRONT STN EXIT B/MBS,cbd_bus,CBD-bound,Cbd Bus,42.03,34.23,7.8,improved
G_013_013,BUSSTOP_OUT::03511,AFT BAYFRONT STN EXIT E,cbd_bus,CBD-bound,Cbd Bus,39.65,34.23,5.42,improved
G_013_013,BUSSTOP_OUT::03519,BAYFRONT STN EXIT A,cbd_bus,CBD-bound,Cbd Bus,42.03,34.23,7.8,improved
G_013_013,BUSSTOP_OUT::03529,DOWNTOWN STN,cbd_bus,CBD-bound,Cbd Bus,37.83,34.721,3.109,improved
G_013_013,BUSSTOP_OUT::03539,Marina Bay Stn,cbd_bus,CBD-bound,Cbd Bus,38.83,33.23,5.6,improved
G_013_013,BUSSTOP_OUT::05269,MAXWELL RD FC,cbd_bus,CBD-bound,Cbd Bus,36.493,36.493,-0.0,unchanged
G_013_013,BUSSTOP_OUT::05319,OCBC CTR,cbd_bus,CBD-bound,Cbd Bus,34.921,34.921,-0.0,unchanged
G_013_013,BUSSTOP_OUT::05411,TG PAGAR PLAZA,cbd_bus,CBD-bound,Cbd Bus,30.332,29.265,1.067,improved
G_013_013,BUSSTOP_OUT::05419,THE AMARA,cbd_bus,CBD-bound,Cbd Bus,37.948,37.948,-0.0,unchanged
G_013_013,BUSSTOP_OUT::05431,TOWER 15,cbd_bus,CBD-bound,Cbd Bus,38.693,38.693,-0.0,unchanged
G_013_013,BUSSTOP_OUT::05629,OPP STH PT,cbd_bus,CBD-bound,Cbd Bus,29.214,27.775,1.439,improved
G_013_013,BUSSTOP_OUT::05651,OPP FUJI XEROX TWRS,cbd_bus,CBD-bound,Cbd Bus,29.587,28.52,1.067,improved
G_013_013,MRTHUB::Bayfront,Bayfront,cbd_mrt,CBD-bound,Cbd Mrt,31.73,23.93,7.8,improved
G_013_013,MRTHUB::Downtown,Downtown,cbd_mrt,CBD-bound,Cbd Mrt,28.53,27.13,1.4,improved
G_013_013,MRTHUB::Marina_Bay,Marina Bay,cbd_mrt,CBD-bound,Cbd Mrt,30.73,22.93,7.8,improved
G_013_013,MRTHUB::Maxwell,Maxwell,cbd_mrt,CBD-bound,Cbd Mrt,26.53,26.53,-0.0,unchanged
G_013_013,MRTHUB::Raffles_Place,Raffles Place,cbd_mrt,CBD-bound,Cbd Mrt,30.73,28.33,2.4,improved
G_013_013,MRTHUB::Shenton_Way,Shenton Way,cbd_mrt,CBD-bound,Cbd Mrt,27.53,26.13,1.4,improved
G_013_013,MRTHUB::Tanjong_Pagar,Tanjong Pagar,cbd_mrt,CBD-bound,Cbd Mrt,26.53,26.53,-0.0,unchanged
G_014_008,BUSSTOP_OUT::95011,AFT AIRCRAFT FLYOVER,airport_bus,Airport-bound,Airport Bus,81.225,81.225,-0.0,unchanged
G_014_008,BUSSTOP_OUT::95019,AFT CHANGI AIRPORT TER 2,airport_bus,Airport-bound,Airport Bus,69.782,69.782,-0.0,unchanged
G_014_008,BUSSTOP_OUT::95029,CHANGI AIRPORT TER 1,airport_bus,Airport-bound,Airport Bus,69.036,69.036,-0.0,unchanged
G_014_008,BUSSTOP_OUT::95109,CHANGI AIRPORT TER 3,airport_bus,Airport-bound,Airport Bus,66.055,66.055,-0.0,unchanged
G_014_008,BUSSTOP_OUT::95129,CHANGI AIRPORT TER 2,airport_bus,Airport-bound,Airport Bus,66.055,66.055,-0.0,unchanged
G_014_008,BUSSTOP_OUT::95151,AIRPORT POLICE STN,airport_bus,Airport-bound,Airport Bus,79.362,79.362,-0.0,unchanged
G_014_008,BUSSTOP_OUT::95159,NEAR SATS FLIGHT KITCHEN,airport_bus,Airport-bound,Airport Bus,72.763,72.763,-0.0,unchanged
G_014_008,BUSSTOP_OUT::95209,CHANGI AIRPORT TER 4,airport_bus,Airport-bound,Airport Bus,75.745,75.745,-0.0,unchanged
G_014_008,MRTHUB::Changi_Airport,Changi Airport,airport_mrt,Airport-bound,Airport Mrt,55.755,55.755,-0.0,unchanged
G_014_008,BUSSTOP_OUT::03011,FULLERTON SQ,cbd_bus,CBD-bound,Cbd Bus,41.406,41.406,-0.0,unchanged
G_014_008,BUSSTOP_OUT::03019,OUE BAYFRONT,cbd_bus,CBD-bound,Cbd Bus,42.255,42.255,-0.0,unchanged
G_014_008,BUSSTOP_OUT::03021,PRUDENTIAL TWR,cbd_bus,CBD-bound,Cbd Bus,39.17,39.17,-0.0,unchanged
G_014_008,BUSSTOP_OUT::03031,RAFFLES PL STN EXIT F,cbd_bus,CBD-bound,Cbd Bus,39.543,39.543,-0.0,unchanged
G_014_008,BUSSTOP_OUT::03041,TELOK AYER STN EXIT A,cbd_bus,CBD-bound,Cbd Bus,39.918,39.918,-0.0,unchanged
G_014_008,BUSSTOP_OUT::03059,ONE RAFFLES QUAY,cbd_bus,CBD-bound,Cbd Bus,36.935,36.935,-0.0,unchanged
G_014_008,BUSSTOP_OUT::03071,OPP SO SOFITEL S'PORE,cbd_bus,CBD-bound,Cbd Bus,38.425,38.425,-0.0,unchanged
G_014_008,BUSSTOP_OUT::03111,AFT CAPITAL TWR,cbd_bus,CBD-bound,Cbd Bus,37.307,37.307,-0.0,unchanged
G_014_008,BUSSTOP_OUT::03129,UIC BLDG,cbd_bus,CBD-bound,Cbd Bus,38.055,38.055,-0.0,unchanged
G_014_008,BUSSTOP_OUT::03151,AFT TELOK AYER ST,cbd_bus,CBD-bound,Cbd Bus,37.307,37.307,-0.0,unchanged
G_014_008,BUSSTOP_OUT::03217,AFT STRAITS BLVD,cbd_bus,CBD-bound,Cbd Bus,38.055,38.055,-0.0,unchanged
G_014_008,BUSSTOP_OUT::03218,OPP MAS BLDG,cbd_bus,CBD-bound,Cbd Bus,38.055,38.055,-0.0,unchanged
G_014_008,BUSSTOP_OUT::03222,HUB SYNERGY PT,cbd_bus,CBD-bound,Cbd Bus,34.698,34.698,-0.0,unchanged
G_014_008,BUSSTOP_OUT::03223,TANJONG PAGAR STN EXIT C,cbd_bus,CBD-bound,Cbd Bus,35.816,35.816,-0.0,unchanged
G_014_008,BUSSTOP_OUT::03239,SHENTON WAY TER,cbd_bus,CBD-bound,Cbd Bus,38.055,38.055,-0.0,unchanged
G_014_008,BUSSTOP_OUT::03241,MAPLETREE ANSON,cbd_bus,CBD-bound,Cbd Bus,38.055,38.055,-0.0,unchanged
G_014_008,BUSSTOP_OUT::03381,THE SAIL,cbd_bus,CBD-bound,Cbd Bus,41.409,41.409,-0.0,unchanged
G_014_008,BUSSTOP_OUT::03391,MARINA BAY FINANCIAL CTR,cbd_bus,CBD-bound,Cbd Bus,42.154,42.154,-0.0,unchanged
G_014_008,BUSSTOP_OUT::03501,MARINA BAY SANDS THEATRE,cbd_bus,CBD-bound,Cbd Bus,46.254,46.254,-0.0,unchanged
G_014_008,BUSSTOP_OUT::03509,BAYFRONT STN EXIT B/MBS,cbd_bus,CBD-bound,Cbd Bus,51.655,48.74,2.915,improved
G_014_008,BUSSTOP_OUT::03511,AFT BAYFRONT STN EXIT E,cbd_bus,CBD-bound,Cbd Bus,44.763,44.763,-0.0,unchanged
G_014_008,BUSSTOP_OUT::03519,BAYFRONT STN EXIT A,cbd_bus,CBD-bound,Cbd Bus,51.655,48.74,2.915,improved
G_014_008,BUSSTOP_OUT::03529,DOWNTOWN STN,cbd_bus,CBD-bound,Cbd Bus,43.455,43.455,-0.0,unchanged
G_014_008,BUSSTOP_OUT::03539,Marina Bay Stn,cbd_bus,CBD-bound,Cbd Bus,46.655,46.655,-0.0,unchanged
G_014_008,BUSSTOP_OUT::05269,MAXWELL RD FC,cbd_bus,CBD-bound,Cbd Bus,42.455,42.455,-0.0,unchanged
G_014_008,BUSSTOP_OUT::05319,OCBC CTR,cbd_bus,CBD-bound,Cbd Bus,34.699,34.699,-0.0,unchanged
G_014_008,BUSSTOP_OUT::05411,TG PAGAR PLAZA,cbd_bus,CBD-bound,Cbd Bus,38.055,38.055,-0.0,unchanged
G_014_008,BUSSTOP_OUT::05419,THE AMARA,cbd_bus,CBD-bound,Cbd Bus,39.173,39.173,-0.0,unchanged
G_014_008,BUSSTOP_OUT::05431,TOWER 15,cbd_bus,CBD-bound,Cbd Bus,39.918,39.918,-0.0,unchanged
G_014_008,BUSSTOP_OUT::05629,OPP STH PT,cbd_bus,CBD-bound,Cbd Bus,33.207,33.207,-0.0,unchanged
G_014_008,BUSSTOP_OUT::05651,OPP FUJI XEROX TWRS,cbd_bus,CBD-bound,Cbd Bus,41.052,41.052,-0.0,unchanged
G_014_008,MRTHUB::Bayfront,Bayfront,cbd_mrt,CBD-bound,Cbd Mrt,41.355,38.44,2.915,improved
G_014_008,MRTHUB::Downtown,Downtown,cbd_mrt,CBD-bound,Cbd Mrt,38.555,38.555,-0.0,unchanged
G_014_008,MRTHUB::Marina_Bay,Marina Bay,cbd_mrt,CBD-bound,Cbd Mrt,36.355,36.355,-0.0,unchanged
G_014_008,MRTHUB::Maxwell,Maxwell,cbd_mrt,CBD-bound,Cbd Mrt,32.155,32.155,-0.0,unchanged
G_014_008,MRTHUB::Raffles_Place,Raffles Place,cbd_mrt,CBD-bound,Cbd Mrt,31.955,31.955,-0.0,unchanged
G_014_008,MRTHUB::Shenton_Way,Shenton Way,cbd_mrt,CBD-bound,Cbd Mrt,33.155,33.155,-0.0,unchanged
G_014_008,MRTHUB::Tanjong_Pagar,Tanjong Pagar,cbd_mrt,CBD-bound,Cbd Mrt,27.755,27.755,-0.0,unchanged
G_014_009,BUSSTOP_OUT::95011,AFT AIRCRAFT FLYOVER,airport_bus,Airport-bound,Airport Bus,83.972,83.972,-0.0,unchanged
G_014_009,BUSSTOP_OUT::95019,AFT CHANGI AIRPORT TER 2,airport_bus,Airport-bound,Airport Bus,72.529,72.529,-0.0,unchanged
G_014_009,BUSSTOP_OUT::95029,CHANGI AIRPORT TER 1,airport_bus,Airport-bound,Airport Bus,71.783,71.783,-0.0,unchanged
G_014_009,BUSSTOP_OUT::95109,CHANGI AIRPORT TER 3,airport_bus,Airport-bound,Airport Bus,68.802,68.802,-0.0,unchanged
G_014_009,BUSSTOP_OUT::95129,CHANGI AIRPORT TER 2,airport_bus,Airport-bound,Airport Bus,68.802,68.802,-0.0,unchanged
G_014_009,BUSSTOP_OUT::95151,AIRPORT POLICE STN,airport_bus,Airport-bound,Airport Bus,82.109,82.109,-0.0,unchanged
G_014_009,BUSSTOP_OUT::95159,NEAR SATS FLIGHT KITCHEN,airport_bus,Airport-bound,Airport Bus,75.51,75.51,-0.0,unchanged
G_014_009,BUSSTOP_OUT::95209,CHANGI AIRPORT TER 4,airport_bus,Airport-bound,Airport Bus,78.492,78.492,-0.0,unchanged
G_014_009,MRTHUB::Changi_Airport,Changi Airport,airport_mrt,Airport-bound,Airport Mrt,58.502,58.502,-0.0,unchanged
G_014_009,BUSSTOP_OUT::03011,FULLERTON SQ,cbd_bus,CBD-bound,Cbd Bus,44.901,44.901,-0.0,unchanged
G_014_009,BUSSTOP_OUT::03019,OUE BAYFRONT,cbd_bus,CBD-bound,Cbd Bus,45.002,45.002,-0.0,unchanged
G_014_009,BUSSTOP_OUT::03021,PRUDENTIAL TWR,cbd_bus,CBD-bound,Cbd Bus,42.665,42.665,-0.0,unchanged
G_014_009,BUSSTOP_OUT::03031,RAFFLES PL STN EXIT F,cbd_bus,CBD-bound,Cbd Bus,43.038,43.038,-0.0,unchanged
G_014_009,BUSSTOP_OUT::03041,TELOK AYER STN EXIT A,cbd_bus,CBD-bound,Cbd Bus,42.665,42.665,-0.0,unchanged
G_014_009,BUSSTOP_OUT::03059,ONE RAFFLES QUAY,cbd_bus,CBD-bound,Cbd Bus,38.329,38.329,-0.0,unchanged
G_014_009,BUSSTOP_OUT::03071,OPP SO SOFITEL S'PORE,cbd_bus,CBD-bound,Cbd Bus,41.92,41.92,-0.0,unchanged
G_014_009,BUSSTOP_OUT::03111,AFT CAPITAL TWR,cbd_bus,CBD-bound,Cbd Bus,40.802,40.802,-0.0,unchanged
G_014_009,BUSSTOP_OUT::03129,UIC BLDG,cbd_bus,CBD-bound,Cbd Bus,39.82,39.82,-0.0,unchanged
G_014_009,BUSSTOP_OUT::03151,AFT TELOK AYER ST,cbd_bus,CBD-bound,Cbd Bus,40.802,40.802,-0.0,unchanged
G_014_009,BUSSTOP_OUT::03217,AFT STRAITS BLVD,cbd_bus,CBD-bound,Cbd Bus,40.802,40.802,-0.0,unchanged
G_014_009,BUSSTOP_OUT::03218,OPP MAS BLDG,cbd_bus,CBD-bound,Cbd Bus,40.802,40.802,-0.0,unchanged
G_014_009,BUSSTOP_OUT::03222,HUB SYNERGY PT,cbd_bus,CBD-bound,Cbd Bus,40.191,40.191,-0.0,unchanged
G_014_009,BUSSTOP_OUT::03223,TANJONG PAGAR STN EXIT C,cbd_bus,CBD-bound,Cbd Bus,40.802,40.802,-0.0,unchanged
G_014_009,BUSSTOP_OUT::03239,SHENTON WAY TER,cbd_bus,CBD-bound,Cbd Bus,40.802,40.802,-0.0,unchanged
G_014_009,BUSSTOP_OUT::03241,MAPLETREE ANSON,cbd_bus,CBD-bound,Cbd Bus,40.802,40.802,-0.0,unchanged
G_014_009,BUSSTOP_OUT::03381,THE SAIL,cbd_bus,CBD-bound,Cbd Bus,44.156,44.156,-0.0,unchanged
G_014_009,BUSSTOP_OUT::03391,MARINA BAY FINANCIAL CTR,cbd_bus,CBD-bound,Cbd Bus,44.901,44.901,-0.0,unchanged
G_014_009,BUSSTOP_OUT::03501,MARINA BAY SANDS THEATRE,cbd_bus,CBD-bound,Cbd Bus,49.001,46.726,2.275,improved
G_014_009,BUSSTOP_OUT::03509,BAYFRONT STN EXIT B/MBS,cbd_bus,CBD-bound,Cbd Bus,54.402,46.726,7.676,improved
G_014_009,BUSSTOP_OUT::03511,AFT BAYFRONT STN EXIT E,cbd_bus,CBD-bound,Cbd Bus,47.51,46.726,0.784,improved
G_014_009,BUSSTOP_OUT::03519,BAYFRONT STN EXIT A,cbd_bus,CBD-bound,Cbd Bus,54.402,46.726,7.676,improved
G_014_009,BUSSTOP_OUT::03529,DOWNTOWN STN,cbd_bus,CBD-bound,Cbd Bus,46.202,46.202,-0.0,unchanged
G_014_009,BUSSTOP_OUT::03539,Marina Bay Stn,cbd_bus,CBD-bound,Cbd Bus,49.402,45.726,3.676,improved
G_014_009,BUSSTOP_OUT::05269,MAXWELL RD FC,cbd_bus,CBD-bound,Cbd Bus,45.202,45.202,-0.0,unchanged
G_014_009,BUSSTOP_OUT::05319,OCBC CTR,cbd_bus,CBD-bound,Cbd Bus,36.093,36.093,-0.0,unchanged
G_014_009,BUSSTOP_OUT::05411,TG PAGAR PLAZA,cbd_bus,CBD-bound,Cbd Bus,40.802,40.802,-0.0,unchanged
G_014_009,BUSSTOP_OUT::05419,THE AMARA,cbd_bus,CBD-bound,Cbd Bus,41.92,41.92,-0.0,unchanged
G_014_009,BUSSTOP_OUT::05431,TOWER 15,cbd_bus,CBD-bound,Cbd Bus,42.665,42.665,-0.0,unchanged
G_014_009,BUSSTOP_OUT::05629,OPP STH PT,cbd_bus,CBD-bound,Cbd Bus,38.7,38.7,-0.0,unchanged
G_014_009,BUSSTOP_OUT::05651,OPP FUJI XEROX TWRS,cbd_bus,CBD-bound,Cbd Bus,46.545,41.016,5.529,improved
G_014_009,MRTHUB::Bayfront,Bayfront,cbd_mrt,CBD-bound,Cbd Mrt,44.102,36.426,7.676,improved
G_014_009,MRTHUB::Downtown,Downtown,cbd_mrt,CBD-bound,Cbd Mrt,41.026,39.626,1.4,improved
G_014_009,MRTHUB::Marina_Bay,Marina Bay,cbd_mrt,CBD-bound,Cbd Mrt,39.102,35.426,3.676,improved
G_014_009,MRTHUB::Maxwell,Maxwell,cbd_mrt,CBD-bound,Cbd Mrt,34.902,34.902,-0.0,unchanged
G_014_009,MRTHUB::Raffles_Place,Raffles Place,cbd_mrt,CBD-bound,Cbd Mrt,34.702,34.702,-0.0,unchanged
G_014_009,MRTHUB::Shenton_Way,Shenton Way,cbd_mrt,CBD-bound,Cbd Mrt,35.902,35.902,-0.0,unchanged
G_014_009,MRTHUB::Tanjong_Pagar,Tanjong Pagar,cbd_mrt,CBD-bound,Cbd Mrt,30.502,30.502,-0.0,unchanged
G_014_010,BUSSTOP_OUT::95011,AFT AIRCRAFT FLYOVER,airport_bus,Airport-bound,Airport Bus,82.88,82.88,-0.0,unchanged
G_014_010,BUSSTOP_OUT::95019,AFT CHANGI AIRPORT TER 2,airport_bus,Airport-bound,Airport Bus,71.437,71.437,-0.0,unchanged
G_014_010,BUSSTOP_OUT::95029,CHANGI AIRPORT TER 1,airport_bus,Airport-bound,Airport Bus,70.691,70.691,-0.0,unchanged
G_014_010,BUSSTOP_OUT::95109,CHANGI AIRPORT TER 3,airport_bus,Airport-bound,Airport Bus,67.71,67.71,-0.0,unchanged
G_014_010,BUSSTOP_OUT::95129,CHANGI AIRPORT TER 2,airport_bus,Airport-bound,Airport Bus,67.71,67.71,-0.0,unchanged
G_014_010,BUSSTOP_OUT::95151,AIRPORT POLICE STN,airport_bus,Airport-bound,Airport Bus,81.017,81.017,-0.0,unchanged
G_014_010,BUSSTOP_OUT::95159,NEAR SATS FLIGHT KITCHEN,airport_bus,Airport-bound,Airport Bus,74.418,74.418,-0.0,unchanged
G_014_010,BUSSTOP_OUT::95209,CHANGI AIRPORT TER 4,airport_bus,Airport-bound,Airport Bus,77.4,77.4,-0.0,unchanged
G_014_010,MRTHUB::Changi_Airport,Changi Airport,airport_mrt,Airport-bound,Airport Mrt,57.41,57.41,-0.0,unchanged
G_014_010,BUSSTOP_OUT::03011,FULLERTON SQ,cbd_bus,CBD-bound,Cbd Bus,43.809,41.809,2.0,improved
G_014_010,BUSSTOP_OUT::03019,OUE BAYFRONT,cbd_bus,CBD-bound,Cbd Bus,43.91,43.91,-0.0,unchanged
G_014_010,BUSSTOP_OUT::03021,PRUDENTIAL TWR,cbd_bus,CBD-bound,Cbd Bus,41.573,39.573,2.0,improved
G_014_010,BUSSTOP_OUT::03031,RAFFLES PL STN EXIT F,cbd_bus,CBD-bound,Cbd Bus,41.946,40.318,1.628,improved
G_014_010,BUSSTOP_OUT::03041,TELOK AYER STN EXIT A,cbd_bus,CBD-bound,Cbd Bus,41.573,39.573,2.0,improved
G_014_010,BUSSTOP_OUT::03059,ONE RAFFLES QUAY,cbd_bus,CBD-bound,Cbd Bus,37.237,37.237,-0.0,unchanged
G_014_010,BUSSTOP_OUT::03071,OPP SO SOFITEL S'PORE,cbd_bus,CBD-bound,Cbd Bus,40.828,39.2,1.628,improved
G_014_010,BUSSTOP_OUT::03111,AFT CAPITAL TWR,cbd_bus,CBD-bound,Cbd Bus,39.71,38.082,1.628,improved
G_014_010,BUSSTOP_OUT::03129,UIC BLDG,cbd_bus,CBD-bound,Cbd Bus,38.728,38.728,-0.0,unchanged
G_014_010,BUSSTOP_OUT::03151,AFT TELOK AYER ST,cbd_bus,CBD-bound,Cbd Bus,39.71,37.71,2.0,improved
G_014_010,BUSSTOP_OUT::03217,AFT STRAITS BLVD,cbd_bus,CBD-bound,Cbd Bus,39.71,36.219,3.491,improved
G_014_010,BUSSTOP_OUT::03218,OPP MAS BLDG,cbd_bus,CBD-bound,Cbd Bus,39.71,36.219,3.491,improved
G_014_010,BUSSTOP_OUT::03222,HUB SYNERGY PT,cbd_bus,CBD-bound,Cbd Bus,39.099,36.219,2.88,improved
G_014_010,BUSSTOP_OUT::03223,TANJONG PAGAR STN EXIT C,cbd_bus,CBD-bound,Cbd Bus,39.71,36.219,3.491,improved
G_014_010,BUSSTOP_OUT::03239,SHENTON WAY TER,cbd_bus,CBD-bound,Cbd Bus,39.71,36.219,3.491,improved
G_014_010,BUSSTOP_OUT::03241,MAPLETREE ANSON,cbd_bus,CBD-bound,Cbd Bus,39.71,36.219,3.491,improved
G_014_010,BUSSTOP_OUT::03381,THE SAIL,cbd_bus,CBD-bound,Cbd Bus,43.064,41.064,2.0,improved
G_014_010,BUSSTOP_OUT::03391,MARINA BAY FINANCIAL CTR,cbd_bus,CBD-bound,Cbd Bus,43.809,41.809,2.0,improved
G_014_010,BUSSTOP_OUT::03501,MARINA BAY SANDS THEATRE,cbd_bus,CBD-bound,Cbd Bus,47.909,41.419,6.49,improved
G_014_010,BUSSTOP_OUT::03509,BAYFRONT STN EXIT B/MBS,cbd_bus,CBD-bound,Cbd Bus,49.219,41.419,7.8,improved
G_014_010,BUSSTOP_OUT::03511,AFT BAYFRONT STN EXIT E,cbd_bus,CBD-bound,Cbd Bus,46.418,41.419,4.999,improved
G_014_010,BUSSTOP_OUT::03519,BAYFRONT STN EXIT A,cbd_bus,CBD-bound,Cbd Bus,49.219,41.419,7.8,improved
G_014_010,BUSSTOP_OUT::03529,DOWNTOWN STN,cbd_bus,CBD-bound,Cbd Bus,45.019,41.91,3.109,improved
G_014_010,BUSSTOP_OUT::03539,Marina Bay Stn,cbd_bus,CBD-bound,Cbd Bus,46.019,40.419,5.6,improved
G_014_010,BUSSTOP_OUT::05269,MAXWELL RD FC,cbd_bus,CBD-bound,Cbd Bus,43.682,43.682,-0.0,unchanged
G_014_010,BUSSTOP_OUT::05319,OCBC CTR,cbd_bus,CBD-bound,Cbd Bus,35.001,35.001,-0.0,unchanged
G_014_010,BUSSTOP_OUT::05411,TG PAGAR PLAZA,cbd_bus,CBD-bound,Cbd Bus,39.71,36.454,3.256,improved
G_014_010,BUSSTOP_OUT::05419,THE AMARA,cbd_bus,CBD-bound,Cbd Bus,40.828,40.828,-0.0,unchanged
G_014_010,BUSSTOP_OUT::05431,TOWER 15,cbd_bus,CBD-bound,Cbd Bus,41.573,41.573,-0.0,unchanged
G_014_010,BUSSTOP_OUT::05629,OPP STH PT,cbd_bus,CBD-bound,Cbd Bus,37.608,34.964,2.644,improved
G_014_010,BUSSTOP_OUT::05651,OPP FUJI XEROX TWRS,cbd_bus,CBD-bound,Cbd Bus,42.481,35.709,6.772,improved
G_014_010,MRTHUB::Bayfront,Bayfront,cbd_mrt,CBD-bound,Cbd Mrt,38.919,31.119,7.8,improved
G_014_010,MRTHUB::Downtown,Downtown,cbd_mrt,CBD-bound,Cbd Mrt,35.719,34.319,1.4,improved
G_014_010,MRTHUB::Marina_Bay,Marina Bay,cbd_mrt,CBD-bound,Cbd Mrt,37.919,30.119,7.8,improved
G_014_010,MRTHUB::Maxwell,Maxwell,cbd_mrt,CBD-bound,Cbd Mrt,33.719,33.719,-0.0,unchanged
G_014_010,MRTHUB::Raffles_Place,Raffles Place,cbd_mrt,CBD-bound,Cbd Mrt,33.61,33.61,-0.0,unchanged
G_014_010,MRTHUB::Shenton_Way,Shenton Way,cbd_mrt,CBD-bound,Cbd Mrt,34.719,33.319,1.4,improved
G_014_010,MRTHUB::Tanjong_Pagar,Tanjong Pagar,cbd_mrt,CBD-bound,Cbd Mrt,29.41,29.41,-0.0,unchanged
G_014_011,BUSSTOP_OUT::95011,AFT AIRCRAFT FLYOVER,airport_bus,Airport-bound,Airport Bus,81.827,81.427,0.4,improved
G_014_011,BUSSTOP_OUT::95019,AFT CHANGI AIRPORT TER 2,airport_bus,Airport-bound,Airport Bus,71.548,70.148,1.4,improved
G_014_011,BUSSTOP_OUT::95029,CHANGI AIRPORT TER 1,airport_bus,Airport-bound,Airport Bus,70.802,69.402,1.4,improved
G_014_011,BUSSTOP_OUT::95109,CHANGI AIRPORT TER 3,airport_bus,Airport-bound,Airport Bus,67.821,66.421,1.4,improved
G_014_011,BUSSTOP_OUT::95129,CHANGI AIRPORT TER 2,airport_bus,Airport-bound,Airport Bus,67.821,66.421,1.4,improved
G_014_011,BUSSTOP_OUT::95151,AIRPORT POLICE STN,airport_bus,Airport-bound,Airport Bus,79.964,79.564,0.4,improved
G_014_011,BUSSTOP_OUT::95159,NEAR SATS FLIGHT KITCHEN,airport_bus,Airport-bound,Airport Bus,74.529,73.129,1.4,improved
G_014_011,BUSSTOP_OUT::95209,CHANGI AIRPORT TER 4,airport_bus,Airport-bound,Airport Bus,77.511,76.111,1.4,improved
G_014_011,MRTHUB::Changi_Airport,Changi Airport,airport_mrt,Airport-bound,Airport Mrt,57.521,56.121,1.4,improved
G_014_011,BUSSTOP_OUT::03011,FULLERTON SQ,cbd_bus,CBD-bound,Cbd Bus,43.057,37.611,5.446,improved
G_014_011,BUSSTOP_OUT::03019,OUE BAYFRONT,cbd_bus,CBD-bound,Cbd Bus,44.021,41.002,3.019,improved
G_014_011,BUSSTOP_OUT::03021,PRUDENTIAL TWR,cbd_bus,CBD-bound,Cbd Bus,40.821,35.375,5.446,improved
G_014_011,BUSSTOP_OUT::03031,RAFFLES PL STN EXIT F,cbd_bus,CBD-bound,Cbd Bus,40.821,36.12,4.701,improved
G_014_011,BUSSTOP_OUT::03041,TELOK AYER STN EXIT A,cbd_bus,CBD-bound,Cbd Bus,40.821,35.375,5.446,improved
G_014_011,BUSSTOP_OUT::03059,ONE RAFFLES QUAY,cbd_bus,CBD-bound,Cbd Bus,40.009,40.009,-0.0,unchanged
G_014_011,BUSSTOP_OUT::03071,OPP SO SOFITEL S'PORE,cbd_bus,CBD-bound,Cbd Bus,40.383,35.002,5.381,improved
G_014_011,BUSSTOP_OUT::03111,AFT CAPITAL TWR,cbd_bus,CBD-bound,Cbd Bus,39.265,33.884,5.381,improved
G_014_011,BUSSTOP_OUT::03129,UIC BLDG,cbd_bus,CBD-bound,Cbd Bus,39.821,39.421,0.4,improved
G_014_011,BUSSTOP_OUT::03151,AFT TELOK AYER ST,cbd_bus,CBD-bound,Cbd Bus,39.265,33.512,5.753,improved
G_014_011,BUSSTOP_OUT::03217,AFT STRAITS BLVD,cbd_bus,CBD-bound,Cbd Bus,39.821,32.021,7.8,improved
G_014_011,BUSSTOP_OUT::03218,OPP MAS BLDG,cbd_bus,CBD-bound,Cbd Bus,39.821,32.021,7.8,improved
G_014_011,BUSSTOP_OUT::03222,HUB SYNERGY PT,cbd_bus,CBD-bound,Cbd Bus,36.656,32.021,4.635,improved
G_014_011,BUSSTOP_OUT::03223,TANJONG PAGAR STN EXIT C,cbd_bus,CBD-bound,Cbd Bus,37.774,32.021,5.753,improved
G_014_011,BUSSTOP_OUT::03239,SHENTON WAY TER,cbd_bus,CBD-bound,Cbd Bus,39.821,32.021,7.8,improved
G_014_011,BUSSTOP_OUT::03241,MAPLETREE ANSON,cbd_bus,CBD-bound,Cbd Bus,39.821,32.021,7.8,improved
G_014_011,BUSSTOP_OUT::03381,THE SAIL,cbd_bus,CBD-bound,Cbd Bus,41.821,36.866,4.955,improved
G_014_011,BUSSTOP_OUT::03391,MARINA BAY FINANCIAL CTR,cbd_bus,CBD-bound,Cbd Bus,41.821,37.611,4.21,improved
G_014_011,BUSSTOP_OUT::03501,MARINA BAY SANDS THEATRE,cbd_bus,CBD-bound,Cbd Bus,45.021,37.221,7.8,improved
G_014_011,BUSSTOP_OUT::03509,BAYFRONT STN EXIT B/MBS,cbd_bus,CBD-bound,Cbd Bus,45.021,37.221,7.8,improved
G_014_011,BUSSTOP_OUT::03511,AFT BAYFRONT STN EXIT E,cbd_bus,CBD-bound,Cbd Bus,44.43,37.221,7.209,improved
G_014_011,BUSSTOP_OUT::03519,BAYFRONT STN EXIT A,cbd_bus,CBD-bound,Cbd Bus,45.021,37.221,7.8,improved
G_014_011,BUSSTOP_OUT::03529,DOWNTOWN STN,cbd_bus,CBD-bound,Cbd Bus,40.821,37.712,3.109,improved
G_014_011,BUSSTOP_OUT::03539,Marina Bay Stn,cbd_bus,CBD-bound,Cbd Bus,41.821,36.221,5.6,improved
G_014_011,BUSSTOP_OUT::05269,MAXWELL RD FC,cbd_bus,CBD-bound,Cbd Bus,39.484,39.484,-0.0,unchanged
G_014_011,BUSSTOP_OUT::05319,OCBC CTR,cbd_bus,CBD-bound,Cbd Bus,37.773,37.773,-0.0,unchanged
G_014_011,BUSSTOP_OUT::05411,TG PAGAR PLAZA,cbd_bus,CBD-bound,Cbd Bus,39.028,32.256,6.772,improved
G_014_011,BUSSTOP_OUT::05419,THE AMARA,cbd_bus,CBD-bound,Cbd Bus,40.939,40.939,-0.0,unchanged
G_014_011,BUSSTOP_OUT::05431,TOWER 15,cbd_bus,CBD-bound,Cbd Bus,41.684,41.684,-0.0,unchanged
G_014_011,BUSSTOP_OUT::05629,OPP STH PT,cbd_bus,CBD-bound,Cbd Bus,35.165,30.766,4.399,improved
G_014_011,BUSSTOP_OUT::05651,OPP FUJI XEROX TWRS,cbd_bus,CBD-bound,Cbd Bus,38.283,31.511,6.772,improved
G_014_011,MRTHUB::Bayfront,Bayfront,cbd_mrt,CBD-bound,Cbd Mrt,34.721,26.921,7.8,improved
G_014_011,MRTHUB::Downtown,Downtown,cbd_mrt,CBD-bound,Cbd Mrt,31.521,30.121,1.4,improved
G_014_011,MRTHUB::Marina_Bay,Marina Bay,cbd_mrt,CBD-bound,Cbd Mrt,33.721,25.921,7.8,improved
G_014_011,MRTHUB::Maxwell,Maxwell,cbd_mrt,CBD-bound,Cbd Mrt,29.521,29.521,-0.0,unchanged
G_014_011,MRTHUB::Raffles_Place,Raffles Place,cbd_mrt,CBD-bound,Cbd Mrt,33.721,31.321,2.4,improved
G_014_011,MRTHUB::Shenton_Way,Shenton Way,cbd_mrt,CBD-bound,Cbd Mrt,30.521,29.121,1.4,improved
G_014_011,MRTHUB::Tanjong_Pagar,Tanjong Pagar,cbd_mrt,CBD-bound,Cbd Mrt,29.521,29.521,-0.0,unchanged
G_014_012,BUSSTOP_OUT::95011,AFT AIRCRAFT FLYOVER,airport_bus,Airport-bound,Airport Bus,77.874,77.474,0.4,improved
G_014_012,BUSSTOP_OUT::95019,AFT CHANGI AIRPORT TER 2,airport_bus,Airport-bound,Airport Bus,67.595,66.195,1.4,improved
G_014_012,BUSSTOP_OUT::95029,CHANGI AIRPORT TER 1,airport_bus,Airport-bound,Airport Bus,66.849,65.449,1.4,improved
G_014_012,BUSSTOP_OUT::95109,CHANGI AIRPORT TER 3,airport_bus,Airport-bound,Airport Bus,63.868,62.468,1.4,improved
G_014_012,BUSSTOP_OUT::95129,CHANGI AIRPORT TER 2,airport_bus,Airport-bound,Airport Bus,63.868,62.468,1.4,improved
G_014_012,BUSSTOP_OUT::95151,AIRPORT POLICE STN,airport_bus,Airport-bound,Airport Bus,76.011,75.611,0.4,improved
G_014_012,BUSSTOP_OUT::95159,NEAR SATS FLIGHT KITCHEN,airport_bus,Airport-bound,Airport Bus,70.576,69.176,1.4,improved
G_014_012,BUSSTOP_OUT::95209,CHANGI AIRPORT TER 4,airport_bus,Airport-bound,Airport Bus,73.558,72.158,1.4,improved
G_014_012,MRTHUB::Changi_Airport,Changi Airport,airport_mrt,Airport-bound,Airport Mrt,53.568,52.168,1.4,improved
G_014_012,BUSSTOP_OUT::03011,FULLERTON SQ,cbd_bus,CBD-bound,Cbd Bus,33.247,33.247,-0.0,unchanged
G_014_012,BUSSTOP_OUT::03019,OUE BAYFRONT,cbd_bus,CBD-bound,Cbd Bus,40.068,37.049,3.019,improved
G_014_012,BUSSTOP_OUT::03021,PRUDENTIAL TWR,cbd_bus,CBD-bound,Cbd Bus,36.868,31.422,5.446,improved
G_014_012,BUSSTOP_OUT::03031,RAFFLES PL STN EXIT F,cbd_bus,CBD-bound,Cbd Bus,31.011,31.011,-0.0,unchanged
G_014_012,BUSSTOP_OUT::03041,TELOK AYER STN EXIT A,cbd_bus,CBD-bound,Cbd Bus,36.868,31.422,5.446,improved
G_014_012,BUSSTOP_OUT::03059,ONE RAFFLES QUAY,cbd_bus,CBD-bound,Cbd Bus,36.195,36.195,-0.0,unchanged
G_014_012,BUSSTOP_OUT::03071,OPP SO SOFITEL S'PORE,cbd_bus,CBD-bound,Cbd Bus,29.893,29.893,-0.0,unchanged
G_014_012,BUSSTOP_OUT::03111,AFT CAPITAL TWR,cbd_bus,CBD-bound,Cbd Bus,28.775,28.775,-0.0,unchanged
G_014_012,BUSSTOP_OUT::03129,UIC BLDG,cbd_bus,CBD-bound,Cbd Bus,35.868,35.468,0.4,improved
G_014_012,BUSSTOP_OUT::03151,AFT TELOK AYER ST,cbd_bus,CBD-bound,Cbd Bus,35.868,29.559,6.309,improved
G_014_012,BUSSTOP_OUT::03217,AFT STRAITS BLVD,cbd_bus,CBD-bound,Cbd Bus,35.868,28.068,7.8,improved
G_014_012,BUSSTOP_OUT::03218,OPP MAS BLDG,cbd_bus,CBD-bound,Cbd Bus,35.868,28.068,7.8,improved
G_014_012,BUSSTOP_OUT::03222,HUB SYNERGY PT,cbd_bus,CBD-bound,Cbd Bus,26.166,26.166,-0.0,unchanged
G_014_012,BUSSTOP_OUT::03223,TANJONG PAGAR STN EXIT C,cbd_bus,CBD-bound,Cbd Bus,34.384,28.068,6.316,improved
G_014_012,BUSSTOP_OUT::03239,SHENTON WAY TER,cbd_bus,CBD-bound,Cbd Bus,35.868,28.068,7.8,improved
G_014_012,BUSSTOP_OUT::03241,MAPLETREE ANSON,cbd_bus,CBD-bound,Cbd Bus,35.868,28.068,7.8,improved
G_014_012,BUSSTOP_OUT::03381,THE SAIL,cbd_bus,CBD-bound,Cbd Bus,37.868,32.913,4.955,improved
G_014_012,BUSSTOP_OUT::03391,MARINA BAY FINANCIAL CTR,cbd_bus,CBD-bound,Cbd Bus,37.868,33.658,4.21,improved
G_014_012,BUSSTOP_OUT::03501,MARINA BAY SANDS THEATRE,cbd_bus,CBD-bound,Cbd Bus,41.068,33.268,7.8,improved
G_014_012,BUSSTOP_OUT::03509,BAYFRONT STN EXIT B/MBS,cbd_bus,CBD-bound,Cbd Bus,41.068,33.268,7.8,improved
G_014_012,BUSSTOP_OUT::03511,AFT BAYFRONT STN EXIT E,cbd_bus,CBD-bound,Cbd Bus,40.477,33.268,7.209,improved
G_014_012,BUSSTOP_OUT::03519,BAYFRONT STN EXIT A,cbd_bus,CBD-bound,Cbd Bus,41.068,33.268,7.8,improved
G_014_012,BUSSTOP_OUT::03529,DOWNTOWN STN,cbd_bus,CBD-bound,Cbd Bus,36.868,33.759,3.109,improved
G_014_012,BUSSTOP_OUT::03539,Marina Bay Stn,cbd_bus,CBD-bound,Cbd Bus,37.868,32.268,5.6,improved
G_014_012,BUSSTOP_OUT::05269,MAXWELL RD FC,cbd_bus,CBD-bound,Cbd Bus,35.531,35.531,-0.0,unchanged
G_014_012,BUSSTOP_OUT::05319,OCBC CTR,cbd_bus,CBD-bound,Cbd Bus,33.959,33.959,-0.0,unchanged
G_014_012,BUSSTOP_OUT::05411,TG PAGAR PLAZA,cbd_bus,CBD-bound,Cbd Bus,33.265,28.303,4.962,improved
G_014_012,BUSSTOP_OUT::05419,THE AMARA,cbd_bus,CBD-bound,Cbd Bus,36.986,36.986,-0.0,unchanged
G_014_012,BUSSTOP_OUT::05431,TOWER 15,cbd_bus,CBD-bound,Cbd Bus,37.731,37.731,-0.0,unchanged
G_014_012,BUSSTOP_OUT::05629,OPP STH PT,cbd_bus,CBD-bound,Cbd Bus,32.147,26.813,5.334,improved
G_014_012,BUSSTOP_OUT::05651,OPP FUJI XEROX TWRS,cbd_bus,CBD-bound,Cbd Bus,32.52,27.558,4.962,improved
G_014_012,MRTHUB::Bayfront,Bayfront,cbd_mrt,CBD-bound,Cbd Mrt,30.768,22.968,7.8,improved
G_014_012,MRTHUB::Downtown,Downtown,cbd_mrt,CBD-bound,Cbd Mrt,27.568,26.168,1.4,improved
G_014_012,MRTHUB::Marina_Bay,Marina Bay,cbd_mrt,CBD-bound,Cbd Mrt,29.768,21.968,7.8,improved
G_014_012,MRTHUB::Maxwell,Maxwell,cbd_mrt,CBD-bound,Cbd Mrt,25.568,25.568,-0.0,unchanged
G_014_012,MRTHUB::Raffles_Place,Raffles Place,cbd_mrt,CBD-bound,Cbd Mrt,29.768,27.368,2.4,improved
G_014_012,MRTHUB::Shenton_Way,Shenton Way,cbd_mrt,CBD-bound,Cbd Mrt,26.568,25.168,1.4,improved
G_014_012,MRTHUB::Tanjong_Pagar,Tanjong Pagar,cbd_mrt,CBD-bound,Cbd Mrt,25.568,25.568,-0.0,unchanged
G_014_013,BUSSTOP_OUT::95011,AFT AIRCRAFT FLYOVER,airport_bus,Airport-bound,Airport Bus,75.084,74.684,0.4,improved
G_014_013,BUSSTOP_OUT::95019,AFT CHANGI AIRPORT TER 2,airport_bus,Airport-bound,Airport Bus,64.805,63.405,1.4,improved
G_014_013,BUSSTOP_OUT::95029,CHANGI AIRPORT TER 1,airport_bus,Airport-bound,Airport Bus,64.059,62.659,1.4,improved
G_014_013,BUSSTOP_OUT::95109,CHANGI AIRPORT TER 3,airport_bus,Airport-bound,Airport Bus,61.078,59.678,1.4,improved
G_014_013,BUSSTOP_OUT::95129,CHANGI AIRPORT TER 2,airport_bus,Airport-bound,Airport Bus,61.078,59.678,1.4,improved
G_014_013,BUSSTOP_OUT::95151,AIRPORT POLICE STN,airport_bus,Airport-bound,Airport Bus,73.221,72.821,0.4,improved
G_014_013,BUSSTOP_OUT::95159,NEAR SATS FLIGHT KITCHEN,airport_bus,Airport-bound,Airport Bus,67.786,66.386,1.4,improved
G_014_013,BUSSTOP_OUT::95209,CHANGI AIRPORT TER 4,airport_bus,Airport-bound,Airport Bus,70.768,69.368,1.4,improved
G_014_013,MRTHUB::Changi_Airport,Changi Airport,airport_mrt,Airport-bound,Airport Mrt,50.778,49.378,1.4,improved
G_014_013,BUSSTOP_OUT::03011,FULLERTON SQ,cbd_bus,CBD-bound,Cbd Bus,29.968,29.968,-0.0,unchanged
G_014_013,BUSSTOP_OUT::03019,OUE BAYFRONT,cbd_bus,CBD-bound,Cbd Bus,37.278,34.259,3.019,improved
G_014_013,BUSSTOP_OUT::03021,PRUDENTIAL TWR,cbd_bus,CBD-bound,Cbd Bus,30.019,28.632,1.387,improved
G_014_013,BUSSTOP_OUT::03031,RAFFLES PL STN EXIT F,cbd_bus,CBD-bound,Cbd Bus,27.732,27.732,-0.0,unchanged
G_014_013,BUSSTOP_OUT::03041,TELOK AYER STN EXIT A,cbd_bus,CBD-bound,Cbd Bus,34.078,28.632,5.446,improved
G_014_013,BUSSTOP_OUT::03059,ONE RAFFLES QUAY,cbd_bus,CBD-bound,Cbd Bus,33.405,33.405,-0.0,unchanged
G_014_013,BUSSTOP_OUT::03071,OPP SO SOFITEL S'PORE,cbd_bus,CBD-bound,Cbd Bus,26.614,26.614,-0.0,unchanged
G_014_013,BUSSTOP_OUT::03111,AFT CAPITAL TWR,cbd_bus,CBD-bound,Cbd Bus,25.496,25.496,-0.0,unchanged
G_014_013,BUSSTOP_OUT::03129,UIC BLDG,cbd_bus,CBD-bound,Cbd Bus,33.078,32.678,0.4,improved
G_014_013,BUSSTOP_OUT::03151,AFT TELOK AYER ST,cbd_bus,CBD-bound,Cbd Bus,28.156,26.769,1.387,improved
G_014_013,BUSSTOP_OUT::03217,AFT STRAITS BLVD,cbd_bus,CBD-bound,Cbd Bus,33.078,25.278,7.8,improved
G_014_013,BUSSTOP_OUT::03218,OPP MAS BLDG,cbd_bus,CBD-bound,Cbd Bus,32.968,25.278,7.69,improved
G_014_013,BUSSTOP_OUT::03222,HUB SYNERGY PT,cbd_bus,CBD-bound,Cbd Bus,22.887,22.887,-0.0,unchanged
G_014_013,BUSSTOP_OUT::03223,TANJONG PAGAR STN EXIT C,cbd_bus,CBD-bound,Cbd Bus,26.665,25.278,1.387,improved
G_014_013,BUSSTOP_OUT::03239,SHENTON WAY TER,cbd_bus,CBD-bound,Cbd Bus,33.078,25.278,7.8,improved
G_014_013,BUSSTOP_OUT::03241,MAPLETREE ANSON,cbd_bus,CBD-bound,Cbd Bus,33.078,25.278,7.8,improved
G_014_013,BUSSTOP_OUT::03381,THE SAIL,cbd_bus,CBD-bound,Cbd Bus,31.509,30.123,1.386,improved
G_014_013,BUSSTOP_OUT::03391,MARINA BAY FINANCIAL CTR,cbd_bus,CBD-bound,Cbd Bus,32.254,30.868,1.386,improved
G_014_013,BUSSTOP_OUT::03501,MARINA BAY SANDS THEATRE,cbd_bus,CBD-bound,Cbd Bus,36.354,30.478,5.876,improved
G_014_013,BUSSTOP_OUT::03509,BAYFRONT STN EXIT B/MBS,cbd_bus,CBD-bound,Cbd Bus,38.278,30.478,7.8,improved
G_014_013,BUSSTOP_OUT::03511,AFT BAYFRONT STN EXIT E,cbd_bus,CBD-bound,Cbd Bus,34.863,30.478,4.385,improved
G_014_013,BUSSTOP_OUT::03519,BAYFRONT STN EXIT A,cbd_bus,CBD-bound,Cbd Bus,38.278,30.478,7.8,improved
G_014_013,BUSSTOP_OUT::03529,DOWNTOWN STN,cbd_bus,CBD-bound,Cbd Bus,34.078,30.969,3.109,improved
G_014_013,BUSSTOP_OUT::03539,Marina Bay Stn,cbd_bus,CBD-bound,Cbd Bus,35.078,29.478,5.6,improved
G_014_013,BUSSTOP_OUT::05269,MAXWELL RD FC,cbd_bus,CBD-bound,Cbd Bus,32.741,32.741,-0.0,unchanged
G_014_013,BUSSTOP_OUT::05319,OCBC CTR,cbd_bus,CBD-bound,Cbd Bus,31.169,31.169,-0.0,unchanged
G_014_013,BUSSTOP_OUT::05411,TG PAGAR PLAZA,cbd_bus,CBD-bound,Cbd Bus,29.986,25.513,4.473,improved
G_014_013,BUSSTOP_OUT::05419,THE AMARA,cbd_bus,CBD-bound,Cbd Bus,34.196,34.196,-0.0,unchanged
G_014_013,BUSSTOP_OUT::05431,TOWER 15,cbd_bus,CBD-bound,Cbd Bus,34.941,34.941,-0.0,unchanged
G_014_013,BUSSTOP_OUT::05629,OPP STH PT,cbd_bus,CBD-bound,Cbd Bus,28.868,24.023,4.845,improved
G_014_013,BUSSTOP_OUT::05651,OPP FUJI XEROX TWRS,cbd_bus,CBD-bound,Cbd Bus,29.241,24.768,4.473,improved
G_014_013,MRTHUB::Bayfront,Bayfront,cbd_mrt,CBD-bound,Cbd Mrt,27.978,20.178,7.8,improved
G_014_013,MRTHUB::Downtown,Downtown,cbd_mrt,CBD-bound,Cbd Mrt,24.778,23.378,1.4,improved
G_014_013,MRTHUB::Marina_Bay,Marina Bay,cbd_mrt,CBD-bound,Cbd Mrt,26.978,19.178,7.8,improved
G_014_013,MRTHUB::Maxwell,Maxwell,cbd_mrt,CBD-bound,Cbd Mrt,22.778,22.778,-0.0,unchanged
G_014_013,MRTHUB::Raffles_Place,Raffles Place,cbd_mrt,CBD-bound,Cbd Mrt,26.978,24.578,2.4,improved
G_014_013,MRTHUB::Shenton_Way,Shenton Way,cbd_mrt,CBD-bound,Cbd Mrt,23.778,22.378,1.4,improved
G_014_013,MRTHUB::Tanjong_Pagar,Tanjong Pagar,cbd_mrt,CBD-bound,Cbd Mrt,22.778,22.778,-0.0,unchanged
G_015_008,BUSSTOP_OUT::95011,AFT AIRCRAFT FLYOVER,airport_bus,Airport-bound,Airport Bus,78.953,78.953,-0.0,unchanged
G_015_008,BUSSTOP_OUT::95019,AFT CHANGI AIRPORT TER 2,airport_bus,Airport-bound,Airport Bus,67.51,67.51,-0.0,unchanged
G_015_008,BUSSTOP_OUT::95029,CHANGI AIRPORT TER 1,airport_bus,Airport-bound,Airport Bus,66.764,66.764,-0.0,unchanged
G_015_008,BUSSTOP_OUT::95109,CHANGI AIRPORT TER 3,airport_bus,Airport-bound,Airport Bus,63.783,63.783,-0.0,unchanged
G_015_008,BUSSTOP_OUT::95129,CHANGI AIRPORT TER 2,airport_bus,Airport-bound,Airport Bus,63.783,63.783,-0.0,unchanged
G_015_008,BUSSTOP_OUT::95151,AIRPORT POLICE STN,airport_bus,Airport-bound,Airport Bus,77.09,77.09,-0.0,unchanged
G_015_008,BUSSTOP_OUT::95159,NEAR SATS FLIGHT KITCHEN,airport_bus,Airport-bound,Airport Bus,70.491,70.491,-0.0,unchanged
G_015_008,BUSSTOP_OUT::95209,CHANGI AIRPORT TER 4,airport_bus,Airport-bound,Airport Bus,73.473,73.473,-0.0,unchanged
G_015_008,MRTHUB::Changi_Airport,Changi Airport,airport_mrt,Airport-bound,Airport Mrt,53.483,53.483,-0.0,unchanged
G_015_008,BUSSTOP_OUT::03011,FULLERTON SQ,cbd_bus,CBD-bound,Cbd Bus,39.134,39.134,-0.0,unchanged
G_015_008,BUSSTOP_OUT::03019,OUE BAYFRONT,cbd_bus,CBD-bound,Cbd Bus,39.983,39.983,-0.0,unchanged
G_015_008,BUSSTOP_OUT::03021,PRUDENTIAL TWR,cbd_bus,CBD-bound,Cbd Bus,36.898,36.898,-0.0,unchanged
G_015_008,BUSSTOP_OUT::03031,RAFFLES PL STN EXIT F,cbd_bus,CBD-bound,Cbd Bus,37.271,37.271,-0.0,unchanged
G_015_008,BUSSTOP_OUT::03041,TELOK AYER STN EXIT A,cbd_bus,CBD-bound,Cbd Bus,37.646,37.646,-0.0,unchanged
G_015_008,BUSSTOP_OUT::03059,ONE RAFFLES QUAY,cbd_bus,CBD-bound,Cbd Bus,34.663,34.663,-0.0,unchanged
G_015_008,BUSSTOP_OUT::03071,OPP SO SOFITEL S'PORE,cbd_bus,CBD-bound,Cbd Bus,36.153,36.153,-0.0,unchanged
G_015_008,BUSSTOP_OUT::03111,AFT CAPITAL TWR,cbd_bus,CBD-bound,Cbd Bus,35.035,35.035,-0.0,unchanged
G_015_008,BUSSTOP_OUT::03129,UIC BLDG,cbd_bus,CBD-bound,Cbd Bus,35.783,35.783,-0.0,unchanged
G_015_008,BUSSTOP_OUT::03151,AFT TELOK AYER ST,cbd_bus,CBD-bound,Cbd Bus,35.035,35.035,-0.0,unchanged
G_015_008,BUSSTOP_OUT::03217,AFT STRAITS BLVD,cbd_bus,CBD-bound,Cbd Bus,35.783,35.783,-0.0,unchanged
G_015_008,BUSSTOP_OUT::03218,OPP MAS BLDG,cbd_bus,CBD-bound,Cbd Bus,35.783,35.783,-0.0,unchanged
G_015_008,BUSSTOP_OUT::03222,HUB SYNERGY PT,cbd_bus,CBD-bound,Cbd Bus,32.426,32.426,-0.0,unchanged
G_015_008,BUSSTOP_OUT::03223,TANJONG PAGAR STN EXIT C,cbd_bus,CBD-bound,Cbd Bus,33.544,33.544,-0.0,unchanged
G_015_008,BUSSTOP_OUT::03239,SHENTON WAY TER,cbd_bus,CBD-bound,Cbd Bus,35.783,35.783,-0.0,unchanged
G_015_008,BUSSTOP_OUT::03241,MAPLETREE ANSON,cbd_bus,CBD-bound,Cbd Bus,35.783,35.783,-0.0,unchanged
G_015_008,BUSSTOP_OUT::03381,THE SAIL,cbd_bus,CBD-bound,Cbd Bus,39.137,39.137,-0.0,unchanged
G_015_008,BUSSTOP_OUT::03391,MARINA BAY FINANCIAL CTR,cbd_bus,CBD-bound,Cbd Bus,39.882,39.882,-0.0,unchanged
G_015_008,BUSSTOP_OUT::03501,MARINA BAY SANDS THEATRE,cbd_bus,CBD-bound,Cbd Bus,43.982,43.982,-0.0,unchanged
G_015_008,BUSSTOP_OUT::03509,BAYFRONT STN EXIT B/MBS,cbd_bus,CBD-bound,Cbd Bus,49.383,49.383,-0.0,unchanged
G_015_008,BUSSTOP_OUT::03511,AFT BAYFRONT STN EXIT E,cbd_bus,CBD-bound,Cbd Bus,42.491,42.491,-0.0,unchanged
G_015_008,BUSSTOP_OUT::03519,BAYFRONT STN EXIT A,cbd_bus,CBD-bound,Cbd Bus,49.383,49.383,-0.0,unchanged
G_015_008,BUSSTOP_OUT::03529,DOWNTOWN STN,cbd_bus,CBD-bound,Cbd Bus,41.183,41.183,-0.0,unchanged
G_015_008,BUSSTOP_OUT::03539,Marina Bay Stn,cbd_bus,CBD-bound,Cbd Bus,44.383,44.383,-0.0,unchanged
G_015_008,BUSSTOP_OUT::05269,MAXWELL RD FC,cbd_bus,CBD-bound,Cbd Bus,40.183,40.183,-0.0,unchanged
G_015_008,BUSSTOP_OUT::05319,OCBC CTR,cbd_bus,CBD-bound,Cbd Bus,32.427,32.427,-0.0,unchanged
G_015_008,BUSSTOP_OUT::05411,TG PAGAR PLAZA,cbd_bus,CBD-bound,Cbd Bus,35.783,35.783,-0.0,unchanged
G_015_008,BUSSTOP_OUT::05419,THE AMARA,cbd_bus,CBD-bound,Cbd Bus,36.901,36.901,-0.0,unchanged
G_015_008,BUSSTOP_OUT::05431,TOWER 15,cbd_bus,CBD-bound,Cbd Bus,37.646,37.646,-0.0,unchanged
G_015_008,BUSSTOP_OUT::05629,OPP STH PT,cbd_bus,CBD-bound,Cbd Bus,30.935,30.935,-0.0,unchanged
G_015_008,BUSSTOP_OUT::05651,OPP FUJI XEROX TWRS,cbd_bus,CBD-bound,Cbd Bus,38.78,38.78,-0.0,unchanged
G_015_008,MRTHUB::Bayfront,Bayfront,cbd_mrt,CBD-bound,Cbd Mrt,39.083,39.083,-0.0,unchanged
G_015_008,MRTHUB::Downtown,Downtown,cbd_mrt,CBD-bound,Cbd Mrt,36.283,36.283,-0.0,unchanged
G_015_008,MRTHUB::Marina_Bay,Marina Bay,cbd_mrt,CBD-bound,Cbd Mrt,34.083,34.083,-0.0,unchanged
G_015_008,MRTHUB::Maxwell,Maxwell,cbd_mrt,CBD-bound,Cbd Mrt,29.883,29.883,-0.0,unchanged
G_015_008,MRTHUB::Raffles_Place,Raffles Place,cbd_mrt,CBD-bound,Cbd Mrt,29.683,29.683,-0.0,unchanged
G_015_008,MRTHUB::Shenton_Way,Shenton Way,cbd_mrt,CBD-bound,Cbd Mrt,30.883,30.883,-0.0,unchanged
G_015_008,MRTHUB::Tanjong_Pagar,Tanjong Pagar,cbd_mrt,CBD-bound,Cbd Mrt,25.483,25.483,-0.0,unchanged
G_015_009,BUSSTOP_OUT::95011,AFT AIRCRAFT FLYOVER,airport_bus,Airport-bound,Airport Bus,81.903,81.903,-0.0,unchanged
G_015_009,BUSSTOP_OUT::95019,AFT CHANGI AIRPORT TER 2,airport_bus,Airport-bound,Airport Bus,70.46,70.46,-0.0,unchanged
G_015_009,BUSSTOP_OUT::95029,CHANGI AIRPORT TER 1,airport_bus,Airport-bound,Airport Bus,69.714,69.714,-0.0,unchanged
G_015_009,BUSSTOP_OUT::95109,CHANGI AIRPORT TER 3,airport_bus,Airport-bound,Airport Bus,66.733,66.733,-0.0,unchanged
G_015_009,BUSSTOP_OUT::95129,CHANGI AIRPORT TER 2,airport_bus,Airport-bound,Airport Bus,66.733,66.733,-0.0,unchanged
G_015_009,BUSSTOP_OUT::95151,AIRPORT POLICE STN,airport_bus,Airport-bound,Airport Bus,80.04,80.04,-0.0,unchanged
G_015_009,BUSSTOP_OUT::95159,NEAR SATS FLIGHT KITCHEN,airport_bus,Airport-bound,Airport Bus,73.441,73.441,-0.0,unchanged
G_015_009,BUSSTOP_OUT::95209,CHANGI AIRPORT TER 4,airport_bus,Airport-bound,Airport Bus,76.423,76.423,-0.0,unchanged
G_015_009,MRTHUB::Changi_Airport,Changi Airport,airport_mrt,Airport-bound,Airport Mrt,56.433,56.433,-0.0,unchanged
G_015_009,BUSSTOP_OUT::03011,FULLERTON SQ,cbd_bus,CBD-bound,Cbd Bus,34.372,34.372,-0.0,unchanged
G_015_009,BUSSTOP_OUT::03019,OUE BAYFRONT,cbd_bus,CBD-bound,Cbd Bus,42.933,42.933,-0.0,unchanged
G_015_009,BUSSTOP_OUT::03021,PRUDENTIAL TWR,cbd_bus,CBD-bound,Cbd Bus,32.136,32.136,-0.0,unchanged
G_015_009,BUSSTOP_OUT::03031,RAFFLES PL STN EXIT F,cbd_bus,CBD-bound,Cbd Bus,32.509,32.509,-0.0,unchanged
G_015_009,BUSSTOP_OUT::03041,TELOK AYER STN EXIT A,cbd_bus,CBD-bound,Cbd Bus,39.236,39.236,-0.0,unchanged
G_015_009,BUSSTOP_OUT::03059,ONE RAFFLES QUAY,cbd_bus,CBD-bound,Cbd Bus,36.26,36.26,-0.0,unchanged
G_015_009,BUSSTOP_OUT::03071,OPP SO SOFITEL S'PORE,cbd_bus,CBD-bound,Cbd Bus,31.391,31.391,-0.0,unchanged
G_015_009,BUSSTOP_OUT::03111,AFT CAPITAL TWR,cbd_bus,CBD-bound,Cbd Bus,30.273,30.273,-0.0,unchanged
G_015_009,BUSSTOP_OUT::03129,UIC BLDG,cbd_bus,CBD-bound,Cbd Bus,37.751,37.751,-0.0,unchanged
G_015_009,BUSSTOP_OUT::03151,AFT TELOK AYER ST,cbd_bus,CBD-bound,Cbd Bus,30.273,30.273,-0.0,unchanged
G_015_009,BUSSTOP_OUT::03217,AFT STRAITS BLVD,cbd_bus,CBD-bound,Cbd Bus,38.733,36.021,2.712,improved
G_015_009,BUSSTOP_OUT::03218,OPP MAS BLDG,cbd_bus,CBD-bound,Cbd Bus,37.745,36.021,1.724,improved
G_015_009,BUSSTOP_OUT::03222,HUB SYNERGY PT,cbd_bus,CBD-bound,Cbd Bus,27.664,27.664,-0.0,unchanged
G_015_009,BUSSTOP_OUT::03223,TANJONG PAGAR STN EXIT C,cbd_bus,CBD-bound,Cbd Bus,28.782,28.782,-0.0,unchanged
G_015_009,BUSSTOP_OUT::03239,SHENTON WAY TER,cbd_bus,CBD-bound,Cbd Bus,38.49,36.021,2.469,improved
G_015_009,BUSSTOP_OUT::03241,MAPLETREE ANSON,cbd_bus,CBD-bound,Cbd Bus,38.733,36.021,2.712,improved
G_015_009,BUSSTOP_OUT::03381,THE SAIL,cbd_bus,CBD-bound,Cbd Bus,33.627,33.627,-0.0,unchanged
G_015_009,BUSSTOP_OUT::03391,MARINA BAY FINANCIAL CTR,cbd_bus,CBD-bound,Cbd Bus,34.372,34.372,-0.0,unchanged
G_015_009,BUSSTOP_OUT::03501,MARINA BAY SANDS THEATRE,cbd_bus,CBD-bound,Cbd Bus,38.472,38.472,-0.0,unchanged
G_015_009,BUSSTOP_OUT::03509,BAYFRONT STN EXIT B/MBS,cbd_bus,CBD-bound,Cbd Bus,49.021,41.221,7.8,improved
G_015_009,BUSSTOP_OUT::03511,AFT BAYFRONT STN EXIT E,cbd_bus,CBD-bound,Cbd Bus,36.981,36.981,-0.0,unchanged
G_015_009,BUSSTOP_OUT::03519,BAYFRONT STN EXIT A,cbd_bus,CBD-bound,Cbd Bus,49.021,41.221,7.8,improved
G_015_009,BUSSTOP_OUT::03529,DOWNTOWN STN,cbd_bus,CBD-bound,Cbd Bus,44.133,41.712,2.421,improved
G_015_009,BUSSTOP_OUT::03539,Marina Bay Stn,cbd_bus,CBD-bound,Cbd Bus,45.821,40.221,5.6,improved
G_015_009,BUSSTOP_OUT::05269,MAXWELL RD FC,cbd_bus,CBD-bound,Cbd Bus,43.133,43.133,-0.0,unchanged
G_015_009,BUSSTOP_OUT::05319,OCBC CTR,cbd_bus,CBD-bound,Cbd Bus,34.024,34.024,-0.0,unchanged
G_015_009,BUSSTOP_OUT::05411,TG PAGAR PLAZA,cbd_bus,CBD-bound,Cbd Bus,34.763,34.763,-0.0,unchanged
G_015_009,BUSSTOP_OUT::05419,THE AMARA,cbd_bus,CBD-bound,Cbd Bus,39.851,39.851,-0.0,unchanged
G_015_009,BUSSTOP_OUT::05431,TOWER 15,cbd_bus,CBD-bound,Cbd Bus,40.596,40.596,-0.0,unchanged
G_015_009,BUSSTOP_OUT::05629,OPP STH PT,cbd_bus,CBD-bound,Cbd Bus,30.867,30.867,-0.0,unchanged
G_015_009,BUSSTOP_OUT::05651,OPP FUJI XEROX TWRS,cbd_bus,CBD-bound,Cbd Bus,34.018,34.018,-0.0,unchanged
G_015_009,MRTHUB::Bayfront,Bayfront,cbd_mrt,CBD-bound,Cbd Mrt,38.721,30.921,7.8,improved
G_015_009,MRTHUB::Downtown,Downtown,cbd_mrt,CBD-bound,Cbd Mrt,35.521,34.121,1.4,improved
G_015_009,MRTHUB::Marina_Bay,Marina Bay,cbd_mrt,CBD-bound,Cbd Mrt,37.033,29.921,7.112,improved
G_015_009,MRTHUB::Maxwell,Maxwell,cbd_mrt,CBD-bound,Cbd Mrt,32.833,32.833,-0.0,unchanged
G_015_009,MRTHUB::Raffles_Place,Raffles Place,cbd_mrt,CBD-bound,Cbd Mrt,32.633,32.633,-0.0,unchanged
G_015_009,MRTHUB::Shenton_Way,Shenton Way,cbd_mrt,CBD-bound,Cbd Mrt,33.833,33.121,0.712,improved
G_015_009,MRTHUB::Tanjong_Pagar,Tanjong Pagar,cbd_mrt,CBD-bound,Cbd Mrt,28.433,28.433,-0.0,unchanged
G_015_010,BUSSTOP_OUT::95011,AFT AIRCRAFT FLYOVER,airport_bus,Airport-bound,Airport Bus,79.466,79.466,-0.0,unchanged
G_015_010,BUSSTOP_OUT::95019,AFT CHANGI AIRPORT TER 2,airport_bus,Airport-bound,Airport Bus,68.023,68.023,-0.0,unchanged
G_015_010,BUSSTOP_OUT::95029,CHANGI AIRPORT TER 1,airport_bus,Airport-bound,Airport Bus,67.277,67.277,-0.0,unchanged
G_015_010,BUSSTOP_OUT::95109,CHANGI AIRPORT TER 3,airport_bus,Airport-bound,Airport Bus,64.296,64.296,-0.0,unchanged
G_015_010,BUSSTOP_OUT::95129,CHANGI AIRPORT TER 2,airport_bus,Airport-bound,Airport Bus,64.296,64.296,-0.0,unchanged
G_015_010,BUSSTOP_OUT::95151,AIRPORT POLICE STN,airport_bus,Airport-bound,Airport Bus,77.603,77.603,-0.0,unchanged
G_015_010,BUSSTOP_OUT::95159,NEAR SATS FLIGHT KITCHEN,airport_bus,Airport-bound,Airport Bus,71.004,71.004,-0.0,unchanged
G_015_010,BUSSTOP_OUT::95209,CHANGI AIRPORT TER 4,airport_bus,Airport-bound,Airport Bus,73.986,73.986,-0.0,unchanged
G_015_010,MRTHUB::Changi_Airport,Changi Airport,airport_mrt,Airport-bound,Airport Mrt,53.996,53.996,-0.0,unchanged
G_015_010,BUSSTOP_OUT::03011,FULLERTON SQ,cbd_bus,CBD-bound,Cbd Bus,32.227,32.227,-0.0,unchanged
G_015_010,BUSSTOP_OUT::03019,OUE BAYFRONT,cbd_bus,CBD-bound,Cbd Bus,40.496,40.496,-0.0,unchanged
G_015_010,BUSSTOP_OUT::03021,PRUDENTIAL TWR,cbd_bus,CBD-bound,Cbd Bus,29.991,29.991,-0.0,unchanged
G_015_010,BUSSTOP_OUT::03031,RAFFLES PL STN EXIT F,cbd_bus,CBD-bound,Cbd Bus,30.364,30.364,-0.0,unchanged
G_015_010,BUSSTOP_OUT::03041,TELOK AYER STN EXIT A,cbd_bus,CBD-bound,Cbd Bus,37.091,37.091,-0.0,unchanged
G_015_010,BUSSTOP_OUT::03059,ONE RAFFLES QUAY,cbd_bus,CBD-bound,Cbd Bus,33.823,33.823,-0.0,unchanged
G_015_010,BUSSTOP_OUT::03071,OPP SO SOFITEL S'PORE,cbd_bus,CBD-bound,Cbd Bus,29.246,29.246,-0.0,unchanged
G_015_010,BUSSTOP_OUT::03111,AFT CAPITAL TWR,cbd_bus,CBD-bound,Cbd Bus,28.128,28.128,-0.0,unchanged
G_015_010,BUSSTOP_OUT::03129,UIC BLDG,cbd_bus,CBD-bound,Cbd Bus,35.314,35.314,-0.0,unchanged
G_015_010,BUSSTOP_OUT::03151,AFT TELOK AYER ST,cbd_bus,CBD-bound,Cbd Bus,28.128,28.128,-0.0,unchanged
G_015_010,BUSSTOP_OUT::03217,AFT STRAITS BLVD,cbd_bus,CBD-bound,Cbd Bus,36.296,33.876,2.42,improved
G_015_010,BUSSTOP_OUT::03218,OPP MAS BLDG,cbd_bus,CBD-bound,Cbd Bus,35.6,33.876,1.724,improved
G_015_010,BUSSTOP_OUT::03222,HUB SYNERGY PT,cbd_bus,CBD-bound,Cbd Bus,25.519,25.519,-0.0,unchanged
G_015_010,BUSSTOP_OUT::03223,TANJONG PAGAR STN EXIT C,cbd_bus,CBD-bound,Cbd Bus,26.637,26.637,-0.0,unchanged
G_015_010,BUSSTOP_OUT::03239,SHENTON WAY TER,cbd_bus,CBD-bound,Cbd Bus,36.296,33.876,2.42,improved
G_015_010,BUSSTOP_OUT::03241,MAPLETREE ANSON,cbd_bus,CBD-bound,Cbd Bus,36.296,33.876,2.42,improved
G_015_010,BUSSTOP_OUT::03381,THE SAIL,cbd_bus,CBD-bound,Cbd Bus,31.482,31.482,-0.0,unchanged
G_015_010,BUSSTOP_OUT::03391,MARINA BAY FINANCIAL CTR,cbd_bus,CBD-bound,Cbd Bus,32.227,32.227,-0.0,unchanged
G_015_010,BUSSTOP_OUT::03501,MARINA BAY SANDS THEATRE,cbd_bus,CBD-bound,Cbd Bus,36.327,36.327,-0.0,unchanged
G_015_010,BUSSTOP_OUT::03509,BAYFRONT STN EXIT B/MBS,cbd_bus,CBD-bound,Cbd Bus,46.876,39.076,7.8,improved
G_015_010,BUSSTOP_OUT::03511,AFT BAYFRONT STN EXIT E,cbd_bus,CBD-bound,Cbd Bus,34.836,34.836,-0.0,unchanged
G_015_010,BUSSTOP_OUT::03519,BAYFRONT STN EXIT A,cbd_bus,CBD-bound,Cbd Bus,46.876,39.076,7.8,improved
G_015_010,BUSSTOP_OUT::03529,DOWNTOWN STN,cbd_bus,CBD-bound,Cbd Bus,41.696,39.567,2.129,improved
G_015_010,BUSSTOP_OUT::03539,Marina Bay Stn,cbd_bus,CBD-bound,Cbd Bus,43.676,38.076,5.6,improved
G_015_010,BUSSTOP_OUT::05269,MAXWELL RD FC,cbd_bus,CBD-bound,Cbd Bus,40.696,40.696,-0.0,unchanged
G_015_010,BUSSTOP_OUT::05319,OCBC CTR,cbd_bus,CBD-bound,Cbd Bus,31.587,31.587,-0.0,unchanged
G_015_010,BUSSTOP_OUT::05411,TG PAGAR PLAZA,cbd_bus,CBD-bound,Cbd Bus,32.618,32.618,-0.0,unchanged
G_015_010,BUSSTOP_OUT::05419,THE AMARA,cbd_bus,CBD-bound,Cbd Bus,37.414,37.414,-0.0,unchanged
G_015_010,BUSSTOP_OUT::05431,TOWER 15,cbd_bus,CBD-bound,Cbd Bus,38.159,38.159,-0.0,unchanged
G_015_010,BUSSTOP_OUT::05629,OPP STH PT,cbd_bus,CBD-bound,Cbd Bus,30.972,30.972,-0.0,unchanged
G_015_010,BUSSTOP_OUT::05651,OPP FUJI XEROX TWRS,cbd_bus,CBD-bound,Cbd Bus,31.873,31.873,-0.0,unchanged
G_015_010,MRTHUB::Bayfront,Bayfront,cbd_mrt,CBD-bound,Cbd Mrt,36.576,28.776,7.8,improved
G_015_010,MRTHUB::Downtown,Downtown,cbd_mrt,CBD-bound,Cbd Mrt,33.376,31.976,1.4,improved
G_015_010,MRTHUB::Marina_Bay,Marina Bay,cbd_mrt,CBD-bound,Cbd Mrt,34.596,27.776,6.82,improved
G_015_010,MRTHUB::Maxwell,Maxwell,cbd_mrt,CBD-bound,Cbd Mrt,30.396,30.396,-0.0,unchanged
G_015_010,MRTHUB::Raffles_Place,Raffles Place,cbd_mrt,CBD-bound,Cbd Mrt,30.196,30.196,-0.0,unchanged
G_015_010,MRTHUB::Shenton_Way,Shenton Way,cbd_mrt,CBD-bound,Cbd Mrt,31.396,30.976,0.42,improved
G_015_010,MRTHUB::Tanjong_Pagar,Tanjong Pagar,cbd_mrt,CBD-bound,Cbd Mrt,25.996,25.996,-0.0,unchanged
G_015_011,BUSSTOP_OUT::95011,AFT AIRCRAFT FLYOVER,airport_bus,Airport-bound,Airport Bus,80.892,80.492,0.4,improved
G_015_011,BUSSTOP_OUT::95019,AFT CHANGI AIRPORT TER 2,airport_bus,Airport-bound,Airport Bus,70.613,69.213,1.4,improved
G_015_011,BUSSTOP_OUT::95029,CHANGI AIRPORT TER 1,airport_bus,Airport-bound,Airport Bus,69.867,68.467,1.4,improved
G_015_011,BUSSTOP_OUT::95109,CHANGI AIRPORT TER 3,airport_bus,Airport-bound,Airport Bus,66.886,65.486,1.4,improved
G_015_011,BUSSTOP_OUT::95129,CHANGI AIRPORT TER 2,airport_bus,Airport-bound,Airport Bus,66.886,65.486,1.4,improved
G_015_011,BUSSTOP_OUT::95151,AIRPORT POLICE STN,airport_bus,Airport-bound,Airport Bus,79.029,78.629,0.4,improved
G_015_011,BUSSTOP_OUT::95159,NEAR SATS FLIGHT KITCHEN,airport_bus,Airport-bound,Airport Bus,73.594,72.194,1.4,improved
G_015_011,BUSSTOP_OUT::95209,CHANGI AIRPORT TER 4,airport_bus,Airport-bound,Airport Bus,76.576,75.176,1.4,improved
G_015_011,MRTHUB::Changi_Airport,Changi Airport,airport_mrt,Airport-bound,Airport Mrt,56.586,55.186,1.4,improved
G_015_011,BUSSTOP_OUT::03011,FULLERTON SQ,cbd_bus,CBD-bound,Cbd Bus,31.727,31.727,-0.0,unchanged
G_015_011,BUSSTOP_OUT::03019,OUE BAYFRONT,cbd_bus,CBD-bound,Cbd Bus,43.086,40.067,3.019,improved
G_015_011,BUSSTOP_OUT::03021,PRUDENTIAL TWR,cbd_bus,CBD-bound,Cbd Bus,29.491,29.491,-0.0,unchanged
G_015_011,BUSSTOP_OUT::03031,RAFFLES PL STN EXIT F,cbd_bus,CBD-bound,Cbd Bus,29.864,29.864,-0.0,unchanged
G_015_011,BUSSTOP_OUT::03041,TELOK AYER STN EXIT A,cbd_bus,CBD-bound,Cbd Bus,36.591,34.44,2.151,improved
G_015_011,BUSSTOP_OUT::03059,ONE RAFFLES QUAY,cbd_bus,CBD-bound,Cbd Bus,36.929,36.929,-0.0,unchanged
G_015_011,BUSSTOP_OUT::03071,OPP SO SOFITEL S'PORE,cbd_bus,CBD-bound,Cbd Bus,28.745,28.745,-0.0,unchanged
G_015_011,BUSSTOP_OUT::03111,AFT CAPITAL TWR,cbd_bus,CBD-bound,Cbd Bus,27.627,27.627,-0.0,unchanged
G_015_011,BUSSTOP_OUT::03129,UIC BLDG,cbd_bus,CBD-bound,Cbd Bus,38.42,38.42,-0.0,unchanged
G_015_011,BUSSTOP_OUT::03151,AFT TELOK AYER ST,cbd_bus,CBD-bound,Cbd Bus,27.628,27.628,-0.0,unchanged
G_015_011,BUSSTOP_OUT::03217,AFT STRAITS BLVD,cbd_bus,CBD-bound,Cbd Bus,38.886,31.086,7.8,improved
G_015_011,BUSSTOP_OUT::03218,OPP MAS BLDG,cbd_bus,CBD-bound,Cbd Bus,35.099,31.086,4.013,improved
G_015_011,BUSSTOP_OUT::03222,HUB SYNERGY PT,cbd_bus,CBD-bound,Cbd Bus,25.018,25.018,-0.0,unchanged
G_015_011,BUSSTOP_OUT::03223,TANJONG PAGAR STN EXIT C,cbd_bus,CBD-bound,Cbd Bus,26.137,26.137,-0.0,unchanged
G_015_011,BUSSTOP_OUT::03239,SHENTON WAY TER,cbd_bus,CBD-bound,Cbd Bus,35.844,31.086,4.758,improved
G_015_011,BUSSTOP_OUT::03241,MAPLETREE ANSON,cbd_bus,CBD-bound,Cbd Bus,38.886,31.086,7.8,improved
G_015_011,BUSSTOP_OUT::03381,THE SAIL,cbd_bus,CBD-bound,Cbd Bus,30.981,30.981,-0.0,unchanged
G_015_011,BUSSTOP_OUT::03391,MARINA BAY FINANCIAL CTR,cbd_bus,CBD-bound,Cbd Bus,31.726,31.726,-0.0,unchanged
G_015_011,BUSSTOP_OUT::03501,MARINA BAY SANDS THEATRE,cbd_bus,CBD-bound,Cbd Bus,35.826,35.826,-0.0,unchanged
G_015_011,BUSSTOP_OUT::03509,BAYFRONT STN EXIT B/MBS,cbd_bus,CBD-bound,Cbd Bus,44.086,36.286,7.8,improved
G_015_011,BUSSTOP_OUT::03511,AFT BAYFRONT STN EXIT E,cbd_bus,CBD-bound,Cbd Bus,34.335,34.335,-0.0,unchanged
G_015_011,BUSSTOP_OUT::03519,BAYFRONT STN EXIT A,cbd_bus,CBD-bound,Cbd Bus,44.086,36.286,7.8,improved
G_015_011,BUSSTOP_OUT::03529,DOWNTOWN STN,cbd_bus,CBD-bound,Cbd Bus,39.886,36.777,3.109,improved
G_015_011,BUSSTOP_OUT::03539,Marina Bay Stn,cbd_bus,CBD-bound,Cbd Bus,40.886,35.286,5.6,improved
G_015_011,BUSSTOP_OUT::05269,MAXWELL RD FC,cbd_bus,CBD-bound,Cbd Bus,38.549,38.549,-0.0,unchanged
G_015_011,BUSSTOP_OUT::05319,OCBC CTR,cbd_bus,CBD-bound,Cbd Bus,34.693,34.693,-0.0,unchanged
G_015_011,BUSSTOP_OUT::05411,TG PAGAR PLAZA,cbd_bus,CBD-bound,Cbd Bus,32.117,31.321,0.796,improved
G_015_011,BUSSTOP_OUT::05419,THE AMARA,cbd_bus,CBD-bound,Cbd Bus,40.004,40.004,-0.0,unchanged
G_015_011,BUSSTOP_OUT::05431,TOWER 15,cbd_bus,CBD-bound,Cbd Bus,40.749,40.749,-0.0,unchanged
G_015_011,BUSSTOP_OUT::05629,OPP STH PT,cbd_bus,CBD-bound,Cbd Bus,30.999,29.831,1.168,improved
G_015_011,BUSSTOP_OUT::05651,OPP FUJI XEROX TWRS,cbd_bus,CBD-bound,Cbd Bus,31.372,30.576,0.796,improved
G_015_011,MRTHUB::Bayfront,Bayfront,cbd_mrt,CBD-bound,Cbd Mrt,33.786,25.986,7.8,improved
G_015_011,MRTHUB::Downtown,Downtown,cbd_mrt,CBD-bound,Cbd Mrt,30.586,29.186,1.4,improved
G_015_011,MRTHUB::Marina_Bay,Marina Bay,cbd_mrt,CBD-bound,Cbd Mrt,32.786,24.986,7.8,improved
G_015_011,MRTHUB::Maxwell,Maxwell,cbd_mrt,CBD-bound,Cbd Mrt,28.586,28.586,-0.0,unchanged
G_015_011,MRTHUB::Raffles_Place,Raffles Place,cbd_mrt,CBD-bound,Cbd Mrt,32.786,30.386,2.4,improved
G_015_011,MRTHUB::Shenton_Way,Shenton Way,cbd_mrt,CBD-bound,Cbd Mrt,29.586,28.186,1.4,improved
G_015_011,MRTHUB::Tanjong_Pagar,Tanjong Pagar,cbd_mrt,CBD-bound,Cbd Mrt,28.586,28.586,-0.0,unchanged
G_015_012,BUSSTOP_OUT::95011,AFT AIRCRAFT FLYOVER,airport_bus,Airport-bound,Airport Bus,76.452,76.052,0.4,improved
G_015_012,BUSSTOP_OUT::95019,AFT CHANGI AIRPORT TER 2,airport_bus,Airport-bound,Airport Bus,66.173,64.773,1.4,improved
G_015_012,BUSSTOP_OUT::95029,CHANGI AIRPORT TER 1,airport_bus,Airport-bound,Airport Bus,65.427,64.027,1.4,improved
G_015_012,BUSSTOP_OUT::95109,CHANGI AIRPORT TER 3,airport_bus,Airport-bound,Airport Bus,62.446,61.046,1.4,improved
G_015_012,BUSSTOP_OUT::95129,CHANGI AIRPORT TER 2,airport_bus,Airport-bound,Airport Bus,62.446,61.046,1.4,improved
G_015_012,BUSSTOP_OUT::95151,AIRPORT POLICE STN,airport_bus,Airport-bound,Airport Bus,74.589,74.189,0.4,improved
G_015_012,BUSSTOP_OUT::95159,NEAR SATS FLIGHT KITCHEN,airport_bus,Airport-bound,Airport Bus,69.154,67.754,1.4,improved
G_015_012,BUSSTOP_OUT::95209,CHANGI AIRPORT TER 4,airport_bus,Airport-bound,Airport Bus,72.136,70.736,1.4,improved
G_015_012,MRTHUB::Changi_Airport,Changi Airport,airport_mrt,Airport-bound,Airport Mrt,52.146,50.746,1.4,improved
G_015_012,BUSSTOP_OUT::03011,FULLERTON SQ,cbd_bus,CBD-bound,Cbd Bus,30.406,30.406,-0.0,unchanged
G_015_012,BUSSTOP_OUT::03019,OUE BAYFRONT,cbd_bus,CBD-bound,Cbd Bus,38.646,35.627,3.019,improved
G_015_012,BUSSTOP_OUT::03021,PRUDENTIAL TWR,cbd_bus,CBD-bound,Cbd Bus,28.17,28.17,-0.0,unchanged
G_015_012,BUSSTOP_OUT::03031,RAFFLES PL STN EXIT F,cbd_bus,CBD-bound,Cbd Bus,28.543,28.543,-0.0,unchanged
G_015_012,BUSSTOP_OUT::03041,TELOK AYER STN EXIT A,cbd_bus,CBD-bound,Cbd Bus,35.27,30.0,5.27,improved
G_015_012,BUSSTOP_OUT::03059,ONE RAFFLES QUAY,cbd_bus,CBD-bound,Cbd Bus,34.773,34.773,-0.0,unchanged
G_015_012,BUSSTOP_OUT::03071,OPP SO SOFITEL S'PORE,cbd_bus,CBD-bound,Cbd Bus,27.424,27.424,-0.0,unchanged
G_015_012,BUSSTOP_OUT::03111,AFT CAPITAL TWR,cbd_bus,CBD-bound,Cbd Bus,26.306,26.306,-0.0,unchanged
G_015_012,BUSSTOP_OUT::03129,UIC BLDG,cbd_bus,CBD-bound,Cbd Bus,34.446,34.046,0.4,improved
G_015_012,BUSSTOP_OUT::03151,AFT TELOK AYER ST,cbd_bus,CBD-bound,Cbd Bus,26.307,26.307,-0.0,unchanged
G_015_012,BUSSTOP_OUT::03217,AFT STRAITS BLVD,cbd_bus,CBD-bound,Cbd Bus,34.446,26.646,7.8,improved
G_015_012,BUSSTOP_OUT::03218,OPP MAS BLDG,cbd_bus,CBD-bound,Cbd Bus,33.778,26.646,7.132,improved
G_015_012,BUSSTOP_OUT::03222,HUB SYNERGY PT,cbd_bus,CBD-bound,Cbd Bus,23.697,23.697,-0.0,unchanged
G_015_012,BUSSTOP_OUT::03223,TANJONG PAGAR STN EXIT C,cbd_bus,CBD-bound,Cbd Bus,24.816,24.816,-0.0,unchanged
G_015_012,BUSSTOP_OUT::03239,SHENTON WAY TER,cbd_bus,CBD-bound,Cbd Bus,34.446,26.646,7.8,improved
G_015_012,BUSSTOP_OUT::03241,MAPLETREE ANSON,cbd_bus,CBD-bound,Cbd Bus,34.446,26.646,7.8,improved
G_015_012,BUSSTOP_OUT::03381,THE SAIL,cbd_bus,CBD-bound,Cbd Bus,29.66,29.66,-0.0,unchanged
G_015_012,BUSSTOP_OUT::03391,MARINA BAY FINANCIAL CTR,cbd_bus,CBD-bound,Cbd Bus,30.405,30.405,-0.0,unchanged
G_015_012,BUSSTOP_OUT::03501,MARINA BAY SANDS THEATRE,cbd_bus,CBD-bound,Cbd Bus,34.505,31.846,2.659,improved
G_015_012,BUSSTOP_OUT::03509,BAYFRONT STN EXIT B/MBS,cbd_bus,CBD-bound,Cbd Bus,39.646,31.846,7.8,improved
G_015_012,BUSSTOP_OUT::03511,AFT BAYFRONT STN EXIT E,cbd_bus,CBD-bound,Cbd Bus,33.014,31.846,1.168,improved
G_015_012,BUSSTOP_OUT::03519,BAYFRONT STN EXIT A,cbd_bus,CBD-bound,Cbd Bus,39.646,31.846,7.8,improved
G_015_012,BUSSTOP_OUT::03529,DOWNTOWN STN,cbd_bus,CBD-bound,Cbd Bus,35.446,32.337,3.109,improved
G_015_012,BUSSTOP_OUT::03539,Marina Bay Stn,cbd_bus,CBD-bound,Cbd Bus,36.446,30.846,5.6,improved
G_015_012,BUSSTOP_OUT::05269,MAXWELL RD FC,cbd_bus,CBD-bound,Cbd Bus,34.109,34.109,-0.0,unchanged
G_015_012,BUSSTOP_OUT::05319,OCBC CTR,cbd_bus,CBD-bound,Cbd Bus,32.537,32.537,-0.0,unchanged
G_015_012,BUSSTOP_OUT::05411,TG PAGAR PLAZA,cbd_bus,CBD-bound,Cbd Bus,30.796,26.881,3.915,improved
G_015_012,BUSSTOP_OUT::05419,THE AMARA,cbd_bus,CBD-bound,Cbd Bus,35.564,35.564,-0.0,unchanged
G_015_012,BUSSTOP_OUT::05431,TOWER 15,cbd_bus,CBD-bound,Cbd Bus,36.309,36.309,-0.0,unchanged
G_015_012,BUSSTOP_OUT::05629,OPP STH PT,cbd_bus,CBD-bound,Cbd Bus,29.678,25.391,4.287,improved
G_015_012,BUSSTOP_OUT::05651,OPP FUJI XEROX TWRS,cbd_bus,CBD-bound,Cbd Bus,30.051,26.136,3.915,improved
G_015_012,MRTHUB::Bayfront,Bayfront,cbd_mrt,CBD-bound,Cbd Mrt,29.346,21.546,7.8,improved
G_015_012,MRTHUB::Downtown,Downtown,cbd_mrt,CBD-bound,Cbd Mrt,26.146,24.746,1.4,improved
G_015_012,MRTHUB::Marina_Bay,Marina Bay,cbd_mrt,CBD-bound,Cbd Mrt,28.346,20.546,7.8,improved
G_015_012,MRTHUB::Maxwell,Maxwell,cbd_mrt,CBD-bound,Cbd Mrt,24.146,24.146,-0.0,unchanged
G_015_012,MRTHUB::Raffles_Place,Raffles Place,cbd_mrt,CBD-bound,Cbd Mrt,28.346,25.946,2.4,improved
G_015_012,MRTHUB::Shenton_Way,Shenton Way,cbd_mrt,CBD-bound,Cbd Mrt,25.146,23.746,1.4,improved
G_015_012,MRTHUB::Tanjong_Pagar,Tanjong Pagar,cbd_mrt,CBD-bound,Cbd Mrt,24.146,24.146,-0.0,unchanged
G_015_013,BUSSTOP_OUT::95011,AFT AIRCRAFT FLYOVER,airport_bus,Airport-bound,Airport Bus,72.248,71.848,0.4,improved
G_015_013,BUSSTOP_OUT::95019,AFT CHANGI AIRPORT TER 2,airport_bus,Airport-bound,Airport Bus,61.969,60.569,1.4,improved
G_015_013,BUSSTOP_OUT::95029,CHANGI AIRPORT TER 1,airport_bus,Airport-bound,Airport Bus,61.223,59.823,1.4,improved
G_015_013,BUSSTOP_OUT::95109,CHANGI AIRPORT TER 3,airport_bus,Airport-bound,Airport Bus,58.242,56.842,1.4,improved
G_015_013,BUSSTOP_OUT::95129,CHANGI AIRPORT TER 2,airport_bus,Airport-bound,Airport Bus,58.242,56.842,1.4,improved
G_015_013,BUSSTOP_OUT::95151,AIRPORT POLICE STN,airport_bus,Airport-bound,Airport Bus,70.385,69.985,0.4,improved
G_015_013,BUSSTOP_OUT::95159,NEAR SATS FLIGHT KITCHEN,airport_bus,Airport-bound,Airport Bus,64.95,63.55,1.4,improved
G_015_013,BUSSTOP_OUT::95209,CHANGI AIRPORT TER 4,airport_bus,Airport-bound,Airport Bus,67.932,66.532,1.4,improved
G_015_013,MRTHUB::Changi_Airport,Changi Airport,airport_mrt,Airport-bound,Airport Mrt,47.942,46.542,1.4,improved
G_015_013,BUSSTOP_OUT::03011,FULLERTON SQ,cbd_bus,CBD-bound,Cbd Bus,29.707,28.032,1.675,improved
G_015_013,BUSSTOP_OUT::03019,OUE BAYFRONT,cbd_bus,CBD-bound,Cbd Bus,34.442,31.423,3.019,improved
G_015_013,BUSSTOP_OUT::03021,PRUDENTIAL TWR,cbd_bus,CBD-bound,Cbd Bus,27.471,25.796,1.675,improved
G_015_013,BUSSTOP_OUT::03031,RAFFLES PL STN EXIT F,cbd_bus,CBD-bound,Cbd Bus,27.844,26.541,1.303,improved
G_015_013,BUSSTOP_OUT::03041,TELOK AYER STN EXIT A,cbd_bus,CBD-bound,Cbd Bus,31.242,25.796,5.446,improved
G_015_013,BUSSTOP_OUT::03059,ONE RAFFLES QUAY,cbd_bus,CBD-bound,Cbd Bus,30.569,30.569,-0.0,unchanged
G_015_013,BUSSTOP_OUT::03071,OPP SO SOFITEL S'PORE,cbd_bus,CBD-bound,Cbd Bus,26.725,25.423,1.302,improved
G_015_013,BUSSTOP_OUT::03111,AFT CAPITAL TWR,cbd_bus,CBD-bound,Cbd Bus,25.607,24.305,1.302,improved
G_015_013,BUSSTOP_OUT::03129,UIC BLDG,cbd_bus,CBD-bound,Cbd Bus,30.242,29.842,0.4,improved
G_015_013,BUSSTOP_OUT::03151,AFT TELOK AYER ST,cbd_bus,CBD-bound,Cbd Bus,25.608,23.933,1.675,improved
G_015_013,BUSSTOP_OUT::03217,AFT STRAITS BLVD,cbd_bus,CBD-bound,Cbd Bus,30.242,22.442,7.8,improved
G_015_013,BUSSTOP_OUT::03218,OPP MAS BLDG,cbd_bus,CBD-bound,Cbd Bus,30.242,22.442,7.8,improved
G_015_013,BUSSTOP_OUT::03222,HUB SYNERGY PT,cbd_bus,CBD-bound,Cbd Bus,22.998,22.442,0.556,improved
G_015_013,BUSSTOP_OUT::03223,TANJONG PAGAR STN EXIT C,cbd_bus,CBD-bound,Cbd Bus,24.117,22.442,1.675,improved
G_015_013,BUSSTOP_OUT::03239,SHENTON WAY TER,cbd_bus,CBD-bound,Cbd Bus,30.242,22.442,7.8,improved
G_015_013,BUSSTOP_OUT::03241,MAPLETREE ANSON,cbd_bus,CBD-bound,Cbd Bus,30.242,22.442,7.8,improved
G_015_013,BUSSTOP_OUT::03381,THE SAIL,cbd_bus,CBD-bound,Cbd Bus,28.961,27.287,1.674,improved
G_015_013,BUSSTOP_OUT::03391,MARINA BAY FINANCIAL CTR,cbd_bus,CBD-bound,Cbd Bus,29.706,28.032,1.674,improved
G_015_013,BUSSTOP_OUT::03501,MARINA BAY SANDS THEATRE,cbd_bus,CBD-bound,Cbd Bus,33.806,27.642,6.164,improved
G_015_013,BUSSTOP_OUT::03509,BAYFRONT STN EXIT B/MBS,cbd_bus,CBD-bound,Cbd Bus,35.442,27.642,7.8,improved
G_015_013,BUSSTOP_OUT::03511,AFT BAYFRONT STN EXIT E,cbd_bus,CBD-bound,Cbd Bus,32.315,27.642,4.673,improved
G_015_013,BUSSTOP_OUT::03519,BAYFRONT STN EXIT A,cbd_bus,CBD-bound,Cbd Bus,35.442,27.642,7.8,improved
G_015_013,BUSSTOP_OUT::03529,DOWNTOWN STN,cbd_bus,CBD-bound,Cbd Bus,31.242,28.133,3.109,improved
G_015_013,BUSSTOP_OUT::03539,Marina Bay Stn,cbd_bus,CBD-bound,Cbd Bus,32.242,26.642,5.6,improved
G_015_013,BUSSTOP_OUT::05269,MAXWELL RD FC,cbd_bus,CBD-bound,Cbd Bus,29.905,29.905,-0.0,unchanged
G_015_013,BUSSTOP_OUT::05319,OCBC CTR,cbd_bus,CBD-bound,Cbd Bus,28.333,28.333,-0.0,unchanged
G_015_013,BUSSTOP_OUT::05411,TG PAGAR PLAZA,cbd_bus,CBD-bound,Cbd Bus,29.449,22.677,6.772,improved
G_015_013,BUSSTOP_OUT::05419,THE AMARA,cbd_bus,CBD-bound,Cbd Bus,31.36,31.36,-0.0,unchanged
G_015_013,BUSSTOP_OUT::05431,TOWER 15,cbd_bus,CBD-bound,Cbd Bus,32.105,32.105,-0.0,unchanged
G_015_013,BUSSTOP_OUT::05629,OPP STH PT,cbd_bus,CBD-bound,Cbd Bus,28.331,21.187,7.144,improved
G_015_013,BUSSTOP_OUT::05651,OPP FUJI XEROX TWRS,cbd_bus,CBD-bound,Cbd Bus,28.704,21.932,6.772,improved
G_015_013,MRTHUB::Bayfront,Bayfront,cbd_mrt,CBD-bound,Cbd Mrt,25.142,17.342,7.8,improved
G_015_013,MRTHUB::Downtown,Downtown,cbd_mrt,CBD-bound,Cbd Mrt,21.942,20.542,1.4,improved
G_015_013,MRTHUB::Marina_Bay,Marina Bay,cbd_mrt,CBD-bound,Cbd Mrt,24.142,16.342,7.8,improved
G_015_013,MRTHUB::Maxwell,Maxwell,cbd_mrt,CBD-bound,Cbd Mrt,19.942,19.942,-0.0,unchanged
G_015_013,MRTHUB::Raffles_Place,Raffles Place,cbd_mrt,CBD-bound,Cbd Mrt,24.142,21.742,2.4,improved
G_015_013,MRTHUB::Shenton_Way,Shenton Way,cbd_mrt,CBD-bound,Cbd Mrt,20.942,19.542,1.4,improved
G_015_013,MRTHUB::Tanjong_Pagar,Tanjong Pagar,cbd_mrt,CBD-bound,Cbd Mrt,19.942,19.942,-0.0,unchanged
G_016_008,BUSSTOP_OUT::95011,AFT AIRCRAFT FLYOVER,airport_bus,Airport-bound,Airport Bus,82.348,82.348,-0.0,unchanged
G_016_008,BUSSTOP_OUT::95019,AFT CHANGI AIRPORT TER 2,airport_bus,Airport-bound,Airport Bus,70.905,70.905,-0.0,unchanged
G_016_008,BUSSTOP_OUT::95029,CHANGI AIRPORT TER 1,airport_bus,Airport-bound,Airport Bus,70.159,70.159,-0.0,unchanged
G_016_008,BUSSTOP_OUT::95109,CHANGI AIRPORT TER 3,airport_bus,Airport-bound,Airport Bus,67.178,67.178,-0.0,unchanged
G_016_008,BUSSTOP_OUT::95129,CHANGI AIRPORT TER 2,airport_bus,Airport-bound,Airport Bus,67.178,67.178,-0.0,unchanged
G_016_008,BUSSTOP_OUT::95151,AIRPORT POLICE STN,airport_bus,Airport-bound,Airport Bus,80.485,80.485,-0.0,unchanged
G_016_008,BUSSTOP_OUT::95159,NEAR SATS FLIGHT KITCHEN,airport_bus,Airport-bound,Airport Bus,73.886,73.886,-0.0,unchanged
G_016_008,BUSSTOP_OUT::95209,CHANGI AIRPORT TER 4,airport_bus,Airport-bound,Airport Bus,76.868,76.868,-0.0,unchanged
G_016_008,MRTHUB::Changi_Airport,Changi Airport,airport_mrt,Airport-bound,Airport Mrt,56.878,56.878,-0.0,unchanged
G_016_008,BUSSTOP_OUT::03011,FULLERTON SQ,cbd_bus,CBD-bound,Cbd Bus,37.21,37.21,-0.0,unchanged
G_016_008,BUSSTOP_OUT::03019,OUE BAYFRONT,cbd_bus,CBD-bound,Cbd Bus,43.378,43.378,-0.0,unchanged
G_016_008,BUSSTOP_OUT::03021,PRUDENTIAL TWR,cbd_bus,CBD-bound,Cbd Bus,34.974,34.974,-0.0,unchanged
G_016_008,BUSSTOP_OUT::03031,RAFFLES PL STN EXIT F,cbd_bus,CBD-bound,Cbd Bus,38.238,38.238,-0.0,unchanged
G_016_008,BUSSTOP_OUT::03041,TELOK AYER STN EXIT A,cbd_bus,CBD-bound,Cbd Bus,41.041,41.041,-0.0,unchanged
G_016_008,BUSSTOP_OUT::03059,ONE RAFFLES QUAY,cbd_bus,CBD-bound,Cbd Bus,43.378,43.378,-0.0,unchanged
G_016_008,BUSSTOP_OUT::03071,OPP SO SOFITEL S'PORE,cbd_bus,CBD-bound,Cbd Bus,37.12,37.12,-0.0,unchanged
G_016_008,BUSSTOP_OUT::03111,AFT CAPITAL TWR,cbd_bus,CBD-bound,Cbd Bus,36.002,36.002,-0.0,unchanged
G_016_008,BUSSTOP_OUT::03129,UIC BLDG,cbd_bus,CBD-bound,Cbd Bus,39.178,39.178,-0.0,unchanged
G_016_008,BUSSTOP_OUT::03151,AFT TELOK AYER ST,cbd_bus,CBD-bound,Cbd Bus,33.111,33.111,-0.0,unchanged
G_016_008,BUSSTOP_OUT::03217,AFT STRAITS BLVD,cbd_bus,CBD-bound,Cbd Bus,39.178,38.859,0.319,improved
G_016_008,BUSSTOP_OUT::03218,OPP MAS BLDG,cbd_bus,CBD-bound,Cbd Bus,39.178,38.859,0.319,improved
G_016_008,BUSSTOP_OUT::03222,HUB SYNERGY PT,cbd_bus,CBD-bound,Cbd Bus,33.393,33.393,-0.0,unchanged
G_016_008,BUSSTOP_OUT::03223,TANJONG PAGAR STN EXIT C,cbd_bus,CBD-bound,Cbd Bus,31.62,31.62,-0.0,unchanged
G_016_008,BUSSTOP_OUT::03239,SHENTON WAY TER,cbd_bus,CBD-bound,Cbd Bus,39.178,38.859,0.319,improved
G_016_008,BUSSTOP_OUT::03241,MAPLETREE ANSON,cbd_bus,CBD-bound,Cbd Bus,39.178,38.859,0.319,improved
G_016_008,BUSSTOP_OUT::03381,THE SAIL,cbd_bus,CBD-bound,Cbd Bus,42.532,42.532,-0.0,unchanged
G_016_008,BUSSTOP_OUT::03391,MARINA BAY FINANCIAL CTR,cbd_bus,CBD-bound,Cbd Bus,43.277,43.277,-0.0,unchanged
G_016_008,BUSSTOP_OUT::03501,MARINA BAY SANDS THEATRE,cbd_bus,CBD-bound,Cbd Bus,47.377,44.059,3.318,improved
G_016_008,BUSSTOP_OUT::03509,BAYFRONT STN EXIT B/MBS,cbd_bus,CBD-bound,Cbd Bus,51.859,44.059,7.8,improved
G_016_008,BUSSTOP_OUT::03511,AFT BAYFRONT STN EXIT E,cbd_bus,CBD-bound,Cbd Bus,45.886,44.059,1.827,improved
G_016_008,BUSSTOP_OUT::03519,BAYFRONT STN EXIT A,cbd_bus,CBD-bound,Cbd Bus,51.859,44.059,7.8,improved
G_016_008,BUSSTOP_OUT::03529,DOWNTOWN STN,cbd_bus,CBD-bound,Cbd Bus,44.578,44.55,0.028,improved
G_016_008,BUSSTOP_OUT::03539,Marina Bay Stn,cbd_bus,CBD-bound,Cbd Bus,47.778,43.059,4.719,improved
G_016_008,BUSSTOP_OUT::05269,MAXWELL RD FC,cbd_bus,CBD-bound,Cbd Bus,43.578,43.578,-0.0,unchanged
G_016_008,BUSSTOP_OUT::05319,OCBC CTR,cbd_bus,CBD-bound,Cbd Bus,41.983,41.983,-0.0,unchanged
G_016_008,BUSSTOP_OUT::05411,TG PAGAR PLAZA,cbd_bus,CBD-bound,Cbd Bus,37.601,37.601,-0.0,unchanged
G_016_008,BUSSTOP_OUT::05419,THE AMARA,cbd_bus,CBD-bound,Cbd Bus,40.296,40.296,-0.0,unchanged
G_016_008,BUSSTOP_OUT::05431,TOWER 15,cbd_bus,CBD-bound,Cbd Bus,41.041,41.041,-0.0,unchanged
G_016_008,BUSSTOP_OUT::05629,OPP STH PT,cbd_bus,CBD-bound,Cbd Bus,31.902,31.902,-0.0,unchanged
G_016_008,BUSSTOP_OUT::05651,OPP FUJI XEROX TWRS,cbd_bus,CBD-bound,Cbd Bus,36.856,36.856,-0.0,unchanged
G_016_008,MRTHUB::Bayfront,Bayfront,cbd_mrt,CBD-bound,Cbd Mrt,41.559,33.759,7.8,improved
G_016_008,MRTHUB::Downtown,Downtown,cbd_mrt,CBD-bound,Cbd Mrt,38.359,36.959,1.4,improved
G_016_008,MRTHUB::Marina_Bay,Marina Bay,cbd_mrt,CBD-bound,Cbd Mrt,37.478,32.759,4.719,improved
G_016_008,MRTHUB::Maxwell,Maxwell,cbd_mrt,CBD-bound,Cbd Mrt,33.278,33.278,-0.0,unchanged
G_016_008,MRTHUB::Raffles_Place,Raffles Place,cbd_mrt,CBD-bound,Cbd Mrt,33.078,33.078,-0.0,unchanged
G_016_008,MRTHUB::Shenton_Way,Shenton Way,cbd_mrt,CBD-bound,Cbd Mrt,34.278,34.278,-0.0,unchanged
G_016_008,MRTHUB::Tanjong_Pagar,Tanjong Pagar,cbd_mrt,CBD-bound,Cbd Mrt,28.878,28.878,-0.0,unchanged
G_016_009,BUSSTOP_OUT::95011,AFT AIRCRAFT FLYOVER,airport_bus,Airport-bound,Airport Bus,81.148,81.148,-0.0,unchanged
G_016_009,BUSSTOP_OUT::95019,AFT CHANGI AIRPORT TER 2,airport_bus,Airport-bound,Airport Bus,69.705,69.705,-0.0,unchanged
G_016_009,BUSSTOP_OUT::95029,CHANGI AIRPORT TER 1,airport_bus,Airport-bound,Airport Bus,68.959,68.959,-0.0,unchanged
G_016_009,BUSSTOP_OUT::95109,CHANGI AIRPORT TER 3,airport_bus,Airport-bound,Airport Bus,65.978,65.978,-0.0,unchanged
G_016_009,BUSSTOP_OUT::95129,CHANGI AIRPORT TER 2,airport_bus,Airport-bound,Airport Bus,65.978,65.978,-0.0,unchanged
G_016_009,BUSSTOP_OUT::95151,AIRPORT POLICE STN,airport_bus,Airport-bound,Airport Bus,79.285,79.285,-0.0,unchanged
G_016_009,BUSSTOP_OUT::95159,NEAR SATS FLIGHT KITCHEN,airport_bus,Airport-bound,Airport Bus,72.686,72.686,-0.0,unchanged
G_016_009,BUSSTOP_OUT::95209,CHANGI AIRPORT TER 4,airport_bus,Airport-bound,Airport Bus,75.668,75.668,-0.0,unchanged
G_016_009,MRTHUB::Changi_Airport,Changi Airport,airport_mrt,Airport-bound,Airport Mrt,55.678,55.678,-0.0,unchanged
G_016_009,BUSSTOP_OUT::03011,FULLERTON SQ,cbd_bus,CBD-bound,Cbd Bus,34.974,34.974,-0.0,unchanged
G_016_009,BUSSTOP_OUT::03019,OUE BAYFRONT,cbd_bus,CBD-bound,Cbd Bus,42.178,42.178,-0.0,unchanged
G_016_009,BUSSTOP_OUT::03021,PRUDENTIAL TWR,cbd_bus,CBD-bound,Cbd Bus,32.738,32.738,-0.0,unchanged
G_016_009,BUSSTOP_OUT::03031,RAFFLES PL STN EXIT F,cbd_bus,CBD-bound,Cbd Bus,34.068,34.068,-0.0,unchanged
G_016_009,BUSSTOP_OUT::03041,TELOK AYER STN EXIT A,cbd_bus,CBD-bound,Cbd Bus,39.838,39.838,-0.0,unchanged
G_016_009,BUSSTOP_OUT::03059,ONE RAFFLES QUAY,cbd_bus,CBD-bound,Cbd Bus,42.132,42.132,-0.0,unchanged
G_016_009,BUSSTOP_OUT::03071,OPP SO SOFITEL S'PORE,cbd_bus,CBD-bound,Cbd Bus,32.95,32.95,-0.0,unchanged
G_016_009,BUSSTOP_OUT::03111,AFT CAPITAL TWR,cbd_bus,CBD-bound,Cbd Bus,31.832,31.832,-0.0,unchanged
G_016_009,BUSSTOP_OUT::03129,UIC BLDG,cbd_bus,CBD-bound,Cbd Bus,37.978,37.978,-0.0,unchanged
G_016_009,BUSSTOP_OUT::03151,AFT TELOK AYER ST,cbd_bus,CBD-bound,Cbd Bus,30.875,30.875,-0.0,unchanged
G_016_009,BUSSTOP_OUT::03217,AFT STRAITS BLVD,cbd_bus,CBD-bound,Cbd Bus,37.978,36.623,1.355,improved
G_016_009,BUSSTOP_OUT::03218,OPP MAS BLDG,cbd_bus,CBD-bound,Cbd Bus,37.978,36.623,1.355,improved
G_016_009,BUSSTOP_OUT::03222,HUB SYNERGY PT,cbd_bus,CBD-bound,Cbd Bus,29.223,29.223,-0.0,unchanged
G_016_009,BUSSTOP_OUT::03223,TANJONG PAGAR STN EXIT C,cbd_bus,CBD-bound,Cbd Bus,29.384,29.384,-0.0,unchanged
G_016_009,BUSSTOP_OUT::03239,SHENTON WAY TER,cbd_bus,CBD-bound,Cbd Bus,37.978,36.623,1.355,improved
G_016_009,BUSSTOP_OUT::03241,MAPLETREE ANSON,cbd_bus,CBD-bound,Cbd Bus,37.978,36.623,1.355,improved
G_016_009,BUSSTOP_OUT::03381,THE SAIL,cbd_bus,CBD-bound,Cbd Bus,35.186,35.186,-0.0,unchanged
G_016_009,BUSSTOP_OUT::03391,MARINA BAY FINANCIAL CTR,cbd_bus,CBD-bound,Cbd Bus,35.931,35.931,-0.0,unchanged
G_016_009,BUSSTOP_OUT::03501,MARINA BAY SANDS THEATRE,cbd_bus,CBD-bound,Cbd Bus,40.031,40.031,-0.0,unchanged
G_016_009,BUSSTOP_OUT::03509,BAYFRONT STN EXIT B/MBS,cbd_bus,CBD-bound,Cbd Bus,49.623,41.823,7.8,improved
G_016_009,BUSSTOP_OUT::03511,AFT BAYFRONT STN EXIT E,cbd_bus,CBD-bound,Cbd Bus,38.54,38.54,-0.0,unchanged
G_016_009,BUSSTOP_OUT::03519,BAYFRONT STN EXIT A,cbd_bus,CBD-bound,Cbd Bus,49.623,41.823,7.8,improved
G_016_009,BUSSTOP_OUT::03529,DOWNTOWN STN,cbd_bus,CBD-bound,Cbd Bus,43.332,42.314,1.018,improved
G_016_009,BUSSTOP_OUT::03539,Marina Bay Stn,cbd_bus,CBD-bound,Cbd Bus,46.423,40.823,5.6,improved
G_016_009,BUSSTOP_OUT::05269,MAXWELL RD FC,cbd_bus,CBD-bound,Cbd Bus,42.332,42.332,-0.0,unchanged
G_016_009,BUSSTOP_OUT::05319,OCBC CTR,cbd_bus,CBD-bound,Cbd Bus,39.896,39.896,-0.0,unchanged
G_016_009,BUSSTOP_OUT::05411,TG PAGAR PLAZA,cbd_bus,CBD-bound,Cbd Bus,35.365,35.365,-0.0,unchanged
G_016_009,BUSSTOP_OUT::05419,THE AMARA,cbd_bus,CBD-bound,Cbd Bus,39.096,39.096,-0.0,unchanged
G_016_009,BUSSTOP_OUT::05431,TOWER 15,cbd_bus,CBD-bound,Cbd Bus,39.841,39.841,-0.0,unchanged
G_016_009,BUSSTOP_OUT::05629,OPP STH PT,cbd_bus,CBD-bound,Cbd Bus,29.815,29.815,-0.0,unchanged
G_016_009,BUSSTOP_OUT::05651,OPP FUJI XEROX TWRS,cbd_bus,CBD-bound,Cbd Bus,34.62,34.62,-0.0,unchanged
G_016_009,MRTHUB::Bayfront,Bayfront,cbd_mrt,CBD-bound,Cbd Mrt,39.323,31.523,7.8,improved
G_016_009,MRTHUB::Downtown,Downtown,cbd_mrt,CBD-bound,Cbd Mrt,36.123,34.723,1.4,improved
G_016_009,MRTHUB::Marina_Bay,Marina Bay,cbd_mrt,CBD-bound,Cbd Mrt,36.232,30.523,5.709,improved
G_016_009,MRTHUB::Maxwell,Maxwell,cbd_mrt,CBD-bound,Cbd Mrt,32.032,32.032,-0.0,unchanged
G_016_009,MRTHUB::Raffles_Place,Raffles Place,cbd_mrt,CBD-bound,Cbd Mrt,31.878,31.878,-0.0,unchanged
G_016_009,MRTHUB::Shenton_Way,Shenton Way,cbd_mrt,CBD-bound,Cbd Mrt,33.032,33.032,-0.0,unchanged
G_016_009,MRTHUB::Tanjong_Pagar,Tanjong Pagar,cbd_mrt,CBD-bound,Cbd Mrt,27.678,27.678,-0.0,unchanged
G_016_010,BUSSTOP_OUT::95011,AFT AIRCRAFT FLYOVER,airport_bus,Airport-bound,Airport Bus,81.529,81.529,-0.0,unchanged
G_016_010,BUSSTOP_OUT::95019,AFT CHANGI AIRPORT TER 2,airport_bus,Airport-bound,Airport Bus,70.086,70.086,-0.0,unchanged
G_016_010,BUSSTOP_OUT::95029,CHANGI AIRPORT TER 1,airport_bus,Airport-bound,Airport Bus,69.34,69.34,-0.0,unchanged
G_016_010,BUSSTOP_OUT::95109,CHANGI AIRPORT TER 3,airport_bus,Airport-bound,Airport Bus,66.359,66.359,-0.0,unchanged
G_016_010,BUSSTOP_OUT::95129,CHANGI AIRPORT TER 2,airport_bus,Airport-bound,Airport Bus,66.359,66.359,-0.0,unchanged
G_016_010,BUSSTOP_OUT::95151,AIRPORT POLICE STN,airport_bus,Airport-bound,Airport Bus,79.666,79.666,-0.0,unchanged
G_016_010,BUSSTOP_OUT::95159,NEAR SATS FLIGHT KITCHEN,airport_bus,Airport-bound,Airport Bus,73.067,73.067,-0.0,unchanged
G_016_010,BUSSTOP_OUT::95209,CHANGI AIRPORT TER 4,airport_bus,Airport-bound,Airport Bus,76.049,76.049,-0.0,unchanged
G_016_010,MRTHUB::Changi_Airport,Changi Airport,airport_mrt,Airport-bound,Airport Mrt,56.059,56.059,-0.0,unchanged
G_016_010,BUSSTOP_OUT::03011,FULLERTON SQ,cbd_bus,CBD-bound,Cbd Bus,34.783,34.783,-0.0,unchanged
G_016_010,BUSSTOP_OUT::03019,OUE BAYFRONT,cbd_bus,CBD-bound,Cbd Bus,42.559,42.559,-0.0,unchanged
G_016_010,BUSSTOP_OUT::03021,PRUDENTIAL TWR,cbd_bus,CBD-bound,Cbd Bus,32.547,32.547,-0.0,unchanged
G_016_010,BUSSTOP_OUT::03031,RAFFLES PL STN EXIT F,cbd_bus,CBD-bound,Cbd Bus,32.92,32.92,-0.0,unchanged
G_016_010,BUSSTOP_OUT::03041,TELOK AYER STN EXIT A,cbd_bus,CBD-bound,Cbd Bus,39.647,39.369,0.278,improved
G_016_010,BUSSTOP_OUT::03059,ONE RAFFLES QUAY,cbd_bus,CBD-bound,Cbd Bus,37.447,37.447,-0.0,unchanged
G_016_010,BUSSTOP_OUT::03071,OPP SO SOFITEL S'PORE,cbd_bus,CBD-bound,Cbd Bus,31.802,31.802,-0.0,unchanged
G_016_010,BUSSTOP_OUT::03111,AFT CAPITAL TWR,cbd_bus,CBD-bound,Cbd Bus,30.684,30.684,-0.0,unchanged
G_016_010,BUSSTOP_OUT::03129,UIC BLDG,cbd_bus,CBD-bound,Cbd Bus,38.359,38.359,-0.0,unchanged
G_016_010,BUSSTOP_OUT::03151,AFT TELOK AYER ST,cbd_bus,CBD-bound,Cbd Bus,30.684,30.684,-0.0,unchanged
G_016_010,BUSSTOP_OUT::03217,AFT STRAITS BLVD,cbd_bus,CBD-bound,Cbd Bus,38.359,36.015,2.344,improved
G_016_010,BUSSTOP_OUT::03218,OPP MAS BLDG,cbd_bus,CBD-bound,Cbd Bus,38.156,36.015,2.141,improved
G_016_010,BUSSTOP_OUT::03222,HUB SYNERGY PT,cbd_bus,CBD-bound,Cbd Bus,28.075,28.075,-0.0,unchanged
G_016_010,BUSSTOP_OUT::03223,TANJONG PAGAR STN EXIT C,cbd_bus,CBD-bound,Cbd Bus,29.193,29.193,-0.0,unchanged
G_016_010,BUSSTOP_OUT::03239,SHENTON WAY TER,cbd_bus,CBD-bound,Cbd Bus,38.359,36.015,2.344,improved
G_016_010,BUSSTOP_OUT::03241,MAPLETREE ANSON,cbd_bus,CBD-bound,Cbd Bus,38.359,36.015,2.344,improved
G_016_010,BUSSTOP_OUT::03381,THE SAIL,cbd_bus,CBD-bound,Cbd Bus,34.038,34.038,-0.0,unchanged
G_016_010,BUSSTOP_OUT::03391,MARINA BAY FINANCIAL CTR,cbd_bus,CBD-bound,Cbd Bus,34.783,34.783,-0.0,unchanged
G_016_010,BUSSTOP_OUT::03501,MARINA BAY SANDS THEATRE,cbd_bus,CBD-bound,Cbd Bus,38.883,38.883,-0.0,unchanged
G_016_010,BUSSTOP_OUT::03509,BAYFRONT STN EXIT B/MBS,cbd_bus,CBD-bound,Cbd Bus,49.015,41.215,7.8,improved
G_016_010,BUSSTOP_OUT::03511,AFT BAYFRONT STN EXIT E,cbd_bus,CBD-bound,Cbd Bus,37.392,37.392,-0.0,unchanged
G_016_010,BUSSTOP_OUT::03519,BAYFRONT STN EXIT A,cbd_bus,CBD-bound,Cbd Bus,49.015,41.215,7.8,improved
G_016_010,BUSSTOP_OUT::03529,DOWNTOWN STN,cbd_bus,CBD-bound,Cbd Bus,43.477,41.706,1.771,improved
G_016_010,BUSSTOP_OUT::03539,Marina Bay Stn,cbd_bus,CBD-bound,Cbd Bus,45.815,40.215,5.6,improved
G_016_010,BUSSTOP_OUT::05269,MAXWELL RD FC,cbd_bus,CBD-bound,Cbd Bus,42.477,42.477,-0.0,unchanged
G_016_010,BUSSTOP_OUT::05319,OCBC CTR,cbd_bus,CBD-bound,Cbd Bus,35.211,35.211,-0.0,unchanged
G_016_010,BUSSTOP_OUT::05411,TG PAGAR PLAZA,cbd_bus,CBD-bound,Cbd Bus,35.174,35.174,-0.0,unchanged
G_016_010,BUSSTOP_OUT::05419,THE AMARA,cbd_bus,CBD-bound,Cbd Bus,39.477,39.477,-0.0,unchanged
G_016_010,BUSSTOP_OUT::05431,TOWER 15,cbd_bus,CBD-bound,Cbd Bus,40.222,40.222,-0.0,unchanged
G_016_010,BUSSTOP_OUT::05629,OPP STH PT,cbd_bus,CBD-bound,Cbd Bus,29.96,29.96,-0.0,unchanged
G_016_010,BUSSTOP_OUT::05651,OPP FUJI XEROX TWRS,cbd_bus,CBD-bound,Cbd Bus,34.429,34.429,-0.0,unchanged
G_016_010,MRTHUB::Bayfront,Bayfront,cbd_mrt,CBD-bound,Cbd Mrt,38.715,30.915,7.8,improved
G_016_010,MRTHUB::Downtown,Downtown,cbd_mrt,CBD-bound,Cbd Mrt,35.515,34.115,1.4,improved
G_016_010,MRTHUB::Marina_Bay,Marina Bay,cbd_mrt,CBD-bound,Cbd Mrt,36.377,29.915,6.462,improved
G_016_010,MRTHUB::Maxwell,Maxwell,cbd_mrt,CBD-bound,Cbd Mrt,32.177,32.177,-0.0,unchanged
G_016_010,MRTHUB::Raffles_Place,Raffles Place,cbd_mrt,CBD-bound,Cbd Mrt,32.259,32.259,-0.0,unchanged
G_016_010,MRTHUB::Shenton_Way,Shenton Way,cbd_mrt,CBD-bound,Cbd Mrt,33.177,33.115,0.062,improved
G_016_010,MRTHUB::Tanjong_Pagar,Tanjong Pagar,cbd_mrt,CBD-bound,Cbd Mrt,28.059,28.059,-0.0,unchanged
G_016_011,BUSSTOP_OUT::95011,AFT AIRCRAFT FLYOVER,airport_bus,Airport-bound,Airport Bus,81.555,81.155,0.4,improved
G_016_011,BUSSTOP_OUT::95019,AFT CHANGI AIRPORT TER 2,airport_bus,Airport-bound,Airport Bus,71.276,69.876,1.4,improved
G_016_011,BUSSTOP_OUT::95029,CHANGI AIRPORT TER 1,airport_bus,Airport-bound,Airport Bus,70.53,69.13,1.4,improved
G_016_011,BUSSTOP_OUT::95109,CHANGI AIRPORT TER 3,airport_bus,Airport-bound,Airport Bus,67.549,66.149,1.4,improved
G_016_011,BUSSTOP_OUT::95129,CHANGI AIRPORT TER 2,airport_bus,Airport-bound,Airport Bus,67.549,66.149,1.4,improved
G_016_011,BUSSTOP_OUT::95151,AIRPORT POLICE STN,airport_bus,Airport-bound,Airport Bus,79.692,79.292,0.4,improved
G_016_011,BUSSTOP_OUT::95159,NEAR SATS FLIGHT KITCHEN,airport_bus,Airport-bound,Airport Bus,74.257,72.857,1.4,improved
G_016_011,BUSSTOP_OUT::95209,CHANGI AIRPORT TER 4,airport_bus,Airport-bound,Airport Bus,77.239,75.839,1.4,improved
G_016_011,MRTHUB::Changi_Airport,Changi Airport,airport_mrt,Airport-bound,Airport Mrt,57.249,55.849,1.4,improved
G_016_011,BUSSTOP_OUT::03011,FULLERTON SQ,cbd_bus,CBD-bound,Cbd Bus,33.208,33.208,-0.0,unchanged
G_016_011,BUSSTOP_OUT::03019,OUE BAYFRONT,cbd_bus,CBD-bound,Cbd Bus,43.749,40.73,3.019,improved
G_016_011,BUSSTOP_OUT::03021,PRUDENTIAL TWR,cbd_bus,CBD-bound,Cbd Bus,30.972,30.972,-0.0,unchanged
G_016_011,BUSSTOP_OUT::03031,RAFFLES PL STN EXIT F,cbd_bus,CBD-bound,Cbd Bus,31.345,31.345,-0.0,unchanged
G_016_011,BUSSTOP_OUT::03041,TELOK AYER STN EXIT A,cbd_bus,CBD-bound,Cbd Bus,38.072,35.103,2.969,improved
G_016_011,BUSSTOP_OUT::03059,ONE RAFFLES QUAY,cbd_bus,CBD-bound,Cbd Bus,38.301,38.301,-0.0,unchanged
G_016_011,BUSSTOP_OUT::03071,OPP SO SOFITEL S'PORE,cbd_bus,CBD-bound,Cbd Bus,30.226,30.226,-0.0,unchanged
G_016_011,BUSSTOP_OUT::03111,AFT CAPITAL TWR,cbd_bus,CBD-bound,Cbd Bus,29.108,29.108,-0.0,unchanged
G_016_011,BUSSTOP_OUT::03129,UIC BLDG,cbd_bus,CBD-bound,Cbd Bus,39.549,39.149,0.4,improved
G_016_011,BUSSTOP_OUT::03151,AFT TELOK AYER ST,cbd_bus,CBD-bound,Cbd Bus,29.109,29.109,-0.0,unchanged
G_016_011,BUSSTOP_OUT::03217,AFT STRAITS BLVD,cbd_bus,CBD-bound,Cbd Bus,39.549,31.749,7.8,improved
G_016_011,BUSSTOP_OUT::03218,OPP MAS BLDG,cbd_bus,CBD-bound,Cbd Bus,36.58,31.749,4.831,improved
G_016_011,BUSSTOP_OUT::03222,HUB SYNERGY PT,cbd_bus,CBD-bound,Cbd Bus,26.499,26.499,-0.0,unchanged
G_016_011,BUSSTOP_OUT::03223,TANJONG PAGAR STN EXIT C,cbd_bus,CBD-bound,Cbd Bus,27.618,27.618,-0.0,unchanged
G_016_011,BUSSTOP_OUT::03239,SHENTON WAY TER,cbd_bus,CBD-bound,Cbd Bus,37.325,31.749,5.576,improved
G_016_011,BUSSTOP_OUT::03241,MAPLETREE ANSON,cbd_bus,CBD-bound,Cbd Bus,39.549,31.749,7.8,improved
G_016_011,BUSSTOP_OUT::03381,THE SAIL,cbd_bus,CBD-bound,Cbd Bus,32.462,32.462,-0.0,unchanged
G_016_011,BUSSTOP_OUT::03391,MARINA BAY FINANCIAL CTR,cbd_bus,CBD-bound,Cbd Bus,33.207,33.207,-0.0,unchanged
G_016_011,BUSSTOP_OUT::03501,MARINA BAY SANDS THEATRE,cbd_bus,CBD-bound,Cbd Bus,37.307,36.949,0.358,improved
G_016_011,BUSSTOP_OUT::03509,BAYFRONT STN EXIT B/MBS,cbd_bus,CBD-bound,Cbd Bus,44.749,36.949,7.8,improved
G_016_011,BUSSTOP_OUT::03511,AFT BAYFRONT STN EXIT E,cbd_bus,CBD-bound,Cbd Bus,35.816,35.816,-0.0,unchanged
G_016_011,BUSSTOP_OUT::03519,BAYFRONT STN EXIT A,cbd_bus,CBD-bound,Cbd Bus,44.749,36.949,7.8,improved
G_016_011,BUSSTOP_OUT::03529,DOWNTOWN STN,cbd_bus,CBD-bound,Cbd Bus,40.549,37.44,3.109,improved
G_016_011,BUSSTOP_OUT::03539,Marina Bay Stn,cbd_bus,CBD-bound,Cbd Bus,41.549,35.949,5.6,improved
G_016_011,BUSSTOP_OUT::05269,MAXWELL RD FC,cbd_bus,CBD-bound,Cbd Bus,39.212,39.212,-0.0,unchanged
G_016_011,BUSSTOP_OUT::05319,OCBC CTR,cbd_bus,CBD-bound,Cbd Bus,36.065,36.065,-0.0,unchanged
G_016_011,BUSSTOP_OUT::05411,TG PAGAR PLAZA,cbd_bus,CBD-bound,Cbd Bus,33.598,31.984,1.614,improved
G_016_011,BUSSTOP_OUT::05419,THE AMARA,cbd_bus,CBD-bound,Cbd Bus,40.667,40.667,-0.0,unchanged
G_016_011,BUSSTOP_OUT::05431,TOWER 15,cbd_bus,CBD-bound,Cbd Bus,41.412,41.412,-0.0,unchanged
G_016_011,BUSSTOP_OUT::05629,OPP STH PT,cbd_bus,CBD-bound,Cbd Bus,32.48,30.494,1.986,improved
G_016_011,BUSSTOP_OUT::05651,OPP FUJI XEROX TWRS,cbd_bus,CBD-bound,Cbd Bus,32.853,31.239,1.614,improved
G_016_011,MRTHUB::Bayfront,Bayfront,cbd_mrt,CBD-bound,Cbd Mrt,34.449,26.649,7.8,improved
G_016_011,MRTHUB::Downtown,Downtown,cbd_mrt,CBD-bound,Cbd Mrt,31.249,29.849,1.4,improved
G_016_011,MRTHUB::Marina_Bay,Marina Bay,cbd_mrt,CBD-bound,Cbd Mrt,33.449,25.649,7.8,improved
G_016_011,MRTHUB::Maxwell,Maxwell,cbd_mrt,CBD-bound,Cbd Mrt,29.249,29.249,-0.0,unchanged
G_016_011,MRTHUB::Raffles_Place,Raffles Place,cbd_mrt,CBD-bound,Cbd Mrt,33.449,31.049,2.4,improved
G_016_011,MRTHUB::Shenton_Way,Shenton Way,cbd_mrt,CBD-bound,Cbd Mrt,30.249,28.849,1.4,improved
G_016_011,MRTHUB::Tanjong_Pagar,Tanjong Pagar,cbd_mrt,CBD-bound,Cbd Mrt,29.249,29.249,-0.0,unchanged
G_016_012,BUSSTOP_OUT::95011,AFT AIRCRAFT FLYOVER,airport_bus,Airport-bound,Airport Bus,77.475,77.075,0.4,improved
G_016_012,BUSSTOP_OUT::95019,AFT CHANGI AIRPORT TER 2,airport_bus,Airport-bound,Airport Bus,67.196,65.796,1.4,improved
G_016_012,BUSSTOP_OUT::95029,CHANGI AIRPORT TER 1,airport_bus,Airport-bound,Airport Bus,66.45,65.05,1.4,improved
G_016_012,BUSSTOP_OUT::95109,CHANGI AIRPORT TER 3,airport_bus,Airport-bound,Airport Bus,63.469,62.069,1.4,improved
G_016_012,BUSSTOP_OUT::95129,CHANGI AIRPORT TER 2,airport_bus,Airport-bound,Airport Bus,63.469,62.069,1.4,improved
G_016_012,BUSSTOP_OUT::95151,AIRPORT POLICE STN,airport_bus,Airport-bound,Airport Bus,75.612,75.212,0.4,improved
G_016_012,BUSSTOP_OUT::95159,NEAR SATS FLIGHT KITCHEN,airport_bus,Airport-bound,Airport Bus,70.177,68.777,1.4,improved
G_016_012,BUSSTOP_OUT::95209,CHANGI AIRPORT TER 4,airport_bus,Airport-bound,Airport Bus,73.159,71.759,1.4,improved
G_016_012,MRTHUB::Changi_Airport,Changi Airport,airport_mrt,Airport-bound,Airport Mrt,53.169,51.769,1.4,improved
G_016_012,BUSSTOP_OUT::03011,FULLERTON SQ,cbd_bus,CBD-bound,Cbd Bus,32.973,32.973,-0.0,unchanged
G_016_012,BUSSTOP_OUT::03019,OUE BAYFRONT,cbd_bus,CBD-bound,Cbd Bus,39.669,36.65,3.019,improved
G_016_012,BUSSTOP_OUT::03021,PRUDENTIAL TWR,cbd_bus,CBD-bound,Cbd Bus,30.737,30.737,-0.0,unchanged
G_016_012,BUSSTOP_OUT::03031,RAFFLES PL STN EXIT F,cbd_bus,CBD-bound,Cbd Bus,31.11,31.11,-0.0,unchanged
G_016_012,BUSSTOP_OUT::03041,TELOK AYER STN EXIT A,cbd_bus,CBD-bound,Cbd Bus,36.469,31.023,5.446,improved
G_016_012,BUSSTOP_OUT::03059,ONE RAFFLES QUAY,cbd_bus,CBD-bound,Cbd Bus,35.796,35.796,-0.0,unchanged
G_016_012,BUSSTOP_OUT::03071,OPP SO SOFITEL S'PORE,cbd_bus,CBD-bound,Cbd Bus,29.991,29.991,-0.0,unchanged
G_016_012,BUSSTOP_OUT::03111,AFT CAPITAL TWR,cbd_bus,CBD-bound,Cbd Bus,28.873,28.873,-0.0,unchanged
G_016_012,BUSSTOP_OUT::03129,UIC BLDG,cbd_bus,CBD-bound,Cbd Bus,35.469,35.069,0.4,improved
G_016_012,BUSSTOP_OUT::03151,AFT TELOK AYER ST,cbd_bus,CBD-bound,Cbd Bus,28.874,28.874,-0.0,unchanged
G_016_012,BUSSTOP_OUT::03217,AFT STRAITS BLVD,cbd_bus,CBD-bound,Cbd Bus,35.469,27.669,7.8,improved
G_016_012,BUSSTOP_OUT::03218,OPP MAS BLDG,cbd_bus,CBD-bound,Cbd Bus,35.469,27.669,7.8,improved
G_016_012,BUSSTOP_OUT::03222,HUB SYNERGY PT,cbd_bus,CBD-bound,Cbd Bus,26.264,26.264,-0.0,unchanged
G_016_012,BUSSTOP_OUT::03223,TANJONG PAGAR STN EXIT C,cbd_bus,CBD-bound,Cbd Bus,27.383,27.383,-0.0,unchanged
G_016_012,BUSSTOP_OUT::03239,SHENTON WAY TER,cbd_bus,CBD-bound,Cbd Bus,35.469,27.669,7.8,improved
G_016_012,BUSSTOP_OUT::03241,MAPLETREE ANSON,cbd_bus,CBD-bound,Cbd Bus,35.469,27.669,7.8,improved
G_016_012,BUSSTOP_OUT::03381,THE SAIL,cbd_bus,CBD-bound,Cbd Bus,32.227,32.227,-0.0,unchanged
G_016_012,BUSSTOP_OUT::03391,MARINA BAY FINANCIAL CTR,cbd_bus,CBD-bound,Cbd Bus,32.972,32.972,-0.0,unchanged
G_016_012,BUSSTOP_OUT::03501,MARINA BAY SANDS THEATRE,cbd_bus,CBD-bound,Cbd Bus,37.072,32.869,4.203,improved
G_016_012,BUSSTOP_OUT::03509,BAYFRONT STN EXIT B/MBS,cbd_bus,CBD-bound,Cbd Bus,40.669,32.869,7.8,improved
G_016_012,BUSSTOP_OUT::03511,AFT BAYFRONT STN EXIT E,cbd_bus,CBD-bound,Cbd Bus,35.581,32.869,2.712,improved
G_016_012,BUSSTOP_OUT::03519,BAYFRONT STN EXIT A,cbd_bus,CBD-bound,Cbd Bus,40.669,32.869,7.8,improved
G_016_012,BUSSTOP_OUT::03529,DOWNTOWN STN,cbd_bus,CBD-bound,Cbd Bus,36.469,33.36,3.109,improved
G_016_012,BUSSTOP_OUT::03539,Marina Bay Stn,cbd_bus,CBD-bound,Cbd Bus,37.469,31.869,5.6,improved
G_016_012,BUSSTOP_OUT::05269,MAXWELL RD FC,cbd_bus,CBD-bound,Cbd Bus,35.132,35.132,-0.0,unchanged
G_016_012,BUSSTOP_OUT::05319,OCBC CTR,cbd_bus,CBD-bound,Cbd Bus,33.56,33.56,-0.0,unchanged
G_016_012,BUSSTOP_OUT::05411,TG PAGAR PLAZA,cbd_bus,CBD-bound,Cbd Bus,32.329,27.904,4.425,improved
G_016_012,BUSSTOP_OUT::05419,THE AMARA,cbd_bus,CBD-bound,Cbd Bus,36.587,36.587,-0.0,unchanged
G_016_012,BUSSTOP_OUT::05431,TOWER 15,cbd_bus,CBD-bound,Cbd Bus,37.332,37.332,-0.0,unchanged
G_016_012,BUSSTOP_OUT::05629,OPP STH PT,cbd_bus,CBD-bound,Cbd Bus,32.245,26.414,5.831,improved
G_016_012,BUSSTOP_OUT::05651,OPP FUJI XEROX TWRS,cbd_bus,CBD-bound,Cbd Bus,31.584,27.159,4.425,improved
G_016_012,MRTHUB::Bayfront,Bayfront,cbd_mrt,CBD-bound,Cbd Mrt,30.369,22.569,7.8,improved
G_016_012,MRTHUB::Downtown,Downtown,cbd_mrt,CBD-bound,Cbd Mrt,27.169,25.769,1.4,improved
G_016_012,MRTHUB::Marina_Bay,Marina Bay,cbd_mrt,CBD-bound,Cbd Mrt,29.369,21.569,7.8,improved
G_016_012,MRTHUB::Maxwell,Maxwell,cbd_mrt,CBD-bound,Cbd Mrt,25.169,25.169,-0.0,unchanged
G_016_012,MRTHUB::Raffles_Place,Raffles Place,cbd_mrt,CBD-bound,Cbd Mrt,29.369,26.969,2.4,improved
G_016_012,MRTHUB::Shenton_Way,Shenton Way,cbd_mrt,CBD-bound,Cbd Mrt,26.169,24.769,1.4,improved
G_016_012,MRTHUB::Tanjong_Pagar,Tanjong Pagar,cbd_mrt,CBD-bound,Cbd Mrt,25.169,25.169,-0.0,unchanged
G_016_013,BUSSTOP_OUT::95011,AFT AIRCRAFT FLYOVER,airport_bus,Airport-bound,Airport Bus,74.1,73.7,0.4,improved
G_016_013,BUSSTOP_OUT::95019,AFT CHANGI AIRPORT TER 2,airport_bus,Airport-bound,Airport Bus,63.821,62.421,1.4,improved
G_016_013,BUSSTOP_OUT::95029,CHANGI AIRPORT TER 1,airport_bus,Airport-bound,Airport Bus,63.075,61.675,1.4,improved
G_016_013,BUSSTOP_OUT::95109,CHANGI AIRPORT TER 3,airport_bus,Airport-bound,Airport Bus,60.094,58.694,1.4,improved
G_016_013,BUSSTOP_OUT::95129,CHANGI AIRPORT TER 2,airport_bus,Airport-bound,Airport Bus,60.094,58.694,1.4,improved
G_016_013,BUSSTOP_OUT::95151,AIRPORT POLICE STN,airport_bus,Airport-bound,Airport Bus,72.237,71.837,0.4,improved
G_016_013,BUSSTOP_OUT::95159,NEAR SATS FLIGHT KITCHEN,airport_bus,Airport-bound,Airport Bus,66.802,65.402,1.4,improved
G_016_013,BUSSTOP_OUT::95209,CHANGI AIRPORT TER 4,airport_bus,Airport-bound,Airport Bus,69.784,68.384,1.4,improved
G_016_013,MRTHUB::Changi_Airport,Changi Airport,airport_mrt,Airport-bound,Airport Mrt,49.794,48.394,1.4,improved
G_016_013,BUSSTOP_OUT::03011,FULLERTON SQ,cbd_bus,CBD-bound,Cbd Bus,28.426,28.426,-0.0,unchanged
G_016_013,BUSSTOP_OUT::03019,OUE BAYFRONT,cbd_bus,CBD-bound,Cbd Bus,36.294,33.275,3.019,improved
G_016_013,BUSSTOP_OUT::03021,PRUDENTIAL TWR,cbd_bus,CBD-bound,Cbd Bus,26.19,26.19,-0.0,unchanged
G_016_013,BUSSTOP_OUT::03031,RAFFLES PL STN EXIT F,cbd_bus,CBD-bound,Cbd Bus,26.563,26.563,-0.0,unchanged
G_016_013,BUSSTOP_OUT::03041,TELOK AYER STN EXIT A,cbd_bus,CBD-bound,Cbd Bus,33.094,27.648,5.446,improved
G_016_013,BUSSTOP_OUT::03059,ONE RAFFLES QUAY,cbd_bus,CBD-bound,Cbd Bus,32.421,32.421,-0.0,unchanged
G_016_013,BUSSTOP_OUT::03071,OPP SO SOFITEL S'PORE,cbd_bus,CBD-bound,Cbd Bus,25.445,25.445,-0.0,unchanged
G_016_013,BUSSTOP_OUT::03111,AFT CAPITAL TWR,cbd_bus,CBD-bound,Cbd Bus,24.327,24.327,-0.0,unchanged
G_016_013,BUSSTOP_OUT::03129,UIC BLDG,cbd_bus,CBD-bound,Cbd Bus,32.094,31.694,0.4,improved
G_016_013,BUSSTOP_OUT::03151,AFT TELOK AYER ST,cbd_bus,CBD-bound,Cbd Bus,24.327,24.327,-0.0,unchanged
G_016_013,BUSSTOP_OUT::03217,AFT STRAITS BLVD,cbd_bus,CBD-bound,Cbd Bus,32.094,24.294,7.8,improved
G_016_013,BUSSTOP_OUT::03218,OPP MAS BLDG,cbd_bus,CBD-bound,Cbd Bus,31.799,24.294,7.505,improved
G_016_013,BUSSTOP_OUT::03222,HUB SYNERGY PT,cbd_bus,CBD-bound,Cbd Bus,21.718,21.718,-0.0,unchanged
G_016_013,BUSSTOP_OUT::03223,TANJONG PAGAR STN EXIT C,cbd_bus,CBD-bound,Cbd Bus,22.836,22.836,-0.0,unchanged
G_016_013,BUSSTOP_OUT::03239,SHENTON WAY TER,cbd_bus,CBD-bound,Cbd Bus,32.094,24.294,7.8,improved
G_016_013,BUSSTOP_OUT::03241,MAPLETREE ANSON,cbd_bus,CBD-bound,Cbd Bus,32.094,24.294,7.8,improved
G_016_013,BUSSTOP_OUT::03381,THE SAIL,cbd_bus,CBD-bound,Cbd Bus,27.681,27.681,-0.0,unchanged
G_016_013,BUSSTOP_OUT::03391,MARINA BAY FINANCIAL CTR,cbd_bus,CBD-bound,Cbd Bus,28.426,28.426,-0.0,unchanged
G_016_013,BUSSTOP_OUT::03501,MARINA BAY SANDS THEATRE,cbd_bus,CBD-bound,Cbd Bus,32.526,29.494,3.032,improved
G_016_013,BUSSTOP_OUT::03509,BAYFRONT STN EXIT B/MBS,cbd_bus,CBD-bound,Cbd Bus,37.294,29.494,7.8,improved
G_016_013,BUSSTOP_OUT::03511,AFT BAYFRONT STN EXIT E,cbd_bus,CBD-bound,Cbd Bus,31.035,29.494,1.541,improved
G_016_013,BUSSTOP_OUT::03519,BAYFRONT STN EXIT A,cbd_bus,CBD-bound,Cbd Bus,37.294,29.494,7.8,improved
G_016_013,BUSSTOP_OUT::03529,DOWNTOWN STN,cbd_bus,CBD-bound,Cbd Bus,33.094,29.985,3.109,improved
G_016_013,BUSSTOP_OUT::03539,Marina Bay Stn,cbd_bus,CBD-bound,Cbd Bus,34.094,28.494,5.6,improved
G_016_013,BUSSTOP_OUT::05269,MAXWELL RD FC,cbd_bus,CBD-bound,Cbd Bus,31.757,31.757,-0.0,unchanged
G_016_013,BUSSTOP_OUT::05319,OCBC CTR,cbd_bus,CBD-bound,Cbd Bus,30.185,30.185,-0.0,unchanged
G_016_013,BUSSTOP_OUT::05411,TG PAGAR PLAZA,cbd_bus,CBD-bound,Cbd Bus,28.817,24.529,4.288,improved
G_016_013,BUSSTOP_OUT::05419,THE AMARA,cbd_bus,CBD-bound,Cbd Bus,33.212,33.212,-0.0,unchanged
G_016_013,BUSSTOP_OUT::05431,TOWER 15,cbd_bus,CBD-bound,Cbd Bus,33.957,33.957,-0.0,unchanged
G_016_013,BUSSTOP_OUT::05629,OPP STH PT,cbd_bus,CBD-bound,Cbd Bus,27.699,23.039,4.66,improved
G_016_013,BUSSTOP_OUT::05651,OPP FUJI XEROX TWRS,cbd_bus,CBD-bound,Cbd Bus,28.072,23.784,4.288,improved
G_016_013,MRTHUB::Bayfront,Bayfront,cbd_mrt,CBD-bound,Cbd Mrt,26.994,19.194,7.8,improved
G_016_013,MRTHUB::Downtown,Downtown,cbd_mrt,CBD-bound,Cbd Mrt,23.794,22.394,1.4,improved
G_016_013,MRTHUB::Marina_Bay,Marina Bay,cbd_mrt,CBD-bound,Cbd Mrt,25.994,18.194,7.8,improved
G_016_013,MRTHUB::Maxwell,Maxwell,cbd_mrt,CBD-bound,Cbd Mrt,21.794,21.794,-0.0,unchanged
G_016_013,MRTHUB::Raffles_Place,Raffles Place,cbd_mrt,CBD-bound,Cbd Mrt,25.994,23.594,2.4,improved
G_016_013,MRTHUB::Shenton_Way,Shenton Way,cbd_mrt,CBD-bound,Cbd Mrt,22.794,21.394,1.4,improved
G_016_013,MRTHUB::Tanjong_Pagar,Tanjong Pagar,cbd_mrt,CBD-bound,Cbd Mrt,21.794,21.794,-0.0,unchanged
G_016_014,BUSSTOP_OUT::95011,AFT AIRCRAFT FLYOVER,airport_bus,Airport-bound,Airport Bus,74.549,74.149,0.4,improved
G_016_014,BUSSTOP_OUT::95019,AFT CHANGI AIRPORT TER 2,airport_bus,Airport-bound,Airport Bus,64.27,62.87,1.4,improved
G_016_014,BUSSTOP_OUT::95029,CHANGI AIRPORT TER 1,airport_bus,Airport-bound,Airport Bus,63.524,62.124,1.4,improved
G_016_014,BUSSTOP_OUT::95109,CHANGI AIRPORT TER 3,airport_bus,Airport-bound,Airport Bus,60.543,59.143,1.4,improved
G_016_014,BUSSTOP_OUT::95129,CHANGI AIRPORT TER 2,airport_bus,Airport-bound,Airport Bus,60.543,59.143,1.4,improved
G_016_014,BUSSTOP_OUT::95151,AIRPORT POLICE STN,airport_bus,Airport-bound,Airport Bus,72.686,72.286,0.4,improved
G_016_014,BUSSTOP_OUT::95159,NEAR SATS FLIGHT KITCHEN,airport_bus,Airport-bound,Airport Bus,67.251,65.851,1.4,improved
G_016_014,BUSSTOP_OUT::95209,CHANGI AIRPORT TER 4,airport_bus,Airport-bound,Airport Bus,70.233,68.833,1.4,improved
G_016_014,MRTHUB::Changi_Airport,Changi Airport,airport_mrt,Airport-bound,Airport Mrt,50.243,48.843,1.4,improved
G_016_014,BUSSTOP_OUT::03011,FULLERTON SQ,cbd_bus,CBD-bound,Cbd Bus,27.794,27.794,-0.0,unchanged
G_016_014,BUSSTOP_OUT::03019,OUE BAYFRONT,cbd_bus,CBD-bound,Cbd Bus,36.743,33.724,3.019,improved
G_016_014,BUSSTOP_OUT::03021,PRUDENTIAL TWR,cbd_bus,CBD-bound,Cbd Bus,25.558,25.558,-0.0,unchanged
G_016_014,BUSSTOP_OUT::03031,RAFFLES PL STN EXIT F,cbd_bus,CBD-bound,Cbd Bus,25.931,25.931,-0.0,unchanged
G_016_014,BUSSTOP_OUT::03041,TELOK AYER STN EXIT A,cbd_bus,CBD-bound,Cbd Bus,32.658,28.097,4.561,improved
G_016_014,BUSSTOP_OUT::03059,ONE RAFFLES QUAY,cbd_bus,CBD-bound,Cbd Bus,32.87,32.87,-0.0,unchanged
G_016_014,BUSSTOP_OUT::03071,OPP SO SOFITEL S'PORE,cbd_bus,CBD-bound,Cbd Bus,24.813,24.813,-0.0,unchanged
G_016_014,BUSSTOP_OUT::03111,AFT CAPITAL TWR,cbd_bus,CBD-bound,Cbd Bus,23.695,23.695,-0.0,unchanged
G_016_014,BUSSTOP_OUT::03129,UIC BLDG,cbd_bus,CBD-bound,Cbd Bus,32.543,32.143,0.4,improved
G_016_014,BUSSTOP_OUT::03151,AFT TELOK AYER ST,cbd_bus,CBD-bound,Cbd Bus,23.695,23.695,-0.0,unchanged
G_016_014,BUSSTOP_OUT::03217,AFT STRAITS BLVD,cbd_bus,CBD-bound,Cbd Bus,32.543,24.743,7.8,improved
G_016_014,BUSSTOP_OUT::03218,OPP MAS BLDG,cbd_bus,CBD-bound,Cbd Bus,31.167,24.743,6.424,improved
G_016_014,BUSSTOP_OUT::03222,HUB SYNERGY PT,cbd_bus,CBD-bound,Cbd Bus,21.086,21.086,-0.0,unchanged
G_016_014,BUSSTOP_OUT::03223,TANJONG PAGAR STN EXIT C,cbd_bus,CBD-bound,Cbd Bus,22.204,22.204,-0.0,unchanged
G_016_014,BUSSTOP_OUT::03239,SHENTON WAY TER,cbd_bus,CBD-bound,Cbd Bus,31.912,24.743,7.169,improved
G_016_014,BUSSTOP_OUT::03241,MAPLETREE ANSON,cbd_bus,CBD-bound,Cbd Bus,32.543,24.743,7.8,improved
G_016_014,BUSSTOP_OUT::03381,THE SAIL,cbd_bus,CBD-bound,Cbd Bus,27.049,27.049,-0.0,unchanged
G_016_014,BUSSTOP_OUT::03391,MARINA BAY FINANCIAL CTR,cbd_bus,CBD-bound,Cbd Bus,27.794,27.794,-0.0,unchanged
G_016_014,BUSSTOP_OUT::03501,MARINA BAY SANDS THEATRE,cbd_bus,CBD-bound,Cbd Bus,31.894,29.943,1.951,improved
G_016_014,BUSSTOP_OUT::03509,BAYFRONT STN EXIT B/MBS,cbd_bus,CBD-bound,Cbd Bus,37.743,29.943,7.8,improved
G_016_014,BUSSTOP_OUT::03511,AFT BAYFRONT STN EXIT E,cbd_bus,CBD-bound,Cbd Bus,30.403,29.943,0.46,improved
G_016_014,BUSSTOP_OUT::03519,BAYFRONT STN EXIT A,cbd_bus,CBD-bound,Cbd Bus,37.743,29.943,7.8,improved
G_016_014,BUSSTOP_OUT::03529,DOWNTOWN STN,cbd_bus,CBD-bound,Cbd Bus,33.543,30.434,3.109,improved
G_016_014,BUSSTOP_OUT::03539,Marina Bay Stn,cbd_bus,CBD-bound,Cbd Bus,34.543,28.943,5.6,improved
G_016_014,BUSSTOP_OUT::05269,MAXWELL RD FC,cbd_bus,CBD-bound,Cbd Bus,32.206,32.206,-0.0,unchanged
G_016_014,BUSSTOP_OUT::05319,OCBC CTR,cbd_bus,CBD-bound,Cbd Bus,30.634,30.634,-0.0,unchanged
G_016_014,BUSSTOP_OUT::05411,TG PAGAR PLAZA,cbd_bus,CBD-bound,Cbd Bus,28.185,24.978,3.207,improved
G_016_014,BUSSTOP_OUT::05419,THE AMARA,cbd_bus,CBD-bound,Cbd Bus,33.661,33.661,-0.0,unchanged
G_016_014,BUSSTOP_OUT::05431,TOWER 15,cbd_bus,CBD-bound,Cbd Bus,34.406,34.406,-0.0,unchanged
G_016_014,BUSSTOP_OUT::05629,OPP STH PT,cbd_bus,CBD-bound,Cbd Bus,27.067,23.488,3.579,improved
G_016_014,BUSSTOP_OUT::05651,OPP FUJI XEROX TWRS,cbd_bus,CBD-bound,Cbd Bus,27.44,24.233,3.207,improved
G_016_014,MRTHUB::Bayfront,Bayfront,cbd_mrt,CBD-bound,Cbd Mrt,27.443,19.643,7.8,improved
G_016_014,MRTHUB::Downtown,Downtown,cbd_mrt,CBD-bound,Cbd Mrt,24.243,22.843,1.4,improved
G_016_014,MRTHUB::Marina_Bay,Marina Bay,cbd_mrt,CBD-bound,Cbd Mrt,26.443,18.643,7.8,improved
G_016_014,MRTHUB::Maxwell,Maxwell,cbd_mrt,CBD-bound,Cbd Mrt,22.243,22.243,-0.0,unchanged
G_016_014,MRTHUB::Raffles_Place,Raffles Place,cbd_mrt,CBD-bound,Cbd Mrt,26.443,24.043,2.4,improved
G_016_014,MRTHUB::Shenton_Way,Shenton Way,cbd_mrt,CBD-bound,Cbd Mrt,23.243,21.843,1.4,improved
G_016_014,MRTHUB::Tanjong_Pagar,Tanjong Pagar,cbd_mrt,CBD-bound,Cbd Mrt,22.243,22.243,-0.0,unchanged
G_017_008,BUSSTOP_OUT::95011,AFT AIRCRAFT FLYOVER,airport_bus,Airport-bound,Airport Bus,82.221,82.221,-0.0,unchanged
G_017_008,BUSSTOP_OUT::95019,AFT CHANGI AIRPORT TER 2,airport_bus,Airport-bound,Airport Bus,70.778,70.778,-0.0,unchanged
G_017_008,BUSSTOP_OUT::95029,CHANGI AIRPORT TER 1,airport_bus,Airport-bound,Airport Bus,70.032,70.032,-0.0,unchanged
G_017_008,BUSSTOP_OUT::95109,CHANGI AIRPORT TER 3,airport_bus,Airport-bound,Airport Bus,67.051,67.051,-0.0,unchanged
G_017_008,BUSSTOP_OUT::95129,CHANGI AIRPORT TER 2,airport_bus,Airport-bound,Airport Bus,67.051,67.051,-0.0,unchanged
G_017_008,BUSSTOP_OUT::95151,AIRPORT POLICE STN,airport_bus,Airport-bound,Airport Bus,80.358,80.358,-0.0,unchanged
G_017_008,BUSSTOP_OUT::95159,NEAR SATS FLIGHT KITCHEN,airport_bus,Airport-bound,Airport Bus,73.759,73.759,-0.0,unchanged
G_017_008,BUSSTOP_OUT::95209,CHANGI AIRPORT TER 4,airport_bus,Airport-bound,Airport Bus,76.741,76.741,-0.0,unchanged
G_017_008,MRTHUB::Changi_Airport,Changi Airport,airport_mrt,Airport-bound,Airport Mrt,56.751,56.751,-0.0,unchanged
G_017_008,BUSSTOP_OUT::03011,FULLERTON SQ,cbd_bus,CBD-bound,Cbd Bus,36.87,36.87,-0.0,unchanged
G_017_008,BUSSTOP_OUT::03019,OUE BAYFRONT,cbd_bus,CBD-bound,Cbd Bus,43.251,43.251,-0.0,unchanged
G_017_008,BUSSTOP_OUT::03021,PRUDENTIAL TWR,cbd_bus,CBD-bound,Cbd Bus,34.634,34.634,-0.0,unchanged
G_017_008,BUSSTOP_OUT::03031,RAFFLES PL STN EXIT F,cbd_bus,CBD-bound,Cbd Bus,35.615,35.615,-0.0,unchanged
G_017_008,BUSSTOP_OUT::03041,TELOK AYER STN EXIT A,cbd_bus,CBD-bound,Cbd Bus,40.914,40.914,-0.0,unchanged
G_017_008,BUSSTOP_OUT::03059,ONE RAFFLES QUAY,cbd_bus,CBD-bound,Cbd Bus,41.596,41.596,-0.0,unchanged
G_017_008,BUSSTOP_OUT::03071,OPP SO SOFITEL S'PORE,cbd_bus,CBD-bound,Cbd Bus,34.497,34.497,-0.0,unchanged
G_017_008,BUSSTOP_OUT::03111,AFT CAPITAL TWR,cbd_bus,CBD-bound,Cbd Bus,33.379,33.379,-0.0,unchanged
G_017_008,BUSSTOP_OUT::03129,UIC BLDG,cbd_bus,CBD-bound,Cbd Bus,39.051,39.051,-0.0,unchanged
G_017_008,BUSSTOP_OUT::03151,AFT TELOK AYER ST,cbd_bus,CBD-bound,Cbd Bus,32.771,32.771,-0.0,unchanged
G_017_008,BUSSTOP_OUT::03217,AFT STRAITS BLVD,cbd_bus,CBD-bound,Cbd Bus,39.051,38.519,0.532,improved
G_017_008,BUSSTOP_OUT::03218,OPP MAS BLDG,cbd_bus,CBD-bound,Cbd Bus,39.051,38.519,0.532,improved
G_017_008,BUSSTOP_OUT::03222,HUB SYNERGY PT,cbd_bus,CBD-bound,Cbd Bus,30.77,30.77,-0.0,unchanged
G_017_008,BUSSTOP_OUT::03223,TANJONG PAGAR STN EXIT C,cbd_bus,CBD-bound,Cbd Bus,31.28,31.28,-0.0,unchanged
G_017_008,BUSSTOP_OUT::03239,SHENTON WAY TER,cbd_bus,CBD-bound,Cbd Bus,39.051,38.519,0.532,improved
G_017_008,BUSSTOP_OUT::03241,MAPLETREE ANSON,cbd_bus,CBD-bound,Cbd Bus,39.051,38.519,0.532,improved
G_017_008,BUSSTOP_OUT::03381,THE SAIL,cbd_bus,CBD-bound,Cbd Bus,42.405,42.405,-0.0,unchanged
G_017_008,BUSSTOP_OUT::03391,MARINA BAY FINANCIAL CTR,cbd_bus,CBD-bound,Cbd Bus,43.15,43.15,-0.0,unchanged
G_017_008,BUSSTOP_OUT::03501,MARINA BAY SANDS THEATRE,cbd_bus,CBD-bound,Cbd Bus,47.25,43.719,3.531,improved
G_017_008,BUSSTOP_OUT::03509,BAYFRONT STN EXIT B/MBS,cbd_bus,CBD-bound,Cbd Bus,51.396,43.719,7.677,improved
G_017_008,BUSSTOP_OUT::03511,AFT BAYFRONT STN EXIT E,cbd_bus,CBD-bound,Cbd Bus,45.759,43.719,2.04,improved
G_017_008,BUSSTOP_OUT::03519,BAYFRONT STN EXIT A,cbd_bus,CBD-bound,Cbd Bus,51.396,43.719,7.677,improved
G_017_008,BUSSTOP_OUT::03529,DOWNTOWN STN,cbd_bus,CBD-bound,Cbd Bus,42.796,42.796,-0.0,unchanged
G_017_008,BUSSTOP_OUT::03539,Marina Bay Stn,cbd_bus,CBD-bound,Cbd Bus,45.996,42.719,3.277,improved
G_017_008,BUSSTOP_OUT::05269,MAXWELL RD FC,cbd_bus,CBD-bound,Cbd Bus,41.796,41.796,-0.0,unchanged
G_017_008,BUSSTOP_OUT::05319,OCBC CTR,cbd_bus,CBD-bound,Cbd Bus,39.36,39.36,-0.0,unchanged
G_017_008,BUSSTOP_OUT::05411,TG PAGAR PLAZA,cbd_bus,CBD-bound,Cbd Bus,35.985,35.985,-0.0,unchanged
G_017_008,BUSSTOP_OUT::05419,THE AMARA,cbd_bus,CBD-bound,Cbd Bus,40.169,40.169,-0.0,unchanged
G_017_008,BUSSTOP_OUT::05431,TOWER 15,cbd_bus,CBD-bound,Cbd Bus,40.914,40.914,-0.0,unchanged
G_017_008,BUSSTOP_OUT::05629,OPP STH PT,cbd_bus,CBD-bound,Cbd Bus,29.279,29.279,-0.0,unchanged
G_017_008,BUSSTOP_OUT::05651,OPP FUJI XEROX TWRS,cbd_bus,CBD-bound,Cbd Bus,35.24,35.24,-0.0,unchanged
G_017_008,MRTHUB::Bayfront,Bayfront,cbd_mrt,CBD-bound,Cbd Mrt,41.096,33.419,7.677,improved
G_017_008,MRTHUB::Downtown,Downtown,cbd_mrt,CBD-bound,Cbd Mrt,38.019,36.619,1.4,improved
G_017_008,MRTHUB::Marina_Bay,Marina Bay,cbd_mrt,CBD-bound,Cbd Mrt,35.696,32.419,3.277,improved
G_017_008,MRTHUB::Maxwell,Maxwell,cbd_mrt,CBD-bound,Cbd Mrt,31.496,31.496,-0.0,unchanged
G_017_008,MRTHUB::Raffles_Place,Raffles Place,cbd_mrt,CBD-bound,Cbd Mrt,32.951,32.951,-0.0,unchanged
G_017_008,MRTHUB::Shenton_Way,Shenton Way,cbd_mrt,CBD-bound,Cbd Mrt,32.496,32.496,-0.0,unchanged
G_017_008,MRTHUB::Tanjong_Pagar,Tanjong Pagar,cbd_mrt,CBD-bound,Cbd Mrt,28.751,28.751,-0.0,unchanged
G_017_009,BUSSTOP_OUT::95011,AFT AIRCRAFT FLYOVER,airport_bus,Airport-bound,Airport Bus,80.534,80.534,-0.0,unchanged
G_017_009,BUSSTOP_OUT::95019,AFT CHANGI AIRPORT TER 2,airport_bus,Airport-bound,Airport Bus,69.091,69.091,-0.0,unchanged
G_017_009,BUSSTOP_OUT::95029,CHANGI AIRPORT TER 1,airport_bus,Airport-bound,Airport Bus,68.345,68.345,-0.0,unchanged
G_017_009,BUSSTOP_OUT::95109,CHANGI AIRPORT TER 3,airport_bus,Airport-bound,Airport Bus,65.364,65.364,-0.0,unchanged
G_017_009,BUSSTOP_OUT::95129,CHANGI AIRPORT TER 2,airport_bus,Airport-bound,Airport Bus,65.364,65.364,-0.0,unchanged
G_017_009,BUSSTOP_OUT::95151,AIRPORT POLICE STN,airport_bus,Airport-bound,Airport Bus,78.671,78.671,-0.0,unchanged
G_017_009,BUSSTOP_OUT::95159,NEAR SATS FLIGHT KITCHEN,airport_bus,Airport-bound,Airport Bus,72.072,72.072,-0.0,unchanged
G_017_009,BUSSTOP_OUT::95209,CHANGI AIRPORT TER 4,airport_bus,Airport-bound,Airport Bus,75.054,75.054,-0.0,unchanged
G_017_009,MRTHUB::Changi_Airport,Changi Airport,airport_mrt,Airport-bound,Airport Mrt,55.064,55.064,-0.0,unchanged
G_017_009,BUSSTOP_OUT::03011,FULLERTON SQ,cbd_bus,CBD-bound,Cbd Bus,34.36,34.36,-0.0,unchanged
G_017_009,BUSSTOP_OUT::03019,OUE BAYFRONT,cbd_bus,CBD-bound,Cbd Bus,41.564,41.564,-0.0,unchanged
G_017_009,BUSSTOP_OUT::03021,PRUDENTIAL TWR,cbd_bus,CBD-bound,Cbd Bus,32.124,32.124,-0.0,unchanged
G_017_009,BUSSTOP_OUT::03031,RAFFLES PL STN EXIT F,cbd_bus,CBD-bound,Cbd Bus,33.008,33.008,-0.0,unchanged
G_017_009,BUSSTOP_OUT::03041,TELOK AYER STN EXIT A,cbd_bus,CBD-bound,Cbd Bus,39.224,39.224,-0.0,unchanged
G_017_009,BUSSTOP_OUT::03059,ONE RAFFLES QUAY,cbd_bus,CBD-bound,Cbd Bus,38.989,38.989,-0.0,unchanged
G_017_009,BUSSTOP_OUT::03071,OPP SO SOFITEL S'PORE,cbd_bus,CBD-bound,Cbd Bus,31.89,31.89,-0.0,unchanged
G_017_009,BUSSTOP_OUT::03111,AFT CAPITAL TWR,cbd_bus,CBD-bound,Cbd Bus,30.772,30.772,-0.0,unchanged
G_017_009,BUSSTOP_OUT::03129,UIC BLDG,cbd_bus,CBD-bound,Cbd Bus,37.364,37.364,-0.0,unchanged
G_017_009,BUSSTOP_OUT::03151,AFT TELOK AYER ST,cbd_bus,CBD-bound,Cbd Bus,30.261,30.261,-0.0,unchanged
G_017_009,BUSSTOP_OUT::03217,AFT STRAITS BLVD,cbd_bus,CBD-bound,Cbd Bus,37.364,36.009,1.355,improved
G_017_009,BUSSTOP_OUT::03218,OPP MAS BLDG,cbd_bus,CBD-bound,Cbd Bus,37.364,36.009,1.355,improved
G_017_009,BUSSTOP_OUT::03222,HUB SYNERGY PT,cbd_bus,CBD-bound,Cbd Bus,28.163,28.163,-0.0,unchanged
G_017_009,BUSSTOP_OUT::03223,TANJONG PAGAR STN EXIT C,cbd_bus,CBD-bound,Cbd Bus,28.77,28.77,-0.0,unchanged
G_017_009,BUSSTOP_OUT::03239,SHENTON WAY TER,cbd_bus,CBD-bound,Cbd Bus,37.364,36.009,1.355,improved
G_017_009,BUSSTOP_OUT::03241,MAPLETREE ANSON,cbd_bus,CBD-bound,Cbd Bus,37.364,36.009,1.355,improved
G_017_009,BUSSTOP_OUT::03381,THE SAIL,cbd_bus,CBD-bound,Cbd Bus,40.714,40.714,-0.0,unchanged
G_017_009,BUSSTOP_OUT::03391,MARINA BAY FINANCIAL CTR,cbd_bus,CBD-bound,Cbd Bus,41.459,41.459,-0.0,unchanged
G_017_009,BUSSTOP_OUT::03501,MARINA BAY SANDS THEATRE,cbd_bus,CBD-bound,Cbd Bus,45.559,41.209,4.35,improved
G_017_009,BUSSTOP_OUT::03509,BAYFRONT STN EXIT B/MBS,cbd_bus,CBD-bound,Cbd Bus,48.789,41.209,7.58,improved
G_017_009,BUSSTOP_OUT::03511,AFT BAYFRONT STN EXIT E,cbd_bus,CBD-bound,Cbd Bus,44.068,41.209,2.859,improved
G_017_009,BUSSTOP_OUT::03519,BAYFRONT STN EXIT A,cbd_bus,CBD-bound,Cbd Bus,48.789,41.209,7.58,improved
G_017_009,BUSSTOP_OUT::03529,DOWNTOWN STN,cbd_bus,CBD-bound,Cbd Bus,40.189,40.189,-0.0,unchanged
G_017_009,BUSSTOP_OUT::03539,Marina Bay Stn,cbd_bus,CBD-bound,Cbd Bus,43.389,40.209,3.18,improved
G_017_009,BUSSTOP_OUT::05269,MAXWELL RD FC,cbd_bus,CBD-bound,Cbd Bus,39.189,39.189,-0.0,unchanged
G_017_009,BUSSTOP_OUT::05319,OCBC CTR,cbd_bus,CBD-bound,Cbd Bus,36.753,36.753,-0.0,unchanged
G_017_009,BUSSTOP_OUT::05411,TG PAGAR PLAZA,cbd_bus,CBD-bound,Cbd Bus,33.378,33.378,-0.0,unchanged
G_017_009,BUSSTOP_OUT::05419,THE AMARA,cbd_bus,CBD-bound,Cbd Bus,38.482,38.482,-0.0,unchanged
G_017_009,BUSSTOP_OUT::05431,TOWER 15,cbd_bus,CBD-bound,Cbd Bus,39.227,39.227,-0.0,unchanged
G_017_009,BUSSTOP_OUT::05629,OPP STH PT,cbd_bus,CBD-bound,Cbd Bus,26.672,26.672,-0.0,unchanged
G_017_009,BUSSTOP_OUT::05651,OPP FUJI XEROX TWRS,cbd_bus,CBD-bound,Cbd Bus,32.633,32.633,-0.0,unchanged
G_017_009,MRTHUB::Bayfront,Bayfront,cbd_mrt,CBD-bound,Cbd Mrt,38.489,30.909,7.58,improved
G_017_009,MRTHUB::Downtown,Downtown,cbd_mrt,CBD-bound,Cbd Mrt,35.509,34.109,1.4,improved
G_017_009,MRTHUB::Marina_Bay,Marina Bay,cbd_mrt,CBD-bound,Cbd Mrt,33.089,29.909,3.18,improved
G_017_009,MRTHUB::Maxwell,Maxwell,cbd_mrt,CBD-bound,Cbd Mrt,28.889,28.889,-0.0,unchanged
G_017_009,MRTHUB::Raffles_Place,Raffles Place,cbd_mrt,CBD-bound,Cbd Mrt,31.264,31.264,-0.0,unchanged
G_017_009,MRTHUB::Shenton_Way,Shenton Way,cbd_mrt,CBD-bound,Cbd Mrt,29.889,29.889,-0.0,unchanged
G_017_009,MRTHUB::Tanjong_Pagar,Tanjong Pagar,cbd_mrt,CBD-bound,Cbd Mrt,27.064,27.064,-0.0,unchanged
G_017_010,BUSSTOP_OUT::95011,AFT AIRCRAFT FLYOVER,airport_bus,Airport-bound,Airport Bus,82.333,82.333,-0.0,unchanged
G_017_010,BUSSTOP_OUT::95019,AFT CHANGI AIRPORT TER 2,airport_bus,Airport-bound,Airport Bus,70.89,70.89,-0.0,unchanged
G_017_010,BUSSTOP_OUT::95029,CHANGI AIRPORT TER 1,airport_bus,Airport-bound,Airport Bus,70.144,70.144,-0.0,unchanged
G_017_010,BUSSTOP_OUT::95109,CHANGI AIRPORT TER 3,airport_bus,Airport-bound,Airport Bus,67.163,67.163,-0.0,unchanged
G_017_010,BUSSTOP_OUT::95129,CHANGI AIRPORT TER 2,airport_bus,Airport-bound,Airport Bus,67.163,67.163,-0.0,unchanged
G_017_010,BUSSTOP_OUT::95151,AIRPORT POLICE STN,airport_bus,Airport-bound,Airport Bus,80.47,80.47,-0.0,unchanged
G_017_010,BUSSTOP_OUT::95159,NEAR SATS FLIGHT KITCHEN,airport_bus,Airport-bound,Airport Bus,73.871,73.871,-0.0,unchanged
G_017_010,BUSSTOP_OUT::95209,CHANGI AIRPORT TER 4,airport_bus,Airport-bound,Airport Bus,76.853,76.853,-0.0,unchanged
G_017_010,MRTHUB::Changi_Airport,Changi Airport,airport_mrt,Airport-bound,Airport Mrt,56.863,56.863,-0.0,unchanged
G_017_010,BUSSTOP_OUT::03011,FULLERTON SQ,cbd_bus,CBD-bound,Cbd Bus,36.159,36.159,-0.0,unchanged
G_017_010,BUSSTOP_OUT::03019,OUE BAYFRONT,cbd_bus,CBD-bound,Cbd Bus,43.363,43.363,-0.0,unchanged
G_017_010,BUSSTOP_OUT::03021,PRUDENTIAL TWR,cbd_bus,CBD-bound,Cbd Bus,33.923,33.923,-0.0,unchanged
G_017_010,BUSSTOP_OUT::03031,RAFFLES PL STN EXIT F,cbd_bus,CBD-bound,Cbd Bus,35.679,35.679,-0.0,unchanged
G_017_010,BUSSTOP_OUT::03041,TELOK AYER STN EXIT A,cbd_bus,CBD-bound,Cbd Bus,41.023,40.941,0.082,improved
G_017_010,BUSSTOP_OUT::03059,ONE RAFFLES QUAY,cbd_bus,CBD-bound,Cbd Bus,41.66,41.66,-0.0,unchanged
G_017_010,BUSSTOP_OUT::03071,OPP SO SOFITEL S'PORE,cbd_bus,CBD-bound,Cbd Bus,34.561,34.561,-0.0,unchanged
G_017_010,BUSSTOP_OUT::03111,AFT CAPITAL TWR,cbd_bus,CBD-bound,Cbd Bus,33.443,33.443,-0.0,unchanged
G_017_010,BUSSTOP_OUT::03129,UIC BLDG,cbd_bus,CBD-bound,Cbd Bus,39.163,39.163,-0.0,unchanged
G_017_010,BUSSTOP_OUT::03151,AFT TELOK AYER ST,cbd_bus,CBD-bound,Cbd Bus,32.06,32.06,-0.0,unchanged
G_017_010,BUSSTOP_OUT::03217,AFT STRAITS BLVD,cbd_bus,CBD-bound,Cbd Bus,39.163,37.587,1.576,improved
G_017_010,BUSSTOP_OUT::03218,OPP MAS BLDG,cbd_bus,CBD-bound,Cbd Bus,39.163,37.587,1.576,improved
G_017_010,BUSSTOP_OUT::03222,HUB SYNERGY PT,cbd_bus,CBD-bound,Cbd Bus,30.834,30.834,-0.0,unchanged
G_017_010,BUSSTOP_OUT::03223,TANJONG PAGAR STN EXIT C,cbd_bus,CBD-bound,Cbd Bus,30.569,30.569,-0.0,unchanged
G_017_010,BUSSTOP_OUT::03239,SHENTON WAY TER,cbd_bus,CBD-bound,Cbd Bus,39.163,37.587,1.576,improved
G_017_010,BUSSTOP_OUT::03241,MAPLETREE ANSON,cbd_bus,CBD-bound,Cbd Bus,39.163,37.587,1.576,improved
G_017_010,BUSSTOP_OUT::03381,THE SAIL,cbd_bus,CBD-bound,Cbd Bus,42.513,42.432,0.081,improved
G_017_010,BUSSTOP_OUT::03391,MARINA BAY FINANCIAL CTR,cbd_bus,CBD-bound,Cbd Bus,43.258,43.177,0.081,improved
G_017_010,BUSSTOP_OUT::03501,MARINA BAY SANDS THEATRE,cbd_bus,CBD-bound,Cbd Bus,47.358,42.787,4.571,improved
G_017_010,BUSSTOP_OUT::03509,BAYFRONT STN EXIT B/MBS,cbd_bus,CBD-bound,Cbd Bus,50.587,42.787,7.8,improved
G_017_010,BUSSTOP_OUT::03511,AFT BAYFRONT STN EXIT E,cbd_bus,CBD-bound,Cbd Bus,45.867,42.787,3.08,improved
G_017_010,BUSSTOP_OUT::03519,BAYFRONT STN EXIT A,cbd_bus,CBD-bound,Cbd Bus,50.587,42.787,7.8,improved
G_017_010,BUSSTOP_OUT::03529,DOWNTOWN STN,cbd_bus,CBD-bound,Cbd Bus,42.86,42.86,-0.0,unchanged
G_017_010,BUSSTOP_OUT::03539,Marina Bay Stn,cbd_bus,CBD-bound,Cbd Bus,46.06,41.787,4.273,improved
G_017_010,BUSSTOP_OUT::05269,MAXWELL RD FC,cbd_bus,CBD-bound,Cbd Bus,41.86,41.86,-0.0,unchanged
G_017_010,BUSSTOP_OUT::05319,OCBC CTR,cbd_bus,CBD-bound,Cbd Bus,39.424,39.424,-0.0,unchanged
G_017_010,BUSSTOP_OUT::05411,TG PAGAR PLAZA,cbd_bus,CBD-bound,Cbd Bus,36.049,36.049,-0.0,unchanged
G_017_010,BUSSTOP_OUT::05419,THE AMARA,cbd_bus,CBD-bound,Cbd Bus,40.281,40.281,-0.0,unchanged
G_017_010,BUSSTOP_OUT::05431,TOWER 15,cbd_bus,CBD-bound,Cbd Bus,41.026,41.026,-0.0,unchanged
G_017_010,BUSSTOP_OUT::05629,OPP STH PT,cbd_bus,CBD-bound,Cbd Bus,29.343,29.343,-0.0,unchanged
G_017_010,BUSSTOP_OUT::05651,OPP FUJI XEROX TWRS,cbd_bus,CBD-bound,Cbd Bus,35.304,35.304,-0.0,unchanged
G_017_010,MRTHUB::Bayfront,Bayfront,cbd_mrt,CBD-bound,Cbd Mrt,40.287,32.487,7.8,improved
G_017_010,MRTHUB::Downtown,Downtown,cbd_mrt,CBD-bound,Cbd Mrt,37.087,35.687,1.4,improved
G_017_010,MRTHUB::Marina_Bay,Marina Bay,cbd_mrt,CBD-bound,Cbd Mrt,35.76,31.487,4.273,improved
G_017_010,MRTHUB::Maxwell,Maxwell,cbd_mrt,CBD-bound,Cbd Mrt,31.56,31.56,-0.0,unchanged
G_017_010,MRTHUB::Raffles_Place,Raffles Place,cbd_mrt,CBD-bound,Cbd Mrt,33.063,33.063,-0.0,unchanged
G_017_010,MRTHUB::Shenton_Way,Shenton Way,cbd_mrt,CBD-bound,Cbd Mrt,32.56,32.56,-0.0,unchanged
G_017_010,MRTHUB::Tanjong_Pagar,Tanjong Pagar,cbd_mrt,CBD-bound,Cbd Mrt,28.863,28.863,-0.0,unchanged
G_017_011,BUSSTOP_OUT::95011,AFT AIRCRAFT FLYOVER,airport_bus,Airport-bound,Airport Bus,83.597,83.197,0.4,improved
G_017_011,BUSSTOP_OUT::95019,AFT CHANGI AIRPORT TER 2,airport_bus,Airport-bound,Airport Bus,73.318,71.918,1.4,improved
G_017_011,BUSSTOP_OUT::95029,CHANGI AIRPORT TER 1,airport_bus,Airport-bound,Airport Bus,72.572,71.172,1.4,improved
G_017_011,BUSSTOP_OUT::95109,CHANGI AIRPORT TER 3,airport_bus,Airport-bound,Airport Bus,69.591,68.191,1.4,improved
G_017_011,BUSSTOP_OUT::95129,CHANGI AIRPORT TER 2,airport_bus,Airport-bound,Airport Bus,69.591,68.191,1.4,improved
G_017_011,BUSSTOP_OUT::95151,AIRPORT POLICE STN,airport_bus,Airport-bound,Airport Bus,81.734,81.334,0.4,improved
G_017_011,BUSSTOP_OUT::95159,NEAR SATS FLIGHT KITCHEN,airport_bus,Airport-bound,Airport Bus,76.299,74.899,1.4,improved
G_017_011,BUSSTOP_OUT::95209,CHANGI AIRPORT TER 4,airport_bus,Airport-bound,Airport Bus,79.281,77.881,1.4,improved
G_017_011,MRTHUB::Changi_Airport,Changi Airport,airport_mrt,Airport-bound,Airport Mrt,59.291,57.891,1.4,improved
G_017_011,BUSSTOP_OUT::03011,FULLERTON SQ,cbd_bus,CBD-bound,Cbd Bus,38.871,38.871,-0.0,unchanged
G_017_011,BUSSTOP_OUT::03019,OUE BAYFRONT,cbd_bus,CBD-bound,Cbd Bus,45.791,42.772,3.019,improved
G_017_011,BUSSTOP_OUT::03021,PRUDENTIAL TWR,cbd_bus,CBD-bound,Cbd Bus,36.635,36.635,-0.0,unchanged
G_017_011,BUSSTOP_OUT::03031,RAFFLES PL STN EXIT F,cbd_bus,CBD-bound,Cbd Bus,37.009,37.009,-0.0,unchanged
G_017_011,BUSSTOP_OUT::03041,TELOK AYER STN EXIT A,cbd_bus,CBD-bound,Cbd Bus,42.591,37.145,5.446,improved
G_017_011,BUSSTOP_OUT::03059,ONE RAFFLES QUAY,cbd_bus,CBD-bound,Cbd Bus,35.891,35.891,-0.0,unchanged
G_017_011,BUSSTOP_OUT::03071,OPP SO SOFITEL S'PORE,cbd_bus,CBD-bound,Cbd Bus,35.891,35.891,-0.0,unchanged
G_017_011,BUSSTOP_OUT::03111,AFT CAPITAL TWR,cbd_bus,CBD-bound,Cbd Bus,34.773,34.773,-0.0,unchanged
G_017_011,BUSSTOP_OUT::03129,UIC BLDG,cbd_bus,CBD-bound,Cbd Bus,37.382,37.382,-0.0,unchanged
G_017_011,BUSSTOP_OUT::03151,AFT TELOK AYER ST,cbd_bus,CBD-bound,Cbd Bus,34.772,34.772,-0.0,unchanged
G_017_011,BUSSTOP_OUT::03217,AFT STRAITS BLVD,cbd_bus,CBD-bound,Cbd Bus,41.591,33.791,7.8,improved
G_017_011,BUSSTOP_OUT::03218,OPP MAS BLDG,cbd_bus,CBD-bound,Cbd Bus,39.245,33.791,5.454,improved
G_017_011,BUSSTOP_OUT::03222,HUB SYNERGY PT,cbd_bus,CBD-bound,Cbd Bus,32.164,32.164,-0.0,unchanged
G_017_011,BUSSTOP_OUT::03223,TANJONG PAGAR STN EXIT C,cbd_bus,CBD-bound,Cbd Bus,33.281,33.281,-0.0,unchanged
G_017_011,BUSSTOP_OUT::03239,SHENTON WAY TER,cbd_bus,CBD-bound,Cbd Bus,39.99,33.791,6.199,improved
G_017_011,BUSSTOP_OUT::03241,MAPLETREE ANSON,cbd_bus,CBD-bound,Cbd Bus,41.591,33.791,7.8,improved
G_017_011,BUSSTOP_OUT::03381,THE SAIL,cbd_bus,CBD-bound,Cbd Bus,38.384,38.384,-0.0,unchanged
G_017_011,BUSSTOP_OUT::03391,MARINA BAY FINANCIAL CTR,cbd_bus,CBD-bound,Cbd Bus,39.129,39.129,-0.0,unchanged
G_017_011,BUSSTOP_OUT::03501,MARINA BAY SANDS THEATRE,cbd_bus,CBD-bound,Cbd Bus,43.229,38.991,4.238,improved
G_017_011,BUSSTOP_OUT::03509,BAYFRONT STN EXIT B/MBS,cbd_bus,CBD-bound,Cbd Bus,46.791,38.991,7.8,improved
G_017_011,BUSSTOP_OUT::03511,AFT BAYFRONT STN EXIT E,cbd_bus,CBD-bound,Cbd Bus,41.738,38.991,2.747,improved
G_017_011,BUSSTOP_OUT::03519,BAYFRONT STN EXIT A,cbd_bus,CBD-bound,Cbd Bus,46.791,38.991,7.8,improved
G_017_011,BUSSTOP_OUT::03529,DOWNTOWN STN,cbd_bus,CBD-bound,Cbd Bus,42.591,39.482,3.109,improved
G_017_011,BUSSTOP_OUT::03539,Marina Bay Stn,cbd_bus,CBD-bound,Cbd Bus,43.591,37.991,5.6,improved
G_017_011,BUSSTOP_OUT::05269,MAXWELL RD FC,cbd_bus,CBD-bound,Cbd Bus,41.254,41.254,-0.0,unchanged
G_017_011,BUSSTOP_OUT::05319,OCBC CTR,cbd_bus,CBD-bound,Cbd Bus,33.655,33.655,-0.0,unchanged
G_017_011,BUSSTOP_OUT::05411,TG PAGAR PLAZA,cbd_bus,CBD-bound,Cbd Bus,32.162,32.162,-0.0,unchanged
G_017_011,BUSSTOP_OUT::05419,THE AMARA,cbd_bus,CBD-bound,Cbd Bus,42.709,42.709,-0.0,unchanged
G_017_011,BUSSTOP_OUT::05431,TOWER 15,cbd_bus,CBD-bound,Cbd Bus,43.454,43.454,-0.0,unchanged
G_017_011,BUSSTOP_OUT::05629,OPP STH PT,cbd_bus,CBD-bound,Cbd Bus,30.673,30.673,-0.0,unchanged
G_017_011,BUSSTOP_OUT::05651,OPP FUJI XEROX TWRS,cbd_bus,CBD-bound,Cbd Bus,31.417,31.417,-0.0,unchanged
G_017_011,MRTHUB::Bayfront,Bayfront,cbd_mrt,CBD-bound,Cbd Mrt,36.491,28.691,7.8,improved
G_017_011,MRTHUB::Downtown,Downtown,cbd_mrt,CBD-bound,Cbd Mrt,33.291,31.891,1.4,improved
G_017_011,MRTHUB::Marina_Bay,Marina Bay,cbd_mrt,CBD-bound,Cbd Mrt,35.491,27.691,7.8,improved
G_017_011,MRTHUB::Maxwell,Maxwell,cbd_mrt,CBD-bound,Cbd Mrt,31.291,31.291,-0.0,unchanged
G_017_011,MRTHUB::Raffles_Place,Raffles Place,cbd_mrt,CBD-bound,Cbd Mrt,35.491,33.091,2.4,improved
G_017_011,MRTHUB::Shenton_Way,Shenton Way,cbd_mrt,CBD-bound,Cbd Mrt,32.291,30.891,1.4,improved
G_017_011,MRTHUB::Tanjong_Pagar,Tanjong Pagar,cbd_mrt,CBD-bound,Cbd Mrt,31.291,31.291,-0.0,unchanged
G_017_012,BUSSTOP_OUT::95011,AFT AIRCRAFT FLYOVER,airport_bus,Airport-bound,Airport Bus,80.289,79.889,0.4,improved
G_017_012,BUSSTOP_OUT::95019,AFT CHANGI AIRPORT TER 2,airport_bus,Airport-bound,Airport Bus,70.01,68.61,1.4,improved
G_017_012,BUSSTOP_OUT::95029,CHANGI AIRPORT TER 1,airport_bus,Airport-bound,Airport Bus,69.264,67.864,1.4,improved
G_017_012,BUSSTOP_OUT::95109,CHANGI AIRPORT TER 3,airport_bus,Airport-bound,Airport Bus,66.283,64.883,1.4,improved
G_017_012,BUSSTOP_OUT::95129,CHANGI AIRPORT TER 2,airport_bus,Airport-bound,Airport Bus,66.283,64.883,1.4,improved
G_017_012,BUSSTOP_OUT::95151,AIRPORT POLICE STN,airport_bus,Airport-bound,Airport Bus,78.426,78.026,0.4,improved
G_017_012,BUSSTOP_OUT::95159,NEAR SATS FLIGHT KITCHEN,airport_bus,Airport-bound,Airport Bus,72.991,71.591,1.4,improved
G_017_012,BUSSTOP_OUT::95209,CHANGI AIRPORT TER 4,airport_bus,Airport-bound,Airport Bus,75.973,74.573,1.4,improved
G_017_012,MRTHUB::Changi_Airport,Changi Airport,airport_mrt,Airport-bound,Airport Mrt,55.983,54.583,1.4,improved
G_017_012,BUSSTOP_OUT::03011,FULLERTON SQ,cbd_bus,CBD-bound,Cbd Bus,34.785,34.785,-0.0,unchanged
G_017_012,BUSSTOP_OUT::03019,OUE BAYFRONT,cbd_bus,CBD-bound,Cbd Bus,42.483,39.464,3.019,improved
G_017_012,BUSSTOP_OUT::03021,PRUDENTIAL TWR,cbd_bus,CBD-bound,Cbd Bus,32.549,32.549,-0.0,unchanged
G_017_012,BUSSTOP_OUT::03031,RAFFLES PL STN EXIT F,cbd_bus,CBD-bound,Cbd Bus,32.922,32.922,-0.0,unchanged
G_017_012,BUSSTOP_OUT::03041,TELOK AYER STN EXIT A,cbd_bus,CBD-bound,Cbd Bus,39.283,33.837,5.446,improved
G_017_012,BUSSTOP_OUT::03059,ONE RAFFLES QUAY,cbd_bus,CBD-bound,Cbd Bus,35.617,35.617,-0.0,unchanged
G_017_012,BUSSTOP_OUT::03071,OPP SO SOFITEL S'PORE,cbd_bus,CBD-bound,Cbd Bus,31.804,31.804,-0.0,unchanged
G_017_012,BUSSTOP_OUT::03111,AFT CAPITAL TWR,cbd_bus,CBD-bound,Cbd Bus,30.686,30.686,-0.0,unchanged
G_017_012,BUSSTOP_OUT::03129,UIC BLDG,cbd_bus,CBD-bound,Cbd Bus,37.108,37.108,-0.0,unchanged
G_017_012,BUSSTOP_OUT::03151,AFT TELOK AYER ST,cbd_bus,CBD-bound,Cbd Bus,30.686,30.686,-0.0,unchanged
G_017_012,BUSSTOP_OUT::03217,AFT STRAITS BLVD,cbd_bus,CBD-bound,Cbd Bus,38.283,30.483,7.8,improved
G_017_012,BUSSTOP_OUT::03218,OPP MAS BLDG,cbd_bus,CBD-bound,Cbd Bus,38.158,30.483,7.675,improved
G_017_012,BUSSTOP_OUT::03222,HUB SYNERGY PT,cbd_bus,CBD-bound,Cbd Bus,28.077,28.077,-0.0,unchanged
G_017_012,BUSSTOP_OUT::03223,TANJONG PAGAR STN EXIT C,cbd_bus,CBD-bound,Cbd Bus,29.195,29.195,-0.0,unchanged
G_017_012,BUSSTOP_OUT::03239,SHENTON WAY TER,cbd_bus,CBD-bound,Cbd Bus,38.283,30.483,7.8,improved
G_017_012,BUSSTOP_OUT::03241,MAPLETREE ANSON,cbd_bus,CBD-bound,Cbd Bus,38.283,30.483,7.8,improved
G_017_012,BUSSTOP_OUT::03381,THE SAIL,cbd_bus,CBD-bound,Cbd Bus,34.04,34.04,-0.0,unchanged
G_017_012,BUSSTOP_OUT::03391,MARINA BAY FINANCIAL CTR,cbd_bus,CBD-bound,Cbd Bus,34.785,34.785,-0.0,unchanged
G_017_012,BUSSTOP_OUT::03501,MARINA BAY SANDS THEATRE,cbd_bus,CBD-bound,Cbd Bus,38.885,35.683,3.202,improved
G_017_012,BUSSTOP_OUT::03509,BAYFRONT STN EXIT B/MBS,cbd_bus,CBD-bound,Cbd Bus,43.483,35.683,7.8,improved
G_017_012,BUSSTOP_OUT::03511,AFT BAYFRONT STN EXIT E,cbd_bus,CBD-bound,Cbd Bus,37.394,35.683,1.711,improved
G_017_012,BUSSTOP_OUT::03519,BAYFRONT STN EXIT A,cbd_bus,CBD-bound,Cbd Bus,43.483,35.683,7.8,improved
G_017_012,BUSSTOP_OUT::03529,DOWNTOWN STN,cbd_bus,CBD-bound,Cbd Bus,39.283,36.174,3.109,improved
G_017_012,BUSSTOP_OUT::03539,Marina Bay Stn,cbd_bus,CBD-bound,Cbd Bus,40.283,34.683,5.6,improved
G_017_012,BUSSTOP_OUT::05269,MAXWELL RD FC,cbd_bus,CBD-bound,Cbd Bus,37.946,37.946,-0.0,unchanged
G_017_012,BUSSTOP_OUT::05319,OCBC CTR,cbd_bus,CBD-bound,Cbd Bus,33.381,33.381,-0.0,unchanged
G_017_012,BUSSTOP_OUT::05411,TG PAGAR PLAZA,cbd_bus,CBD-bound,Cbd Bus,28.076,28.076,-0.0,unchanged
G_017_012,BUSSTOP_OUT::05419,THE AMARA,cbd_bus,CBD-bound,Cbd Bus,39.401,39.401,-0.0,unchanged
G_017_012,BUSSTOP_OUT::05431,TOWER 15,cbd_bus,CBD-bound,Cbd Bus,40.146,40.146,-0.0,unchanged
G_017_012,BUSSTOP_OUT::05629,OPP STH PT,cbd_bus,CBD-bound,Cbd Bus,28.077,28.077,-0.0,unchanged
G_017_012,BUSSTOP_OUT::05651,OPP FUJI XEROX TWRS,cbd_bus,CBD-bound,Cbd Bus,27.331,27.331,-0.0,unchanged
G_017_012,MRTHUB::Bayfront,Bayfront,cbd_mrt,CBD-bound,Cbd Mrt,33.183,25.383,7.8,improved
G_017_012,MRTHUB::Downtown,Downtown,cbd_mrt,CBD-bound,Cbd Mrt,29.983,28.583,1.4,improved
G_017_012,MRTHUB::Marina_Bay,Marina Bay,cbd_mrt,CBD-bound,Cbd Mrt,32.183,24.383,7.8,improved
G_017_012,MRTHUB::Maxwell,Maxwell,cbd_mrt,CBD-bound,Cbd Mrt,27.983,27.983,-0.0,unchanged
G_017_012,MRTHUB::Raffles_Place,Raffles Place,cbd_mrt,CBD-bound,Cbd Mrt,32.183,29.783,2.4,improved
G_017_012,MRTHUB::Shenton_Way,Shenton Way,cbd_mrt,CBD-bound,Cbd Mrt,28.983,27.583,1.4,improved
G_017_012,MRTHUB::Tanjong_Pagar,Tanjong Pagar,cbd_mrt,CBD-bound,Cbd Mrt,27.983,27.983,-0.0,unchanged
G_017_013,BUSSTOP_OUT::95011,AFT AIRCRAFT FLYOVER,airport_bus,Airport-bound,Airport Bus,76.585,76.185,0.4,improved
G_017_013,BUSSTOP_OUT::95019,AFT CHANGI AIRPORT TER 2,airport_bus,Airport-bound,Airport Bus,66.306,64.906,1.4,improved
G_017_013,BUSSTOP_OUT::95029,CHANGI AIRPORT TER 1,airport_bus,Airport-bound,Airport Bus,65.56,64.16,1.4,improved
G_017_013,BUSSTOP_OUT::95109,CHANGI AIRPORT TER 3,airport_bus,Airport-bound,Airport Bus,62.579,61.179,1.4,improved
G_017_013,BUSSTOP_OUT::95129,CHANGI AIRPORT TER 2,airport_bus,Airport-bound,Airport Bus,62.579,61.179,1.4,improved
G_017_013,BUSSTOP_OUT::95151,AIRPORT POLICE STN,airport_bus,Airport-bound,Airport Bus,74.722,74.322,0.4,improved
G_017_013,BUSSTOP_OUT::95159,NEAR SATS FLIGHT KITCHEN,airport_bus,Airport-bound,Airport Bus,69.287,67.887,1.4,improved
G_017_013,BUSSTOP_OUT::95209,CHANGI AIRPORT TER 4,airport_bus,Airport-bound,Airport Bus,72.269,70.869,1.4,improved
G_017_013,MRTHUB::Changi_Airport,Changi Airport,airport_mrt,Airport-bound,Airport Mrt,52.279,50.879,1.4,improved
G_017_013,BUSSTOP_OUT::03011,FULLERTON SQ,cbd_bus,CBD-bound,Cbd Bus,28.743,28.743,-0.0,unchanged
G_017_013,BUSSTOP_OUT::03019,OUE BAYFRONT,cbd_bus,CBD-bound,Cbd Bus,38.779,35.76,3.019,improved
G_017_013,BUSSTOP_OUT::03021,PRUDENTIAL TWR,cbd_bus,CBD-bound,Cbd Bus,26.507,26.507,-0.0,unchanged
G_017_013,BUSSTOP_OUT::03031,RAFFLES PL STN EXIT F,cbd_bus,CBD-bound,Cbd Bus,26.88,26.88,-0.0,unchanged
G_017_013,BUSSTOP_OUT::03041,TELOK AYER STN EXIT A,cbd_bus,CBD-bound,Cbd Bus,33.607,30.133,3.474,improved
G_017_013,BUSSTOP_OUT::03059,ONE RAFFLES QUAY,cbd_bus,CBD-bound,Cbd Bus,34.906,34.906,-0.0,unchanged
G_017_013,BUSSTOP_OUT::03071,OPP SO SOFITEL S'PORE,cbd_bus,CBD-bound,Cbd Bus,25.762,25.762,-0.0,unchanged
G_017_013,BUSSTOP_OUT::03111,AFT CAPITAL TWR,cbd_bus,CBD-bound,Cbd Bus,24.644,24.644,-0.0,unchanged
G_017_013,BUSSTOP_OUT::03129,UIC BLDG,cbd_bus,CBD-bound,Cbd Bus,34.579,34.179,0.4,improved
G_017_013,BUSSTOP_OUT::03151,AFT TELOK AYER ST,cbd_bus,CBD-bound,Cbd Bus,24.644,24.644,-0.0,unchanged
G_017_013,BUSSTOP_OUT::03217,AFT STRAITS BLVD,cbd_bus,CBD-bound,Cbd Bus,34.579,26.779,7.8,improved
G_017_013,BUSSTOP_OUT::03218,OPP MAS BLDG,cbd_bus,CBD-bound,Cbd Bus,32.116,26.779,5.337,improved
G_017_013,BUSSTOP_OUT::03222,HUB SYNERGY PT,cbd_bus,CBD-bound,Cbd Bus,22.035,22.035,-0.0,unchanged
G_017_013,BUSSTOP_OUT::03223,TANJONG PAGAR STN EXIT C,cbd_bus,CBD-bound,Cbd Bus,23.153,23.153,-0.0,unchanged
G_017_013,BUSSTOP_OUT::03239,SHENTON WAY TER,cbd_bus,CBD-bound,Cbd Bus,32.861,26.779,6.082,improved
G_017_013,BUSSTOP_OUT::03241,MAPLETREE ANSON,cbd_bus,CBD-bound,Cbd Bus,34.579,26.779,7.8,improved
G_017_013,BUSSTOP_OUT::03381,THE SAIL,cbd_bus,CBD-bound,Cbd Bus,27.998,27.998,-0.0,unchanged
G_017_013,BUSSTOP_OUT::03391,MARINA BAY FINANCIAL CTR,cbd_bus,CBD-bound,Cbd Bus,28.743,28.743,-0.0,unchanged
G_017_013,BUSSTOP_OUT::03501,MARINA BAY SANDS THEATRE,cbd_bus,CBD-bound,Cbd Bus,32.843,31.979,0.864,improved
G_017_013,BUSSTOP_OUT::03509,BAYFRONT STN EXIT B/MBS,cbd_bus,CBD-bound,Cbd Bus,39.779,31.979,7.8,improved
G_017_013,BUSSTOP_OUT::03511,AFT BAYFRONT STN EXIT E,cbd_bus,CBD-bound,Cbd Bus,31.352,31.352,-0.0,unchanged
G_017_013,BUSSTOP_OUT::03519,BAYFRONT STN EXIT A,cbd_bus,CBD-bound,Cbd Bus,39.779,31.979,7.8,improved
G_017_013,BUSSTOP_OUT::03529,DOWNTOWN STN,cbd_bus,CBD-bound,Cbd Bus,35.579,32.47,3.109,improved
G_017_013,BUSSTOP_OUT::03539,Marina Bay Stn,cbd_bus,CBD-bound,Cbd Bus,36.579,30.979,5.6,improved
G_017_013,BUSSTOP_OUT::05269,MAXWELL RD FC,cbd_bus,CBD-bound,Cbd Bus,34.242,34.242,-0.0,unchanged
G_017_013,BUSSTOP_OUT::05319,OCBC CTR,cbd_bus,CBD-bound,Cbd Bus,32.67,32.67,-0.0,unchanged
G_017_013,BUSSTOP_OUT::05411,TG PAGAR PLAZA,cbd_bus,CBD-bound,Cbd Bus,28.378,27.014,1.364,improved
G_017_013,BUSSTOP_OUT::05419,THE AMARA,cbd_bus,CBD-bound,Cbd Bus,35.697,35.697,-0.0,unchanged
G_017_013,BUSSTOP_OUT::05431,TOWER 15,cbd_bus,CBD-bound,Cbd Bus,36.442,36.442,-0.0,unchanged
G_017_013,BUSSTOP_OUT::05629,OPP STH PT,cbd_bus,CBD-bound,Cbd Bus,28.016,25.524,2.492,improved
G_017_013,BUSSTOP_OUT::05651,OPP FUJI XEROX TWRS,cbd_bus,CBD-bound,Cbd Bus,27.633,26.269,1.364,improved
G_017_013,MRTHUB::Bayfront,Bayfront,cbd_mrt,CBD-bound,Cbd Mrt,29.479,21.679,7.8,improved
G_017_013,MRTHUB::Downtown,Downtown,cbd_mrt,CBD-bound,Cbd Mrt,26.279,24.879,1.4,improved
G_017_013,MRTHUB::Marina_Bay,Marina Bay,cbd_mrt,CBD-bound,Cbd Mrt,28.479,20.679,7.8,improved
G_017_013,MRTHUB::Maxwell,Maxwell,cbd_mrt,CBD-bound,Cbd Mrt,24.279,24.279,-0.0,unchanged
G_017_013,MRTHUB::Raffles_Place,Raffles Place,cbd_mrt,CBD-bound,Cbd Mrt,28.479,26.079,2.4,improved
G_017_013,MRTHUB::Shenton_Way,Shenton Way,cbd_mrt,CBD-bound,Cbd Mrt,25.279,23.879,1.4,improved
G_017_013,MRTHUB::Tanjong_Pagar,Tanjong Pagar,cbd_mrt,CBD-bound,Cbd Mrt,24.279,24.279,-0.0,unchanged
G_017_014,BUSSTOP_OUT::95011,AFT AIRCRAFT FLYOVER,airport_bus,Airport-bound,Airport Bus,74.587,74.187,0.4,improved
G_017_014,BUSSTOP_OUT::95019,AFT CHANGI AIRPORT TER 2,airport_bus,Airport-bound,Airport Bus,64.308,62.908,1.4,improved
G_017_014,BUSSTOP_OUT::95029,CHANGI AIRPORT TER 1,airport_bus,Airport-bound,Airport Bus,63.562,62.162,1.4,improved
G_017_014,BUSSTOP_OUT::95109,CHANGI AIRPORT TER 3,airport_bus,Airport-bound,Airport Bus,60.581,59.181,1.4,improved
G_017_014,BUSSTOP_OUT::95129,CHANGI AIRPORT TER 2,airport_bus,Airport-bound,Airport Bus,60.581,59.181,1.4,improved
G_017_014,BUSSTOP_OUT::95151,AIRPORT POLICE STN,airport_bus,Airport-bound,Airport Bus,72.724,72.324,0.4,improved
G_017_014,BUSSTOP_OUT::95159,NEAR SATS FLIGHT KITCHEN,airport_bus,Airport-bound,Airport Bus,67.289,65.889,1.4,improved
G_017_014,BUSSTOP_OUT::95209,CHANGI AIRPORT TER 4,airport_bus,Airport-bound,Airport Bus,70.271,68.871,1.4,improved
G_017_014,MRTHUB::Changi_Airport,Changi Airport,airport_mrt,Airport-bound,Airport Mrt,50.281,48.881,1.4,improved
G_017_014,BUSSTOP_OUT::03011,FULLERTON SQ,cbd_bus,CBD-bound,Cbd Bus,26.387,26.387,-0.0,unchanged
G_017_014,BUSSTOP_OUT::03019,OUE BAYFRONT,cbd_bus,CBD-bound,Cbd Bus,36.781,33.762,3.019,improved
G_017_014,BUSSTOP_OUT::03021,PRUDENTIAL TWR,cbd_bus,CBD-bound,Cbd Bus,24.151,24.151,-0.0,unchanged
G_017_014,BUSSTOP_OUT::03031,RAFFLES PL STN EXIT F,cbd_bus,CBD-bound,Cbd Bus,24.524,24.524,-0.0,unchanged
G_017_014,BUSSTOP_OUT::03041,TELOK AYER STN EXIT A,cbd_bus,CBD-bound,Cbd Bus,31.251,28.135,3.116,improved
G_017_014,BUSSTOP_OUT::03059,ONE RAFFLES QUAY,cbd_bus,CBD-bound,Cbd Bus,32.908,32.908,-0.0,unchanged
G_017_014,BUSSTOP_OUT::03071,OPP SO SOFITEL S'PORE,cbd_bus,CBD-bound,Cbd Bus,23.406,23.406,-0.0,unchanged
G_017_014,BUSSTOP_OUT::03111,AFT CAPITAL TWR,cbd_bus,CBD-bound,Cbd Bus,22.288,22.288,-0.0,unchanged
G_017_014,BUSSTOP_OUT::03129,UIC BLDG,cbd_bus,CBD-bound,Cbd Bus,32.581,32.181,0.4,improved
G_017_014,BUSSTOP_OUT::03151,AFT TELOK AYER ST,cbd_bus,CBD-bound,Cbd Bus,22.288,22.288,-0.0,unchanged
G_017_014,BUSSTOP_OUT::03217,AFT STRAITS BLVD,cbd_bus,CBD-bound,Cbd Bus,32.581,24.781,7.8,improved
G_017_014,BUSSTOP_OUT::03218,OPP MAS BLDG,cbd_bus,CBD-bound,Cbd Bus,29.76,24.781,4.979,improved
G_017_014,BUSSTOP_OUT::03222,HUB SYNERGY PT,cbd_bus,CBD-bound,Cbd Bus,19.679,19.679,-0.0,unchanged
G_017_014,BUSSTOP_OUT::03223,TANJONG PAGAR STN EXIT C,cbd_bus,CBD-bound,Cbd Bus,20.797,20.797,-0.0,unchanged
G_017_014,BUSSTOP_OUT::03239,SHENTON WAY TER,cbd_bus,CBD-bound,Cbd Bus,30.505,24.781,5.724,improved
G_017_014,BUSSTOP_OUT::03241,MAPLETREE ANSON,cbd_bus,CBD-bound,Cbd Bus,32.581,24.781,7.8,improved
G_017_014,BUSSTOP_OUT::03381,THE SAIL,cbd_bus,CBD-bound,Cbd Bus,25.642,25.642,-0.0,unchanged
G_017_014,BUSSTOP_OUT::03391,MARINA BAY FINANCIAL CTR,cbd_bus,CBD-bound,Cbd Bus,26.387,26.387,-0.0,unchanged
G_017_014,BUSSTOP_OUT::03501,MARINA BAY SANDS THEATRE,cbd_bus,CBD-bound,Cbd Bus,30.487,29.981,0.506,improved
G_017_014,BUSSTOP_OUT::03509,BAYFRONT STN EXIT B/MBS,cbd_bus,CBD-bound,Cbd Bus,37.781,29.981,7.8,improved
G_017_014,BUSSTOP_OUT::03511,AFT BAYFRONT STN EXIT E,cbd_bus,CBD-bound,Cbd Bus,28.996,28.996,-0.0,unchanged
G_017_014,BUSSTOP_OUT::03519,BAYFRONT STN EXIT A,cbd_bus,CBD-bound,Cbd Bus,37.781,29.981,7.8,improved
G_017_014,BUSSTOP_OUT::03529,DOWNTOWN STN,cbd_bus,CBD-bound,Cbd Bus,33.581,30.472,3.109,improved
G_017_014,BUSSTOP_OUT::03539,Marina Bay Stn,cbd_bus,CBD-bound,Cbd Bus,34.581,28.981,5.6,improved
G_017_014,BUSSTOP_OUT::05269,MAXWELL RD FC,cbd_bus,CBD-bound,Cbd Bus,32.244,32.244,-0.0,unchanged
G_017_014,BUSSTOP_OUT::05319,OCBC CTR,cbd_bus,CBD-bound,Cbd Bus,30.672,30.672,-0.0,unchanged
G_017_014,BUSSTOP_OUT::05411,TG PAGAR PLAZA,cbd_bus,CBD-bound,Cbd Bus,26.778,25.016,1.762,improved
G_017_014,BUSSTOP_OUT::05419,THE AMARA,cbd_bus,CBD-bound,Cbd Bus,33.699,33.699,-0.0,unchanged
G_017_014,BUSSTOP_OUT::05431,TOWER 15,cbd_bus,CBD-bound,Cbd Bus,34.444,34.444,-0.0,unchanged
G_017_014,BUSSTOP_OUT::05629,OPP STH PT,cbd_bus,CBD-bound,Cbd Bus,25.66,23.526,2.134,improved
G_017_014,BUSSTOP_OUT::05651,OPP FUJI XEROX TWRS,cbd_bus,CBD-bound,Cbd Bus,26.033,24.271,1.762,improved
G_017_014,MRTHUB::Bayfront,Bayfront,cbd_mrt,CBD-bound,Cbd Mrt,27.481,19.681,7.8,improved
G_017_014,MRTHUB::Downtown,Downtown,cbd_mrt,CBD-bound,Cbd Mrt,24.281,22.881,1.4,improved
G_017_014,MRTHUB::Marina_Bay,Marina Bay,cbd_mrt,CBD-bound,Cbd Mrt,26.481,18.681,7.8,improved
G_017_014,MRTHUB::Maxwell,Maxwell,cbd_mrt,CBD-bound,Cbd Mrt,22.281,22.281,-0.0,unchanged
G_017_014,MRTHUB::Raffles_Place,Raffles Place,cbd_mrt,CBD-bound,Cbd Mrt,26.481,24.081,2.4,improved
G_017_014,MRTHUB::Shenton_Way,Shenton Way,cbd_mrt,CBD-bound,Cbd Mrt,23.281,21.881,1.4,improved
G_017_014,MRTHUB::Tanjong_Pagar,Tanjong Pagar,cbd_mrt,CBD-bound,Cbd Mrt,22.281,22.281,-0.0,unchanged
G_018_009,BUSSTOP_OUT::95011,AFT AIRCRAFT FLYOVER,airport_bus,Airport-bound,Airport Bus,79.545,79.545,-0.0,unchanged
G_018_009,BUSSTOP_OUT::95019,AFT CHANGI AIRPORT TER 2,airport_bus,Airport-bound,Airport Bus,68.102,68.102,-0.0,unchanged
G_018_009,BUSSTOP_OUT::95029,CHANGI AIRPORT TER 1,airport_bus,Airport-bound,Airport Bus,67.356,67.356,-0.0,unchanged
G_018_009,BUSSTOP_OUT::95109,CHANGI AIRPORT TER 3,airport_bus,Airport-bound,Airport Bus,64.375,64.375,-0.0,unchanged
G_018_009,BUSSTOP_OUT::95129,CHANGI AIRPORT TER 2,airport_bus,Airport-bound,Airport Bus,64.375,64.375,-0.0,unchanged
G_018_009,BUSSTOP_OUT::95151,AIRPORT POLICE STN,airport_bus,Airport-bound,Airport Bus,77.682,77.682,-0.0,unchanged
G_018_009,BUSSTOP_OUT::95159,NEAR SATS FLIGHT KITCHEN,airport_bus,Airport-bound,Airport Bus,71.083,71.083,-0.0,unchanged
G_018_009,BUSSTOP_OUT::95209,CHANGI AIRPORT TER 4,airport_bus,Airport-bound,Airport Bus,74.065,74.065,-0.0,unchanged
G_018_009,MRTHUB::Changi_Airport,Changi Airport,airport_mrt,Airport-bound,Airport Mrt,54.075,54.075,-0.0,unchanged
G_018_009,BUSSTOP_OUT::03011,FULLERTON SQ,cbd_bus,CBD-bound,Cbd Bus,34.905,34.905,-0.0,unchanged
G_018_009,BUSSTOP_OUT::03019,OUE BAYFRONT,cbd_bus,CBD-bound,Cbd Bus,40.575,40.575,-0.0,unchanged
G_018_009,BUSSTOP_OUT::03021,PRUDENTIAL TWR,cbd_bus,CBD-bound,Cbd Bus,32.669,32.669,-0.0,unchanged
G_018_009,BUSSTOP_OUT::03031,RAFFLES PL STN EXIT F,cbd_bus,CBD-bound,Cbd Bus,33.042,33.042,-0.0,unchanged
G_018_009,BUSSTOP_OUT::03041,TELOK AYER STN EXIT A,cbd_bus,CBD-bound,Cbd Bus,38.238,38.238,-0.0,unchanged
G_018_009,BUSSTOP_OUT::03059,ONE RAFFLES QUAY,cbd_bus,CBD-bound,Cbd Bus,39.023,39.023,-0.0,unchanged
G_018_009,BUSSTOP_OUT::03071,OPP SO SOFITEL S'PORE,cbd_bus,CBD-bound,Cbd Bus,31.924,31.924,-0.0,unchanged
G_018_009,BUSSTOP_OUT::03111,AFT CAPITAL TWR,cbd_bus,CBD-bound,Cbd Bus,30.806,30.806,-0.0,unchanged
G_018_009,BUSSTOP_OUT::03129,UIC BLDG,cbd_bus,CBD-bound,Cbd Bus,36.375,36.375,-0.0,unchanged
G_018_009,BUSSTOP_OUT::03151,AFT TELOK AYER ST,cbd_bus,CBD-bound,Cbd Bus,30.806,30.806,-0.0,unchanged
G_018_009,BUSSTOP_OUT::03217,AFT STRAITS BLVD,cbd_bus,CBD-bound,Cbd Bus,36.375,36.375,-0.0,unchanged
G_018_009,BUSSTOP_OUT::03218,OPP MAS BLDG,cbd_bus,CBD-bound,Cbd Bus,36.375,36.375,-0.0,unchanged
G_018_009,BUSSTOP_OUT::03222,HUB SYNERGY PT,cbd_bus,CBD-bound,Cbd Bus,28.197,28.197,-0.0,unchanged
G_018_009,BUSSTOP_OUT::03223,TANJONG PAGAR STN EXIT C,cbd_bus,CBD-bound,Cbd Bus,29.315,29.315,-0.0,unchanged
G_018_009,BUSSTOP_OUT::03239,SHENTON WAY TER,cbd_bus,CBD-bound,Cbd Bus,36.375,36.375,-0.0,unchanged
G_018_009,BUSSTOP_OUT::03241,MAPLETREE ANSON,cbd_bus,CBD-bound,Cbd Bus,36.375,36.375,-0.0,unchanged
G_018_009,BUSSTOP_OUT::03381,THE SAIL,cbd_bus,CBD-bound,Cbd Bus,39.729,39.729,-0.0,unchanged
G_018_009,BUSSTOP_OUT::03391,MARINA BAY FINANCIAL CTR,cbd_bus,CBD-bound,Cbd Bus,40.474,40.474,-0.0,unchanged
G_018_009,BUSSTOP_OUT::03501,MARINA BAY SANDS THEATRE,cbd_bus,CBD-bound,Cbd Bus,44.574,42.954,1.62,improved
G_018_009,BUSSTOP_OUT::03509,BAYFRONT STN EXIT B/MBS,cbd_bus,CBD-bound,Cbd Bus,48.823,42.954,5.869,improved
G_018_009,BUSSTOP_OUT::03511,AFT BAYFRONT STN EXIT E,cbd_bus,CBD-bound,Cbd Bus,43.083,42.954,0.129,improved
G_018_009,BUSSTOP_OUT::03519,BAYFRONT STN EXIT A,cbd_bus,CBD-bound,Cbd Bus,48.823,42.954,5.869,improved
G_018_009,BUSSTOP_OUT::03529,DOWNTOWN STN,cbd_bus,CBD-bound,Cbd Bus,40.223,40.223,-0.0,unchanged
G_018_009,BUSSTOP_OUT::03539,Marina Bay Stn,cbd_bus,CBD-bound,Cbd Bus,43.423,41.954,1.469,improved
G_018_009,BUSSTOP_OUT::05269,MAXWELL RD FC,cbd_bus,CBD-bound,Cbd Bus,39.223,39.223,-0.0,unchanged
G_018_009,BUSSTOP_OUT::05319,OCBC CTR,cbd_bus,CBD-bound,Cbd Bus,36.787,36.787,-0.0,unchanged
G_018_009,BUSSTOP_OUT::05411,TG PAGAR PLAZA,cbd_bus,CBD-bound,Cbd Bus,33.412,33.412,-0.0,unchanged
G_018_009,BUSSTOP_OUT::05419,THE AMARA,cbd_bus,CBD-bound,Cbd Bus,37.493,37.493,-0.0,unchanged
G_018_009,BUSSTOP_OUT::05431,TOWER 15,cbd_bus,CBD-bound,Cbd Bus,38.238,38.238,-0.0,unchanged
G_018_009,BUSSTOP_OUT::05629,OPP STH PT,cbd_bus,CBD-bound,Cbd Bus,26.706,26.706,-0.0,unchanged
G_018_009,BUSSTOP_OUT::05651,OPP FUJI XEROX TWRS,cbd_bus,CBD-bound,Cbd Bus,32.667,32.667,-0.0,unchanged
G_018_009,MRTHUB::Bayfront,Bayfront,cbd_mrt,CBD-bound,Cbd Mrt,38.523,32.654,5.869,improved
G_018_009,MRTHUB::Downtown,Downtown,cbd_mrt,CBD-bound,Cbd Mrt,36.875,35.854,1.021,improved
G_018_009,MRTHUB::Marina_Bay,Marina Bay,cbd_mrt,CBD-bound,Cbd Mrt,33.123,31.654,1.469,improved
G_018_009,MRTHUB::Maxwell,Maxwell,cbd_mrt,CBD-bound,Cbd Mrt,28.923,28.923,-0.0,unchanged
G_018_009,MRTHUB::Raffles_Place,Raffles Place,cbd_mrt,CBD-bound,Cbd Mrt,30.275,30.275,-0.0,unchanged
G_018_009,MRTHUB::Shenton_Way,Shenton Way,cbd_mrt,CBD-bound,Cbd Mrt,29.923,29.923,-0.0,unchanged
G_018_009,MRTHUB::Tanjong_Pagar,Tanjong Pagar,cbd_mrt,CBD-bound,Cbd Mrt,26.075,26.075,-0.0,unchanged
G_018_010,BUSSTOP_OUT::95011,AFT AIRCRAFT FLYOVER,airport_bus,Airport-bound,Airport Bus,83.084,83.084,-0.0,unchanged
G_018_010,BUSSTOP_OUT::95019,AFT CHANGI AIRPORT TER 2,airport_bus,Airport-bound,Airport Bus,71.641,71.641,-0.0,unchanged
G_018_010,BUSSTOP_OUT::95029,CHANGI AIRPORT TER 1,airport_bus,Airport-bound,Airport Bus,70.895,70.895,-0.0,unchanged
G_018_010,BUSSTOP_OUT::95109,CHANGI AIRPORT TER 3,airport_bus,Airport-bound,Airport Bus,67.914,67.914,-0.0,unchanged
G_018_010,BUSSTOP_OUT::95129,CHANGI AIRPORT TER 2,airport_bus,Airport-bound,Airport Bus,67.914,67.914,-0.0,unchanged
G_018_010,BUSSTOP_OUT::95151,AIRPORT POLICE STN,airport_bus,Airport-bound,Airport Bus,81.221,81.221,-0.0,unchanged
G_018_010,BUSSTOP_OUT::95159,NEAR SATS FLIGHT KITCHEN,airport_bus,Airport-bound,Airport Bus,74.622,74.622,-0.0,unchanged
G_018_010,BUSSTOP_OUT::95209,CHANGI AIRPORT TER 4,airport_bus,Airport-bound,Airport Bus,77.604,77.604,-0.0,unchanged
G_018_010,MRTHUB::Changi_Airport,Changi Airport,airport_mrt,Airport-bound,Airport Mrt,57.614,57.614,-0.0,unchanged
G_018_010,BUSSTOP_OUT::03011,FULLERTON SQ,cbd_bus,CBD-bound,Cbd Bus,35.889,35.889,-0.0,unchanged
G_018_010,BUSSTOP_OUT::03019,OUE BAYFRONT,cbd_bus,CBD-bound,Cbd Bus,44.114,44.114,-0.0,unchanged
G_018_010,BUSSTOP_OUT::03021,PRUDENTIAL TWR,cbd_bus,CBD-bound,Cbd Bus,33.653,33.653,-0.0,unchanged
G_018_010,BUSSTOP_OUT::03031,RAFFLES PL STN EXIT F,cbd_bus,CBD-bound,Cbd Bus,34.026,34.026,-0.0,unchanged
G_018_010,BUSSTOP_OUT::03041,TELOK AYER STN EXIT A,cbd_bus,CBD-bound,Cbd Bus,40.753,40.7,0.053,improved
G_018_010,BUSSTOP_OUT::03059,ONE RAFFLES QUAY,cbd_bus,CBD-bound,Cbd Bus,36.927,36.927,-0.0,unchanged
G_018_010,BUSSTOP_OUT::03071,OPP SO SOFITEL S'PORE,cbd_bus,CBD-bound,Cbd Bus,32.908,32.908,-0.0,unchanged
G_018_010,BUSSTOP_OUT::03111,AFT CAPITAL TWR,cbd_bus,CBD-bound,Cbd Bus,31.79,31.79,-0.0,unchanged
G_018_010,BUSSTOP_OUT::03129,UIC BLDG,cbd_bus,CBD-bound,Cbd Bus,38.418,38.418,-0.0,unchanged
G_018_010,BUSSTOP_OUT::03151,AFT TELOK AYER ST,cbd_bus,CBD-bound,Cbd Bus,31.79,31.79,-0.0,unchanged
G_018_010,BUSSTOP_OUT::03217,AFT STRAITS BLVD,cbd_bus,CBD-bound,Cbd Bus,39.914,37.346,2.568,improved
G_018_010,BUSSTOP_OUT::03218,OPP MAS BLDG,cbd_bus,CBD-bound,Cbd Bus,39.262,37.346,1.916,improved
G_018_010,BUSSTOP_OUT::03222,HUB SYNERGY PT,cbd_bus,CBD-bound,Cbd Bus,29.181,29.181,-0.0,unchanged
G_018_010,BUSSTOP_OUT::03223,TANJONG PAGAR STN EXIT C,cbd_bus,CBD-bound,Cbd Bus,30.299,30.299,-0.0,unchanged
G_018_010,BUSSTOP_OUT::03239,SHENTON WAY TER,cbd_bus,CBD-bound,Cbd Bus,39.914,37.346,2.568,improved
G_018_010,BUSSTOP_OUT::03241,MAPLETREE ANSON,cbd_bus,CBD-bound,Cbd Bus,39.914,37.346,2.568,improved
G_018_010,BUSSTOP_OUT::03381,THE SAIL,cbd_bus,CBD-bound,Cbd Bus,42.244,42.191,0.053,improved
G_018_010,BUSSTOP_OUT::03391,MARINA BAY FINANCIAL CTR,cbd_bus,CBD-bound,Cbd Bus,42.989,42.936,0.053,improved
G_018_010,BUSSTOP_OUT::03501,MARINA BAY SANDS THEATRE,cbd_bus,CBD-bound,Cbd Bus,47.089,42.546,4.543,improved
G_018_010,BUSSTOP_OUT::03509,BAYFRONT STN EXIT B/MBS,cbd_bus,CBD-bound,Cbd Bus,49.807,42.546,7.261,improved
G_018_010,BUSSTOP_OUT::03511,AFT BAYFRONT STN EXIT E,cbd_bus,CBD-bound,Cbd Bus,45.598,42.546,3.052,improved
G_018_010,BUSSTOP_OUT::03519,BAYFRONT STN EXIT A,cbd_bus,CBD-bound,Cbd Bus,49.807,42.546,7.261,improved
G_018_010,BUSSTOP_OUT::03529,DOWNTOWN STN,cbd_bus,CBD-bound,Cbd Bus,41.207,41.207,-0.0,unchanged
G_018_010,BUSSTOP_OUT::03539,Marina Bay Stn,cbd_bus,CBD-bound,Cbd Bus,44.407,41.546,2.861,improved
G_018_010,BUSSTOP_OUT::05269,MAXWELL RD FC,cbd_bus,CBD-bound,Cbd Bus,40.207,40.207,-0.0,unchanged
G_018_010,BUSSTOP_OUT::05319,OCBC CTR,cbd_bus,CBD-bound,Cbd Bus,34.691,34.691,-0.0,unchanged
G_018_010,BUSSTOP_OUT::05411,TG PAGAR PLAZA,cbd_bus,CBD-bound,Cbd Bus,33.198,33.198,-0.0,unchanged
G_018_010,BUSSTOP_OUT::05419,THE AMARA,cbd_bus,CBD-bound,Cbd Bus,41.032,41.032,-0.0,unchanged
G_018_010,BUSSTOP_OUT::05431,TOWER 15,cbd_bus,CBD-bound,Cbd Bus,41.777,41.777,-0.0,unchanged
G_018_010,BUSSTOP_OUT::05629,OPP STH PT,cbd_bus,CBD-bound,Cbd Bus,27.69,27.69,-0.0,unchanged
G_018_010,BUSSTOP_OUT::05651,OPP FUJI XEROX TWRS,cbd_bus,CBD-bound,Cbd Bus,32.453,32.453,-0.0,unchanged
G_018_010,MRTHUB::Bayfront,Bayfront,cbd_mrt,CBD-bound,Cbd Mrt,39.507,32.246,7.261,improved
G_018_010,MRTHUB::Downtown,Downtown,cbd_mrt,CBD-bound,Cbd Mrt,36.846,35.446,1.4,improved
G_018_010,MRTHUB::Marina_Bay,Marina Bay,cbd_mrt,CBD-bound,Cbd Mrt,34.107,31.246,2.861,improved
G_018_010,MRTHUB::Maxwell,Maxwell,cbd_mrt,CBD-bound,Cbd Mrt,29.907,29.907,-0.0,unchanged
G_018_010,MRTHUB::Raffles_Place,Raffles Place,cbd_mrt,CBD-bound,Cbd Mrt,33.814,33.814,-0.0,unchanged
G_018_010,MRTHUB::Shenton_Way,Shenton Way,cbd_mrt,CBD-bound,Cbd Mrt,30.907,30.907,-0.0,unchanged
G_018_010,MRTHUB::Tanjong_Pagar,Tanjong Pagar,cbd_mrt,CBD-bound,Cbd Mrt,29.614,29.614,-0.0,unchanged
G_018_011,BUSSTOP_OUT::95011,AFT AIRCRAFT FLYOVER,airport_bus,Airport-bound,Airport Bus,82.738,82.338,0.4,improved
G_018_011,BUSSTOP_OUT::95019,AFT CHANGI AIRPORT TER 2,airport_bus,Airport-bound,Airport Bus,72.269,71.059,1.21,improved
G_018_011,BUSSTOP_OUT::95029,CHANGI AIRPORT TER 1,airport_bus,Airport-bound,Airport Bus,71.523,70.313,1.21,improved
G_018_011,BUSSTOP_OUT::95109,CHANGI AIRPORT TER 3,airport_bus,Airport-bound,Airport Bus,68.542,67.332,1.21,improved
G_018_011,BUSSTOP_OUT::95129,CHANGI AIRPORT TER 2,airport_bus,Airport-bound,Airport Bus,68.542,67.332,1.21,improved
G_018_011,BUSSTOP_OUT::95151,AIRPORT POLICE STN,airport_bus,Airport-bound,Airport Bus,80.875,80.475,0.4,improved
G_018_011,BUSSTOP_OUT::95159,NEAR SATS FLIGHT KITCHEN,airport_bus,Airport-bound,Airport Bus,75.25,74.04,1.21,improved
G_018_011,BUSSTOP_OUT::95209,CHANGI AIRPORT TER 4,airport_bus,Airport-bound,Airport Bus,78.232,77.022,1.21,improved
G_018_011,MRTHUB::Changi_Airport,Changi Airport,airport_mrt,Airport-bound,Airport Mrt,58.242,57.032,1.21,improved
G_018_011,BUSSTOP_OUT::03011,FULLERTON SQ,cbd_bus,CBD-bound,Cbd Bus,35.767,35.767,-0.0,unchanged
G_018_011,BUSSTOP_OUT::03019,OUE BAYFRONT,cbd_bus,CBD-bound,Cbd Bus,44.742,41.913,2.829,improved
G_018_011,BUSSTOP_OUT::03021,PRUDENTIAL TWR,cbd_bus,CBD-bound,Cbd Bus,33.531,33.531,-0.0,unchanged
G_018_011,BUSSTOP_OUT::03031,RAFFLES PL STN EXIT F,cbd_bus,CBD-bound,Cbd Bus,33.905,33.905,-0.0,unchanged
G_018_011,BUSSTOP_OUT::03041,TELOK AYER STN EXIT A,cbd_bus,CBD-bound,Cbd Bus,40.631,36.286,4.345,improved
G_018_011,BUSSTOP_OUT::03059,ONE RAFFLES QUAY,cbd_bus,CBD-bound,Cbd Bus,32.787,32.787,-0.0,unchanged
G_018_011,BUSSTOP_OUT::03071,OPP SO SOFITEL S'PORE,cbd_bus,CBD-bound,Cbd Bus,32.787,32.787,-0.0,unchanged
G_018_011,BUSSTOP_OUT::03111,AFT CAPITAL TWR,cbd_bus,CBD-bound,Cbd Bus,31.669,31.669,-0.0,unchanged
G_018_011,BUSSTOP_OUT::03129,UIC BLDG,cbd_bus,CBD-bound,Cbd Bus,34.278,34.278,-0.0,unchanged
G_018_011,BUSSTOP_OUT::03151,AFT TELOK AYER ST,cbd_bus,CBD-bound,Cbd Bus,31.668,31.668,-0.0,unchanged
G_018_011,BUSSTOP_OUT::03217,AFT STRAITS BLVD,cbd_bus,CBD-bound,Cbd Bus,40.206,32.932,7.274,improved
G_018_011,BUSSTOP_OUT::03218,OPP MAS BLDG,cbd_bus,CBD-bound,Cbd Bus,36.141,32.932,3.209,improved
G_018_011,BUSSTOP_OUT::03222,HUB SYNERGY PT,cbd_bus,CBD-bound,Cbd Bus,29.06,29.06,-0.0,unchanged
G_018_011,BUSSTOP_OUT::03223,TANJONG PAGAR STN EXIT C,cbd_bus,CBD-bound,Cbd Bus,30.177,30.177,-0.0,unchanged
G_018_011,BUSSTOP_OUT::03239,SHENTON WAY TER,cbd_bus,CBD-bound,Cbd Bus,36.886,32.932,3.954,improved
G_018_011,BUSSTOP_OUT::03241,MAPLETREE ANSON,cbd_bus,CBD-bound,Cbd Bus,40.542,32.932,7.61,improved
G_018_011,BUSSTOP_OUT::03381,THE SAIL,cbd_bus,CBD-bound,Cbd Bus,36.522,36.522,-0.0,unchanged
G_018_011,BUSSTOP_OUT::03391,MARINA BAY FINANCIAL CTR,cbd_bus,CBD-bound,Cbd Bus,37.267,37.267,-0.0,unchanged
G_018_011,BUSSTOP_OUT::03501,MARINA BAY SANDS THEATRE,cbd_bus,CBD-bound,Cbd Bus,41.367,38.132,3.235,improved
G_018_011,BUSSTOP_OUT::03509,BAYFRONT STN EXIT B/MBS,cbd_bus,CBD-bound,Cbd Bus,45.932,38.132,7.8,improved
G_018_011,BUSSTOP_OUT::03511,AFT BAYFRONT STN EXIT E,cbd_bus,CBD-bound,Cbd Bus,39.876,38.132,1.744,improved
G_018_011,BUSSTOP_OUT::03519,BAYFRONT STN EXIT A,cbd_bus,CBD-bound,Cbd Bus,45.932,38.132,7.8,improved
G_018_011,BUSSTOP_OUT::03529,DOWNTOWN STN,cbd_bus,CBD-bound,Cbd Bus,40.206,38.623,1.583,improved
G_018_011,BUSSTOP_OUT::03539,Marina Bay Stn,cbd_bus,CBD-bound,Cbd Bus,42.732,37.132,5.6,improved
G_018_011,BUSSTOP_OUT::05269,MAXWELL RD FC,cbd_bus,CBD-bound,Cbd Bus,39.206,39.206,-0.0,unchanged
G_018_011,BUSSTOP_OUT::05319,OCBC CTR,cbd_bus,CBD-bound,Cbd Bus,30.551,30.551,-0.0,unchanged
G_018_011,BUSSTOP_OUT::05411,TG PAGAR PLAZA,cbd_bus,CBD-bound,Cbd Bus,29.058,29.058,-0.0,unchanged
G_018_011,BUSSTOP_OUT::05419,THE AMARA,cbd_bus,CBD-bound,Cbd Bus,40.324,40.324,-0.0,unchanged
G_018_011,BUSSTOP_OUT::05431,TOWER 15,cbd_bus,CBD-bound,Cbd Bus,41.069,41.069,-0.0,unchanged
G_018_011,BUSSTOP_OUT::05629,OPP STH PT,cbd_bus,CBD-bound,Cbd Bus,27.569,27.569,-0.0,unchanged
G_018_011,BUSSTOP_OUT::05651,OPP FUJI XEROX TWRS,cbd_bus,CBD-bound,Cbd Bus,28.313,28.313,-0.0,unchanged
G_018_011,MRTHUB::Bayfront,Bayfront,cbd_mrt,CBD-bound,Cbd Mrt,35.632,27.832,7.8,improved
G_018_011,MRTHUB::Downtown,Downtown,cbd_mrt,CBD-bound,Cbd Mrt,32.432,31.032,1.4,improved
G_018_011,MRTHUB::Marina_Bay,Marina Bay,cbd_mrt,CBD-bound,Cbd Mrt,33.106,26.832,6.274,improved
G_018_011,MRTHUB::Maxwell,Maxwell,cbd_mrt,CBD-bound,Cbd Mrt,28.906,28.906,-0.0,unchanged
G_018_011,MRTHUB::Raffles_Place,Raffles Place,cbd_mrt,CBD-bound,Cbd Mrt,34.442,32.232,2.21,improved
G_018_011,MRTHUB::Shenton_Way,Shenton Way,cbd_mrt,CBD-bound,Cbd Mrt,29.906,29.906,-0.0,unchanged
G_018_011,MRTHUB::Tanjong_Pagar,Tanjong Pagar,cbd_mrt,CBD-bound,Cbd Mrt,30.242,30.242,-0.0,unchanged
G_018_012,BUSSTOP_OUT::95011,AFT AIRCRAFT FLYOVER,airport_bus,Airport-bound,Airport Bus,78.351,77.951,0.4,improved
G_018_012,BUSSTOP_OUT::95019,AFT CHANGI AIRPORT TER 2,airport_bus,Airport-bound,Airport Bus,68.072,66.672,1.4,improved
G_018_012,BUSSTOP_OUT::95029,CHANGI AIRPORT TER 1,airport_bus,Airport-bound,Airport Bus,67.326,65.926,1.4,improved
G_018_012,BUSSTOP_OUT::95109,CHANGI AIRPORT TER 3,airport_bus,Airport-bound,Airport Bus,64.345,62.945,1.4,improved
G_018_012,BUSSTOP_OUT::95129,CHANGI AIRPORT TER 2,airport_bus,Airport-bound,Airport Bus,64.345,62.945,1.4,improved
G_018_012,BUSSTOP_OUT::95151,AIRPORT POLICE STN,airport_bus,Airport-bound,Airport Bus,76.488,76.088,0.4,improved
G_018_012,BUSSTOP_OUT::95159,NEAR SATS FLIGHT KITCHEN,airport_bus,Airport-bound,Airport Bus,71.053,69.653,1.4,improved
G_018_012,BUSSTOP_OUT::95209,CHANGI AIRPORT TER 4,airport_bus,Airport-bound,Airport Bus,74.035,72.635,1.4,improved
G_018_012,MRTHUB::Changi_Airport,Changi Airport,airport_mrt,Airport-bound,Airport Mrt,54.045,52.645,1.4,improved
G_018_012,BUSSTOP_OUT::03011,FULLERTON SQ,cbd_bus,CBD-bound,Cbd Bus,38.431,34.135,4.296,improved
G_018_012,BUSSTOP_OUT::03019,OUE BAYFRONT,cbd_bus,CBD-bound,Cbd Bus,40.545,37.526,3.019,improved
G_018_012,BUSSTOP_OUT::03021,PRUDENTIAL TWR,cbd_bus,CBD-bound,Cbd Bus,36.195,31.899,4.296,improved
G_018_012,BUSSTOP_OUT::03031,RAFFLES PL STN EXIT F,cbd_bus,CBD-bound,Cbd Bus,36.568,32.644,3.924,improved
G_018_012,BUSSTOP_OUT::03041,TELOK AYER STN EXIT A,cbd_bus,CBD-bound,Cbd Bus,37.345,31.899,5.446,improved
G_018_012,BUSSTOP_OUT::03059,ONE RAFFLES QUAY,cbd_bus,CBD-bound,Cbd Bus,35.739,35.739,-0.0,unchanged
G_018_012,BUSSTOP_OUT::03071,OPP SO SOFITEL S'PORE,cbd_bus,CBD-bound,Cbd Bus,35.45,31.526,3.924,improved
G_018_012,BUSSTOP_OUT::03111,AFT CAPITAL TWR,cbd_bus,CBD-bound,Cbd Bus,34.332,30.408,3.924,improved
G_018_012,BUSSTOP_OUT::03129,UIC BLDG,cbd_bus,CBD-bound,Cbd Bus,36.345,35.945,0.4,improved
G_018_012,BUSSTOP_OUT::03151,AFT TELOK AYER ST,cbd_bus,CBD-bound,Cbd Bus,34.332,30.036,4.296,improved
G_018_012,BUSSTOP_OUT::03217,AFT STRAITS BLVD,cbd_bus,CBD-bound,Cbd Bus,36.345,28.545,7.8,improved
G_018_012,BUSSTOP_OUT::03218,OPP MAS BLDG,cbd_bus,CBD-bound,Cbd Bus,36.345,28.545,7.8,improved
G_018_012,BUSSTOP_OUT::03222,HUB SYNERGY PT,cbd_bus,CBD-bound,Cbd Bus,31.723,28.545,3.178,improved
G_018_012,BUSSTOP_OUT::03223,TANJONG PAGAR STN EXIT C,cbd_bus,CBD-bound,Cbd Bus,32.841,28.545,4.296,improved
G_018_012,BUSSTOP_OUT::03239,SHENTON WAY TER,cbd_bus,CBD-bound,Cbd Bus,36.345,28.545,7.8,improved
G_018_012,BUSSTOP_OUT::03241,MAPLETREE ANSON,cbd_bus,CBD-bound,Cbd Bus,36.345,28.545,7.8,improved
G_018_012,BUSSTOP_OUT::03381,THE SAIL,cbd_bus,CBD-bound,Cbd Bus,37.686,33.39,4.296,improved
G_018_012,BUSSTOP_OUT::03391,MARINA BAY FINANCIAL CTR,cbd_bus,CBD-bound,Cbd Bus,38.345,34.135,4.21,improved
G_018_012,BUSSTOP_OUT::03501,MARINA BAY SANDS THEATRE,cbd_bus,CBD-bound,Cbd Bus,41.545,33.745,7.8,improved
G_018_012,BUSSTOP_OUT::03509,BAYFRONT STN EXIT B/MBS,cbd_bus,CBD-bound,Cbd Bus,41.545,33.745,7.8,improved
G_018_012,BUSSTOP_OUT::03511,AFT BAYFRONT STN EXIT E,cbd_bus,CBD-bound,Cbd Bus,40.954,33.745,7.209,improved
G_018_012,BUSSTOP_OUT::03519,BAYFRONT STN EXIT A,cbd_bus,CBD-bound,Cbd Bus,41.545,33.745,7.8,improved
G_018_012,BUSSTOP_OUT::03529,DOWNTOWN STN,cbd_bus,CBD-bound,Cbd Bus,37.345,34.236,3.109,improved
G_018_012,BUSSTOP_OUT::03539,Marina Bay Stn,cbd_bus,CBD-bound,Cbd Bus,38.345,32.745,5.6,improved
G_018_012,BUSSTOP_OUT::05269,MAXWELL RD FC,cbd_bus,CBD-bound,Cbd Bus,36.008,36.008,-0.0,unchanged
G_018_012,BUSSTOP_OUT::05319,OCBC CTR,cbd_bus,CBD-bound,Cbd Bus,33.503,33.503,-0.0,unchanged
G_018_012,BUSSTOP_OUT::05411,TG PAGAR PLAZA,cbd_bus,CBD-bound,Cbd Bus,31.722,28.78,2.942,improved
G_018_012,BUSSTOP_OUT::05419,THE AMARA,cbd_bus,CBD-bound,Cbd Bus,37.463,37.463,-0.0,unchanged
G_018_012,BUSSTOP_OUT::05431,TOWER 15,cbd_bus,CBD-bound,Cbd Bus,38.208,38.208,-0.0,unchanged
G_018_012,BUSSTOP_OUT::05629,OPP STH PT,cbd_bus,CBD-bound,Cbd Bus,30.521,27.29,3.231,improved
G_018_012,BUSSTOP_OUT::05651,OPP FUJI XEROX TWRS,cbd_bus,CBD-bound,Cbd Bus,30.977,28.035,2.942,improved
G_018_012,MRTHUB::Bayfront,Bayfront,cbd_mrt,CBD-bound,Cbd Mrt,31.245,23.445,7.8,improved
G_018_012,MRTHUB::Downtown,Downtown,cbd_mrt,CBD-bound,Cbd Mrt,28.045,26.645,1.4,improved
G_018_012,MRTHUB::Marina_Bay,Marina Bay,cbd_mrt,CBD-bound,Cbd Mrt,30.245,22.445,7.8,improved
G_018_012,MRTHUB::Maxwell,Maxwell,cbd_mrt,CBD-bound,Cbd Mrt,26.045,26.045,-0.0,unchanged
G_018_012,MRTHUB::Raffles_Place,Raffles Place,cbd_mrt,CBD-bound,Cbd Mrt,30.245,27.845,2.4,improved
G_018_012,MRTHUB::Shenton_Way,Shenton Way,cbd_mrt,CBD-bound,Cbd Mrt,27.045,25.645,1.4,improved
G_018_012,MRTHUB::Tanjong_Pagar,Tanjong Pagar,cbd_mrt,CBD-bound,Cbd Mrt,26.045,26.045,-0.0,unchanged
G_018_013,BUSSTOP_OUT::95011,AFT AIRCRAFT FLYOVER,airport_bus,Airport-bound,Airport Bus,74.047,73.647,0.4,improved
G_018_013,BUSSTOP_OUT::95019,AFT CHANGI AIRPORT TER 2,airport_bus,Airport-bound,Airport Bus,63.768,62.368,1.4,improved
G_018_013,BUSSTOP_OUT::95029,CHANGI AIRPORT TER 1,airport_bus,Airport-bound,Airport Bus,63.022,61.622,1.4,improved
G_018_013,BUSSTOP_OUT::95109,CHANGI AIRPORT TER 3,airport_bus,Airport-bound,Airport Bus,60.041,58.641,1.4,improved
G_018_013,BUSSTOP_OUT::95129,CHANGI AIRPORT TER 2,airport_bus,Airport-bound,Airport Bus,60.041,58.641,1.4,improved
G_018_013,BUSSTOP_OUT::95151,AIRPORT POLICE STN,airport_bus,Airport-bound,Airport Bus,72.184,71.784,0.4,improved
G_018_013,BUSSTOP_OUT::95159,NEAR SATS FLIGHT KITCHEN,airport_bus,Airport-bound,Airport Bus,66.749,65.349,1.4,improved
G_018_013,BUSSTOP_OUT::95209,CHANGI AIRPORT TER 4,airport_bus,Airport-bound,Airport Bus,69.731,68.331,1.4,improved
G_018_013,MRTHUB::Changi_Airport,Changi Airport,airport_mrt,Airport-bound,Airport Mrt,49.741,48.341,1.4,improved
G_018_013,BUSSTOP_OUT::03011,FULLERTON SQ,cbd_bus,CBD-bound,Cbd Bus,28.665,28.665,-0.0,unchanged
G_018_013,BUSSTOP_OUT::03019,OUE BAYFRONT,cbd_bus,CBD-bound,Cbd Bus,36.241,33.222,3.019,improved
G_018_013,BUSSTOP_OUT::03021,PRUDENTIAL TWR,cbd_bus,CBD-bound,Cbd Bus,26.429,26.429,-0.0,unchanged
G_018_013,BUSSTOP_OUT::03031,RAFFLES PL STN EXIT F,cbd_bus,CBD-bound,Cbd Bus,26.802,26.802,-0.0,unchanged
G_018_013,BUSSTOP_OUT::03041,TELOK AYER STN EXIT A,cbd_bus,CBD-bound,Cbd Bus,33.041,27.595,5.446,improved
G_018_013,BUSSTOP_OUT::03059,ONE RAFFLES QUAY,cbd_bus,CBD-bound,Cbd Bus,32.368,32.368,-0.0,unchanged
G_018_013,BUSSTOP_OUT::03071,OPP SO SOFITEL S'PORE,cbd_bus,CBD-bound,Cbd Bus,25.684,25.684,-0.0,unchanged
G_018_013,BUSSTOP_OUT::03111,AFT CAPITAL TWR,cbd_bus,CBD-bound,Cbd Bus,24.566,24.566,-0.0,unchanged
G_018_013,BUSSTOP_OUT::03129,UIC BLDG,cbd_bus,CBD-bound,Cbd Bus,32.041,31.641,0.4,improved
G_018_013,BUSSTOP_OUT::03151,AFT TELOK AYER ST,cbd_bus,CBD-bound,Cbd Bus,24.566,24.566,-0.0,unchanged
G_018_013,BUSSTOP_OUT::03217,AFT STRAITS BLVD,cbd_bus,CBD-bound,Cbd Bus,32.041,24.241,7.8,improved
G_018_013,BUSSTOP_OUT::03218,OPP MAS BLDG,cbd_bus,CBD-bound,Cbd Bus,32.038,24.241,7.797,improved
G_018_013,BUSSTOP_OUT::03222,HUB SYNERGY PT,cbd_bus,CBD-bound,Cbd Bus,21.957,21.957,-0.0,unchanged
G_018_013,BUSSTOP_OUT::03223,TANJONG PAGAR STN EXIT C,cbd_bus,CBD-bound,Cbd Bus,23.075,23.075,-0.0,unchanged
G_018_013,BUSSTOP_OUT::03239,SHENTON WAY TER,cbd_bus,CBD-bound,Cbd Bus,32.041,24.241,7.8,improved
G_018_013,BUSSTOP_OUT::03241,MAPLETREE ANSON,cbd_bus,CBD-bound,Cbd Bus,32.041,24.241,7.8,improved
G_018_013,BUSSTOP_OUT::03381,THE SAIL,cbd_bus,CBD-bound,Cbd Bus,27.92,27.92,-0.0,unchanged
G_018_013,BUSSTOP_OUT::03391,MARINA BAY FINANCIAL CTR,cbd_bus,CBD-bound,Cbd Bus,28.665,28.665,-0.0,unchanged
G_018_013,BUSSTOP_OUT::03501,MARINA BAY SANDS THEATRE,cbd_bus,CBD-bound,Cbd Bus,32.765,29.441,3.324,improved
G_018_013,BUSSTOP_OUT::03509,BAYFRONT STN EXIT B/MBS,cbd_bus,CBD-bound,Cbd Bus,37.241,29.441,7.8,improved
G_018_013,BUSSTOP_OUT::03511,AFT BAYFRONT STN EXIT E,cbd_bus,CBD-bound,Cbd Bus,31.274,29.441,1.833,improved
G_018_013,BUSSTOP_OUT::03519,BAYFRONT STN EXIT A,cbd_bus,CBD-bound,Cbd Bus,37.241,29.441,7.8,improved
G_018_013,BUSSTOP_OUT::03529,DOWNTOWN STN,cbd_bus,CBD-bound,Cbd Bus,33.041,29.932,3.109,improved
G_018_013,BUSSTOP_OUT::03539,Marina Bay Stn,cbd_bus,CBD-bound,Cbd Bus,34.041,28.441,5.6,improved
G_018_013,BUSSTOP_OUT::05269,MAXWELL RD FC,cbd_bus,CBD-bound,Cbd Bus,31.704,31.704,-0.0,unchanged
G_018_013,BUSSTOP_OUT::05319,OCBC CTR,cbd_bus,CBD-bound,Cbd Bus,30.132,30.132,-0.0,unchanged
G_018_013,BUSSTOP_OUT::05411,TG PAGAR PLAZA,cbd_bus,CBD-bound,Cbd Bus,27.774,24.476,3.298,improved
G_018_013,BUSSTOP_OUT::05419,THE AMARA,cbd_bus,CBD-bound,Cbd Bus,33.159,33.159,-0.0,unchanged
G_018_013,BUSSTOP_OUT::05431,TOWER 15,cbd_bus,CBD-bound,Cbd Bus,33.904,33.904,-0.0,unchanged
G_018_013,BUSSTOP_OUT::05629,OPP STH PT,cbd_bus,CBD-bound,Cbd Bus,27.775,22.986,4.789,improved
G_018_013,BUSSTOP_OUT::05651,OPP FUJI XEROX TWRS,cbd_bus,CBD-bound,Cbd Bus,27.029,23.731,3.298,improved
G_018_013,MRTHUB::Bayfront,Bayfront,cbd_mrt,CBD-bound,Cbd Mrt,26.941,19.141,7.8,improved
G_018_013,MRTHUB::Downtown,Downtown,cbd_mrt,CBD-bound,Cbd Mrt,23.741,22.341,1.4,improved
G_018_013,MRTHUB::Marina_Bay,Marina Bay,cbd_mrt,CBD-bound,Cbd Mrt,25.941,18.141,7.8,improved
G_018_013,MRTHUB::Maxwell,Maxwell,cbd_mrt,CBD-bound,Cbd Mrt,21.741,21.741,-0.0,unchanged
G_018_013,MRTHUB::Raffles_Place,Raffles Place,cbd_mrt,CBD-bound,Cbd Mrt,25.941,23.541,2.4,improved
G_018_013,MRTHUB::Shenton_Way,Shenton Way,cbd_mrt,CBD-bound,Cbd Mrt,22.741,21.341,1.4,improved
G_018_013,MRTHUB::Tanjong_Pagar,Tanjong Pagar,cbd_mrt,CBD-bound,Cbd Mrt,21.741,21.741,-0.0,unchanged
G_018_014,BUSSTOP_OUT::95011,AFT AIRCRAFT FLYOVER,airport_bus,Airport-bound,Airport Bus,70.866,70.466,0.4,improved
G_018_014,BUSSTOP_OUT::95019,AFT CHANGI AIRPORT TER 2,airport_bus,Airport-bound,Airport Bus,60.587,59.187,1.4,improved
G_018_014,BUSSTOP_OUT::95029,CHANGI AIRPORT TER 1,airport_bus,Airport-bound,Airport Bus,59.841,58.441,1.4,improved
G_018_014,BUSSTOP_OUT::95109,CHANGI AIRPORT TER 3,airport_bus,Airport-bound,Airport Bus,56.86,55.46,1.4,improved
G_018_014,BUSSTOP_OUT::95129,CHANGI AIRPORT TER 2,airport_bus,Airport-bound,Airport Bus,56.86,55.46,1.4,improved
G_018_014,BUSSTOP_OUT::95151,AIRPORT POLICE STN,airport_bus,Airport-bound,Airport Bus,69.003,68.603,0.4,improved
G_018_014,BUSSTOP_OUT::95159,NEAR SATS FLIGHT KITCHEN,airport_bus,Airport-bound,Airport Bus,63.568,62.168,1.4,improved
G_018_014,BUSSTOP_OUT::95209,CHANGI AIRPORT TER 4,airport_bus,Airport-bound,Airport Bus,66.55,65.15,1.4,improved
G_018_014,MRTHUB::Changi_Airport,Changi Airport,airport_mrt,Airport-bound,Airport Mrt,46.56,45.16,1.4,improved
G_018_014,BUSSTOP_OUT::03011,FULLERTON SQ,cbd_bus,CBD-bound,Cbd Bus,25.321,25.321,-0.0,unchanged
G_018_014,BUSSTOP_OUT::03019,OUE BAYFRONT,cbd_bus,CBD-bound,Cbd Bus,33.06,30.041,3.019,improved
G_018_014,BUSSTOP_OUT::03021,PRUDENTIAL TWR,cbd_bus,CBD-bound,Cbd Bus,23.085,23.085,-0.0,unchanged
G_018_014,BUSSTOP_OUT::03031,RAFFLES PL STN EXIT F,cbd_bus,CBD-bound,Cbd Bus,23.458,23.458,-0.0,unchanged
G_018_014,BUSSTOP_OUT::03041,TELOK AYER STN EXIT A,cbd_bus,CBD-bound,Cbd Bus,29.86,24.414,5.446,improved
G_018_014,BUSSTOP_OUT::03059,ONE RAFFLES QUAY,cbd_bus,CBD-bound,Cbd Bus,29.187,29.187,-0.0,unchanged
G_018_014,BUSSTOP_OUT::03071,OPP SO SOFITEL S'PORE,cbd_bus,CBD-bound,Cbd Bus,22.34,22.34,-0.0,unchanged
G_018_014,BUSSTOP_OUT::03111,AFT CAPITAL TWR,cbd_bus,CBD-bound,Cbd Bus,21.222,21.222,-0.0,unchanged
G_018_014,BUSSTOP_OUT::03129,UIC BLDG,cbd_bus,CBD-bound,Cbd Bus,28.86,28.46,0.4,improved
G_018_014,BUSSTOP_OUT::03151,AFT TELOK AYER ST,cbd_bus,CBD-bound,Cbd Bus,21.222,21.222,-0.0,unchanged
G_018_014,BUSSTOP_OUT::03217,AFT STRAITS BLVD,cbd_bus,CBD-bound,Cbd Bus,28.86,21.06,7.8,improved
G_018_014,BUSSTOP_OUT::03218,OPP MAS BLDG,cbd_bus,CBD-bound,Cbd Bus,28.694,21.06,7.634,improved
G_018_014,BUSSTOP_OUT::03222,HUB SYNERGY PT,cbd_bus,CBD-bound,Cbd Bus,18.613,18.613,-0.0,unchanged
G_018_014,BUSSTOP_OUT::03223,TANJONG PAGAR STN EXIT C,cbd_bus,CBD-bound,Cbd Bus,19.731,19.731,-0.0,unchanged
G_018_014,BUSSTOP_OUT::03239,SHENTON WAY TER,cbd_bus,CBD-bound,Cbd Bus,28.86,21.06,7.8,improved
G_018_014,BUSSTOP_OUT::03241,MAPLETREE ANSON,cbd_bus,CBD-bound,Cbd Bus,28.86,21.06,7.8,improved
G_018_014,BUSSTOP_OUT::03381,THE SAIL,cbd_bus,CBD-bound,Cbd Bus,24.576,24.576,-0.0,unchanged
G_018_014,BUSSTOP_OUT::03391,MARINA BAY FINANCIAL CTR,cbd_bus,CBD-bound,Cbd Bus,25.321,25.321,-0.0,unchanged
G_018_014,BUSSTOP_OUT::03501,MARINA BAY SANDS THEATRE,cbd_bus,CBD-bound,Cbd Bus,29.421,26.26,3.161,improved
G_018_014,BUSSTOP_OUT::03509,BAYFRONT STN EXIT B/MBS,cbd_bus,CBD-bound,Cbd Bus,34.06,26.26,7.8,improved
G_018_014,BUSSTOP_OUT::03511,AFT BAYFRONT STN EXIT E,cbd_bus,CBD-bound,Cbd Bus,27.93,26.26,1.67,improved
G_018_014,BUSSTOP_OUT::03519,BAYFRONT STN EXIT A,cbd_bus,CBD-bound,Cbd Bus,34.06,26.26,7.8,improved
G_018_014,BUSSTOP_OUT::03529,DOWNTOWN STN,cbd_bus,CBD-bound,Cbd Bus,29.86,26.751,3.109,improved
G_018_014,BUSSTOP_OUT::03539,Marina Bay Stn,cbd_bus,CBD-bound,Cbd Bus,30.86,25.26,5.6,improved
G_018_014,BUSSTOP_OUT::05269,MAXWELL RD FC,cbd_bus,CBD-bound,Cbd Bus,28.523,28.523,-0.0,unchanged
G_018_014,BUSSTOP_OUT::05319,OCBC CTR,cbd_bus,CBD-bound,Cbd Bus,26.951,26.951,-0.0,unchanged
G_018_014,BUSSTOP_OUT::05411,TG PAGAR PLAZA,cbd_bus,CBD-bound,Cbd Bus,25.712,21.295,4.417,improved
G_018_014,BUSSTOP_OUT::05419,THE AMARA,cbd_bus,CBD-bound,Cbd Bus,29.978,29.978,-0.0,unchanged
G_018_014,BUSSTOP_OUT::05431,TOWER 15,cbd_bus,CBD-bound,Cbd Bus,30.723,30.723,-0.0,unchanged
G_018_014,BUSSTOP_OUT::05629,OPP STH PT,cbd_bus,CBD-bound,Cbd Bus,24.594,19.805,4.789,improved
G_018_014,BUSSTOP_OUT::05651,OPP FUJI XEROX TWRS,cbd_bus,CBD-bound,Cbd Bus,24.967,20.55,4.417,improved
G_018_014,MRTHUB::Bayfront,Bayfront,cbd_mrt,CBD-bound,Cbd Mrt,23.76,15.96,7.8,improved
G_018_014,MRTHUB::Downtown,Downtown,cbd_mrt,CBD-bound,Cbd Mrt,20.56,19.16,1.4,improved
G_018_014,MRTHUB::Marina_Bay,Marina Bay,cbd_mrt,CBD-bound,Cbd Mrt,22.76,14.96,7.8,improved
G_018_014,MRTHUB::Maxwell,Maxwell,cbd_mrt,CBD-bound,Cbd Mrt,18.56,18.56,-0.0,unchanged
G_018_014,MRTHUB::Raffles_Place,Raffles Place,cbd_mrt,CBD-bound,Cbd Mrt,22.76,20.36,2.4,improved
G_018_014,MRTHUB::Shenton_Way,Shenton Way,cbd_mrt,CBD-bound,Cbd Mrt,19.56,18.16,1.4,improved
G_018_014,MRTHUB::Tanjong_Pagar,Tanjong Pagar,cbd_mrt,CBD-bound,Cbd Mrt,18.56,18.56,-0.0,unchanged
G_019_009,BUSSTOP_OUT::95011,AFT AIRCRAFT FLYOVER,airport_bus,Airport-bound,Airport Bus,76.515,76.515,-0.0,unchanged
G_019_009,BUSSTOP_OUT::95019,AFT CHANGI AIRPORT TER 2,airport_bus,Airport-bound,Airport Bus,65.072,65.072,-0.0,unchanged
G_019_009,BUSSTOP_OUT::95029,CHANGI AIRPORT TER 1,airport_bus,Airport-bound,Airport Bus,64.326,64.326,-0.0,unchanged
G_019_009,BUSSTOP_OUT::95109,CHANGI AIRPORT TER 3,airport_bus,Airport-bound,Airport Bus,61.345,61.345,-0.0,unchanged
G_019_009,BUSSTOP_OUT::95129,CHANGI AIRPORT TER 2,airport_bus,Airport-bound,Airport Bus,61.345,61.345,-0.0,unchanged
G_019_009,BUSSTOP_OUT::95151,AIRPORT POLICE STN,airport_bus,Airport-bound,Airport Bus,74.652,74.652,-0.0,unchanged
G_019_009,BUSSTOP_OUT::95159,NEAR SATS FLIGHT KITCHEN,airport_bus,Airport-bound,Airport Bus,68.053,68.053,-0.0,unchanged
G_019_009,BUSSTOP_OUT::95209,CHANGI AIRPORT TER 4,airport_bus,Airport-bound,Airport Bus,71.035,71.035,-0.0,unchanged
G_019_009,MRTHUB::Changi_Airport,Changi Airport,airport_mrt,Airport-bound,Airport Mrt,51.045,51.045,-0.0,unchanged
G_019_009,BUSSTOP_OUT::03011,FULLERTON SQ,cbd_bus,CBD-bound,Cbd Bus,35.258,35.258,-0.0,unchanged
G_019_009,BUSSTOP_OUT::03019,OUE BAYFRONT,cbd_bus,CBD-bound,Cbd Bus,37.545,37.545,-0.0,unchanged
G_019_009,BUSSTOP_OUT::03021,PRUDENTIAL TWR,cbd_bus,CBD-bound,Cbd Bus,33.022,33.022,-0.0,unchanged
G_019_009,BUSSTOP_OUT::03031,RAFFLES PL STN EXIT F,cbd_bus,CBD-bound,Cbd Bus,33.395,33.395,-0.0,unchanged
G_019_009,BUSSTOP_OUT::03041,TELOK AYER STN EXIT A,cbd_bus,CBD-bound,Cbd Bus,35.208,35.208,-0.0,unchanged
G_019_009,BUSSTOP_OUT::03059,ONE RAFFLES QUAY,cbd_bus,CBD-bound,Cbd Bus,37.545,37.545,-0.0,unchanged
G_019_009,BUSSTOP_OUT::03071,OPP SO SOFITEL S'PORE,cbd_bus,CBD-bound,Cbd Bus,32.277,32.277,-0.0,unchanged
G_019_009,BUSSTOP_OUT::03111,AFT CAPITAL TWR,cbd_bus,CBD-bound,Cbd Bus,31.159,31.159,-0.0,unchanged
G_019_009,BUSSTOP_OUT::03129,UIC BLDG,cbd_bus,CBD-bound,Cbd Bus,33.345,33.345,-0.0,unchanged
G_019_009,BUSSTOP_OUT::03151,AFT TELOK AYER ST,cbd_bus,CBD-bound,Cbd Bus,31.159,31.159,-0.0,unchanged
G_019_009,BUSSTOP_OUT::03217,AFT STRAITS BLVD,cbd_bus,CBD-bound,Cbd Bus,33.345,33.345,-0.0,unchanged
G_019_009,BUSSTOP_OUT::03218,OPP MAS BLDG,cbd_bus,CBD-bound,Cbd Bus,33.345,33.345,-0.0,unchanged
G_019_009,BUSSTOP_OUT::03222,HUB SYNERGY PT,cbd_bus,CBD-bound,Cbd Bus,28.55,28.55,-0.0,unchanged
G_019_009,BUSSTOP_OUT::03223,TANJONG PAGAR STN EXIT C,cbd_bus,CBD-bound,Cbd Bus,29.668,29.668,-0.0,unchanged
G_019_009,BUSSTOP_OUT::03239,SHENTON WAY TER,cbd_bus,CBD-bound,Cbd Bus,33.345,33.345,-0.0,unchanged
G_019_009,BUSSTOP_OUT::03241,MAPLETREE ANSON,cbd_bus,CBD-bound,Cbd Bus,33.345,33.345,-0.0,unchanged
G_019_009,BUSSTOP_OUT::03381,THE SAIL,cbd_bus,CBD-bound,Cbd Bus,36.699,36.699,-0.0,unchanged
G_019_009,BUSSTOP_OUT::03391,MARINA BAY FINANCIAL CTR,cbd_bus,CBD-bound,Cbd Bus,37.444,37.444,-0.0,unchanged
G_019_009,BUSSTOP_OUT::03501,MARINA BAY SANDS THEATRE,cbd_bus,CBD-bound,Cbd Bus,41.544,41.544,-0.0,unchanged
G_019_009,BUSSTOP_OUT::03509,BAYFRONT STN EXIT B/MBS,cbd_bus,CBD-bound,Cbd Bus,46.945,45.324,1.621,improved
G_019_009,BUSSTOP_OUT::03511,AFT BAYFRONT STN EXIT E,cbd_bus,CBD-bound,Cbd Bus,40.053,40.053,-0.0,unchanged
G_019_009,BUSSTOP_OUT::03519,BAYFRONT STN EXIT A,cbd_bus,CBD-bound,Cbd Bus,46.945,45.324,1.621,improved
G_019_009,BUSSTOP_OUT::03529,DOWNTOWN STN,cbd_bus,CBD-bound,Cbd Bus,38.745,38.745,-0.0,unchanged
G_019_009,BUSSTOP_OUT::03539,Marina Bay Stn,cbd_bus,CBD-bound,Cbd Bus,41.945,41.945,-0.0,unchanged
G_019_009,BUSSTOP_OUT::05269,MAXWELL RD FC,cbd_bus,CBD-bound,Cbd Bus,37.745,37.745,-0.0,unchanged
G_019_009,BUSSTOP_OUT::05319,OCBC CTR,cbd_bus,CBD-bound,Cbd Bus,37.14,37.14,-0.0,unchanged
G_019_009,BUSSTOP_OUT::05411,TG PAGAR PLAZA,cbd_bus,CBD-bound,Cbd Bus,33.345,33.345,-0.0,unchanged
G_019_009,BUSSTOP_OUT::05419,THE AMARA,cbd_bus,CBD-bound,Cbd Bus,34.463,34.463,-0.0,unchanged
G_019_009,BUSSTOP_OUT::05431,TOWER 15,cbd_bus,CBD-bound,Cbd Bus,35.208,35.208,-0.0,unchanged
G_019_009,BUSSTOP_OUT::05629,OPP STH PT,cbd_bus,CBD-bound,Cbd Bus,27.059,27.059,-0.0,unchanged
G_019_009,BUSSTOP_OUT::05651,OPP FUJI XEROX TWRS,cbd_bus,CBD-bound,Cbd Bus,33.02,33.02,-0.0,unchanged
G_019_009,MRTHUB::Bayfront,Bayfront,cbd_mrt,CBD-bound,Cbd Mrt,36.645,35.024,1.621,improved
G_019_009,MRTHUB::Downtown,Downtown,cbd_mrt,CBD-bound,Cbd Mrt,33.845,33.845,-0.0,unchanged
G_019_009,MRTHUB::Marina_Bay,Marina Bay,cbd_mrt,CBD-bound,Cbd Mrt,31.645,31.645,-0.0,unchanged
G_019_009,MRTHUB::Maxwell,Maxwell,cbd_mrt,CBD-bound,Cbd Mrt,27.445,27.445,-0.0,unchanged
G_019_009,MRTHUB::Raffles_Place,Raffles Place,cbd_mrt,CBD-bound,Cbd Mrt,27.245,27.245,-0.0,unchanged
G_019_009,MRTHUB::Shenton_Way,Shenton Way,cbd_mrt,CBD-bound,Cbd Mrt,28.445,28.445,-0.0,unchanged
G_019_009,MRTHUB::Tanjong_Pagar,Tanjong Pagar,cbd_mrt,CBD-bound,Cbd Mrt,23.045,23.045,-0.0,unchanged
G_019_010,BUSSTOP_OUT::95011,AFT AIRCRAFT FLYOVER,airport_bus,Airport-bound,Airport Bus,82.368,82.368,-0.0,unchanged
G_019_010,BUSSTOP_OUT::95019,AFT CHANGI AIRPORT TER 2,airport_bus,Airport-bound,Airport Bus,70.925,70.925,-0.0,unchanged
G_019_010,BUSSTOP_OUT::95029,CHANGI AIRPORT TER 1,airport_bus,Airport-bound,Airport Bus,70.179,70.179,-0.0,unchanged
G_019_010,BUSSTOP_OUT::95109,CHANGI AIRPORT TER 3,airport_bus,Airport-bound,Airport Bus,67.198,67.198,-0.0,unchanged
G_019_010,BUSSTOP_OUT::95129,CHANGI AIRPORT TER 2,airport_bus,Airport-bound,Airport Bus,67.198,67.198,-0.0,unchanged
G_019_010,BUSSTOP_OUT::95151,AIRPORT POLICE STN,airport_bus,Airport-bound,Airport Bus,80.505,80.505,-0.0,unchanged
G_019_010,BUSSTOP_OUT::95159,NEAR SATS FLIGHT KITCHEN,airport_bus,Airport-bound,Airport Bus,73.906,73.906,-0.0,unchanged
G_019_010,BUSSTOP_OUT::95209,CHANGI AIRPORT TER 4,airport_bus,Airport-bound,Airport Bus,76.888,76.888,-0.0,unchanged
G_019_010,MRTHUB::Changi_Airport,Changi Airport,airport_mrt,Airport-bound,Airport Mrt,56.898,56.898,-0.0,unchanged
G_019_010,BUSSTOP_OUT::03011,FULLERTON SQ,cbd_bus,CBD-bound,Cbd Bus,34.998,34.998,-0.0,unchanged
G_019_010,BUSSTOP_OUT::03019,OUE BAYFRONT,cbd_bus,CBD-bound,Cbd Bus,43.398,43.398,-0.0,unchanged
G_019_010,BUSSTOP_OUT::03021,PRUDENTIAL TWR,cbd_bus,CBD-bound,Cbd Bus,32.762,32.762,-0.0,unchanged
G_019_010,BUSSTOP_OUT::03031,RAFFLES PL STN EXIT F,cbd_bus,CBD-bound,Cbd Bus,33.135,33.135,-0.0,unchanged
G_019_010,BUSSTOP_OUT::03041,TELOK AYER STN EXIT A,cbd_bus,CBD-bound,Cbd Bus,39.862,39.862,-0.0,unchanged
G_019_010,BUSSTOP_OUT::03059,ONE RAFFLES QUAY,cbd_bus,CBD-bound,Cbd Bus,39.116,39.116,-0.0,unchanged
G_019_010,BUSSTOP_OUT::03071,OPP SO SOFITEL S'PORE,cbd_bus,CBD-bound,Cbd Bus,32.017,32.017,-0.0,unchanged
G_019_010,BUSSTOP_OUT::03111,AFT CAPITAL TWR,cbd_bus,CBD-bound,Cbd Bus,30.899,30.899,-0.0,unchanged
G_019_010,BUSSTOP_OUT::03129,UIC BLDG,cbd_bus,CBD-bound,Cbd Bus,39.198,39.198,-0.0,unchanged
G_019_010,BUSSTOP_OUT::03151,AFT TELOK AYER ST,cbd_bus,CBD-bound,Cbd Bus,30.899,30.899,-0.0,unchanged
G_019_010,BUSSTOP_OUT::03217,AFT STRAITS BLVD,cbd_bus,CBD-bound,Cbd Bus,39.198,37.408,1.79,improved
G_019_010,BUSSTOP_OUT::03218,OPP MAS BLDG,cbd_bus,CBD-bound,Cbd Bus,38.371,37.408,0.963,improved
G_019_010,BUSSTOP_OUT::03222,HUB SYNERGY PT,cbd_bus,CBD-bound,Cbd Bus,28.29,28.29,-0.0,unchanged
G_019_010,BUSSTOP_OUT::03223,TANJONG PAGAR STN EXIT C,cbd_bus,CBD-bound,Cbd Bus,29.408,29.408,-0.0,unchanged
G_019_010,BUSSTOP_OUT::03239,SHENTON WAY TER,cbd_bus,CBD-bound,Cbd Bus,39.116,37.408,1.708,improved
G_019_010,BUSSTOP_OUT::03241,MAPLETREE ANSON,cbd_bus,CBD-bound,Cbd Bus,39.198,37.408,1.79,improved
G_019_010,BUSSTOP_OUT::03381,THE SAIL,cbd_bus,CBD-bound,Cbd Bus,41.353,41.353,-0.0,unchanged
G_019_010,BUSSTOP_OUT::03391,MARINA BAY FINANCIAL CTR,cbd_bus,CBD-bound,Cbd Bus,42.098,42.098,-0.0,unchanged
G_019_010,BUSSTOP_OUT::03501,MARINA BAY SANDS THEATRE,cbd_bus,CBD-bound,Cbd Bus,46.198,42.608,3.59,improved
G_019_010,BUSSTOP_OUT::03509,BAYFRONT STN EXIT B/MBS,cbd_bus,CBD-bound,Cbd Bus,48.916,42.608,6.308,improved
G_019_010,BUSSTOP_OUT::03511,AFT BAYFRONT STN EXIT E,cbd_bus,CBD-bound,Cbd Bus,44.707,42.608,2.099,improved
G_019_010,BUSSTOP_OUT::03519,BAYFRONT STN EXIT A,cbd_bus,CBD-bound,Cbd Bus,48.916,42.608,6.308,improved
G_019_010,BUSSTOP_OUT::03529,DOWNTOWN STN,cbd_bus,CBD-bound,Cbd Bus,40.316,40.316,-0.0,unchanged
G_019_010,BUSSTOP_OUT::03539,Marina Bay Stn,cbd_bus,CBD-bound,Cbd Bus,43.516,41.608,1.908,improved
G_019_010,BUSSTOP_OUT::05269,MAXWELL RD FC,cbd_bus,CBD-bound,Cbd Bus,39.316,39.316,-0.0,unchanged
G_019_010,BUSSTOP_OUT::05319,OCBC CTR,cbd_bus,CBD-bound,Cbd Bus,36.88,36.88,-0.0,unchanged
G_019_010,BUSSTOP_OUT::05411,TG PAGAR PLAZA,cbd_bus,CBD-bound,Cbd Bus,33.505,33.505,-0.0,unchanged
G_019_010,BUSSTOP_OUT::05419,THE AMARA,cbd_bus,CBD-bound,Cbd Bus,40.316,40.316,-0.0,unchanged
G_019_010,BUSSTOP_OUT::05431,TOWER 15,cbd_bus,CBD-bound,Cbd Bus,41.061,41.061,-0.0,unchanged
G_019_010,BUSSTOP_OUT::05629,OPP STH PT,cbd_bus,CBD-bound,Cbd Bus,26.799,26.799,-0.0,unchanged
G_019_010,BUSSTOP_OUT::05651,OPP FUJI XEROX TWRS,cbd_bus,CBD-bound,Cbd Bus,32.76,32.76,-0.0,unchanged
G_019_010,MRTHUB::Bayfront,Bayfront,cbd_mrt,CBD-bound,Cbd Mrt,38.616,32.308,6.308,improved
G_019_010,MRTHUB::Downtown,Downtown,cbd_mrt,CBD-bound,Cbd Mrt,36.908,35.508,1.4,improved
G_019_010,MRTHUB::Marina_Bay,Marina Bay,cbd_mrt,CBD-bound,Cbd Mrt,33.216,31.308,1.908,improved
G_019_010,MRTHUB::Maxwell,Maxwell,cbd_mrt,CBD-bound,Cbd Mrt,29.016,29.016,-0.0,unchanged
G_019_010,MRTHUB::Raffles_Place,Raffles Place,cbd_mrt,CBD-bound,Cbd Mrt,33.098,33.098,-0.0,unchanged
G_019_010,MRTHUB::Shenton_Way,Shenton Way,cbd_mrt,CBD-bound,Cbd Mrt,30.016,30.016,-0.0,unchanged
G_019_010,MRTHUB::Tanjong_Pagar,Tanjong Pagar,cbd_mrt,CBD-bound,Cbd Mrt,28.898,28.898,-0.0,unchanged
G_019_011,BUSSTOP_OUT::95011,AFT AIRCRAFT FLYOVER,airport_bus,Airport-bound,Airport Bus,82.819,82.419,0.4,improved
G_019_011,BUSSTOP_OUT::95019,AFT CHANGI AIRPORT TER 2,airport_bus,Airport-bound,Airport Bus,72.54,71.14,1.4,improved
G_019_011,BUSSTOP_OUT::95029,CHANGI AIRPORT TER 1,airport_bus,Airport-bound,Airport Bus,71.794,70.394,1.4,improved
G_019_011,BUSSTOP_OUT::95109,CHANGI AIRPORT TER 3,airport_bus,Airport-bound,Airport Bus,68.813,67.413,1.4,improved
G_019_011,BUSSTOP_OUT::95129,CHANGI AIRPORT TER 2,airport_bus,Airport-bound,Airport Bus,68.813,67.413,1.4,improved
G_019_011,BUSSTOP_OUT::95151,AIRPORT POLICE STN,airport_bus,Airport-bound,Airport Bus,80.956,80.556,0.4,improved
G_019_011,BUSSTOP_OUT::95159,NEAR SATS FLIGHT KITCHEN,airport_bus,Airport-bound,Airport Bus,75.521,74.121,1.4,improved
G_019_011,BUSSTOP_OUT::95209,CHANGI AIRPORT TER 4,airport_bus,Airport-bound,Airport Bus,78.503,77.103,1.4,improved
G_019_011,MRTHUB::Changi_Airport,Changi Airport,airport_mrt,Airport-bound,Airport Mrt,58.513,57.113,1.4,improved
G_019_011,BUSSTOP_OUT::03011,FULLERTON SQ,cbd_bus,CBD-bound,Cbd Bus,36.206,36.206,-0.0,unchanged
G_019_011,BUSSTOP_OUT::03019,OUE BAYFRONT,cbd_bus,CBD-bound,Cbd Bus,45.013,41.994,3.019,improved
G_019_011,BUSSTOP_OUT::03021,PRUDENTIAL TWR,cbd_bus,CBD-bound,Cbd Bus,33.97,33.97,-0.0,unchanged
G_019_011,BUSSTOP_OUT::03031,RAFFLES PL STN EXIT F,cbd_bus,CBD-bound,Cbd Bus,34.344,34.344,-0.0,unchanged
G_019_011,BUSSTOP_OUT::03041,TELOK AYER STN EXIT A,cbd_bus,CBD-bound,Cbd Bus,41.07,36.367,4.703,improved
G_019_011,BUSSTOP_OUT::03059,ONE RAFFLES QUAY,cbd_bus,CBD-bound,Cbd Bus,33.226,33.226,-0.0,unchanged
G_019_011,BUSSTOP_OUT::03071,OPP SO SOFITEL S'PORE,cbd_bus,CBD-bound,Cbd Bus,33.226,33.226,-0.0,unchanged
G_019_011,BUSSTOP_OUT::03111,AFT CAPITAL TWR,cbd_bus,CBD-bound,Cbd Bus,32.108,32.108,-0.0,unchanged
G_019_011,BUSSTOP_OUT::03129,UIC BLDG,cbd_bus,CBD-bound,Cbd Bus,34.717,34.717,-0.0,unchanged
G_019_011,BUSSTOP_OUT::03151,AFT TELOK AYER ST,cbd_bus,CBD-bound,Cbd Bus,32.107,32.107,-0.0,unchanged
G_019_011,BUSSTOP_OUT::03217,AFT STRAITS BLVD,cbd_bus,CBD-bound,Cbd Bus,40.645,33.013,7.632,improved
G_019_011,BUSSTOP_OUT::03218,OPP MAS BLDG,cbd_bus,CBD-bound,Cbd Bus,36.58,33.013,3.567,improved
G_019_011,BUSSTOP_OUT::03222,HUB SYNERGY PT,cbd_bus,CBD-bound,Cbd Bus,29.499,29.499,-0.0,unchanged
G_019_011,BUSSTOP_OUT::03223,TANJONG PAGAR STN EXIT C,cbd_bus,CBD-bound,Cbd Bus,30.616,30.616,-0.0,unchanged
G_019_011,BUSSTOP_OUT::03239,SHENTON WAY TER,cbd_bus,CBD-bound,Cbd Bus,37.325,33.013,4.312,improved
G_019_011,BUSSTOP_OUT::03241,MAPLETREE ANSON,cbd_bus,CBD-bound,Cbd Bus,40.813,33.013,7.8,improved
G_019_011,BUSSTOP_OUT::03381,THE SAIL,cbd_bus,CBD-bound,Cbd Bus,39.378,37.858,1.52,improved
G_019_011,BUSSTOP_OUT::03391,MARINA BAY FINANCIAL CTR,cbd_bus,CBD-bound,Cbd Bus,40.123,38.603,1.52,improved
G_019_011,BUSSTOP_OUT::03501,MARINA BAY SANDS THEATRE,cbd_bus,CBD-bound,Cbd Bus,44.223,38.213,6.01,improved
G_019_011,BUSSTOP_OUT::03509,BAYFRONT STN EXIT B/MBS,cbd_bus,CBD-bound,Cbd Bus,46.013,38.213,7.8,improved
G_019_011,BUSSTOP_OUT::03511,AFT BAYFRONT STN EXIT E,cbd_bus,CBD-bound,Cbd Bus,42.732,38.213,4.519,improved
G_019_011,BUSSTOP_OUT::03519,BAYFRONT STN EXIT A,cbd_bus,CBD-bound,Cbd Bus,46.013,38.213,7.8,improved
G_019_011,BUSSTOP_OUT::03529,DOWNTOWN STN,cbd_bus,CBD-bound,Cbd Bus,40.645,38.704,1.941,improved
G_019_011,BUSSTOP_OUT::03539,Marina Bay Stn,cbd_bus,CBD-bound,Cbd Bus,42.813,37.213,5.6,improved
G_019_011,BUSSTOP_OUT::05269,MAXWELL RD FC,cbd_bus,CBD-bound,Cbd Bus,39.645,39.645,-0.0,unchanged
G_019_011,BUSSTOP_OUT::05319,OCBC CTR,cbd_bus,CBD-bound,Cbd Bus,30.99,30.99,-0.0,unchanged
G_019_011,BUSSTOP_OUT::05411,TG PAGAR PLAZA,cbd_bus,CBD-bound,Cbd Bus,29.497,29.497,-0.0,unchanged
G_019_011,BUSSTOP_OUT::05419,THE AMARA,cbd_bus,CBD-bound,Cbd Bus,40.763,40.763,-0.0,unchanged
G_019_011,BUSSTOP_OUT::05431,TOWER 15,cbd_bus,CBD-bound,Cbd Bus,41.508,41.508,-0.0,unchanged
G_019_011,BUSSTOP_OUT::05629,OPP STH PT,cbd_bus,CBD-bound,Cbd Bus,28.008,28.008,-0.0,unchanged
G_019_011,BUSSTOP_OUT::05651,OPP FUJI XEROX TWRS,cbd_bus,CBD-bound,Cbd Bus,28.752,28.752,-0.0,unchanged
G_019_011,MRTHUB::Bayfront,Bayfront,cbd_mrt,CBD-bound,Cbd Mrt,35.713,27.913,7.8,improved
G_019_011,MRTHUB::Downtown,Downtown,cbd_mrt,CBD-bound,Cbd Mrt,32.513,31.113,1.4,improved
G_019_011,MRTHUB::Marina_Bay,Marina Bay,cbd_mrt,CBD-bound,Cbd Mrt,33.545,26.913,6.632,improved
G_019_011,MRTHUB::Maxwell,Maxwell,cbd_mrt,CBD-bound,Cbd Mrt,29.345,29.345,-0.0,unchanged
G_019_011,MRTHUB::Raffles_Place,Raffles Place,cbd_mrt,CBD-bound,Cbd Mrt,34.713,32.313,2.4,improved
G_019_011,MRTHUB::Shenton_Way,Shenton Way,cbd_mrt,CBD-bound,Cbd Mrt,30.345,30.113,0.232,improved
G_019_011,MRTHUB::Tanjong_Pagar,Tanjong Pagar,cbd_mrt,CBD-bound,Cbd Mrt,30.513,30.513,-0.0,unchanged
G_019_012,BUSSTOP_OUT::95011,AFT AIRCRAFT FLYOVER,airport_bus,Airport-bound,Airport Bus,78.466,78.066,0.4,improved
G_019_012,BUSSTOP_OUT::95019,AFT CHANGI AIRPORT TER 2,airport_bus,Airport-bound,Airport Bus,68.187,66.787,1.4,improved
G_019_012,BUSSTOP_OUT::95029,CHANGI AIRPORT TER 1,airport_bus,Airport-bound,Airport Bus,67.441,66.041,1.4,improved
G_019_012,BUSSTOP_OUT::95109,CHANGI AIRPORT TER 3,airport_bus,Airport-bound,Airport Bus,64.46,63.06,1.4,improved
G_019_012,BUSSTOP_OUT::95129,CHANGI AIRPORT TER 2,airport_bus,Airport-bound,Airport Bus,64.46,63.06,1.4,improved
G_019_012,BUSSTOP_OUT::95151,AIRPORT POLICE STN,airport_bus,Airport-bound,Airport Bus,76.603,76.203,0.4,improved
G_019_012,BUSSTOP_OUT::95159,NEAR SATS FLIGHT KITCHEN,airport_bus,Airport-bound,Airport Bus,71.168,69.768,1.4,improved
G_019_012,BUSSTOP_OUT::95209,CHANGI AIRPORT TER 4,airport_bus,Airport-bound,Airport Bus,74.15,72.75,1.4,improved
G_019_012,MRTHUB::Changi_Airport,Changi Airport,airport_mrt,Airport-bound,Airport Mrt,54.16,52.76,1.4,improved
G_019_012,BUSSTOP_OUT::03011,FULLERTON SQ,cbd_bus,CBD-bound,Cbd Bus,36.111,34.25,1.861,improved
G_019_012,BUSSTOP_OUT::03019,OUE BAYFRONT,cbd_bus,CBD-bound,Cbd Bus,40.66,37.641,3.019,improved
G_019_012,BUSSTOP_OUT::03021,PRUDENTIAL TWR,cbd_bus,CBD-bound,Cbd Bus,33.875,32.014,1.861,improved
G_019_012,BUSSTOP_OUT::03031,RAFFLES PL STN EXIT F,cbd_bus,CBD-bound,Cbd Bus,34.249,32.759,1.49,improved
G_019_012,BUSSTOP_OUT::03041,TELOK AYER STN EXIT A,cbd_bus,CBD-bound,Cbd Bus,37.46,32.014,5.446,improved
G_019_012,BUSSTOP_OUT::03059,ONE RAFFLES QUAY,cbd_bus,CBD-bound,Cbd Bus,33.131,33.131,-0.0,unchanged
G_019_012,BUSSTOP_OUT::03071,OPP SO SOFITEL S'PORE,cbd_bus,CBD-bound,Cbd Bus,33.131,31.641,1.49,improved
G_019_012,BUSSTOP_OUT::03111,AFT CAPITAL TWR,cbd_bus,CBD-bound,Cbd Bus,32.013,30.523,1.49,improved
G_019_012,BUSSTOP_OUT::03129,UIC BLDG,cbd_bus,CBD-bound,Cbd Bus,34.622,34.622,-0.0,unchanged
G_019_012,BUSSTOP_OUT::03151,AFT TELOK AYER ST,cbd_bus,CBD-bound,Cbd Bus,32.012,30.151,1.861,improved
G_019_012,BUSSTOP_OUT::03217,AFT STRAITS BLVD,cbd_bus,CBD-bound,Cbd Bus,36.46,28.66,7.8,improved
G_019_012,BUSSTOP_OUT::03218,OPP MAS BLDG,cbd_bus,CBD-bound,Cbd Bus,36.46,28.66,7.8,improved
G_019_012,BUSSTOP_OUT::03222,HUB SYNERGY PT,cbd_bus,CBD-bound,Cbd Bus,29.404,28.66,0.744,improved
G_019_012,BUSSTOP_OUT::03223,TANJONG PAGAR STN EXIT C,cbd_bus,CBD-bound,Cbd Bus,30.521,28.66,1.861,improved
G_019_012,BUSSTOP_OUT::03239,SHENTON WAY TER,cbd_bus,CBD-bound,Cbd Bus,36.46,28.66,7.8,improved
G_019_012,BUSSTOP_OUT::03241,MAPLETREE ANSON,cbd_bus,CBD-bound,Cbd Bus,36.46,28.66,7.8,improved
G_019_012,BUSSTOP_OUT::03381,THE SAIL,cbd_bus,CBD-bound,Cbd Bus,38.167,33.505,4.662,improved
G_019_012,BUSSTOP_OUT::03391,MARINA BAY FINANCIAL CTR,cbd_bus,CBD-bound,Cbd Bus,38.46,34.25,4.21,improved
G_019_012,BUSSTOP_OUT::03501,MARINA BAY SANDS THEATRE,cbd_bus,CBD-bound,Cbd Bus,41.66,33.86,7.8,improved
G_019_012,BUSSTOP_OUT::03509,BAYFRONT STN EXIT B/MBS,cbd_bus,CBD-bound,Cbd Bus,41.66,33.86,7.8,improved
G_019_012,BUSSTOP_OUT::03511,AFT BAYFRONT STN EXIT E,cbd_bus,CBD-bound,Cbd Bus,41.069,33.86,7.209,improved
G_019_012,BUSSTOP_OUT::03519,BAYFRONT STN EXIT A,cbd_bus,CBD-bound,Cbd Bus,41.66,33.86,7.8,improved
G_019_012,BUSSTOP_OUT::03529,DOWNTOWN STN,cbd_bus,CBD-bound,Cbd Bus,37.46,34.351,3.109,improved
G_019_012,BUSSTOP_OUT::03539,Marina Bay Stn,cbd_bus,CBD-bound,Cbd Bus,38.46,32.86,5.6,improved
G_019_012,BUSSTOP_OUT::05269,MAXWELL RD FC,cbd_bus,CBD-bound,Cbd Bus,36.123,36.123,-0.0,unchanged
G_019_012,BUSSTOP_OUT::05319,OCBC CTR,cbd_bus,CBD-bound,Cbd Bus,30.895,30.895,-0.0,unchanged
G_019_012,BUSSTOP_OUT::05411,TG PAGAR PLAZA,cbd_bus,CBD-bound,Cbd Bus,29.402,28.895,0.507,improved
G_019_012,BUSSTOP_OUT::05419,THE AMARA,cbd_bus,CBD-bound,Cbd Bus,37.578,37.578,-0.0,unchanged
G_019_012,BUSSTOP_OUT::05431,TOWER 15,cbd_bus,CBD-bound,Cbd Bus,38.323,38.323,-0.0,unchanged
G_019_012,BUSSTOP_OUT::05629,OPP STH PT,cbd_bus,CBD-bound,Cbd Bus,27.913,27.405,0.508,improved
G_019_012,BUSSTOP_OUT::05651,OPP FUJI XEROX TWRS,cbd_bus,CBD-bound,Cbd Bus,28.657,28.15,0.507,improved
G_019_012,MRTHUB::Bayfront,Bayfront,cbd_mrt,CBD-bound,Cbd Mrt,31.36,23.56,7.8,improved
G_019_012,MRTHUB::Downtown,Downtown,cbd_mrt,CBD-bound,Cbd Mrt,28.16,26.76,1.4,improved
G_019_012,MRTHUB::Marina_Bay,Marina Bay,cbd_mrt,CBD-bound,Cbd Mrt,30.36,22.56,7.8,improved
G_019_012,MRTHUB::Maxwell,Maxwell,cbd_mrt,CBD-bound,Cbd Mrt,26.16,26.16,-0.0,unchanged
G_019_012,MRTHUB::Raffles_Place,Raffles Place,cbd_mrt,CBD-bound,Cbd Mrt,30.36,27.96,2.4,improved
G_019_012,MRTHUB::Shenton_Way,Shenton Way,cbd_mrt,CBD-bound,Cbd Mrt,27.16,25.76,1.4,improved
G_019_012,MRTHUB::Tanjong_Pagar,Tanjong Pagar,cbd_mrt,CBD-bound,Cbd Mrt,26.16,26.16,-0.0,unchanged
G_019_013,BUSSTOP_OUT::95011,AFT AIRCRAFT FLYOVER,airport_bus,Airport-bound,Airport Bus,74.244,73.844,0.4,improved
G_019_013,BUSSTOP_OUT::95019,AFT CHANGI AIRPORT TER 2,airport_bus,Airport-bound,Airport Bus,63.965,62.565,1.4,improved
G_019_013,BUSSTOP_OUT::95029,CHANGI AIRPORT TER 1,airport_bus,Airport-bound,Airport Bus,63.219,61.819,1.4,improved
G_019_013,BUSSTOP_OUT::95109,CHANGI AIRPORT TER 3,airport_bus,Airport-bound,Airport Bus,60.238,58.838,1.4,improved
G_019_013,BUSSTOP_OUT::95129,CHANGI AIRPORT TER 2,airport_bus,Airport-bound,Airport Bus,60.238,58.838,1.4,improved
G_019_013,BUSSTOP_OUT::95151,AIRPORT POLICE STN,airport_bus,Airport-bound,Airport Bus,72.381,71.981,0.4,improved
G_019_013,BUSSTOP_OUT::95159,NEAR SATS FLIGHT KITCHEN,airport_bus,Airport-bound,Airport Bus,66.946,65.546,1.4,improved
G_019_013,BUSSTOP_OUT::95209,CHANGI AIRPORT TER 4,airport_bus,Airport-bound,Airport Bus,69.928,68.528,1.4,improved
G_019_013,MRTHUB::Changi_Airport,Changi Airport,airport_mrt,Airport-bound,Airport Mrt,49.938,48.538,1.4,improved
G_019_013,BUSSTOP_OUT::03011,FULLERTON SQ,cbd_bus,CBD-bound,Cbd Bus,27.64,27.64,-0.0,unchanged
G_019_013,BUSSTOP_OUT::03019,OUE BAYFRONT,cbd_bus,CBD-bound,Cbd Bus,36.438,33.419,3.019,improved
G_019_013,BUSSTOP_OUT::03021,PRUDENTIAL TWR,cbd_bus,CBD-bound,Cbd Bus,25.404,25.404,-0.0,unchanged
G_019_013,BUSSTOP_OUT::03031,RAFFLES PL STN EXIT F,cbd_bus,CBD-bound,Cbd Bus,31.525,28.537,2.988,improved
G_019_013,BUSSTOP_OUT::03041,TELOK AYER STN EXIT A,cbd_bus,CBD-bound,Cbd Bus,32.504,27.792,4.712,improved
G_019_013,BUSSTOP_OUT::03059,ONE RAFFLES QUAY,cbd_bus,CBD-bound,Cbd Bus,32.565,32.565,-0.0,unchanged
G_019_013,BUSSTOP_OUT::03071,OPP SO SOFITEL S'PORE,cbd_bus,CBD-bound,Cbd Bus,30.407,27.419,2.988,improved
G_019_013,BUSSTOP_OUT::03111,AFT CAPITAL TWR,cbd_bus,CBD-bound,Cbd Bus,29.289,26.301,2.988,improved
G_019_013,BUSSTOP_OUT::03129,UIC BLDG,cbd_bus,CBD-bound,Cbd Bus,32.238,31.838,0.4,improved
G_019_013,BUSSTOP_OUT::03151,AFT TELOK AYER ST,cbd_bus,CBD-bound,Cbd Bus,23.541,23.541,-0.0,unchanged
G_019_013,BUSSTOP_OUT::03217,AFT STRAITS BLVD,cbd_bus,CBD-bound,Cbd Bus,32.238,24.438,7.8,improved
G_019_013,BUSSTOP_OUT::03218,OPP MAS BLDG,cbd_bus,CBD-bound,Cbd Bus,32.238,24.438,7.8,improved
G_019_013,BUSSTOP_OUT::03222,HUB SYNERGY PT,cbd_bus,CBD-bound,Cbd Bus,26.68,24.438,2.242,improved
G_019_013,BUSSTOP_OUT::03223,TANJONG PAGAR STN EXIT C,cbd_bus,CBD-bound,Cbd Bus,22.05,22.05,-0.0,unchanged
G_019_013,BUSSTOP_OUT::03239,SHENTON WAY TER,cbd_bus,CBD-bound,Cbd Bus,32.238,24.438,7.8,improved
G_019_013,BUSSTOP_OUT::03241,MAPLETREE ANSON,cbd_bus,CBD-bound,Cbd Bus,32.238,24.438,7.8,improved
G_019_013,BUSSTOP_OUT::03381,THE SAIL,cbd_bus,CBD-bound,Cbd Bus,32.643,29.283,3.36,improved
G_019_013,BUSSTOP_OUT::03391,MARINA BAY FINANCIAL CTR,cbd_bus,CBD-bound,Cbd Bus,33.388,30.028,3.36,improved
G_019_013,BUSSTOP_OUT::03501,MARINA BAY SANDS THEATRE,cbd_bus,CBD-bound,Cbd Bus,37.438,29.638,7.8,improved
G_019_013,BUSSTOP_OUT::03509,BAYFRONT STN EXIT B/MBS,cbd_bus,CBD-bound,Cbd Bus,37.438,29.638,7.8,improved
G_019_013,BUSSTOP_OUT::03511,AFT BAYFRONT STN EXIT E,cbd_bus,CBD-bound,Cbd Bus,35.997,29.638,6.359,improved
G_019_013,BUSSTOP_OUT::03519,BAYFRONT STN EXIT A,cbd_bus,CBD-bound,Cbd Bus,37.438,29.638,7.8,improved
G_019_013,BUSSTOP_OUT::03529,DOWNTOWN STN,cbd_bus,CBD-bound,Cbd Bus,33.238,30.129,3.109,improved
G_019_013,BUSSTOP_OUT::03539,Marina Bay Stn,cbd_bus,CBD-bound,Cbd Bus,34.238,28.638,5.6,improved
G_019_013,BUSSTOP_OUT::05269,MAXWELL RD FC,cbd_bus,CBD-bound,Cbd Bus,31.901,31.901,-0.0,unchanged
G_019_013,BUSSTOP_OUT::05319,OCBC CTR,cbd_bus,CBD-bound,Cbd Bus,30.329,30.329,-0.0,unchanged
G_019_013,BUSSTOP_OUT::05411,TG PAGAR PLAZA,cbd_bus,CBD-bound,Cbd Bus,20.931,20.931,-0.0,unchanged
G_019_013,BUSSTOP_OUT::05419,THE AMARA,cbd_bus,CBD-bound,Cbd Bus,33.356,33.356,-0.0,unchanged
G_019_013,BUSSTOP_OUT::05431,TOWER 15,cbd_bus,CBD-bound,Cbd Bus,34.101,34.101,-0.0,unchanged
G_019_013,BUSSTOP_OUT::05629,OPP STH PT,cbd_bus,CBD-bound,Cbd Bus,26.68,23.183,3.497,improved
G_019_013,BUSSTOP_OUT::05651,OPP FUJI XEROX TWRS,cbd_bus,CBD-bound,Cbd Bus,20.186,20.186,-0.0,unchanged
G_019_013,MRTHUB::Bayfront,Bayfront,cbd_mrt,CBD-bound,Cbd Mrt,27.138,19.338,7.8,improved
G_019_013,MRTHUB::Downtown,Downtown,cbd_mrt,CBD-bound,Cbd Mrt,23.938,22.538,1.4,improved
G_019_013,MRTHUB::Marina_Bay,Marina Bay,cbd_mrt,CBD-bound,Cbd Mrt,26.138,18.338,7.8,improved
G_019_013,MRTHUB::Maxwell,Maxwell,cbd_mrt,CBD-bound,Cbd Mrt,21.938,21.938,-0.0,unchanged
G_019_013,MRTHUB::Raffles_Place,Raffles Place,cbd_mrt,CBD-bound,Cbd Mrt,26.138,23.738,2.4,improved
G_019_013,MRTHUB::Shenton_Way,Shenton Way,cbd_mrt,CBD-bound,Cbd Mrt,22.938,21.538,1.4,improved
G_019_013,MRTHUB::Tanjong_Pagar,Tanjong Pagar,cbd_mrt,CBD-bound,Cbd Mrt,21.938,21.938,-0.0,unchanged
G_019_014,BUSSTOP_OUT::95011,AFT AIRCRAFT FLYOVER,airport_bus,Airport-bound,Airport Bus,71.216,70.816,0.4,improved
G_019_014,BUSSTOP_OUT::95019,AFT CHANGI AIRPORT TER 2,airport_bus,Airport-bound,Airport Bus,60.937,59.537,1.4,improved
G_019_014,BUSSTOP_OUT::95029,CHANGI AIRPORT TER 1,airport_bus,Airport-bound,Airport Bus,60.191,58.791,1.4,improved
G_019_014,BUSSTOP_OUT::95109,CHANGI AIRPORT TER 3,airport_bus,Airport-bound,Airport Bus,57.21,55.81,1.4,improved
G_019_014,BUSSTOP_OUT::95129,CHANGI AIRPORT TER 2,airport_bus,Airport-bound,Airport Bus,57.21,55.81,1.4,improved
G_019_014,BUSSTOP_OUT::95151,AIRPORT POLICE STN,airport_bus,Airport-bound,Airport Bus,69.353,68.953,0.4,improved
G_019_014,BUSSTOP_OUT::95159,NEAR SATS FLIGHT KITCHEN,airport_bus,Airport-bound,Airport Bus,63.918,62.518,1.4,improved
G_019_014,BUSSTOP_OUT::95209,CHANGI AIRPORT TER 4,airport_bus,Airport-bound,Airport Bus,66.9,65.5,1.4,improved
G_019_014,MRTHUB::Changi_Airport,Changi Airport,airport_mrt,Airport-bound,Airport Mrt,46.91,45.51,1.4,improved
G_019_014,BUSSTOP_OUT::03011,FULLERTON SQ,cbd_bus,CBD-bound,Cbd Bus,26.964,26.964,-0.0,unchanged
G_019_014,BUSSTOP_OUT::03019,OUE BAYFRONT,cbd_bus,CBD-bound,Cbd Bus,33.41,30.391,3.019,improved
G_019_014,BUSSTOP_OUT::03021,PRUDENTIAL TWR,cbd_bus,CBD-bound,Cbd Bus,24.728,24.728,-0.0,unchanged
G_019_014,BUSSTOP_OUT::03031,RAFFLES PL STN EXIT F,cbd_bus,CBD-bound,Cbd Bus,25.101,25.101,-0.0,unchanged
G_019_014,BUSSTOP_OUT::03041,TELOK AYER STN EXIT A,cbd_bus,CBD-bound,Cbd Bus,30.21,24.764,5.446,improved
G_019_014,BUSSTOP_OUT::03059,ONE RAFFLES QUAY,cbd_bus,CBD-bound,Cbd Bus,29.537,29.537,-0.0,unchanged
G_019_014,BUSSTOP_OUT::03071,OPP SO SOFITEL S'PORE,cbd_bus,CBD-bound,Cbd Bus,23.983,23.983,-0.0,unchanged
G_019_014,BUSSTOP_OUT::03111,AFT CAPITAL TWR,cbd_bus,CBD-bound,Cbd Bus,22.865,22.865,-0.0,unchanged
G_019_014,BUSSTOP_OUT::03129,UIC BLDG,cbd_bus,CBD-bound,Cbd Bus,29.21,28.81,0.4,improved
G_019_014,BUSSTOP_OUT::03151,AFT TELOK AYER ST,cbd_bus,CBD-bound,Cbd Bus,22.865,22.865,-0.0,unchanged
G_019_014,BUSSTOP_OUT::03217,AFT STRAITS BLVD,cbd_bus,CBD-bound,Cbd Bus,29.21,21.41,7.8,improved
G_019_014,BUSSTOP_OUT::03218,OPP MAS BLDG,cbd_bus,CBD-bound,Cbd Bus,29.21,21.41,7.8,improved
G_019_014,BUSSTOP_OUT::03222,HUB SYNERGY PT,cbd_bus,CBD-bound,Cbd Bus,20.256,20.256,-0.0,unchanged
G_019_014,BUSSTOP_OUT::03223,TANJONG PAGAR STN EXIT C,cbd_bus,CBD-bound,Cbd Bus,21.374,21.374,-0.0,unchanged
G_019_014,BUSSTOP_OUT::03239,SHENTON WAY TER,cbd_bus,CBD-bound,Cbd Bus,29.21,21.41,7.8,improved
G_019_014,BUSSTOP_OUT::03241,MAPLETREE ANSON,cbd_bus,CBD-bound,Cbd Bus,29.21,21.41,7.8,improved
G_019_014,BUSSTOP_OUT::03381,THE SAIL,cbd_bus,CBD-bound,Cbd Bus,26.219,26.219,-0.0,unchanged
G_019_014,BUSSTOP_OUT::03391,MARINA BAY FINANCIAL CTR,cbd_bus,CBD-bound,Cbd Bus,26.964,26.964,-0.0,unchanged
G_019_014,BUSSTOP_OUT::03501,MARINA BAY SANDS THEATRE,cbd_bus,CBD-bound,Cbd Bus,31.064,26.61,4.454,improved
G_019_014,BUSSTOP_OUT::03509,BAYFRONT STN EXIT B/MBS,cbd_bus,CBD-bound,Cbd Bus,34.41,26.61,7.8,improved
G_019_014,BUSSTOP_OUT::03511,AFT BAYFRONT STN EXIT E,cbd_bus,CBD-bound,Cbd Bus,29.573,26.61,2.963,improved
G_019_014,BUSSTOP_OUT::03519,BAYFRONT STN EXIT A,cbd_bus,CBD-bound,Cbd Bus,34.41,26.61,7.8,improved
G_019_014,BUSSTOP_OUT::03529,DOWNTOWN STN,cbd_bus,CBD-bound,Cbd Bus,30.21,27.101,3.109,improved
G_019_014,BUSSTOP_OUT::03539,Marina Bay Stn,cbd_bus,CBD-bound,Cbd Bus,31.21,25.61,5.6,improved
G_019_014,BUSSTOP_OUT::05269,MAXWELL RD FC,cbd_bus,CBD-bound,Cbd Bus,28.873,28.873,-0.0,unchanged
G_019_014,BUSSTOP_OUT::05319,OCBC CTR,cbd_bus,CBD-bound,Cbd Bus,27.301,27.301,-0.0,unchanged
G_019_014,BUSSTOP_OUT::05411,TG PAGAR PLAZA,cbd_bus,CBD-bound,Cbd Bus,20.255,20.255,-0.0,unchanged
G_019_014,BUSSTOP_OUT::05419,THE AMARA,cbd_bus,CBD-bound,Cbd Bus,30.328,30.328,-0.0,unchanged
G_019_014,BUSSTOP_OUT::05431,TOWER 15,cbd_bus,CBD-bound,Cbd Bus,31.073,31.073,-0.0,unchanged
G_019_014,BUSSTOP_OUT::05629,OPP STH PT,cbd_bus,CBD-bound,Cbd Bus,26.237,20.155,6.082,improved
G_019_014,BUSSTOP_OUT::05651,OPP FUJI XEROX TWRS,cbd_bus,CBD-bound,Cbd Bus,19.51,19.51,-0.0,unchanged
G_019_014,MRTHUB::Bayfront,Bayfront,cbd_mrt,CBD-bound,Cbd Mrt,24.11,16.31,7.8,improved
G_019_014,MRTHUB::Downtown,Downtown,cbd_mrt,CBD-bound,Cbd Mrt,20.91,19.51,1.4,improved
G_019_014,MRTHUB::Marina_Bay,Marina Bay,cbd_mrt,CBD-bound,Cbd Mrt,23.11,15.31,7.8,improved
G_019_014,MRTHUB::Maxwell,Maxwell,cbd_mrt,CBD-bound,Cbd Mrt,18.91,18.91,-0.0,unchanged
G_019_014,MRTHUB::Raffles_Place,Raffles Place,cbd_mrt,CBD-bound,Cbd Mrt,23.11,20.71,2.4,improved
G_019_014,MRTHUB::Shenton_Way,Shenton Way,cbd_mrt,CBD-bound,Cbd Mrt,19.91,18.51,1.4,improved
G_019_014,MRTHUB::Tanjong_Pagar,Tanjong Pagar,cbd_mrt,CBD-bound,Cbd Mrt,18.91,18.91,-0.0,unchanged
G_020_009,BUSSTOP_OUT::95011,AFT AIRCRAFT FLYOVER,airport_bus,Airport-bound,Airport Bus,74.593,74.593,-0.0,unchanged
G_020_009,BUSSTOP_OUT::95019,AFT CHANGI AIRPORT TER 2,airport_bus,Airport-bound,Airport Bus,63.15,63.15,-0.0,unchanged
G_020_009,BUSSTOP_OUT::95029,CHANGI AIRPORT TER 1,airport_bus,Airport-bound,Airport Bus,62.404,62.404,-0.0,unchanged
G_020_009,BUSSTOP_OUT::95109,CHANGI AIRPORT TER 3,airport_bus,Airport-bound,Airport Bus,59.423,59.423,-0.0,unchanged
G_020_009,BUSSTOP_OUT::95129,CHANGI AIRPORT TER 2,airport_bus,Airport-bound,Airport Bus,59.423,59.423,-0.0,unchanged
G_020_009,BUSSTOP_OUT::95151,AIRPORT POLICE STN,airport_bus,Airport-bound,Airport Bus,72.73,72.73,-0.0,unchanged
G_020_009,BUSSTOP_OUT::95159,NEAR SATS FLIGHT KITCHEN,airport_bus,Airport-bound,Airport Bus,66.131,66.131,-0.0,unchanged
G_020_009,BUSSTOP_OUT::95209,CHANGI AIRPORT TER 4,airport_bus,Airport-bound,Airport Bus,69.113,69.113,-0.0,unchanged
G_020_009,MRTHUB::Changi_Airport,Changi Airport,airport_mrt,Airport-bound,Airport Mrt,49.123,49.123,-0.0,unchanged
G_020_009,BUSSTOP_OUT::03011,FULLERTON SQ,cbd_bus,CBD-bound,Cbd Bus,33.313,33.313,-0.0,unchanged
G_020_009,BUSSTOP_OUT::03019,OUE BAYFRONT,cbd_bus,CBD-bound,Cbd Bus,35.623,35.623,-0.0,unchanged
G_020_009,BUSSTOP_OUT::03021,PRUDENTIAL TWR,cbd_bus,CBD-bound,Cbd Bus,31.077,31.077,-0.0,unchanged
G_020_009,BUSSTOP_OUT::03031,RAFFLES PL STN EXIT F,cbd_bus,CBD-bound,Cbd Bus,31.45,31.45,-0.0,unchanged
G_020_009,BUSSTOP_OUT::03041,TELOK AYER STN EXIT A,cbd_bus,CBD-bound,Cbd Bus,33.286,33.286,-0.0,unchanged
G_020_009,BUSSTOP_OUT::03059,ONE RAFFLES QUAY,cbd_bus,CBD-bound,Cbd Bus,35.623,35.623,-0.0,unchanged
G_020_009,BUSSTOP_OUT::03071,OPP SO SOFITEL S'PORE,cbd_bus,CBD-bound,Cbd Bus,30.332,30.332,-0.0,unchanged
G_020_009,BUSSTOP_OUT::03111,AFT CAPITAL TWR,cbd_bus,CBD-bound,Cbd Bus,29.214,29.214,-0.0,unchanged
G_020_009,BUSSTOP_OUT::03129,UIC BLDG,cbd_bus,CBD-bound,Cbd Bus,31.423,31.423,-0.0,unchanged
G_020_009,BUSSTOP_OUT::03151,AFT TELOK AYER ST,cbd_bus,CBD-bound,Cbd Bus,29.214,29.214,-0.0,unchanged
G_020_009,BUSSTOP_OUT::03217,AFT STRAITS BLVD,cbd_bus,CBD-bound,Cbd Bus,31.423,31.423,-0.0,unchanged
G_020_009,BUSSTOP_OUT::03218,OPP MAS BLDG,cbd_bus,CBD-bound,Cbd Bus,31.423,31.423,-0.0,unchanged
G_020_009,BUSSTOP_OUT::03222,HUB SYNERGY PT,cbd_bus,CBD-bound,Cbd Bus,26.605,26.605,-0.0,unchanged
G_020_009,BUSSTOP_OUT::03223,TANJONG PAGAR STN EXIT C,cbd_bus,CBD-bound,Cbd Bus,27.723,27.723,-0.0,unchanged
G_020_009,BUSSTOP_OUT::03239,SHENTON WAY TER,cbd_bus,CBD-bound,Cbd Bus,31.423,31.423,-0.0,unchanged
G_020_009,BUSSTOP_OUT::03241,MAPLETREE ANSON,cbd_bus,CBD-bound,Cbd Bus,31.423,31.423,-0.0,unchanged
G_020_009,BUSSTOP_OUT::03381,THE SAIL,cbd_bus,CBD-bound,Cbd Bus,34.777,34.777,-0.0,unchanged
G_020_009,BUSSTOP_OUT::03391,MARINA BAY FINANCIAL CTR,cbd_bus,CBD-bound,Cbd Bus,35.522,35.522,-0.0,unchanged
G_020_009,BUSSTOP_OUT::03501,MARINA BAY SANDS THEATRE,cbd_bus,CBD-bound,Cbd Bus,39.622,39.622,-0.0,unchanged
G_020_009,BUSSTOP_OUT::03509,BAYFRONT STN EXIT B/MBS,cbd_bus,CBD-bound,Cbd Bus,45.023,45.023,-0.0,unchanged
G_020_009,BUSSTOP_OUT::03511,AFT BAYFRONT STN EXIT E,cbd_bus,CBD-bound,Cbd Bus,38.131,38.131,-0.0,unchanged
G_020_009,BUSSTOP_OUT::03519,BAYFRONT STN EXIT A,cbd_bus,CBD-bound,Cbd Bus,45.023,45.023,-0.0,unchanged
G_020_009,BUSSTOP_OUT::03529,DOWNTOWN STN,cbd_bus,CBD-bound,Cbd Bus,36.823,36.823,-0.0,unchanged
G_020_009,BUSSTOP_OUT::03539,Marina Bay Stn,cbd_bus,CBD-bound,Cbd Bus,40.023,40.023,-0.0,unchanged
G_020_009,BUSSTOP_OUT::05269,MAXWELL RD FC,cbd_bus,CBD-bound,Cbd Bus,35.823,35.823,-0.0,unchanged
G_020_009,BUSSTOP_OUT::05319,OCBC CTR,cbd_bus,CBD-bound,Cbd Bus,35.195,35.195,-0.0,unchanged
G_020_009,BUSSTOP_OUT::05411,TG PAGAR PLAZA,cbd_bus,CBD-bound,Cbd Bus,31.423,31.423,-0.0,unchanged
G_020_009,BUSSTOP_OUT::05419,THE AMARA,cbd_bus,CBD-bound,Cbd Bus,32.541,32.541,-0.0,unchanged
G_020_009,BUSSTOP_OUT::05431,TOWER 15,cbd_bus,CBD-bound,Cbd Bus,33.286,33.286,-0.0,unchanged
G_020_009,BUSSTOP_OUT::05629,OPP STH PT,cbd_bus,CBD-bound,Cbd Bus,25.114,25.114,-0.0,unchanged
G_020_009,BUSSTOP_OUT::05651,OPP FUJI XEROX TWRS,cbd_bus,CBD-bound,Cbd Bus,31.075,31.075,-0.0,unchanged
G_020_009,MRTHUB::Bayfront,Bayfront,cbd_mrt,CBD-bound,Cbd Mrt,34.723,34.723,-0.0,unchanged
G_020_009,MRTHUB::Downtown,Downtown,cbd_mrt,CBD-bound,Cbd Mrt,31.923,31.923,-0.0,unchanged
G_020_009,MRTHUB::Marina_Bay,Marina Bay,cbd_mrt,CBD-bound,Cbd Mrt,29.723,29.723,-0.0,unchanged
G_020_009,MRTHUB::Maxwell,Maxwell,cbd_mrt,CBD-bound,Cbd Mrt,25.523,25.523,-0.0,unchanged
G_020_009,MRTHUB::Raffles_Place,Raffles Place,cbd_mrt,CBD-bound,Cbd Mrt,25.323,25.323,-0.0,unchanged
G_020_009,MRTHUB::Shenton_Way,Shenton Way,cbd_mrt,CBD-bound,Cbd Mrt,26.523,26.523,-0.0,unchanged
G_020_009,MRTHUB::Tanjong_Pagar,Tanjong Pagar,cbd_mrt,CBD-bound,Cbd Mrt,21.123,21.123,-0.0,unchanged
G_020_010,BUSSTOP_OUT::95011,AFT AIRCRAFT FLYOVER,airport_bus,Airport-bound,Airport Bus,77.739,77.739,-0.0,unchanged
G_020_010,BUSSTOP_OUT::95019,AFT CHANGI AIRPORT TER 2,airport_bus,Airport-bound,Airport Bus,66.296,66.296,-0.0,unchanged
G_020_010,BUSSTOP_OUT::95029,CHANGI AIRPORT TER 1,airport_bus,Airport-bound,Airport Bus,65.55,65.55,-0.0,unchanged
G_020_010,BUSSTOP_OUT::95109,CHANGI AIRPORT TER 3,airport_bus,Airport-bound,Airport Bus,62.569,62.569,-0.0,unchanged
G_020_010,BUSSTOP_OUT::95129,CHANGI AIRPORT TER 2,airport_bus,Airport-bound,Airport Bus,62.569,62.569,-0.0,unchanged
G_020_010,BUSSTOP_OUT::95151,AIRPORT POLICE STN,airport_bus,Airport-bound,Airport Bus,75.876,75.876,-0.0,unchanged
G_020_010,BUSSTOP_OUT::95159,NEAR SATS FLIGHT KITCHEN,airport_bus,Airport-bound,Airport Bus,69.277,69.277,-0.0,unchanged
G_020_010,BUSSTOP_OUT::95209,CHANGI AIRPORT TER 4,airport_bus,Airport-bound,Airport Bus,72.259,72.259,-0.0,unchanged
G_020_010,MRTHUB::Changi_Airport,Changi Airport,airport_mrt,Airport-bound,Airport Mrt,52.269,52.269,-0.0,unchanged
G_020_010,BUSSTOP_OUT::03011,FULLERTON SQ,cbd_bus,CBD-bound,Cbd Bus,33.584,33.584,-0.0,unchanged
G_020_010,BUSSTOP_OUT::03019,OUE BAYFRONT,cbd_bus,CBD-bound,Cbd Bus,38.769,38.769,-0.0,unchanged
G_020_010,BUSSTOP_OUT::03021,PRUDENTIAL TWR,cbd_bus,CBD-bound,Cbd Bus,31.348,31.348,-0.0,unchanged
G_020_010,BUSSTOP_OUT::03031,RAFFLES PL STN EXIT F,cbd_bus,CBD-bound,Cbd Bus,31.721,31.721,-0.0,unchanged
G_020_010,BUSSTOP_OUT::03041,TELOK AYER STN EXIT A,cbd_bus,CBD-bound,Cbd Bus,36.432,36.432,-0.0,unchanged
G_020_010,BUSSTOP_OUT::03059,ONE RAFFLES QUAY,cbd_bus,CBD-bound,Cbd Bus,37.702,37.702,-0.0,unchanged
G_020_010,BUSSTOP_OUT::03071,OPP SO SOFITEL S'PORE,cbd_bus,CBD-bound,Cbd Bus,30.603,30.603,-0.0,unchanged
G_020_010,BUSSTOP_OUT::03111,AFT CAPITAL TWR,cbd_bus,CBD-bound,Cbd Bus,29.485,29.485,-0.0,unchanged
G_020_010,BUSSTOP_OUT::03129,UIC BLDG,cbd_bus,CBD-bound,Cbd Bus,34.569,34.569,-0.0,unchanged
G_020_010,BUSSTOP_OUT::03151,AFT TELOK AYER ST,cbd_bus,CBD-bound,Cbd Bus,29.485,29.485,-0.0,unchanged
G_020_010,BUSSTOP_OUT::03217,AFT STRAITS BLVD,cbd_bus,CBD-bound,Cbd Bus,34.569,34.569,-0.0,unchanged
G_020_010,BUSSTOP_OUT::03218,OPP MAS BLDG,cbd_bus,CBD-bound,Cbd Bus,34.569,34.569,-0.0,unchanged
G_020_010,BUSSTOP_OUT::03222,HUB SYNERGY PT,cbd_bus,CBD-bound,Cbd Bus,26.876,26.876,-0.0,unchanged
G_020_010,BUSSTOP_OUT::03223,TANJONG PAGAR STN EXIT C,cbd_bus,CBD-bound,Cbd Bus,27.994,27.994,-0.0,unchanged
G_020_010,BUSSTOP_OUT::03239,SHENTON WAY TER,cbd_bus,CBD-bound,Cbd Bus,34.569,34.569,-0.0,unchanged
G_020_010,BUSSTOP_OUT::03241,MAPLETREE ANSON,cbd_bus,CBD-bound,Cbd Bus,34.569,34.569,-0.0,unchanged
G_020_010,BUSSTOP_OUT::03381,THE SAIL,cbd_bus,CBD-bound,Cbd Bus,37.923,37.923,-0.0,unchanged
G_020_010,BUSSTOP_OUT::03391,MARINA BAY FINANCIAL CTR,cbd_bus,CBD-bound,Cbd Bus,38.668,38.668,-0.0,unchanged
G_020_010,BUSSTOP_OUT::03501,MARINA BAY SANDS THEATRE,cbd_bus,CBD-bound,Cbd Bus,42.768,42.768,-0.0,unchanged
G_020_010,BUSSTOP_OUT::03509,BAYFRONT STN EXIT B/MBS,cbd_bus,CBD-bound,Cbd Bus,47.502,45.272,2.23,improved
G_020_010,BUSSTOP_OUT::03511,AFT BAYFRONT STN EXIT E,cbd_bus,CBD-bound,Cbd Bus,41.277,41.277,-0.0,unchanged
G_020_010,BUSSTOP_OUT::03519,BAYFRONT STN EXIT A,cbd_bus,CBD-bound,Cbd Bus,47.502,45.272,2.23,improved
G_020_010,BUSSTOP_OUT::03529,DOWNTOWN STN,cbd_bus,CBD-bound,Cbd Bus,38.902,38.902,-0.0,unchanged
G_020_010,BUSSTOP_OUT::03539,Marina Bay Stn,cbd_bus,CBD-bound,Cbd Bus,42.102,42.102,-0.0,unchanged
G_020_010,BUSSTOP_OUT::05269,MAXWELL RD FC,cbd_bus,CBD-bound,Cbd Bus,37.902,37.902,-0.0,unchanged
G_020_010,BUSSTOP_OUT::05319,OCBC CTR,cbd_bus,CBD-bound,Cbd Bus,35.466,35.466,-0.0,unchanged
G_020_010,BUSSTOP_OUT::05411,TG PAGAR PLAZA,cbd_bus,CBD-bound,Cbd Bus,32.091,32.091,-0.0,unchanged
G_020_010,BUSSTOP_OUT::05419,THE AMARA,cbd_bus,CBD-bound,Cbd Bus,35.687,35.687,-0.0,unchanged
G_020_010,BUSSTOP_OUT::05431,TOWER 15,cbd_bus,CBD-bound,Cbd Bus,36.432,36.432,-0.0,unchanged
G_020_010,BUSSTOP_OUT::05629,OPP STH PT,cbd_bus,CBD-bound,Cbd Bus,25.385,25.385,-0.0,unchanged
G_020_010,BUSSTOP_OUT::05651,OPP FUJI XEROX TWRS,cbd_bus,CBD-bound,Cbd Bus,31.346,31.346,-0.0,unchanged
G_020_010,MRTHUB::Bayfront,Bayfront,cbd_mrt,CBD-bound,Cbd Mrt,37.202,34.972,2.23,improved
G_020_010,MRTHUB::Downtown,Downtown,cbd_mrt,CBD-bound,Cbd Mrt,35.069,35.069,-0.0,unchanged
G_020_010,MRTHUB::Marina_Bay,Marina Bay,cbd_mrt,CBD-bound,Cbd Mrt,31.802,31.802,-0.0,unchanged
G_020_010,MRTHUB::Maxwell,Maxwell,cbd_mrt,CBD-bound,Cbd Mrt,27.602,27.602,-0.0,unchanged
G_020_010,MRTHUB::Raffles_Place,Raffles Place,cbd_mrt,CBD-bound,Cbd Mrt,28.469,28.469,-0.0,unchanged
G_020_010,MRTHUB::Shenton_Way,Shenton Way,cbd_mrt,CBD-bound,Cbd Mrt,28.602,28.602,-0.0,unchanged
G_020_010,MRTHUB::Tanjong_Pagar,Tanjong Pagar,cbd_mrt,CBD-bound,Cbd Mrt,24.269,24.269,-0.0,unchanged
G_020_011,BUSSTOP_OUT::95011,AFT AIRCRAFT FLYOVER,airport_bus,Airport-bound,Airport Bus,84.163,83.763,0.4,improved
G_020_011,BUSSTOP_OUT::95019,AFT CHANGI AIRPORT TER 2,airport_bus,Airport-bound,Airport Bus,73.578,72.484,1.094,improved
G_020_011,BUSSTOP_OUT::95029,CHANGI AIRPORT TER 1,airport_bus,Airport-bound,Airport Bus,72.832,71.738,1.094,improved
G_020_011,BUSSTOP_OUT::95109,CHANGI AIRPORT TER 3,airport_bus,Airport-bound,Airport Bus,69.851,68.757,1.094,improved
G_020_011,BUSSTOP_OUT::95129,CHANGI AIRPORT TER 2,airport_bus,Airport-bound,Airport Bus,69.851,68.757,1.094,improved
G_020_011,BUSSTOP_OUT::95151,AIRPORT POLICE STN,airport_bus,Airport-bound,Airport Bus,82.3,81.9,0.4,improved
G_020_011,BUSSTOP_OUT::95159,NEAR SATS FLIGHT KITCHEN,airport_bus,Airport-bound,Airport Bus,76.559,75.465,1.094,improved
G_020_011,BUSSTOP_OUT::95209,CHANGI AIRPORT TER 4,airport_bus,Airport-bound,Airport Bus,79.541,78.447,1.094,improved
G_020_011,MRTHUB::Changi_Airport,Changi Airport,airport_mrt,Airport-bound,Airport Mrt,59.551,58.457,1.094,improved
G_020_011,BUSSTOP_OUT::03011,FULLERTON SQ,cbd_bus,CBD-bound,Cbd Bus,37.076,37.076,-0.0,unchanged
G_020_011,BUSSTOP_OUT::03019,OUE BAYFRONT,cbd_bus,CBD-bound,Cbd Bus,46.051,43.338,2.713,improved
G_020_011,BUSSTOP_OUT::03021,PRUDENTIAL TWR,cbd_bus,CBD-bound,Cbd Bus,34.84,34.84,-0.0,unchanged
G_020_011,BUSSTOP_OUT::03031,RAFFLES PL STN EXIT F,cbd_bus,CBD-bound,Cbd Bus,35.214,35.214,-0.0,unchanged
G_020_011,BUSSTOP_OUT::03041,TELOK AYER STN EXIT A,cbd_bus,CBD-bound,Cbd Bus,41.94,37.711,4.229,improved
G_020_011,BUSSTOP_OUT::03059,ONE RAFFLES QUAY,cbd_bus,CBD-bound,Cbd Bus,34.096,34.096,-0.0,unchanged
G_020_011,BUSSTOP_OUT::03071,OPP SO SOFITEL S'PORE,cbd_bus,CBD-bound,Cbd Bus,34.096,34.096,-0.0,unchanged
G_020_011,BUSSTOP_OUT::03111,AFT CAPITAL TWR,cbd_bus,CBD-bound,Cbd Bus,32.978,32.978,-0.0,unchanged
G_020_011,BUSSTOP_OUT::03129,UIC BLDG,cbd_bus,CBD-bound,Cbd Bus,35.587,35.587,-0.0,unchanged
G_020_011,BUSSTOP_OUT::03151,AFT TELOK AYER ST,cbd_bus,CBD-bound,Cbd Bus,32.977,32.977,-0.0,unchanged
G_020_011,BUSSTOP_OUT::03217,AFT STRAITS BLVD,cbd_bus,CBD-bound,Cbd Bus,41.515,34.357,7.158,improved
G_020_011,BUSSTOP_OUT::03218,OPP MAS BLDG,cbd_bus,CBD-bound,Cbd Bus,37.45,34.357,3.093,improved
G_020_011,BUSSTOP_OUT::03222,HUB SYNERGY PT,cbd_bus,CBD-bound,Cbd Bus,30.369,30.369,-0.0,unchanged
G_020_011,BUSSTOP_OUT::03223,TANJONG PAGAR STN EXIT C,cbd_bus,CBD-bound,Cbd Bus,31.486,31.486,-0.0,unchanged
G_020_011,BUSSTOP_OUT::03239,SHENTON WAY TER,cbd_bus,CBD-bound,Cbd Bus,38.195,34.357,3.838,improved
G_020_011,BUSSTOP_OUT::03241,MAPLETREE ANSON,cbd_bus,CBD-bound,Cbd Bus,41.851,34.357,7.494,improved
G_020_011,BUSSTOP_OUT::03381,THE SAIL,cbd_bus,CBD-bound,Cbd Bus,42.2,39.202,2.998,improved
G_020_011,BUSSTOP_OUT::03391,MARINA BAY FINANCIAL CTR,cbd_bus,CBD-bound,Cbd Bus,42.945,39.947,2.998,improved
G_020_011,BUSSTOP_OUT::03501,MARINA BAY SANDS THEATRE,cbd_bus,CBD-bound,Cbd Bus,47.045,39.557,7.488,improved
G_020_011,BUSSTOP_OUT::03509,BAYFRONT STN EXIT B/MBS,cbd_bus,CBD-bound,Cbd Bus,47.357,39.557,7.8,improved
G_020_011,BUSSTOP_OUT::03511,AFT BAYFRONT STN EXIT E,cbd_bus,CBD-bound,Cbd Bus,45.554,39.557,5.997,improved
G_020_011,BUSSTOP_OUT::03519,BAYFRONT STN EXIT A,cbd_bus,CBD-bound,Cbd Bus,47.357,39.557,7.8,improved
G_020_011,BUSSTOP_OUT::03529,DOWNTOWN STN,cbd_bus,CBD-bound,Cbd Bus,41.515,40.048,1.467,improved
G_020_011,BUSSTOP_OUT::03539,Marina Bay Stn,cbd_bus,CBD-bound,Cbd Bus,44.157,38.557,5.6,improved
G_020_011,BUSSTOP_OUT::05269,MAXWELL RD FC,cbd_bus,CBD-bound,Cbd Bus,40.515,40.515,-0.0,unchanged
G_020_011,BUSSTOP_OUT::05319,OCBC CTR,cbd_bus,CBD-bound,Cbd Bus,31.86,31.86,-0.0,unchanged
G_020_011,BUSSTOP_OUT::05411,TG PAGAR PLAZA,cbd_bus,CBD-bound,Cbd Bus,30.367,30.367,-0.0,unchanged
G_020_011,BUSSTOP_OUT::05419,THE AMARA,cbd_bus,CBD-bound,Cbd Bus,41.633,41.633,-0.0,unchanged
G_020_011,BUSSTOP_OUT::05431,TOWER 15,cbd_bus,CBD-bound,Cbd Bus,42.378,42.378,-0.0,unchanged
G_020_011,BUSSTOP_OUT::05629,OPP STH PT,cbd_bus,CBD-bound,Cbd Bus,28.878,28.878,-0.0,unchanged
G_020_011,BUSSTOP_OUT::05651,OPP FUJI XEROX TWRS,cbd_bus,CBD-bound,Cbd Bus,29.622,29.622,-0.0,unchanged
G_020_011,MRTHUB::Bayfront,Bayfront,cbd_mrt,CBD-bound,Cbd Mrt,37.057,29.257,7.8,improved
G_020_011,MRTHUB::Downtown,Downtown,cbd_mrt,CBD-bound,Cbd Mrt,33.857,32.457,1.4,improved
G_020_011,MRTHUB::Marina_Bay,Marina Bay,cbd_mrt,CBD-bound,Cbd Mrt,34.415,28.257,6.158,improved
G_020_011,MRTHUB::Maxwell,Maxwell,cbd_mrt,CBD-bound,Cbd Mrt,30.215,30.215,-0.0,unchanged
G_020_011,MRTHUB::Raffles_Place,Raffles Place,cbd_mrt,CBD-bound,Cbd Mrt,35.751,33.657,2.094,improved
G_020_011,MRTHUB::Shenton_Way,Shenton Way,cbd_mrt,CBD-bound,Cbd Mrt,31.215,31.215,-0.0,unchanged
G_020_011,MRTHUB::Tanjong_Pagar,Tanjong Pagar,cbd_mrt,CBD-bound,Cbd Mrt,31.551,31.551,-0.0,unchanged
G_020_012,BUSSTOP_OUT::95011,AFT AIRCRAFT FLYOVER,airport_bus,Airport-bound,Airport Bus,80.067,79.899,0.168,improved
G_020_012,BUSSTOP_OUT::95019,AFT CHANGI AIRPORT TER 2,airport_bus,Airport-bound,Airport Bus,68.624,68.62,0.004,improved
G_020_012,BUSSTOP_OUT::95029,CHANGI AIRPORT TER 1,airport_bus,Airport-bound,Airport Bus,67.878,67.874,0.004,improved
G_020_012,BUSSTOP_OUT::95109,CHANGI AIRPORT TER 3,airport_bus,Airport-bound,Airport Bus,64.897,64.893,0.004,improved
G_020_012,BUSSTOP_OUT::95129,CHANGI AIRPORT TER 2,airport_bus,Airport-bound,Airport Bus,64.897,64.893,0.004,improved
G_020_012,BUSSTOP_OUT::95151,AIRPORT POLICE STN,airport_bus,Airport-bound,Airport Bus,78.204,78.036,0.168,improved
G_020_012,BUSSTOP_OUT::95159,NEAR SATS FLIGHT KITCHEN,airport_bus,Airport-bound,Airport Bus,71.605,71.601,0.004,improved
G_020_012,BUSSTOP_OUT::95209,CHANGI AIRPORT TER 4,airport_bus,Airport-bound,Airport Bus,74.587,74.583,0.004,improved
G_020_012,MRTHUB::Changi_Airport,Changi Airport,airport_mrt,Airport-bound,Airport Mrt,54.597,54.593,0.004,improved
G_020_012,BUSSTOP_OUT::03011,FULLERTON SQ,cbd_bus,CBD-bound,Cbd Bus,29.725,29.725,-0.0,unchanged
G_020_012,BUSSTOP_OUT::03019,OUE BAYFRONT,cbd_bus,CBD-bound,Cbd Bus,41.097,39.474,1.623,improved
G_020_012,BUSSTOP_OUT::03021,PRUDENTIAL TWR,cbd_bus,CBD-bound,Cbd Bus,27.489,27.489,-0.0,unchanged
G_020_012,BUSSTOP_OUT::03031,RAFFLES PL STN EXIT F,cbd_bus,CBD-bound,Cbd Bus,31.2,31.2,-0.0,unchanged
G_020_012,BUSSTOP_OUT::03041,TELOK AYER STN EXIT A,cbd_bus,CBD-bound,Cbd Bus,34.589,33.847,0.742,improved
G_020_012,BUSSTOP_OUT::03059,ONE RAFFLES QUAY,cbd_bus,CBD-bound,Cbd Bus,30.082,30.082,-0.0,unchanged
G_020_012,BUSSTOP_OUT::03071,OPP SO SOFITEL S'PORE,cbd_bus,CBD-bound,Cbd Bus,30.082,30.082,-0.0,unchanged
G_020_012,BUSSTOP_OUT::03111,AFT CAPITAL TWR,cbd_bus,CBD-bound,Cbd Bus,28.964,28.964,-0.0,unchanged
G_020_012,BUSSTOP_OUT::03129,UIC BLDG,cbd_bus,CBD-bound,Cbd Bus,31.573,31.573,-0.0,unchanged
G_020_012,BUSSTOP_OUT::03151,AFT TELOK AYER ST,cbd_bus,CBD-bound,Cbd Bus,25.626,25.626,-0.0,unchanged
G_020_012,BUSSTOP_OUT::03217,AFT STRAITS BLVD,cbd_bus,CBD-bound,Cbd Bus,36.897,30.493,6.404,improved
G_020_012,BUSSTOP_OUT::03218,OPP MAS BLDG,cbd_bus,CBD-bound,Cbd Bus,33.436,30.493,2.943,improved
G_020_012,BUSSTOP_OUT::03222,HUB SYNERGY PT,cbd_bus,CBD-bound,Cbd Bus,26.355,26.355,-0.0,unchanged
G_020_012,BUSSTOP_OUT::03223,TANJONG PAGAR STN EXIT C,cbd_bus,CBD-bound,Cbd Bus,24.135,24.135,-0.0,unchanged
G_020_012,BUSSTOP_OUT::03239,SHENTON WAY TER,cbd_bus,CBD-bound,Cbd Bus,34.181,30.493,3.688,improved
G_020_012,BUSSTOP_OUT::03241,MAPLETREE ANSON,cbd_bus,CBD-bound,Cbd Bus,36.897,30.493,6.404,improved
G_020_012,BUSSTOP_OUT::03381,THE SAIL,cbd_bus,CBD-bound,Cbd Bus,36.08,35.338,0.742,improved
G_020_012,BUSSTOP_OUT::03391,MARINA BAY FINANCIAL CTR,cbd_bus,CBD-bound,Cbd Bus,36.825,36.083,0.742,improved
G_020_012,BUSSTOP_OUT::03501,MARINA BAY SANDS THEATRE,cbd_bus,CBD-bound,Cbd Bus,40.925,35.693,5.232,improved
G_020_012,BUSSTOP_OUT::03509,BAYFRONT STN EXIT B/MBS,cbd_bus,CBD-bound,Cbd Bus,43.493,35.693,7.8,improved
G_020_012,BUSSTOP_OUT::03511,AFT BAYFRONT STN EXIT E,cbd_bus,CBD-bound,Cbd Bus,39.434,35.693,3.741,improved
G_020_012,BUSSTOP_OUT::03519,BAYFRONT STN EXIT A,cbd_bus,CBD-bound,Cbd Bus,43.493,35.693,7.8,improved
G_020_012,BUSSTOP_OUT::03529,DOWNTOWN STN,cbd_bus,CBD-bound,Cbd Bus,37.501,36.184,1.317,improved
G_020_012,BUSSTOP_OUT::03539,Marina Bay Stn,cbd_bus,CBD-bound,Cbd Bus,40.293,34.693,5.6,improved
G_020_012,BUSSTOP_OUT::05269,MAXWELL RD FC,cbd_bus,CBD-bound,Cbd Bus,36.501,36.501,-0.0,unchanged
G_020_012,BUSSTOP_OUT::05319,OCBC CTR,cbd_bus,CBD-bound,Cbd Bus,27.846,27.846,-0.0,unchanged
G_020_012,BUSSTOP_OUT::05411,TG PAGAR PLAZA,cbd_bus,CBD-bound,Cbd Bus,23.016,23.016,-0.0,unchanged
G_020_012,BUSSTOP_OUT::05419,THE AMARA,cbd_bus,CBD-bound,Cbd Bus,37.619,37.619,-0.0,unchanged
G_020_012,BUSSTOP_OUT::05431,TOWER 15,cbd_bus,CBD-bound,Cbd Bus,38.364,38.364,-0.0,unchanged
G_020_012,BUSSTOP_OUT::05629,OPP STH PT,cbd_bus,CBD-bound,Cbd Bus,24.864,24.864,-0.0,unchanged
G_020_012,BUSSTOP_OUT::05651,OPP FUJI XEROX TWRS,cbd_bus,CBD-bound,Cbd Bus,22.271,22.271,-0.0,unchanged
G_020_012,MRTHUB::Bayfront,Bayfront,cbd_mrt,CBD-bound,Cbd Mrt,33.193,25.393,7.8,improved
G_020_012,MRTHUB::Downtown,Downtown,cbd_mrt,CBD-bound,Cbd Mrt,29.993,28.593,1.4,improved
G_020_012,MRTHUB::Marina_Bay,Marina Bay,cbd_mrt,CBD-bound,Cbd Mrt,30.401,24.393,6.008,improved
G_020_012,MRTHUB::Maxwell,Maxwell,cbd_mrt,CBD-bound,Cbd Mrt,26.201,26.201,-0.0,unchanged
G_020_012,MRTHUB::Raffles_Place,Raffles Place,cbd_mrt,CBD-bound,Cbd Mrt,30.797,29.793,1.004,improved
G_020_012,MRTHUB::Shenton_Way,Shenton Way,cbd_mrt,CBD-bound,Cbd Mrt,27.201,27.201,-0.0,unchanged
G_020_012,MRTHUB::Tanjong_Pagar,Tanjong Pagar,cbd_mrt,CBD-bound,Cbd Mrt,26.597,26.597,-0.0,unchanged
G_020_013,BUSSTOP_OUT::95011,AFT AIRCRAFT FLYOVER,airport_bus,Airport-bound,Airport Bus,76.995,76.595,0.4,improved
G_020_013,BUSSTOP_OUT::95019,AFT CHANGI AIRPORT TER 2,airport_bus,Airport-bound,Airport Bus,66.716,65.316,1.4,improved
G_020_013,BUSSTOP_OUT::95029,CHANGI AIRPORT TER 1,airport_bus,Airport-bound,Airport Bus,65.97,64.57,1.4,improved
G_020_013,BUSSTOP_OUT::95109,CHANGI AIRPORT TER 3,airport_bus,Airport-bound,Airport Bus,62.989,61.589,1.4,improved
G_020_013,BUSSTOP_OUT::95129,CHANGI AIRPORT TER 2,airport_bus,Airport-bound,Airport Bus,62.989,61.589,1.4,improved
G_020_013,BUSSTOP_OUT::95151,AIRPORT POLICE STN,airport_bus,Airport-bound,Airport Bus,75.132,74.732,0.4,improved
G_020_013,BUSSTOP_OUT::95159,NEAR SATS FLIGHT KITCHEN,airport_bus,Airport-bound,Airport Bus,69.697,68.297,1.4,improved
G_020_013,BUSSTOP_OUT::95209,CHANGI AIRPORT TER 4,airport_bus,Airport-bound,Airport Bus,72.679,71.279,1.4,improved
G_020_013,MRTHUB::Changi_Airport,Changi Airport,airport_mrt,Airport-bound,Airport Mrt,52.689,51.289,1.4,improved
G_020_013,BUSSTOP_OUT::03011,FULLERTON SQ,cbd_bus,CBD-bound,Cbd Bus,24.803,24.803,-0.0,unchanged
G_020_013,BUSSTOP_OUT::03019,OUE BAYFRONT,cbd_bus,CBD-bound,Cbd Bus,39.189,36.17,3.019,improved
G_020_013,BUSSTOP_OUT::03021,PRUDENTIAL TWR,cbd_bus,CBD-bound,Cbd Bus,22.567,22.567,-0.0,unchanged
G_020_013,BUSSTOP_OUT::03031,RAFFLES PL STN EXIT F,cbd_bus,CBD-bound,Cbd Bus,30.04,30.04,-0.0,unchanged
G_020_013,BUSSTOP_OUT::03041,TELOK AYER STN EXIT A,cbd_bus,CBD-bound,Cbd Bus,29.667,29.667,-0.0,unchanged
G_020_013,BUSSTOP_OUT::03059,ONE RAFFLES QUAY,cbd_bus,CBD-bound,Cbd Bus,34.465,34.465,-0.0,unchanged
G_020_013,BUSSTOP_OUT::03071,OPP SO SOFITEL S'PORE,cbd_bus,CBD-bound,Cbd Bus,28.922,28.922,-0.0,unchanged
G_020_013,BUSSTOP_OUT::03111,AFT CAPITAL TWR,cbd_bus,CBD-bound,Cbd Bus,27.804,27.804,-0.0,unchanged
G_020_013,BUSSTOP_OUT::03129,UIC BLDG,cbd_bus,CBD-bound,Cbd Bus,34.989,34.589,0.4,improved
G_020_013,BUSSTOP_OUT::03151,AFT TELOK AYER ST,cbd_bus,CBD-bound,Cbd Bus,20.704,20.704,-0.0,unchanged
G_020_013,BUSSTOP_OUT::03217,AFT STRAITS BLVD,cbd_bus,CBD-bound,Cbd Bus,34.989,27.189,7.8,improved
G_020_013,BUSSTOP_OUT::03218,OPP MAS BLDG,cbd_bus,CBD-bound,Cbd Bus,34.989,27.189,7.8,improved
G_020_013,BUSSTOP_OUT::03222,HUB SYNERGY PT,cbd_bus,CBD-bound,Cbd Bus,25.195,25.195,-0.0,unchanged
G_020_013,BUSSTOP_OUT::03223,TANJONG PAGAR STN EXIT C,cbd_bus,CBD-bound,Cbd Bus,19.213,19.213,-0.0,unchanged
G_020_013,BUSSTOP_OUT::03239,SHENTON WAY TER,cbd_bus,CBD-bound,Cbd Bus,34.989,27.189,7.8,improved
G_020_013,BUSSTOP_OUT::03241,MAPLETREE ANSON,cbd_bus,CBD-bound,Cbd Bus,34.989,27.189,7.8,improved
G_020_013,BUSSTOP_OUT::03381,THE SAIL,cbd_bus,CBD-bound,Cbd Bus,31.158,31.158,-0.0,unchanged
G_020_013,BUSSTOP_OUT::03391,MARINA BAY FINANCIAL CTR,cbd_bus,CBD-bound,Cbd Bus,31.903,31.903,-0.0,unchanged
G_020_013,BUSSTOP_OUT::03501,MARINA BAY SANDS THEATRE,cbd_bus,CBD-bound,Cbd Bus,36.003,32.389,3.614,improved
G_020_013,BUSSTOP_OUT::03509,BAYFRONT STN EXIT B/MBS,cbd_bus,CBD-bound,Cbd Bus,40.189,32.389,7.8,improved
G_020_013,BUSSTOP_OUT::03511,AFT BAYFRONT STN EXIT E,cbd_bus,CBD-bound,Cbd Bus,34.512,32.389,2.123,improved
G_020_013,BUSSTOP_OUT::03519,BAYFRONT STN EXIT A,cbd_bus,CBD-bound,Cbd Bus,40.189,32.389,7.8,improved
G_020_013,BUSSTOP_OUT::03529,DOWNTOWN STN,cbd_bus,CBD-bound,Cbd Bus,35.989,32.88,3.109,improved
G_020_013,BUSSTOP_OUT::03539,Marina Bay Stn,cbd_bus,CBD-bound,Cbd Bus,36.989,31.389,5.6,improved
G_020_013,BUSSTOP_OUT::05269,MAXWELL RD FC,cbd_bus,CBD-bound,Cbd Bus,34.652,34.652,-0.0,unchanged
G_020_013,BUSSTOP_OUT::05319,OCBC CTR,cbd_bus,CBD-bound,Cbd Bus,32.229,32.229,-0.0,unchanged
G_020_013,BUSSTOP_OUT::05411,TG PAGAR PLAZA,cbd_bus,CBD-bound,Cbd Bus,18.094,18.094,-0.0,unchanged
G_020_013,BUSSTOP_OUT::05419,THE AMARA,cbd_bus,CBD-bound,Cbd Bus,36.107,36.107,-0.0,unchanged
G_020_013,BUSSTOP_OUT::05431,TOWER 15,cbd_bus,CBD-bound,Cbd Bus,36.852,36.852,-0.0,unchanged
G_020_013,BUSSTOP_OUT::05629,OPP STH PT,cbd_bus,CBD-bound,Cbd Bus,24.076,24.076,-0.0,unchanged
G_020_013,BUSSTOP_OUT::05651,OPP FUJI XEROX TWRS,cbd_bus,CBD-bound,Cbd Bus,17.349,17.349,-0.0,unchanged
G_020_013,MRTHUB::Bayfront,Bayfront,cbd_mrt,CBD-bound,Cbd Mrt,29.889,22.089,7.8,improved
G_020_013,MRTHUB::Downtown,Downtown,cbd_mrt,CBD-bound,Cbd Mrt,26.689,25.289,1.4,improved
G_020_013,MRTHUB::Marina_Bay,Marina Bay,cbd_mrt,CBD-bound,Cbd Mrt,28.889,21.089,7.8,improved
G_020_013,MRTHUB::Maxwell,Maxwell,cbd_mrt,CBD-bound,Cbd Mrt,24.689,24.689,-0.0,unchanged
G_020_013,MRTHUB::Raffles_Place,Raffles Place,cbd_mrt,CBD-bound,Cbd Mrt,28.889,26.489,2.4,improved
G_020_013,MRTHUB::Shenton_Way,Shenton Way,cbd_mrt,CBD-bound,Cbd Mrt,25.689,24.289,1.4,improved
G_020_013,MRTHUB::Tanjong_Pagar,Tanjong Pagar,cbd_mrt,CBD-bound,Cbd Mrt,24.689,24.689,-0.0,unchanged
G_020_014,BUSSTOP_OUT::95011,AFT AIRCRAFT FLYOVER,airport_bus,Airport-bound,Airport Bus,75.095,74.695,0.4,improved
G_020_014,BUSSTOP_OUT::95019,AFT CHANGI AIRPORT TER 2,airport_bus,Airport-bound,Airport Bus,64.816,63.416,1.4,improved
G_020_014,BUSSTOP_OUT::95029,CHANGI AIRPORT TER 1,airport_bus,Airport-bound,Airport Bus,64.07,62.67,1.4,improved
G_020_014,BUSSTOP_OUT::95109,CHANGI AIRPORT TER 3,airport_bus,Airport-bound,Airport Bus,61.089,59.689,1.4,improved
G_020_014,BUSSTOP_OUT::95129,CHANGI AIRPORT TER 2,airport_bus,Airport-bound,Airport Bus,61.089,59.689,1.4,improved
G_020_014,BUSSTOP_OUT::95151,AIRPORT POLICE STN,airport_bus,Airport-bound,Airport Bus,73.232,72.832,0.4,improved
G_020_014,BUSSTOP_OUT::95159,NEAR SATS FLIGHT KITCHEN,airport_bus,Airport-bound,Airport Bus,67.797,66.397,1.4,improved
G_020_014,BUSSTOP_OUT::95209,CHANGI AIRPORT TER 4,airport_bus,Airport-bound,Airport Bus,70.779,69.379,1.4,improved
G_020_014,MRTHUB::Changi_Airport,Changi Airport,airport_mrt,Airport-bound,Airport Mrt,50.789,49.389,1.4,improved
G_020_014,BUSSTOP_OUT::03011,FULLERTON SQ,cbd_bus,CBD-bound,Cbd Bus,24.735,24.735,-0.0,unchanged
G_020_014,BUSSTOP_OUT::03019,OUE BAYFRONT,cbd_bus,CBD-bound,Cbd Bus,37.289,34.27,3.019,improved
G_020_014,BUSSTOP_OUT::03021,PRUDENTIAL TWR,cbd_bus,CBD-bound,Cbd Bus,22.499,22.499,-0.0,unchanged
G_020_014,BUSSTOP_OUT::03031,RAFFLES PL STN EXIT F,cbd_bus,CBD-bound,Cbd Bus,22.872,22.872,-0.0,unchanged
G_020_014,BUSSTOP_OUT::03041,TELOK AYER STN EXIT A,cbd_bus,CBD-bound,Cbd Bus,29.599,28.643,0.956,improved
G_020_014,BUSSTOP_OUT::03059,ONE RAFFLES QUAY,cbd_bus,CBD-bound,Cbd Bus,33.416,33.416,-0.0,unchanged
G_020_014,BUSSTOP_OUT::03071,OPP SO SOFITEL S'PORE,cbd_bus,CBD-bound,Cbd Bus,21.754,21.754,-0.0,unchanged
G_020_014,BUSSTOP_OUT::03111,AFT CAPITAL TWR,cbd_bus,CBD-bound,Cbd Bus,20.636,20.636,-0.0,unchanged
G_020_014,BUSSTOP_OUT::03129,UIC BLDG,cbd_bus,CBD-bound,Cbd Bus,33.089,32.689,0.4,improved
G_020_014,BUSSTOP_OUT::03151,AFT TELOK AYER ST,cbd_bus,CBD-bound,Cbd Bus,20.636,20.636,-0.0,unchanged
G_020_014,BUSSTOP_OUT::03217,AFT STRAITS BLVD,cbd_bus,CBD-bound,Cbd Bus,33.089,25.289,7.8,improved
G_020_014,BUSSTOP_OUT::03218,OPP MAS BLDG,cbd_bus,CBD-bound,Cbd Bus,28.108,25.289,2.819,improved
G_020_014,BUSSTOP_OUT::03222,HUB SYNERGY PT,cbd_bus,CBD-bound,Cbd Bus,18.027,18.027,-0.0,unchanged
G_020_014,BUSSTOP_OUT::03223,TANJONG PAGAR STN EXIT C,cbd_bus,CBD-bound,Cbd Bus,19.145,19.145,-0.0,unchanged
G_020_014,BUSSTOP_OUT::03239,SHENTON WAY TER,cbd_bus,CBD-bound,Cbd Bus,28.853,25.289,3.564,improved
G_020_014,BUSSTOP_OUT::03241,MAPLETREE ANSON,cbd_bus,CBD-bound,Cbd Bus,33.089,25.289,7.8,improved
G_020_014,BUSSTOP_OUT::03381,THE SAIL,cbd_bus,CBD-bound,Cbd Bus,23.99,23.99,-0.0,unchanged
G_020_014,BUSSTOP_OUT::03391,MARINA BAY FINANCIAL CTR,cbd_bus,CBD-bound,Cbd Bus,24.735,24.735,-0.0,unchanged
G_020_014,BUSSTOP_OUT::03501,MARINA BAY SANDS THEATRE,cbd_bus,CBD-bound,Cbd Bus,28.835,28.835,-0.0,unchanged
G_020_014,BUSSTOP_OUT::03509,BAYFRONT STN EXIT B/MBS,cbd_bus,CBD-bound,Cbd Bus,38.289,30.489,7.8,improved
G_020_014,BUSSTOP_OUT::03511,AFT BAYFRONT STN EXIT E,cbd_bus,CBD-bound,Cbd Bus,27.344,27.344,-0.0,unchanged
G_020_014,BUSSTOP_OUT::03519,BAYFRONT STN EXIT A,cbd_bus,CBD-bound,Cbd Bus,38.289,30.489,7.8,improved
G_020_014,BUSSTOP_OUT::03529,DOWNTOWN STN,cbd_bus,CBD-bound,Cbd Bus,34.089,30.98,3.109,improved
G_020_014,BUSSTOP_OUT::03539,Marina Bay Stn,cbd_bus,CBD-bound,Cbd Bus,35.089,29.489,5.6,improved
G_020_014,BUSSTOP_OUT::05269,MAXWELL RD FC,cbd_bus,CBD-bound,Cbd Bus,32.752,32.752,-0.0,unchanged
G_020_014,BUSSTOP_OUT::05319,OCBC CTR,cbd_bus,CBD-bound,Cbd Bus,31.18,31.18,-0.0,unchanged
G_020_014,BUSSTOP_OUT::05411,TG PAGAR PLAZA,cbd_bus,CBD-bound,Cbd Bus,18.026,18.026,-0.0,unchanged
G_020_014,BUSSTOP_OUT::05419,THE AMARA,cbd_bus,CBD-bound,Cbd Bus,34.207,34.207,-0.0,unchanged
G_020_014,BUSSTOP_OUT::05431,TOWER 15,cbd_bus,CBD-bound,Cbd Bus,34.952,34.952,-0.0,unchanged
G_020_014,BUSSTOP_OUT::05629,OPP STH PT,cbd_bus,CBD-bound,Cbd Bus,24.008,24.008,-0.0,unchanged
G_020_014,BUSSTOP_OUT::05651,OPP FUJI XEROX TWRS,cbd_bus,CBD-bound,Cbd Bus,17.281,17.281,-0.0,unchanged
G_020_014,MRTHUB::Bayfront,Bayfront,cbd_mrt,CBD-bound,Cbd Mrt,27.989,20.189,7.8,improved
G_020_014,MRTHUB::Downtown,Downtown,cbd_mrt,CBD-bound,Cbd Mrt,24.789,23.389,1.4,improved
G_020_014,MRTHUB::Marina_Bay,Marina Bay,cbd_mrt,CBD-bound,Cbd Mrt,26.989,19.189,7.8,improved
G_020_014,MRTHUB::Maxwell,Maxwell,cbd_mrt,CBD-bound,Cbd Mrt,22.789,22.789,-0.0,unchanged
G_020_014,MRTHUB::Raffles_Place,Raffles Place,cbd_mrt,CBD-bound,Cbd Mrt,26.989,24.589,2.4,improved
G_020_014,MRTHUB::Shenton_Way,Shenton Way,cbd_mrt,CBD-bound,Cbd Mrt,23.789,22.389,1.4,improved
G_020_014,MRTHUB::Tanjong_Pagar,Tanjong Pagar,cbd_mrt,CBD-bound,Cbd Mrt,22.789,22.789,-0.0,unchanged
G_020_015,BUSSTOP_OUT::95011,AFT AIRCRAFT FLYOVER,airport_bus,Airport-bound,Airport Bus,76.006,75.606,0.4,improved
G_020_015,BUSSTOP_OUT::95019,AFT CHANGI AIRPORT TER 2,airport_bus,Airport-bound,Airport Bus,65.727,64.327,1.4,improved
G_020_015,BUSSTOP_OUT::95029,CHANGI AIRPORT TER 1,airport_bus,Airport-bound,Airport Bus,64.981,63.581,1.4,improved
G_020_015,BUSSTOP_OUT::95109,CHANGI AIRPORT TER 3,airport_bus,Airport-bound,Airport Bus,62.0,60.6,1.4,improved
G_020_015,BUSSTOP_OUT::95129,CHANGI AIRPORT TER 2,airport_bus,Airport-bound,Airport Bus,62.0,60.6,1.4,improved
G_020_015,BUSSTOP_OUT::95151,AIRPORT POLICE STN,airport_bus,Airport-bound,Airport Bus,74.143,73.743,0.4,improved
G_020_015,BUSSTOP_OUT::95159,NEAR SATS FLIGHT KITCHEN,airport_bus,Airport-bound,Airport Bus,68.708,67.308,1.4,improved
G_020_015,BUSSTOP_OUT::95209,CHANGI AIRPORT TER 4,airport_bus,Airport-bound,Airport Bus,71.69,70.29,1.4,improved
G_020_015,MRTHUB::Changi_Airport,Changi Airport,airport_mrt,Airport-bound,Airport Mrt,51.7,50.3,1.4,improved
G_020_015,BUSSTOP_OUT::03011,FULLERTON SQ,cbd_bus,CBD-bound,Cbd Bus,23.283,23.283,-0.0,unchanged
G_020_015,BUSSTOP_OUT::03019,OUE BAYFRONT,cbd_bus,CBD-bound,Cbd Bus,38.2,35.181,3.019,improved
G_020_015,BUSSTOP_OUT::03021,PRUDENTIAL TWR,cbd_bus,CBD-bound,Cbd Bus,21.047,21.047,-0.0,unchanged
G_020_015,BUSSTOP_OUT::03031,RAFFLES PL STN EXIT F,cbd_bus,CBD-bound,Cbd Bus,21.42,21.42,-0.0,unchanged
G_020_015,BUSSTOP_OUT::03041,TELOK AYER STN EXIT A,cbd_bus,CBD-bound,Cbd Bus,28.147,28.147,-0.0,unchanged
G_020_015,BUSSTOP_OUT::03059,ONE RAFFLES QUAY,cbd_bus,CBD-bound,Cbd Bus,32.246,32.246,-0.0,unchanged
G_020_015,BUSSTOP_OUT::03071,OPP SO SOFITEL S'PORE,cbd_bus,CBD-bound,Cbd Bus,20.302,20.302,-0.0,unchanged
G_020_015,BUSSTOP_OUT::03111,AFT CAPITAL TWR,cbd_bus,CBD-bound,Cbd Bus,19.184,19.184,-0.0,unchanged
G_020_015,BUSSTOP_OUT::03129,UIC BLDG,cbd_bus,CBD-bound,Cbd Bus,33.737,33.6,0.137,improved
G_020_015,BUSSTOP_OUT::03151,AFT TELOK AYER ST,cbd_bus,CBD-bound,Cbd Bus,19.184,19.184,-0.0,unchanged
G_020_015,BUSSTOP_OUT::03217,AFT STRAITS BLVD,cbd_bus,CBD-bound,Cbd Bus,34.0,26.2,7.8,improved
G_020_015,BUSSTOP_OUT::03218,OPP MAS BLDG,cbd_bus,CBD-bound,Cbd Bus,26.656,26.2,0.456,improved
G_020_015,BUSSTOP_OUT::03222,HUB SYNERGY PT,cbd_bus,CBD-bound,Cbd Bus,16.575,16.575,-0.0,unchanged
G_020_015,BUSSTOP_OUT::03223,TANJONG PAGAR STN EXIT C,cbd_bus,CBD-bound,Cbd Bus,17.693,17.693,-0.0,unchanged
G_020_015,BUSSTOP_OUT::03239,SHENTON WAY TER,cbd_bus,CBD-bound,Cbd Bus,27.401,26.2,1.201,improved
G_020_015,BUSSTOP_OUT::03241,MAPLETREE ANSON,cbd_bus,CBD-bound,Cbd Bus,34.0,26.2,7.8,improved
G_020_015,BUSSTOP_OUT::03381,THE SAIL,cbd_bus,CBD-bound,Cbd Bus,22.538,22.538,-0.0,unchanged
G_020_015,BUSSTOP_OUT::03391,MARINA BAY FINANCIAL CTR,cbd_bus,CBD-bound,Cbd Bus,23.283,23.283,-0.0,unchanged
G_020_015,BUSSTOP_OUT::03501,MARINA BAY SANDS THEATRE,cbd_bus,CBD-bound,Cbd Bus,27.383,27.383,-0.0,unchanged
G_020_015,BUSSTOP_OUT::03509,BAYFRONT STN EXIT B/MBS,cbd_bus,CBD-bound,Cbd Bus,39.2,31.4,7.8,improved
G_020_015,BUSSTOP_OUT::03511,AFT BAYFRONT STN EXIT E,cbd_bus,CBD-bound,Cbd Bus,25.892,25.892,-0.0,unchanged
G_020_015,BUSSTOP_OUT::03519,BAYFRONT STN EXIT A,cbd_bus,CBD-bound,Cbd Bus,39.2,31.4,7.8,improved
G_020_015,BUSSTOP_OUT::03529,DOWNTOWN STN,cbd_bus,CBD-bound,Cbd Bus,35.0,31.891,3.109,improved
G_020_015,BUSSTOP_OUT::03539,Marina Bay Stn,cbd_bus,CBD-bound,Cbd Bus,36.0,30.4,5.6,improved
G_020_015,BUSSTOP_OUT::05269,MAXWELL RD FC,cbd_bus,CBD-bound,Cbd Bus,33.663,33.663,-0.0,unchanged
G_020_015,BUSSTOP_OUT::05319,OCBC CTR,cbd_bus,CBD-bound,Cbd Bus,30.01,30.01,-0.0,unchanged
G_020_015,BUSSTOP_OUT::05411,TG PAGAR PLAZA,cbd_bus,CBD-bound,Cbd Bus,16.574,16.574,-0.0,unchanged
G_020_015,BUSSTOP_OUT::05419,THE AMARA,cbd_bus,CBD-bound,Cbd Bus,35.118,35.118,-0.0,unchanged
G_020_015,BUSSTOP_OUT::05431,TOWER 15,cbd_bus,CBD-bound,Cbd Bus,35.863,35.863,-0.0,unchanged
G_020_015,BUSSTOP_OUT::05629,OPP STH PT,cbd_bus,CBD-bound,Cbd Bus,22.556,22.556,-0.0,unchanged
G_020_015,BUSSTOP_OUT::05651,OPP FUJI XEROX TWRS,cbd_bus,CBD-bound,Cbd Bus,15.829,15.829,-0.0,unchanged
G_020_015,MRTHUB::Bayfront,Bayfront,cbd_mrt,CBD-bound,Cbd Mrt,28.9,21.1,7.8,improved
G_020_015,MRTHUB::Downtown,Downtown,cbd_mrt,CBD-bound,Cbd Mrt,25.7,24.3,1.4,improved
G_020_015,MRTHUB::Marina_Bay,Marina Bay,cbd_mrt,CBD-bound,Cbd Mrt,27.9,20.1,7.8,improved
G_020_015,MRTHUB::Maxwell,Maxwell,cbd_mrt,CBD-bound,Cbd Mrt,23.7,23.7,-0.0,unchanged
G_020_015,MRTHUB::Raffles_Place,Raffles Place,cbd_mrt,CBD-bound,Cbd Mrt,27.9,25.5,2.4,improved
G_020_015,MRTHUB::Shenton_Way,Shenton Way,cbd_mrt,CBD-bound,Cbd Mrt,24.7,23.3,1.4,improved
G_020_015,MRTHUB::Tanjong_Pagar,Tanjong Pagar,cbd_mrt,CBD-bound,Cbd Mrt,23.7,23.7,-0.0,unchanged
G_021_009,BUSSTOP_OUT::95011,AFT AIRCRAFT FLYOVER,airport_bus,Airport-bound,Airport Bus,73.999,73.999,-0.0,unchanged
G_021_009,BUSSTOP_OUT::95019,AFT CHANGI AIRPORT TER 2,airport_bus,Airport-bound,Airport Bus,62.556,62.556,-0.0,unchanged
G_021_009,BUSSTOP_OUT::95029,CHANGI AIRPORT TER 1,airport_bus,Airport-bound,Airport Bus,61.81,61.81,-0.0,unchanged
G_021_009,BUSSTOP_OUT::95109,CHANGI AIRPORT TER 3,airport_bus,Airport-bound,Airport Bus,58.829,58.829,-0.0,unchanged
G_021_009,BUSSTOP_OUT::95129,CHANGI AIRPORT TER 2,airport_bus,Airport-bound,Airport Bus,58.829,58.829,-0.0,unchanged
G_021_009,BUSSTOP_OUT::95151,AIRPORT POLICE STN,airport_bus,Airport-bound,Airport Bus,72.136,72.136,-0.0,unchanged
G_021_009,BUSSTOP_OUT::95159,NEAR SATS FLIGHT KITCHEN,airport_bus,Airport-bound,Airport Bus,65.537,65.537,-0.0,unchanged
G_021_009,BUSSTOP_OUT::95209,CHANGI AIRPORT TER 4,airport_bus,Airport-bound,Airport Bus,68.519,68.519,-0.0,unchanged
G_021_009,MRTHUB::Changi_Airport,Changi Airport,airport_mrt,Airport-bound,Airport Mrt,48.529,48.529,-0.0,unchanged
G_021_009,BUSSTOP_OUT::03011,FULLERTON SQ,cbd_bus,CBD-bound,Cbd Bus,26.735,26.735,-0.0,unchanged
G_021_009,BUSSTOP_OUT::03019,OUE BAYFRONT,cbd_bus,CBD-bound,Cbd Bus,35.029,35.029,-0.0,unchanged
G_021_009,BUSSTOP_OUT::03021,PRUDENTIAL TWR,cbd_bus,CBD-bound,Cbd Bus,24.499,24.499,-0.0,unchanged
G_021_009,BUSSTOP_OUT::03031,RAFFLES PL STN EXIT F,cbd_bus,CBD-bound,Cbd Bus,31.972,31.972,-0.0,unchanged
G_021_009,BUSSTOP_OUT::03041,TELOK AYER STN EXIT A,cbd_bus,CBD-bound,Cbd Bus,31.599,31.599,-0.0,unchanged
G_021_009,BUSSTOP_OUT::03059,ONE RAFFLES QUAY,cbd_bus,CBD-bound,Cbd Bus,32.343,32.343,-0.0,unchanged
G_021_009,BUSSTOP_OUT::03071,OPP SO SOFITEL S'PORE,cbd_bus,CBD-bound,Cbd Bus,30.854,30.854,-0.0,unchanged
G_021_009,BUSSTOP_OUT::03111,AFT CAPITAL TWR,cbd_bus,CBD-bound,Cbd Bus,29.736,29.736,-0.0,unchanged
G_021_009,BUSSTOP_OUT::03129,UIC BLDG,cbd_bus,CBD-bound,Cbd Bus,30.829,30.829,-0.0,unchanged
G_021_009,BUSSTOP_OUT::03151,AFT TELOK AYER ST,cbd_bus,CBD-bound,Cbd Bus,22.636,22.636,-0.0,unchanged
G_021_009,BUSSTOP_OUT::03217,AFT STRAITS BLVD,cbd_bus,CBD-bound,Cbd Bus,30.829,30.829,-0.0,unchanged
G_021_009,BUSSTOP_OUT::03218,OPP MAS BLDG,cbd_bus,CBD-bound,Cbd Bus,30.108,30.108,-0.0,unchanged
G_021_009,BUSSTOP_OUT::03222,HUB SYNERGY PT,cbd_bus,CBD-bound,Cbd Bus,27.127,27.127,-0.0,unchanged
G_021_009,BUSSTOP_OUT::03223,TANJONG PAGAR STN EXIT C,cbd_bus,CBD-bound,Cbd Bus,21.145,21.145,-0.0,unchanged
G_021_009,BUSSTOP_OUT::03239,SHENTON WAY TER,cbd_bus,CBD-bound,Cbd Bus,30.829,30.829,-0.0,unchanged
G_021_009,BUSSTOP_OUT::03241,MAPLETREE ANSON,cbd_bus,CBD-bound,Cbd Bus,30.829,30.829,-0.0,unchanged
G_021_009,BUSSTOP_OUT::03381,THE SAIL,cbd_bus,CBD-bound,Cbd Bus,33.09,33.09,-0.0,unchanged
G_021_009,BUSSTOP_OUT::03391,MARINA BAY FINANCIAL CTR,cbd_bus,CBD-bound,Cbd Bus,33.835,33.835,-0.0,unchanged
G_021_009,BUSSTOP_OUT::03501,MARINA BAY SANDS THEATRE,cbd_bus,CBD-bound,Cbd Bus,37.935,37.935,-0.0,unchanged
G_021_009,BUSSTOP_OUT::03509,BAYFRONT STN EXIT B/MBS,cbd_bus,CBD-bound,Cbd Bus,44.429,44.429,-0.0,unchanged
G_021_009,BUSSTOP_OUT::03511,AFT BAYFRONT STN EXIT E,cbd_bus,CBD-bound,Cbd Bus,36.444,36.444,-0.0,unchanged
G_021_009,BUSSTOP_OUT::03519,BAYFRONT STN EXIT A,cbd_bus,CBD-bound,Cbd Bus,44.429,44.429,-0.0,unchanged
G_021_009,BUSSTOP_OUT::03529,DOWNTOWN STN,cbd_bus,CBD-bound,Cbd Bus,36.229,36.229,-0.0,unchanged
G_021_009,BUSSTOP_OUT::03539,Marina Bay Stn,cbd_bus,CBD-bound,Cbd Bus,39.429,39.429,-0.0,unchanged
G_021_009,BUSSTOP_OUT::05269,MAXWELL RD FC,cbd_bus,CBD-bound,Cbd Bus,35.229,35.229,-0.0,unchanged
G_021_009,BUSSTOP_OUT::05319,OCBC CTR,cbd_bus,CBD-bound,Cbd Bus,30.107,30.107,-0.0,unchanged
G_021_009,BUSSTOP_OUT::05411,TG PAGAR PLAZA,cbd_bus,CBD-bound,Cbd Bus,27.126,27.126,-0.0,unchanged
G_021_009,BUSSTOP_OUT::05419,THE AMARA,cbd_bus,CBD-bound,Cbd Bus,31.947,31.947,-0.0,unchanged
G_021_009,BUSSTOP_OUT::05431,TOWER 15,cbd_bus,CBD-bound,Cbd Bus,32.692,32.692,-0.0,unchanged
G_021_009,BUSSTOP_OUT::05629,OPP STH PT,cbd_bus,CBD-bound,Cbd Bus,18.536,18.536,-0.0,unchanged
G_021_009,BUSSTOP_OUT::05651,OPP FUJI XEROX TWRS,cbd_bus,CBD-bound,Cbd Bus,26.381,26.381,-0.0,unchanged
G_021_009,MRTHUB::Bayfront,Bayfront,cbd_mrt,CBD-bound,Cbd Mrt,34.129,34.129,-0.0,unchanged
G_021_009,MRTHUB::Downtown,Downtown,cbd_mrt,CBD-bound,Cbd Mrt,31.329,31.329,-0.0,unchanged
G_021_009,MRTHUB::Marina_Bay,Marina Bay,cbd_mrt,CBD-bound,Cbd Mrt,29.129,29.129,-0.0,unchanged
G_021_009,MRTHUB::Maxwell,Maxwell,cbd_mrt,CBD-bound,Cbd Mrt,24.929,24.929,-0.0,unchanged
G_021_009,MRTHUB::Raffles_Place,Raffles Place,cbd_mrt,CBD-bound,Cbd Mrt,24.729,24.729,-0.0,unchanged
G_021_009,MRTHUB::Shenton_Way,Shenton Way,cbd_mrt,CBD-bound,Cbd Mrt,25.929,25.929,-0.0,unchanged
G_021_009,MRTHUB::Tanjong_Pagar,Tanjong Pagar,cbd_mrt,CBD-bound,Cbd Mrt,20.529,20.529,-0.0,unchanged
G_021_010,BUSSTOP_OUT::95011,AFT AIRCRAFT FLYOVER,airport_bus,Airport-bound,Airport Bus,76.337,76.337,-0.0,unchanged
G_021_010,BUSSTOP_OUT::95019,AFT CHANGI AIRPORT TER 2,airport_bus,Airport-bound,Airport Bus,64.894,64.894,-0.0,unchanged
G_021_010,BUSSTOP_OUT::95029,CHANGI AIRPORT TER 1,airport_bus,Airport-bound,Airport Bus,64.148,64.148,-0.0,unchanged
G_021_010,BUSSTOP_OUT::95109,CHANGI AIRPORT TER 3,airport_bus,Airport-bound,Airport Bus,61.167,61.167,-0.0,unchanged
G_021_010,BUSSTOP_OUT::95129,CHANGI AIRPORT TER 2,airport_bus,Airport-bound,Airport Bus,61.167,61.167,-0.0,unchanged
G_021_010,BUSSTOP_OUT::95151,AIRPORT POLICE STN,airport_bus,Airport-bound,Airport Bus,74.474,74.474,-0.0,unchanged
G_021_010,BUSSTOP_OUT::95159,NEAR SATS FLIGHT KITCHEN,airport_bus,Airport-bound,Airport Bus,67.875,67.875,-0.0,unchanged
G_021_010,BUSSTOP_OUT::95209,CHANGI AIRPORT TER 4,airport_bus,Airport-bound,Airport Bus,70.857,70.857,-0.0,unchanged
G_021_010,MRTHUB::Changi_Airport,Changi Airport,airport_mrt,Airport-bound,Airport Mrt,50.867,50.867,-0.0,unchanged
G_021_010,BUSSTOP_OUT::03011,FULLERTON SQ,cbd_bus,CBD-bound,Cbd Bus,27.084,27.084,-0.0,unchanged
G_021_010,BUSSTOP_OUT::03019,OUE BAYFRONT,cbd_bus,CBD-bound,Cbd Bus,37.367,37.367,-0.0,unchanged
G_021_010,BUSSTOP_OUT::03021,PRUDENTIAL TWR,cbd_bus,CBD-bound,Cbd Bus,24.848,24.848,-0.0,unchanged
G_021_010,BUSSTOP_OUT::03031,RAFFLES PL STN EXIT F,cbd_bus,CBD-bound,Cbd Bus,32.321,32.321,-0.0,unchanged
G_021_010,BUSSTOP_OUT::03041,TELOK AYER STN EXIT A,cbd_bus,CBD-bound,Cbd Bus,31.948,31.948,-0.0,unchanged
G_021_010,BUSSTOP_OUT::03059,ONE RAFFLES QUAY,cbd_bus,CBD-bound,Cbd Bus,32.692,32.692,-0.0,unchanged
G_021_010,BUSSTOP_OUT::03071,OPP SO SOFITEL S'PORE,cbd_bus,CBD-bound,Cbd Bus,31.203,31.203,-0.0,unchanged
G_021_010,BUSSTOP_OUT::03111,AFT CAPITAL TWR,cbd_bus,CBD-bound,Cbd Bus,30.085,30.085,-0.0,unchanged
G_021_010,BUSSTOP_OUT::03129,UIC BLDG,cbd_bus,CBD-bound,Cbd Bus,33.167,33.167,-0.0,unchanged
G_021_010,BUSSTOP_OUT::03151,AFT TELOK AYER ST,cbd_bus,CBD-bound,Cbd Bus,22.985,22.985,-0.0,unchanged
G_021_010,BUSSTOP_OUT::03217,AFT STRAITS BLVD,cbd_bus,CBD-bound,Cbd Bus,33.167,33.167,-0.0,unchanged
G_021_010,BUSSTOP_OUT::03218,OPP MAS BLDG,cbd_bus,CBD-bound,Cbd Bus,30.457,30.457,-0.0,unchanged
G_021_010,BUSSTOP_OUT::03222,HUB SYNERGY PT,cbd_bus,CBD-bound,Cbd Bus,27.476,27.476,-0.0,unchanged
G_021_010,BUSSTOP_OUT::03223,TANJONG PAGAR STN EXIT C,cbd_bus,CBD-bound,Cbd Bus,21.494,21.494,-0.0,unchanged
G_021_010,BUSSTOP_OUT::03239,SHENTON WAY TER,cbd_bus,CBD-bound,Cbd Bus,31.202,31.202,-0.0,unchanged
G_021_010,BUSSTOP_OUT::03241,MAPLETREE ANSON,cbd_bus,CBD-bound,Cbd Bus,33.167,33.167,-0.0,unchanged
G_021_010,BUSSTOP_OUT::03381,THE SAIL,cbd_bus,CBD-bound,Cbd Bus,33.439,33.439,-0.0,unchanged
G_021_010,BUSSTOP_OUT::03391,MARINA BAY FINANCIAL CTR,cbd_bus,CBD-bound,Cbd Bus,34.184,34.184,-0.0,unchanged
G_021_010,BUSSTOP_OUT::03501,MARINA BAY SANDS THEATRE,cbd_bus,CBD-bound,Cbd Bus,38.284,38.284,-0.0,unchanged
G_021_010,BUSSTOP_OUT::03509,BAYFRONT STN EXIT B/MBS,cbd_bus,CBD-bound,Cbd Bus,45.494,42.925,2.569,improved
G_021_010,BUSSTOP_OUT::03511,AFT BAYFRONT STN EXIT E,cbd_bus,CBD-bound,Cbd Bus,36.793,36.793,-0.0,unchanged
G_021_010,BUSSTOP_OUT::03519,BAYFRONT STN EXIT A,cbd_bus,CBD-bound,Cbd Bus,45.494,42.925,2.569,improved
G_021_010,BUSSTOP_OUT::03529,DOWNTOWN STN,cbd_bus,CBD-bound,Cbd Bus,36.894,36.894,-0.0,unchanged
G_021_010,BUSSTOP_OUT::03539,Marina Bay Stn,cbd_bus,CBD-bound,Cbd Bus,40.094,40.094,-0.0,unchanged
G_021_010,BUSSTOP_OUT::05269,MAXWELL RD FC,cbd_bus,CBD-bound,Cbd Bus,35.894,35.894,-0.0,unchanged
G_021_010,BUSSTOP_OUT::05319,OCBC CTR,cbd_bus,CBD-bound,Cbd Bus,30.456,30.456,-0.0,unchanged
G_021_010,BUSSTOP_OUT::05411,TG PAGAR PLAZA,cbd_bus,CBD-bound,Cbd Bus,24.404,24.404,-0.0,unchanged
G_021_010,BUSSTOP_OUT::05419,THE AMARA,cbd_bus,CBD-bound,Cbd Bus,34.285,34.285,-0.0,unchanged
G_021_010,BUSSTOP_OUT::05431,TOWER 15,cbd_bus,CBD-bound,Cbd Bus,35.03,35.03,-0.0,unchanged
G_021_010,BUSSTOP_OUT::05629,OPP STH PT,cbd_bus,CBD-bound,Cbd Bus,18.885,18.885,-0.0,unchanged
G_021_010,BUSSTOP_OUT::05651,OPP FUJI XEROX TWRS,cbd_bus,CBD-bound,Cbd Bus,23.659,23.659,-0.0,unchanged
G_021_010,MRTHUB::Bayfront,Bayfront,cbd_mrt,CBD-bound,Cbd Mrt,35.194,32.625,2.569,improved
G_021_010,MRTHUB::Downtown,Downtown,cbd_mrt,CBD-bound,Cbd Mrt,33.667,33.667,-0.0,unchanged
G_021_010,MRTHUB::Marina_Bay,Marina Bay,cbd_mrt,CBD-bound,Cbd Mrt,29.794,29.794,-0.0,unchanged
G_021_010,MRTHUB::Maxwell,Maxwell,cbd_mrt,CBD-bound,Cbd Mrt,25.594,25.594,-0.0,unchanged
G_021_010,MRTHUB::Raffles_Place,Raffles Place,cbd_mrt,CBD-bound,Cbd Mrt,27.067,27.067,-0.0,unchanged
G_021_010,MRTHUB::Shenton_Way,Shenton Way,cbd_mrt,CBD-bound,Cbd Mrt,26.594,26.594,-0.0,unchanged
G_021_010,MRTHUB::Tanjong_Pagar,Tanjong Pagar,cbd_mrt,CBD-bound,Cbd Mrt,22.867,22.867,-0.0,unchanged
G_021_011,BUSSTOP_OUT::95011,AFT AIRCRAFT FLYOVER,airport_bus,Airport-bound,Airport Bus,77.91,77.91,-0.0,unchanged
G_021_011,BUSSTOP_OUT::95019,AFT CHANGI AIRPORT TER 2,airport_bus,Airport-bound,Airport Bus,66.467,66.467,-0.0,unchanged
G_021_011,BUSSTOP_OUT::95029,CHANGI AIRPORT TER 1,airport_bus,Airport-bound,Airport Bus,65.721,65.721,-0.0,unchanged
G_021_011,BUSSTOP_OUT::95109,CHANGI AIRPORT TER 3,airport_bus,Airport-bound,Airport Bus,62.74,62.74,-0.0,unchanged
G_021_011,BUSSTOP_OUT::95129,CHANGI AIRPORT TER 2,airport_bus,Airport-bound,Airport Bus,62.74,62.74,-0.0,unchanged
G_021_011,BUSSTOP_OUT::95151,AIRPORT POLICE STN,airport_bus,Airport-bound,Airport Bus,76.047,76.047,-0.0,unchanged
G_021_011,BUSSTOP_OUT::95159,NEAR SATS FLIGHT KITCHEN,airport_bus,Airport-bound,Airport Bus,69.448,69.448,-0.0,unchanged
G_021_011,BUSSTOP_OUT::95209,CHANGI AIRPORT TER 4,airport_bus,Airport-bound,Airport Bus,72.43,72.43,-0.0,unchanged
G_021_011,MRTHUB::Changi_Airport,Changi Airport,airport_mrt,Airport-bound,Airport Mrt,52.44,52.44,-0.0,unchanged
G_021_011,BUSSTOP_OUT::03011,FULLERTON SQ,cbd_bus,CBD-bound,Cbd Bus,29.422,29.422,-0.0,unchanged
G_021_011,BUSSTOP_OUT::03019,OUE BAYFRONT,cbd_bus,CBD-bound,Cbd Bus,38.94,38.94,-0.0,unchanged
G_021_011,BUSSTOP_OUT::03021,PRUDENTIAL TWR,cbd_bus,CBD-bound,Cbd Bus,27.186,27.186,-0.0,unchanged
G_021_011,BUSSTOP_OUT::03031,RAFFLES PL STN EXIT F,cbd_bus,CBD-bound,Cbd Bus,34.659,34.659,-0.0,unchanged
G_021_011,BUSSTOP_OUT::03041,TELOK AYER STN EXIT A,cbd_bus,CBD-bound,Cbd Bus,34.286,34.286,-0.0,unchanged
G_021_011,BUSSTOP_OUT::03059,ONE RAFFLES QUAY,cbd_bus,CBD-bound,Cbd Bus,33.618,33.618,-0.0,unchanged
G_021_011,BUSSTOP_OUT::03071,OPP SO SOFITEL S'PORE,cbd_bus,CBD-bound,Cbd Bus,33.541,33.541,-0.0,unchanged
G_021_011,BUSSTOP_OUT::03111,AFT CAPITAL TWR,cbd_bus,CBD-bound,Cbd Bus,32.423,32.423,-0.0,unchanged
G_021_011,BUSSTOP_OUT::03129,UIC BLDG,cbd_bus,CBD-bound,Cbd Bus,34.74,34.74,-0.0,unchanged
G_021_011,BUSSTOP_OUT::03151,AFT TELOK AYER ST,cbd_bus,CBD-bound,Cbd Bus,25.323,25.323,-0.0,unchanged
G_021_011,BUSSTOP_OUT::03217,AFT STRAITS BLVD,cbd_bus,CBD-bound,Cbd Bus,34.74,34.74,-0.0,unchanged
G_021_011,BUSSTOP_OUT::03218,OPP MAS BLDG,cbd_bus,CBD-bound,Cbd Bus,34.74,34.74,-0.0,unchanged
G_021_011,BUSSTOP_OUT::03222,HUB SYNERGY PT,cbd_bus,CBD-bound,Cbd Bus,29.814,29.814,-0.0,unchanged
G_021_011,BUSSTOP_OUT::03223,TANJONG PAGAR STN EXIT C,cbd_bus,CBD-bound,Cbd Bus,23.832,23.832,-0.0,unchanged
G_021_011,BUSSTOP_OUT::03239,SHENTON WAY TER,cbd_bus,CBD-bound,Cbd Bus,34.74,34.74,-0.0,unchanged
G_021_011,BUSSTOP_OUT::03241,MAPLETREE ANSON,cbd_bus,CBD-bound,Cbd Bus,34.74,34.74,-0.0,unchanged
G_021_011,BUSSTOP_OUT::03381,THE SAIL,cbd_bus,CBD-bound,Cbd Bus,35.777,35.777,-0.0,unchanged
G_021_011,BUSSTOP_OUT::03391,MARINA BAY FINANCIAL CTR,cbd_bus,CBD-bound,Cbd Bus,36.522,36.522,-0.0,unchanged
G_021_011,BUSSTOP_OUT::03501,MARINA BAY SANDS THEATRE,cbd_bus,CBD-bound,Cbd Bus,40.622,40.622,-0.0,unchanged
G_021_011,BUSSTOP_OUT::03509,BAYFRONT STN EXIT B/MBS,cbd_bus,CBD-bound,Cbd Bus,48.188,41.234,6.954,improved
G_021_011,BUSSTOP_OUT::03511,AFT BAYFRONT STN EXIT E,cbd_bus,CBD-bound,Cbd Bus,39.131,39.131,-0.0,unchanged
G_021_011,BUSSTOP_OUT::03519,BAYFRONT STN EXIT A,cbd_bus,CBD-bound,Cbd Bus,48.188,41.234,6.954,improved
G_021_011,BUSSTOP_OUT::03529,DOWNTOWN STN,cbd_bus,CBD-bound,Cbd Bus,39.911,39.911,-0.0,unchanged
G_021_011,BUSSTOP_OUT::03539,Marina Bay Stn,cbd_bus,CBD-bound,Cbd Bus,43.111,40.234,2.877,improved
G_021_011,BUSSTOP_OUT::05269,MAXWELL RD FC,cbd_bus,CBD-bound,Cbd Bus,38.911,38.911,-0.0,unchanged
G_021_011,BUSSTOP_OUT::05319,OCBC CTR,cbd_bus,CBD-bound,Cbd Bus,31.382,31.382,-0.0,unchanged
G_021_011,BUSSTOP_OUT::05411,TG PAGAR PLAZA,cbd_bus,CBD-bound,Cbd Bus,22.713,22.713,-0.0,unchanged
G_021_011,BUSSTOP_OUT::05419,THE AMARA,cbd_bus,CBD-bound,Cbd Bus,35.858,35.858,-0.0,unchanged
G_021_011,BUSSTOP_OUT::05431,TOWER 15,cbd_bus,CBD-bound,Cbd Bus,36.603,36.603,-0.0,unchanged
G_021_011,BUSSTOP_OUT::05629,OPP STH PT,cbd_bus,CBD-bound,Cbd Bus,26.677,26.677,-0.0,unchanged
G_021_011,BUSSTOP_OUT::05651,OPP FUJI XEROX TWRS,cbd_bus,CBD-bound,Cbd Bus,21.968,21.968,-0.0,unchanged
G_021_011,MRTHUB::Bayfront,Bayfront,cbd_mrt,CBD-bound,Cbd Mrt,37.888,30.934,6.954,improved
G_021_011,MRTHUB::Downtown,Downtown,cbd_mrt,CBD-bound,Cbd Mrt,34.688,34.134,0.554,improved
G_021_011,MRTHUB::Marina_Bay,Marina Bay,cbd_mrt,CBD-bound,Cbd Mrt,32.811,29.934,2.877,improved
G_021_011,MRTHUB::Maxwell,Maxwell,cbd_mrt,CBD-bound,Cbd Mrt,28.611,28.611,-0.0,unchanged
G_021_011,MRTHUB::Raffles_Place,Raffles Place,cbd_mrt,CBD-bound,Cbd Mrt,28.64,28.64,-0.0,unchanged
G_021_011,MRTHUB::Shenton_Way,Shenton Way,cbd_mrt,CBD-bound,Cbd Mrt,29.611,29.611,-0.0,unchanged
G_021_011,MRTHUB::Tanjong_Pagar,Tanjong Pagar,cbd_mrt,CBD-bound,Cbd Mrt,24.44,24.44,-0.0,unchanged
G_021_012,BUSSTOP_OUT::95011,AFT AIRCRAFT FLYOVER,airport_bus,Airport-bound,Airport Bus,77.537,77.537,-0.0,unchanged
G_021_012,BUSSTOP_OUT::95019,AFT CHANGI AIRPORT TER 2,airport_bus,Airport-bound,Airport Bus,66.094,66.094,-0.0,unchanged
G_021_012,BUSSTOP_OUT::95029,CHANGI AIRPORT TER 1,airport_bus,Airport-bound,Airport Bus,65.348,65.348,-0.0,unchanged
G_021_012,BUSSTOP_OUT::95109,CHANGI AIRPORT TER 3,airport_bus,Airport-bound,Airport Bus,62.367,62.367,-0.0,unchanged
G_021_012,BUSSTOP_OUT::95129,CHANGI AIRPORT TER 2,airport_bus,Airport-bound,Airport Bus,62.367,62.367,-0.0,unchanged
G_021_012,BUSSTOP_OUT::95151,AIRPORT POLICE STN,airport_bus,Airport-bound,Airport Bus,75.674,75.674,-0.0,unchanged
G_021_012,BUSSTOP_OUT::95159,NEAR SATS FLIGHT KITCHEN,airport_bus,Airport-bound,Airport Bus,69.075,69.075,-0.0,unchanged
G_021_012,BUSSTOP_OUT::95209,CHANGI AIRPORT TER 4,airport_bus,Airport-bound,Airport Bus,72.057,72.057,-0.0,unchanged
G_021_012,MRTHUB::Changi_Airport,Changi Airport,airport_mrt,Airport-bound,Airport Mrt,52.067,52.067,-0.0,unchanged
G_021_012,BUSSTOP_OUT::03011,FULLERTON SQ,cbd_bus,CBD-bound,Cbd Bus,25.709,25.709,-0.0,unchanged
G_021_012,BUSSTOP_OUT::03019,OUE BAYFRONT,cbd_bus,CBD-bound,Cbd Bus,38.567,38.567,-0.0,unchanged
G_021_012,BUSSTOP_OUT::03021,PRUDENTIAL TWR,cbd_bus,CBD-bound,Cbd Bus,23.473,23.473,-0.0,unchanged
G_021_012,BUSSTOP_OUT::03031,RAFFLES PL STN EXIT F,cbd_bus,CBD-bound,Cbd Bus,30.946,30.946,-0.0,unchanged
G_021_012,BUSSTOP_OUT::03041,TELOK AYER STN EXIT A,cbd_bus,CBD-bound,Cbd Bus,30.573,30.573,-0.0,unchanged
G_021_012,BUSSTOP_OUT::03059,ONE RAFFLES QUAY,cbd_bus,CBD-bound,Cbd Bus,30.031,30.031,-0.0,unchanged
G_021_012,BUSSTOP_OUT::03071,OPP SO SOFITEL S'PORE,cbd_bus,CBD-bound,Cbd Bus,29.828,29.828,-0.0,unchanged
G_021_012,BUSSTOP_OUT::03111,AFT CAPITAL TWR,cbd_bus,CBD-bound,Cbd Bus,28.71,28.71,-0.0,unchanged
G_021_012,BUSSTOP_OUT::03129,UIC BLDG,cbd_bus,CBD-bound,Cbd Bus,31.522,31.522,-0.0,unchanged
G_021_012,BUSSTOP_OUT::03151,AFT TELOK AYER ST,cbd_bus,CBD-bound,Cbd Bus,21.61,21.61,-0.0,unchanged
G_021_012,BUSSTOP_OUT::03217,AFT STRAITS BLVD,cbd_bus,CBD-bound,Cbd Bus,34.367,32.321,2.046,improved
G_021_012,BUSSTOP_OUT::03218,OPP MAS BLDG,cbd_bus,CBD-bound,Cbd Bus,33.385,32.321,1.064,improved
G_021_012,BUSSTOP_OUT::03222,HUB SYNERGY PT,cbd_bus,CBD-bound,Cbd Bus,26.101,26.101,-0.0,unchanged
G_021_012,BUSSTOP_OUT::03223,TANJONG PAGAR STN EXIT C,cbd_bus,CBD-bound,Cbd Bus,20.119,20.119,-0.0,unchanged
G_021_012,BUSSTOP_OUT::03239,SHENTON WAY TER,cbd_bus,CBD-bound,Cbd Bus,34.13,32.321,1.809,improved
G_021_012,BUSSTOP_OUT::03241,MAPLETREE ANSON,cbd_bus,CBD-bound,Cbd Bus,34.367,32.321,2.046,improved
G_021_012,BUSSTOP_OUT::03381,THE SAIL,cbd_bus,CBD-bound,Cbd Bus,32.064,32.064,-0.0,unchanged
G_021_012,BUSSTOP_OUT::03391,MARINA BAY FINANCIAL CTR,cbd_bus,CBD-bound,Cbd Bus,32.809,32.809,-0.0,unchanged
G_021_012,BUSSTOP_OUT::03501,MARINA BAY SANDS THEATRE,cbd_bus,CBD-bound,Cbd Bus,36.909,36.909,-0.0,unchanged
G_021_012,BUSSTOP_OUT::03509,BAYFRONT STN EXIT B/MBS,cbd_bus,CBD-bound,Cbd Bus,44.475,37.521,6.954,improved
G_021_012,BUSSTOP_OUT::03511,AFT BAYFRONT STN EXIT E,cbd_bus,CBD-bound,Cbd Bus,35.418,35.418,-0.0,unchanged
G_021_012,BUSSTOP_OUT::03519,BAYFRONT STN EXIT A,cbd_bus,CBD-bound,Cbd Bus,44.475,37.521,6.954,improved
G_021_012,BUSSTOP_OUT::03529,DOWNTOWN STN,cbd_bus,CBD-bound,Cbd Bus,37.45,37.45,-0.0,unchanged
G_021_012,BUSSTOP_OUT::03539,Marina Bay Stn,cbd_bus,CBD-bound,Cbd Bus,40.65,36.521,4.129,improved
G_021_012,BUSSTOP_OUT::05269,MAXWELL RD FC,cbd_bus,CBD-bound,Cbd Bus,36.45,36.45,-0.0,unchanged
G_021_012,BUSSTOP_OUT::05319,OCBC CTR,cbd_bus,CBD-bound,Cbd Bus,27.795,27.795,-0.0,unchanged
G_021_012,BUSSTOP_OUT::05411,TG PAGAR PLAZA,cbd_bus,CBD-bound,Cbd Bus,19.0,19.0,-0.0,unchanged
G_021_012,BUSSTOP_OUT::05419,THE AMARA,cbd_bus,CBD-bound,Cbd Bus,35.485,35.485,-0.0,unchanged
G_021_012,BUSSTOP_OUT::05431,TOWER 15,cbd_bus,CBD-bound,Cbd Bus,36.23,36.23,-0.0,unchanged
G_021_012,BUSSTOP_OUT::05629,OPP STH PT,cbd_bus,CBD-bound,Cbd Bus,24.813,24.813,-0.0,unchanged
G_021_012,BUSSTOP_OUT::05651,OPP FUJI XEROX TWRS,cbd_bus,CBD-bound,Cbd Bus,18.255,18.255,-0.0,unchanged
G_021_012,MRTHUB::Bayfront,Bayfront,cbd_mrt,CBD-bound,Cbd Mrt,34.175,27.221,6.954,improved
G_021_012,MRTHUB::Downtown,Downtown,cbd_mrt,CBD-bound,Cbd Mrt,30.975,30.421,0.554,improved
G_021_012,MRTHUB::Marina_Bay,Marina Bay,cbd_mrt,CBD-bound,Cbd Mrt,30.35,26.221,4.129,improved
G_021_012,MRTHUB::Maxwell,Maxwell,cbd_mrt,CBD-bound,Cbd Mrt,26.15,26.15,-0.0,unchanged
G_021_012,MRTHUB::Raffles_Place,Raffles Place,cbd_mrt,CBD-bound,Cbd Mrt,28.267,28.267,-0.0,unchanged
G_021_012,MRTHUB::Shenton_Way,Shenton Way,cbd_mrt,CBD-bound,Cbd Mrt,27.15,27.15,-0.0,unchanged
G_021_012,MRTHUB::Tanjong_Pagar,Tanjong Pagar,cbd_mrt,CBD-bound,Cbd Mrt,24.067,24.067,-0.0,unchanged
G_021_013,BUSSTOP_OUT::95011,AFT AIRCRAFT FLYOVER,airport_bus,Airport-bound,Airport Bus,80.728,80.328,0.4,improved
G_021_013,BUSSTOP_OUT::95019,AFT CHANGI AIRPORT TER 2,airport_bus,Airport-bound,Airport Bus,69.708,69.049,0.659,improved
G_021_013,BUSSTOP_OUT::95029,CHANGI AIRPORT TER 1,airport_bus,Airport-bound,Airport Bus,68.962,68.303,0.659,improved
G_021_013,BUSSTOP_OUT::95109,CHANGI AIRPORT TER 3,airport_bus,Airport-bound,Airport Bus,65.981,65.322,0.659,improved
G_021_013,BUSSTOP_OUT::95129,CHANGI AIRPORT TER 2,airport_bus,Airport-bound,Airport Bus,65.981,65.322,0.659,improved
G_021_013,BUSSTOP_OUT::95151,AIRPORT POLICE STN,airport_bus,Airport-bound,Airport Bus,78.865,78.465,0.4,improved
G_021_013,BUSSTOP_OUT::95159,NEAR SATS FLIGHT KITCHEN,airport_bus,Airport-bound,Airport Bus,72.689,72.03,0.659,improved
G_021_013,BUSSTOP_OUT::95209,CHANGI AIRPORT TER 4,airport_bus,Airport-bound,Airport Bus,75.671,75.012,0.659,improved
G_021_013,MRTHUB::Changi_Airport,Changi Airport,airport_mrt,Airport-bound,Airport Mrt,55.681,55.022,0.659,improved
G_021_013,BUSSTOP_OUT::03011,FULLERTON SQ,cbd_bus,CBD-bound,Cbd Bus,30.15,30.15,-0.0,unchanged
G_021_013,BUSSTOP_OUT::03019,OUE BAYFRONT,cbd_bus,CBD-bound,Cbd Bus,42.181,39.903,2.278,improved
G_021_013,BUSSTOP_OUT::03021,PRUDENTIAL TWR,cbd_bus,CBD-bound,Cbd Bus,27.914,27.914,-0.0,unchanged
G_021_013,BUSSTOP_OUT::03031,RAFFLES PL STN EXIT F,cbd_bus,CBD-bound,Cbd Bus,34.763,34.763,-0.0,unchanged
G_021_013,BUSSTOP_OUT::03041,TELOK AYER STN EXIT A,cbd_bus,CBD-bound,Cbd Bus,35.014,34.276,0.738,improved
G_021_013,BUSSTOP_OUT::03059,ONE RAFFLES QUAY,cbd_bus,CBD-bound,Cbd Bus,33.645,33.645,-0.0,unchanged
G_021_013,BUSSTOP_OUT::03071,OPP SO SOFITEL S'PORE,cbd_bus,CBD-bound,Cbd Bus,33.645,33.645,-0.0,unchanged
G_021_013,BUSSTOP_OUT::03111,AFT CAPITAL TWR,cbd_bus,CBD-bound,Cbd Bus,32.527,32.527,-0.0,unchanged
G_021_013,BUSSTOP_OUT::03129,UIC BLDG,cbd_bus,CBD-bound,Cbd Bus,35.136,35.136,-0.0,unchanged
G_021_013,BUSSTOP_OUT::03151,AFT TELOK AYER ST,cbd_bus,CBD-bound,Cbd Bus,26.051,26.051,-0.0,unchanged
G_021_013,BUSSTOP_OUT::03217,AFT STRAITS BLVD,cbd_bus,CBD-bound,Cbd Bus,37.981,30.922,7.059,improved
G_021_013,BUSSTOP_OUT::03218,OPP MAS BLDG,cbd_bus,CBD-bound,Cbd Bus,36.999,30.922,6.077,improved
G_021_013,BUSSTOP_OUT::03222,HUB SYNERGY PT,cbd_bus,CBD-bound,Cbd Bus,29.918,29.918,-0.0,unchanged
G_021_013,BUSSTOP_OUT::03223,TANJONG PAGAR STN EXIT C,cbd_bus,CBD-bound,Cbd Bus,24.56,24.56,-0.0,unchanged
G_021_013,BUSSTOP_OUT::03239,SHENTON WAY TER,cbd_bus,CBD-bound,Cbd Bus,37.744,30.922,6.822,improved
G_021_013,BUSSTOP_OUT::03241,MAPLETREE ANSON,cbd_bus,CBD-bound,Cbd Bus,37.981,30.922,7.059,improved
G_021_013,BUSSTOP_OUT::03381,THE SAIL,cbd_bus,CBD-bound,Cbd Bus,36.505,35.767,0.738,improved
G_021_013,BUSSTOP_OUT::03391,MARINA BAY FINANCIAL CTR,cbd_bus,CBD-bound,Cbd Bus,37.25,36.512,0.738,improved
G_021_013,BUSSTOP_OUT::03501,MARINA BAY SANDS THEATRE,cbd_bus,CBD-bound,Cbd Bus,41.35,36.122,5.228,improved
G_021_013,BUSSTOP_OUT::03509,BAYFRONT STN EXIT B/MBS,cbd_bus,CBD-bound,Cbd Bus,43.922,36.122,7.8,improved
G_021_013,BUSSTOP_OUT::03511,AFT BAYFRONT STN EXIT E,cbd_bus,CBD-bound,Cbd Bus,39.859,36.122,3.737,improved
G_021_013,BUSSTOP_OUT::03519,BAYFRONT STN EXIT A,cbd_bus,CBD-bound,Cbd Bus,43.922,36.122,7.8,improved
G_021_013,BUSSTOP_OUT::03529,DOWNTOWN STN,cbd_bus,CBD-bound,Cbd Bus,39.722,36.613,3.109,improved
G_021_013,BUSSTOP_OUT::03539,Marina Bay Stn,cbd_bus,CBD-bound,Cbd Bus,40.722,35.122,5.6,improved
G_021_013,BUSSTOP_OUT::05269,MAXWELL RD FC,cbd_bus,CBD-bound,Cbd Bus,38.385,38.385,-0.0,unchanged
G_021_013,BUSSTOP_OUT::05319,OCBC CTR,cbd_bus,CBD-bound,Cbd Bus,31.409,31.409,-0.0,unchanged
G_021_013,BUSSTOP_OUT::05411,TG PAGAR PLAZA,cbd_bus,CBD-bound,Cbd Bus,23.441,23.441,-0.0,unchanged
G_021_013,BUSSTOP_OUT::05419,THE AMARA,cbd_bus,CBD-bound,Cbd Bus,39.099,39.099,-0.0,unchanged
G_021_013,BUSSTOP_OUT::05431,TOWER 15,cbd_bus,CBD-bound,Cbd Bus,39.844,39.844,-0.0,unchanged
G_021_013,BUSSTOP_OUT::05629,OPP STH PT,cbd_bus,CBD-bound,Cbd Bus,28.427,28.427,-0.0,unchanged
G_021_013,BUSSTOP_OUT::05651,OPP FUJI XEROX TWRS,cbd_bus,CBD-bound,Cbd Bus,22.696,22.696,-0.0,unchanged
G_021_013,MRTHUB::Bayfront,Bayfront,cbd_mrt,CBD-bound,Cbd Mrt,33.622,25.822,7.8,improved
G_021_013,MRTHUB::Downtown,Downtown,cbd_mrt,CBD-bound,Cbd Mrt,30.422,29.022,1.4,improved
G_021_013,MRTHUB::Marina_Bay,Marina Bay,cbd_mrt,CBD-bound,Cbd Mrt,32.622,24.822,7.8,improved
G_021_013,MRTHUB::Maxwell,Maxwell,cbd_mrt,CBD-bound,Cbd Mrt,28.422,28.422,-0.0,unchanged
G_021_013,MRTHUB::Raffles_Place,Raffles Place,cbd_mrt,CBD-bound,Cbd Mrt,31.881,30.222,1.659,improved
G_021_013,MRTHUB::Shenton_Way,Shenton Way,cbd_mrt,CBD-bound,Cbd Mrt,29.422,28.022,1.4,improved
G_021_013,MRTHUB::Tanjong_Pagar,Tanjong Pagar,cbd_mrt,CBD-bound,Cbd Mrt,27.681,27.681,-0.0,unchanged
G_021_014,BUSSTOP_OUT::95011,AFT AIRCRAFT FLYOVER,airport_bus,Airport-bound,Airport Bus,79.47,79.07,0.4,improved
G_021_014,BUSSTOP_OUT::95019,AFT CHANGI AIRPORT TER 2,airport_bus,Airport-bound,Airport Bus,69.191,67.791,1.4,improved
G_021_014,BUSSTOP_OUT::95029,CHANGI AIRPORT TER 1,airport_bus,Airport-bound,Airport Bus,68.445,67.045,1.4,improved
G_021_014,BUSSTOP_OUT::95109,CHANGI AIRPORT TER 3,airport_bus,Airport-bound,Airport Bus,65.464,64.064,1.4,improved
G_021_014,BUSSTOP_OUT::95129,CHANGI AIRPORT TER 2,airport_bus,Airport-bound,Airport Bus,65.464,64.064,1.4,improved
G_021_014,BUSSTOP_OUT::95151,AIRPORT POLICE STN,airport_bus,Airport-bound,Airport Bus,77.607,77.207,0.4,improved
G_021_014,BUSSTOP_OUT::95159,NEAR SATS FLIGHT KITCHEN,airport_bus,Airport-bound,Airport Bus,72.172,70.772,1.4,improved
G_021_014,BUSSTOP_OUT::95209,CHANGI AIRPORT TER 4,airport_bus,Airport-bound,Airport Bus,75.154,73.754,1.4,improved
G_021_014,MRTHUB::Changi_Airport,Changi Airport,airport_mrt,Airport-bound,Airport Mrt,55.164,53.764,1.4,improved
G_021_014,BUSSTOP_OUT::03011,FULLERTON SQ,cbd_bus,CBD-bound,Cbd Bus,25.78,25.78,-0.0,unchanged
G_021_014,BUSSTOP_OUT::03019,OUE BAYFRONT,cbd_bus,CBD-bound,Cbd Bus,41.664,38.645,3.019,improved
G_021_014,BUSSTOP_OUT::03021,PRUDENTIAL TWR,cbd_bus,CBD-bound,Cbd Bus,23.544,23.544,-0.0,unchanged
G_021_014,BUSSTOP_OUT::03031,RAFFLES PL STN EXIT F,cbd_bus,CBD-bound,Cbd Bus,23.917,23.917,-0.0,unchanged
G_021_014,BUSSTOP_OUT::03041,TELOK AYER STN EXIT A,cbd_bus,CBD-bound,Cbd Bus,30.644,30.644,-0.0,unchanged
G_021_014,BUSSTOP_OUT::03059,ONE RAFFLES QUAY,cbd_bus,CBD-bound,Cbd Bus,34.743,34.743,-0.0,unchanged
G_021_014,BUSSTOP_OUT::03071,OPP SO SOFITEL S'PORE,cbd_bus,CBD-bound,Cbd Bus,22.799,22.799,-0.0,unchanged
G_021_014,BUSSTOP_OUT::03111,AFT CAPITAL TWR,cbd_bus,CBD-bound,Cbd Bus,21.681,21.681,-0.0,unchanged
G_021_014,BUSSTOP_OUT::03129,UIC BLDG,cbd_bus,CBD-bound,Cbd Bus,36.234,36.234,-0.0,unchanged
G_021_014,BUSSTOP_OUT::03151,AFT TELOK AYER ST,cbd_bus,CBD-bound,Cbd Bus,21.681,21.681,-0.0,unchanged
G_021_014,BUSSTOP_OUT::03217,AFT STRAITS BLVD,cbd_bus,CBD-bound,Cbd Bus,37.464,29.664,7.8,improved
G_021_014,BUSSTOP_OUT::03218,OPP MAS BLDG,cbd_bus,CBD-bound,Cbd Bus,29.153,29.153,-0.0,unchanged
G_021_014,BUSSTOP_OUT::03222,HUB SYNERGY PT,cbd_bus,CBD-bound,Cbd Bus,19.072,19.072,-0.0,unchanged
G_021_014,BUSSTOP_OUT::03223,TANJONG PAGAR STN EXIT C,cbd_bus,CBD-bound,Cbd Bus,20.19,20.19,-0.0,unchanged
G_021_014,BUSSTOP_OUT::03239,SHENTON WAY TER,cbd_bus,CBD-bound,Cbd Bus,29.898,29.664,0.234,improved
G_021_014,BUSSTOP_OUT::03241,MAPLETREE ANSON,cbd_bus,CBD-bound,Cbd Bus,37.464,29.664,7.8,improved
G_021_014,BUSSTOP_OUT::03381,THE SAIL,cbd_bus,CBD-bound,Cbd Bus,25.035,25.035,-0.0,unchanged
G_021_014,BUSSTOP_OUT::03391,MARINA BAY FINANCIAL CTR,cbd_bus,CBD-bound,Cbd Bus,25.78,25.78,-0.0,unchanged
G_021_014,BUSSTOP_OUT::03501,MARINA BAY SANDS THEATRE,cbd_bus,CBD-bound,Cbd Bus,29.88,29.88,-0.0,unchanged
G_021_014,BUSSTOP_OUT::03509,BAYFRONT STN EXIT B/MBS,cbd_bus,CBD-bound,Cbd Bus,42.664,34.864,7.8,improved
G_021_014,BUSSTOP_OUT::03511,AFT BAYFRONT STN EXIT E,cbd_bus,CBD-bound,Cbd Bus,28.389,28.389,-0.0,unchanged
G_021_014,BUSSTOP_OUT::03519,BAYFRONT STN EXIT A,cbd_bus,CBD-bound,Cbd Bus,42.664,34.864,7.8,improved
G_021_014,BUSSTOP_OUT::03529,DOWNTOWN STN,cbd_bus,CBD-bound,Cbd Bus,38.464,35.355,3.109,improved
G_021_014,BUSSTOP_OUT::03539,Marina Bay Stn,cbd_bus,CBD-bound,Cbd Bus,39.464,33.864,5.6,improved
G_021_014,BUSSTOP_OUT::05269,MAXWELL RD FC,cbd_bus,CBD-bound,Cbd Bus,37.127,37.127,-0.0,unchanged
G_021_014,BUSSTOP_OUT::05319,OCBC CTR,cbd_bus,CBD-bound,Cbd Bus,32.507,32.507,-0.0,unchanged
G_021_014,BUSSTOP_OUT::05411,TG PAGAR PLAZA,cbd_bus,CBD-bound,Cbd Bus,19.071,19.071,-0.0,unchanged
G_021_014,BUSSTOP_OUT::05419,THE AMARA,cbd_bus,CBD-bound,Cbd Bus,38.582,38.582,-0.0,unchanged
G_021_014,BUSSTOP_OUT::05431,TOWER 15,cbd_bus,CBD-bound,Cbd Bus,39.327,39.327,-0.0,unchanged
G_021_014,BUSSTOP_OUT::05629,OPP STH PT,cbd_bus,CBD-bound,Cbd Bus,25.053,25.053,-0.0,unchanged
G_021_014,BUSSTOP_OUT::05651,OPP FUJI XEROX TWRS,cbd_bus,CBD-bound,Cbd Bus,18.326,18.326,-0.0,unchanged
G_021_014,MRTHUB::Bayfront,Bayfront,cbd_mrt,CBD-bound,Cbd Mrt,32.364,24.564,7.8,improved
G_021_014,MRTHUB::Downtown,Downtown,cbd_mrt,CBD-bound,Cbd Mrt,29.164,27.764,1.4,improved
G_021_014,MRTHUB::Marina_Bay,Marina Bay,cbd_mrt,CBD-bound,Cbd Mrt,31.364,23.564,7.8,improved
G_021_014,MRTHUB::Maxwell,Maxwell,cbd_mrt,CBD-bound,Cbd Mrt,27.164,27.164,-0.0,unchanged
G_021_014,MRTHUB::Raffles_Place,Raffles Place,cbd_mrt,CBD-bound,Cbd Mrt,31.364,28.964,2.4,improved
G_021_014,MRTHUB::Shenton_Way,Shenton Way,cbd_mrt,CBD-bound,Cbd Mrt,28.164,26.764,1.4,improved
G_021_014,MRTHUB::Tanjong_Pagar,Tanjong Pagar,cbd_mrt,CBD-bound,Cbd Mrt,27.164,27.164,-0.0,unchanged
G_021_015,BUSSTOP_OUT::95011,AFT AIRCRAFT FLYOVER,airport_bus,Airport-bound,Airport Bus,76.923,76.923,-0.0,unchanged
G_021_015,BUSSTOP_OUT::95019,AFT CHANGI AIRPORT TER 2,airport_bus,Airport-bound,Airport Bus,66.644,66.644,-0.0,unchanged
G_021_015,BUSSTOP_OUT::95029,CHANGI AIRPORT TER 1,airport_bus,Airport-bound,Airport Bus,65.898,65.898,-0.0,unchanged
G_021_015,BUSSTOP_OUT::95109,CHANGI AIRPORT TER 3,airport_bus,Airport-bound,Airport Bus,62.917,62.917,-0.0,unchanged
G_021_015,BUSSTOP_OUT::95129,CHANGI AIRPORT TER 2,airport_bus,Airport-bound,Airport Bus,62.917,62.917,-0.0,unchanged
G_021_015,BUSSTOP_OUT::95151,AIRPORT POLICE STN,airport_bus,Airport-bound,Airport Bus,75.06,75.06,-0.0,unchanged
G_021_015,BUSSTOP_OUT::95159,NEAR SATS FLIGHT KITCHEN,airport_bus,Airport-bound,Airport Bus,69.625,69.625,-0.0,unchanged
G_021_015,BUSSTOP_OUT::95209,CHANGI AIRPORT TER 4,airport_bus,Airport-bound,Airport Bus,72.607,72.607,-0.0,unchanged
G_021_015,MRTHUB::Changi_Airport,Changi Airport,airport_mrt,Airport-bound,Airport Mrt,52.617,52.617,-0.0,unchanged
G_021_015,BUSSTOP_OUT::03011,FULLERTON SQ,cbd_bus,CBD-bound,Cbd Bus,21.723,21.723,-0.0,unchanged
G_021_015,BUSSTOP_OUT::03019,OUE BAYFRONT,cbd_bus,CBD-bound,Cbd Bus,39.117,39.117,-0.0,unchanged
G_021_015,BUSSTOP_OUT::03021,PRUDENTIAL TWR,cbd_bus,CBD-bound,Cbd Bus,19.487,19.487,-0.0,unchanged
G_021_015,BUSSTOP_OUT::03031,RAFFLES PL STN EXIT F,cbd_bus,CBD-bound,Cbd Bus,19.86,19.86,-0.0,unchanged
G_021_015,BUSSTOP_OUT::03041,TELOK AYER STN EXIT A,cbd_bus,CBD-bound,Cbd Bus,26.587,26.587,-0.0,unchanged
G_021_015,BUSSTOP_OUT::03059,ONE RAFFLES QUAY,cbd_bus,CBD-bound,Cbd Bus,30.686,30.686,-0.0,unchanged
G_021_015,BUSSTOP_OUT::03071,OPP SO SOFITEL S'PORE,cbd_bus,CBD-bound,Cbd Bus,18.742,18.742,-0.0,unchanged
G_021_015,BUSSTOP_OUT::03111,AFT CAPITAL TWR,cbd_bus,CBD-bound,Cbd Bus,17.624,17.624,-0.0,unchanged
G_021_015,BUSSTOP_OUT::03129,UIC BLDG,cbd_bus,CBD-bound,Cbd Bus,32.177,32.177,-0.0,unchanged
G_021_015,BUSSTOP_OUT::03151,AFT TELOK AYER ST,cbd_bus,CBD-bound,Cbd Bus,17.624,17.624,-0.0,unchanged
G_021_015,BUSSTOP_OUT::03217,AFT STRAITS BLVD,cbd_bus,CBD-bound,Cbd Bus,34.917,30.186,4.731,improved
G_021_015,BUSSTOP_OUT::03218,OPP MAS BLDG,cbd_bus,CBD-bound,Cbd Bus,25.096,25.096,-0.0,unchanged
G_021_015,BUSSTOP_OUT::03222,HUB SYNERGY PT,cbd_bus,CBD-bound,Cbd Bus,15.015,15.015,-0.0,unchanged
G_021_015,BUSSTOP_OUT::03223,TANJONG PAGAR STN EXIT C,cbd_bus,CBD-bound,Cbd Bus,16.133,16.133,-0.0,unchanged
G_021_015,BUSSTOP_OUT::03239,SHENTON WAY TER,cbd_bus,CBD-bound,Cbd Bus,25.841,25.841,-0.0,unchanged
G_021_015,BUSSTOP_OUT::03241,MAPLETREE ANSON,cbd_bus,CBD-bound,Cbd Bus,34.917,30.186,4.731,improved
G_021_015,BUSSTOP_OUT::03381,THE SAIL,cbd_bus,CBD-bound,Cbd Bus,20.978,20.978,-0.0,unchanged
G_021_015,BUSSTOP_OUT::03391,MARINA BAY FINANCIAL CTR,cbd_bus,CBD-bound,Cbd Bus,21.723,21.723,-0.0,unchanged
G_021_015,BUSSTOP_OUT::03501,MARINA BAY SANDS THEATRE,cbd_bus,CBD-bound,Cbd Bus,25.823,25.823,-0.0,unchanged
G_021_015,BUSSTOP_OUT::03509,BAYFRONT STN EXIT B/MBS,cbd_bus,CBD-bound,Cbd Bus,40.117,35.386,4.731,improved
G_021_015,BUSSTOP_OUT::03511,AFT BAYFRONT STN EXIT E,cbd_bus,CBD-bound,Cbd Bus,24.332,24.332,-0.0,unchanged
G_021_015,BUSSTOP_OUT::03519,BAYFRONT STN EXIT A,cbd_bus,CBD-bound,Cbd Bus,40.117,35.386,4.731,improved
G_021_015,BUSSTOP_OUT::03529,DOWNTOWN STN,cbd_bus,CBD-bound,Cbd Bus,35.917,35.877,0.04,improved
G_021_015,BUSSTOP_OUT::03539,Marina Bay Stn,cbd_bus,CBD-bound,Cbd Bus,36.917,34.386,2.531,improved
G_021_015,BUSSTOP_OUT::05269,MAXWELL RD FC,cbd_bus,CBD-bound,Cbd Bus,34.58,34.58,-0.0,unchanged
G_021_015,BUSSTOP_OUT::05319,OCBC CTR,cbd_bus,CBD-bound,Cbd Bus,28.45,28.45,-0.0,unchanged
G_021_015,BUSSTOP_OUT::05411,TG PAGAR PLAZA,cbd_bus,CBD-bound,Cbd Bus,15.014,15.014,-0.0,unchanged
G_021_015,BUSSTOP_OUT::05419,THE AMARA,cbd_bus,CBD-bound,Cbd Bus,36.035,36.035,-0.0,unchanged
G_021_015,BUSSTOP_OUT::05431,TOWER 15,cbd_bus,CBD-bound,Cbd Bus,36.78,36.78,-0.0,unchanged
G_021_015,BUSSTOP_OUT::05629,OPP STH PT,cbd_bus,CBD-bound,Cbd Bus,20.996,20.996,-0.0,unchanged
G_021_015,BUSSTOP_OUT::05651,OPP FUJI XEROX TWRS,cbd_bus,CBD-bound,Cbd Bus,14.269,14.269,-0.0,unchanged
G_021_015,MRTHUB::Bayfront,Bayfront,cbd_mrt,CBD-bound,Cbd Mrt,29.817,25.086,4.731,improved
G_021_015,MRTHUB::Downtown,Downtown,cbd_mrt,CBD-bound,Cbd Mrt,26.617,26.617,-0.0,unchanged
G_021_015,MRTHUB::Marina_Bay,Marina Bay,cbd_mrt,CBD-bound,Cbd Mrt,28.817,24.086,4.731,improved
G_021_015,MRTHUB::Maxwell,Maxwell,cbd_mrt,CBD-bound,Cbd Mrt,24.617,24.617,-0.0,unchanged
G_021_015,MRTHUB::Raffles_Place,Raffles Place,cbd_mrt,CBD-bound,Cbd Mrt,28.817,28.817,-0.0,unchanged
G_021_015,MRTHUB::Shenton_Way,Shenton Way,cbd_mrt,CBD-bound,Cbd Mrt,25.617,25.617,-0.0,unchanged
G_021_015,MRTHUB::Tanjong_Pagar,Tanjong Pagar,cbd_mrt,CBD-bound,Cbd Mrt,24.617,24.617,-0.0,unchanged
G_021_016,BUSSTOP_OUT::95011,AFT AIRCRAFT FLYOVER,airport_bus,Airport-bound,Airport Bus,74.715,74.715,-0.0,unchanged
G_021_016,BUSSTOP_OUT::95019,AFT CHANGI AIRPORT TER 2,airport_bus,Airport-bound,Airport Bus,64.436,64.436,-0.0,unchanged
G_021_016,BUSSTOP_OUT::95029,CHANGI AIRPORT TER 1,airport_bus,Airport-bound,Airport Bus,63.69,63.69,-0.0,unchanged
G_021_016,BUSSTOP_OUT::95109,CHANGI AIRPORT TER 3,airport_bus,Airport-bound,Airport Bus,60.709,60.709,-0.0,unchanged
G_021_016,BUSSTOP_OUT::95129,CHANGI AIRPORT TER 2,airport_bus,Airport-bound,Airport Bus,60.709,60.709,-0.0,unchanged
G_021_016,BUSSTOP_OUT::95151,AIRPORT POLICE STN,airport_bus,Airport-bound,Airport Bus,72.852,72.852,-0.0,unchanged
G_021_016,BUSSTOP_OUT::95159,NEAR SATS FLIGHT KITCHEN,airport_bus,Airport-bound,Airport Bus,67.417,67.417,-0.0,unchanged
G_021_016,BUSSTOP_OUT::95209,CHANGI AIRPORT TER 4,airport_bus,Airport-bound,Airport Bus,70.399,70.399,-0.0,unchanged
G_021_016,MRTHUB::Changi_Airport,Changi Airport,airport_mrt,Airport-bound,Airport Mrt,50.409,50.409,-0.0,unchanged
G_021_016,BUSSTOP_OUT::03011,FULLERTON SQ,cbd_bus,CBD-bound,Cbd Bus,23.171,23.171,-0.0,unchanged
G_021_016,BUSSTOP_OUT::03019,OUE BAYFRONT,cbd_bus,CBD-bound,Cbd Bus,36.909,36.909,-0.0,unchanged
G_021_016,BUSSTOP_OUT::03021,PRUDENTIAL TWR,cbd_bus,CBD-bound,Cbd Bus,20.935,20.935,-0.0,unchanged
G_021_016,BUSSTOP_OUT::03031,RAFFLES PL STN EXIT F,cbd_bus,CBD-bound,Cbd Bus,21.308,21.308,-0.0,unchanged
G_021_016,BUSSTOP_OUT::03041,TELOK AYER STN EXIT A,cbd_bus,CBD-bound,Cbd Bus,28.035,28.035,-0.0,unchanged
G_021_016,BUSSTOP_OUT::03059,ONE RAFFLES QUAY,cbd_bus,CBD-bound,Cbd Bus,32.134,32.134,-0.0,unchanged
G_021_016,BUSSTOP_OUT::03071,OPP SO SOFITEL S'PORE,cbd_bus,CBD-bound,Cbd Bus,20.19,20.19,-0.0,unchanged
G_021_016,BUSSTOP_OUT::03111,AFT CAPITAL TWR,cbd_bus,CBD-bound,Cbd Bus,19.072,19.072,-0.0,unchanged
G_021_016,BUSSTOP_OUT::03129,UIC BLDG,cbd_bus,CBD-bound,Cbd Bus,32.709,32.709,-0.0,unchanged
G_021_016,BUSSTOP_OUT::03151,AFT TELOK AYER ST,cbd_bus,CBD-bound,Cbd Bus,19.072,19.072,-0.0,unchanged
G_021_016,BUSSTOP_OUT::03217,AFT STRAITS BLVD,cbd_bus,CBD-bound,Cbd Bus,32.709,29.309,3.4,improved
G_021_016,BUSSTOP_OUT::03218,OPP MAS BLDG,cbd_bus,CBD-bound,Cbd Bus,26.544,26.544,-0.0,unchanged
G_021_016,BUSSTOP_OUT::03222,HUB SYNERGY PT,cbd_bus,CBD-bound,Cbd Bus,16.463,16.463,-0.0,unchanged
G_021_016,BUSSTOP_OUT::03223,TANJONG PAGAR STN EXIT C,cbd_bus,CBD-bound,Cbd Bus,17.581,17.581,-0.0,unchanged
G_021_016,BUSSTOP_OUT::03239,SHENTON WAY TER,cbd_bus,CBD-bound,Cbd Bus,27.289,27.289,-0.0,unchanged
G_021_016,BUSSTOP_OUT::03241,MAPLETREE ANSON,cbd_bus,CBD-bound,Cbd Bus,32.709,29.309,3.4,improved
G_021_016,BUSSTOP_OUT::03381,THE SAIL,cbd_bus,CBD-bound,Cbd Bus,22.426,22.426,-0.0,unchanged
G_021_016,BUSSTOP_OUT::03391,MARINA BAY FINANCIAL CTR,cbd_bus,CBD-bound,Cbd Bus,23.171,23.171,-0.0,unchanged
G_021_016,BUSSTOP_OUT::03501,MARINA BAY SANDS THEATRE,cbd_bus,CBD-bound,Cbd Bus,27.271,27.271,-0.0,unchanged
G_021_016,BUSSTOP_OUT::03509,BAYFRONT STN EXIT B/MBS,cbd_bus,CBD-bound,Cbd Bus,37.909,34.509,3.4,improved
G_021_016,BUSSTOP_OUT::03511,AFT BAYFRONT STN EXIT E,cbd_bus,CBD-bound,Cbd Bus,25.78,25.78,-0.0,unchanged
G_021_016,BUSSTOP_OUT::03519,BAYFRONT STN EXIT A,cbd_bus,CBD-bound,Cbd Bus,37.909,34.509,3.4,improved
G_021_016,BUSSTOP_OUT::03529,DOWNTOWN STN,cbd_bus,CBD-bound,Cbd Bus,33.709,33.709,-0.0,unchanged
G_021_016,BUSSTOP_OUT::03539,Marina Bay Stn,cbd_bus,CBD-bound,Cbd Bus,34.709,33.509,1.2,improved
G_021_016,BUSSTOP_OUT::05269,MAXWELL RD FC,cbd_bus,CBD-bound,Cbd Bus,32.372,32.372,-0.0,unchanged
G_021_016,BUSSTOP_OUT::05319,OCBC CTR,cbd_bus,CBD-bound,Cbd Bus,29.898,29.898,-0.0,unchanged
G_021_016,BUSSTOP_OUT::05411,TG PAGAR PLAZA,cbd_bus,CBD-bound,Cbd Bus,16.462,16.462,-0.0,unchanged
G_021_016,BUSSTOP_OUT::05419,THE AMARA,cbd_bus,CBD-bound,Cbd Bus,33.827,33.827,-0.0,unchanged
G_021_016,BUSSTOP_OUT::05431,TOWER 15,cbd_bus,CBD-bound,Cbd Bus,34.572,34.572,-0.0,unchanged
G_021_016,BUSSTOP_OUT::05629,OPP STH PT,cbd_bus,CBD-bound,Cbd Bus,22.444,22.444,-0.0,unchanged
G_021_016,BUSSTOP_OUT::05651,OPP FUJI XEROX TWRS,cbd_bus,CBD-bound,Cbd Bus,15.717,15.717,-0.0,unchanged
G_021_016,MRTHUB::Bayfront,Bayfront,cbd_mrt,CBD-bound,Cbd Mrt,27.609,24.209,3.4,improved
G_021_016,MRTHUB::Downtown,Downtown,cbd_mrt,CBD-bound,Cbd Mrt,24.409,24.409,-0.0,unchanged
G_021_016,MRTHUB::Marina_Bay,Marina Bay,cbd_mrt,CBD-bound,Cbd Mrt,26.609,23.209,3.4,improved
G_021_016,MRTHUB::Maxwell,Maxwell,cbd_mrt,CBD-bound,Cbd Mrt,22.409,22.409,-0.0,unchanged
G_021_016,MRTHUB::Raffles_Place,Raffles Place,cbd_mrt,CBD-bound,Cbd Mrt,26.609,26.609,-0.0,unchanged
G_021_016,MRTHUB::Shenton_Way,Shenton Way,cbd_mrt,CBD-bound,Cbd Mrt,23.409,23.409,-0.0,unchanged
G_021_016,MRTHUB::Tanjong_Pagar,Tanjong Pagar,cbd_mrt,CBD-bound,Cbd Mrt,22.409,22.409,-0.0,unchanged
G_022_010,BUSSTOP_OUT::95011,AFT AIRCRAFT FLYOVER,airport_bus,Airport-bound,Airport Bus,76.122,76.122,-0.0,unchanged
G_022_010,BUSSTOP_OUT::95019,AFT CHANGI AIRPORT TER 2,airport_bus,Airport-bound,Airport Bus,64.679,64.679,-0.0,unchanged
G_022_010,BUSSTOP_OUT::95029,CHANGI AIRPORT TER 1,airport_bus,Airport-bound,Airport Bus,63.933,63.933,-0.0,unchanged
G_022_010,BUSSTOP_OUT::95109,CHANGI AIRPORT TER 3,airport_bus,Airport-bound,Airport Bus,60.952,60.952,-0.0,unchanged
G_022_010,BUSSTOP_OUT::95129,CHANGI AIRPORT TER 2,airport_bus,Airport-bound,Airport Bus,60.952,60.952,-0.0,unchanged
G_022_010,BUSSTOP_OUT::95151,AIRPORT POLICE STN,airport_bus,Airport-bound,Airport Bus,74.259,74.259,-0.0,unchanged
G_022_010,BUSSTOP_OUT::95159,NEAR SATS FLIGHT KITCHEN,airport_bus,Airport-bound,Airport Bus,67.66,67.66,-0.0,unchanged
G_022_010,BUSSTOP_OUT::95209,CHANGI AIRPORT TER 4,airport_bus,Airport-bound,Airport Bus,70.642,70.642,-0.0,unchanged
G_022_010,MRTHUB::Changi_Airport,Changi Airport,airport_mrt,Airport-bound,Airport Mrt,50.652,50.652,-0.0,unchanged
G_022_010,BUSSTOP_OUT::03011,FULLERTON SQ,cbd_bus,CBD-bound,Cbd Bus,26.869,26.869,-0.0,unchanged
G_022_010,BUSSTOP_OUT::03019,OUE BAYFRONT,cbd_bus,CBD-bound,Cbd Bus,37.152,37.152,-0.0,unchanged
G_022_010,BUSSTOP_OUT::03021,PRUDENTIAL TWR,cbd_bus,CBD-bound,Cbd Bus,24.633,24.633,-0.0,unchanged
G_022_010,BUSSTOP_OUT::03031,RAFFLES PL STN EXIT F,cbd_bus,CBD-bound,Cbd Bus,30.154,30.154,-0.0,unchanged
G_022_010,BUSSTOP_OUT::03041,TELOK AYER STN EXIT A,cbd_bus,CBD-bound,Cbd Bus,31.733,31.733,-0.0,unchanged
G_022_010,BUSSTOP_OUT::03059,ONE RAFFLES QUAY,cbd_bus,CBD-bound,Cbd Bus,32.477,32.477,-0.0,unchanged
G_022_010,BUSSTOP_OUT::03071,OPP SO SOFITEL S'PORE,cbd_bus,CBD-bound,Cbd Bus,29.036,29.036,-0.0,unchanged
G_022_010,BUSSTOP_OUT::03111,AFT CAPITAL TWR,cbd_bus,CBD-bound,Cbd Bus,27.918,27.918,-0.0,unchanged
G_022_010,BUSSTOP_OUT::03129,UIC BLDG,cbd_bus,CBD-bound,Cbd Bus,32.952,32.952,-0.0,unchanged
G_022_010,BUSSTOP_OUT::03151,AFT TELOK AYER ST,cbd_bus,CBD-bound,Cbd Bus,22.77,22.77,-0.0,unchanged
G_022_010,BUSSTOP_OUT::03217,AFT STRAITS BLVD,cbd_bus,CBD-bound,Cbd Bus,32.952,32.952,-0.0,unchanged
G_022_010,BUSSTOP_OUT::03218,OPP MAS BLDG,cbd_bus,CBD-bound,Cbd Bus,30.242,30.242,-0.0,unchanged
G_022_010,BUSSTOP_OUT::03222,HUB SYNERGY PT,cbd_bus,CBD-bound,Cbd Bus,25.309,25.309,-0.0,unchanged
G_022_010,BUSSTOP_OUT::03223,TANJONG PAGAR STN EXIT C,cbd_bus,CBD-bound,Cbd Bus,21.279,21.279,-0.0,unchanged
G_022_010,BUSSTOP_OUT::03239,SHENTON WAY TER,cbd_bus,CBD-bound,Cbd Bus,30.987,30.987,-0.0,unchanged
G_022_010,BUSSTOP_OUT::03241,MAPLETREE ANSON,cbd_bus,CBD-bound,Cbd Bus,32.952,32.952,-0.0,unchanged
G_022_010,BUSSTOP_OUT::03381,THE SAIL,cbd_bus,CBD-bound,Cbd Bus,33.224,33.224,-0.0,unchanged
G_022_010,BUSSTOP_OUT::03391,MARINA BAY FINANCIAL CTR,cbd_bus,CBD-bound,Cbd Bus,33.969,33.969,-0.0,unchanged
G_022_010,BUSSTOP_OUT::03501,MARINA BAY SANDS THEATRE,cbd_bus,CBD-bound,Cbd Bus,38.069,38.069,-0.0,unchanged
G_022_010,BUSSTOP_OUT::03509,BAYFRONT STN EXIT B/MBS,cbd_bus,CBD-bound,Cbd Bus,44.987,39.879,5.108,improved
G_022_010,BUSSTOP_OUT::03511,AFT BAYFRONT STN EXIT E,cbd_bus,CBD-bound,Cbd Bus,36.578,36.578,-0.0,unchanged
G_022_010,BUSSTOP_OUT::03519,BAYFRONT STN EXIT A,cbd_bus,CBD-bound,Cbd Bus,44.987,39.879,5.108,improved
G_022_010,BUSSTOP_OUT::03529,DOWNTOWN STN,cbd_bus,CBD-bound,Cbd Bus,36.387,36.387,-0.0,unchanged
G_022_010,BUSSTOP_OUT::03539,Marina Bay Stn,cbd_bus,CBD-bound,Cbd Bus,39.587,38.879,0.708,improved
G_022_010,BUSSTOP_OUT::05269,MAXWELL RD FC,cbd_bus,CBD-bound,Cbd Bus,35.387,35.387,-0.0,unchanged
G_022_010,BUSSTOP_OUT::05319,OCBC CTR,cbd_bus,CBD-bound,Cbd Bus,30.241,30.241,-0.0,unchanged
G_022_010,BUSSTOP_OUT::05411,TG PAGAR PLAZA,cbd_bus,CBD-bound,Cbd Bus,21.358,21.358,-0.0,unchanged
G_022_010,BUSSTOP_OUT::05419,THE AMARA,cbd_bus,CBD-bound,Cbd Bus,34.07,34.07,-0.0,unchanged
G_022_010,BUSSTOP_OUT::05431,TOWER 15,cbd_bus,CBD-bound,Cbd Bus,34.815,34.815,-0.0,unchanged
G_022_010,BUSSTOP_OUT::05629,OPP STH PT,cbd_bus,CBD-bound,Cbd Bus,18.67,18.67,-0.0,unchanged
G_022_010,BUSSTOP_OUT::05651,OPP FUJI XEROX TWRS,cbd_bus,CBD-bound,Cbd Bus,20.613,20.613,-0.0,unchanged
G_022_010,MRTHUB::Bayfront,Bayfront,cbd_mrt,CBD-bound,Cbd Mrt,34.687,29.579,5.108,improved
G_022_010,MRTHUB::Downtown,Downtown,cbd_mrt,CBD-bound,Cbd Mrt,33.333,32.779,0.554,improved
G_022_010,MRTHUB::Marina_Bay,Marina Bay,cbd_mrt,CBD-bound,Cbd Mrt,29.287,28.579,0.708,improved
G_022_010,MRTHUB::Maxwell,Maxwell,cbd_mrt,CBD-bound,Cbd Mrt,25.087,25.087,-0.0,unchanged
G_022_010,MRTHUB::Raffles_Place,Raffles Place,cbd_mrt,CBD-bound,Cbd Mrt,26.852,26.852,-0.0,unchanged
G_022_010,MRTHUB::Shenton_Way,Shenton Way,cbd_mrt,CBD-bound,Cbd Mrt,26.087,26.087,-0.0,unchanged
G_022_010,MRTHUB::Tanjong_Pagar,Tanjong Pagar,cbd_mrt,CBD-bound,Cbd Mrt,22.652,22.652,-0.0,unchanged
G_022_011,BUSSTOP_OUT::95011,AFT AIRCRAFT FLYOVER,airport_bus,Airport-bound,Airport Bus,77.585,77.585,-0.0,unchanged
G_022_011,BUSSTOP_OUT::95019,AFT CHANGI AIRPORT TER 2,airport_bus,Airport-bound,Airport Bus,66.142,66.142,-0.0,unchanged
G_022_011,BUSSTOP_OUT::95029,CHANGI AIRPORT TER 1,airport_bus,Airport-bound,Airport Bus,65.396,65.396,-0.0,unchanged
G_022_011,BUSSTOP_OUT::95109,CHANGI AIRPORT TER 3,airport_bus,Airport-bound,Airport Bus,62.415,62.415,-0.0,unchanged
G_022_011,BUSSTOP_OUT::95129,CHANGI AIRPORT TER 2,airport_bus,Airport-bound,Airport Bus,62.415,62.415,-0.0,unchanged
G_022_011,BUSSTOP_OUT::95151,AIRPORT POLICE STN,airport_bus,Airport-bound,Airport Bus,75.722,75.722,-0.0,unchanged
G_022_011,BUSSTOP_OUT::95159,NEAR SATS FLIGHT KITCHEN,airport_bus,Airport-bound,Airport Bus,69.123,69.123,-0.0,unchanged
G_022_011,BUSSTOP_OUT::95209,CHANGI AIRPORT TER 4,airport_bus,Airport-bound,Airport Bus,72.105,72.105,-0.0,unchanged
G_022_011,MRTHUB::Changi_Airport,Changi Airport,airport_mrt,Airport-bound,Airport Mrt,52.115,52.115,-0.0,unchanged
G_022_011,BUSSTOP_OUT::03011,FULLERTON SQ,cbd_bus,CBD-bound,Cbd Bus,29.398,29.398,-0.0,unchanged
G_022_011,BUSSTOP_OUT::03019,OUE BAYFRONT,cbd_bus,CBD-bound,Cbd Bus,38.615,38.615,-0.0,unchanged
G_022_011,BUSSTOP_OUT::03021,PRUDENTIAL TWR,cbd_bus,CBD-bound,Cbd Bus,27.162,27.162,-0.0,unchanged
G_022_011,BUSSTOP_OUT::03031,RAFFLES PL STN EXIT F,cbd_bus,CBD-bound,Cbd Bus,34.42,34.42,-0.0,unchanged
G_022_011,BUSSTOP_OUT::03041,TELOK AYER STN EXIT A,cbd_bus,CBD-bound,Cbd Bus,34.262,34.262,-0.0,unchanged
G_022_011,BUSSTOP_OUT::03059,ONE RAFFLES QUAY,cbd_bus,CBD-bound,Cbd Bus,35.931,35.931,-0.0,unchanged
G_022_011,BUSSTOP_OUT::03071,OPP SO SOFITEL S'PORE,cbd_bus,CBD-bound,Cbd Bus,33.302,33.302,-0.0,unchanged
G_022_011,BUSSTOP_OUT::03111,AFT CAPITAL TWR,cbd_bus,CBD-bound,Cbd Bus,32.184,32.184,-0.0,unchanged
G_022_011,BUSSTOP_OUT::03129,UIC BLDG,cbd_bus,CBD-bound,Cbd Bus,34.415,34.415,-0.0,unchanged
G_022_011,BUSSTOP_OUT::03151,AFT TELOK AYER ST,cbd_bus,CBD-bound,Cbd Bus,25.299,25.299,-0.0,unchanged
G_022_011,BUSSTOP_OUT::03217,AFT STRAITS BLVD,cbd_bus,CBD-bound,Cbd Bus,34.415,34.415,-0.0,unchanged
G_022_011,BUSSTOP_OUT::03218,OPP MAS BLDG,cbd_bus,CBD-bound,Cbd Bus,34.415,34.415,-0.0,unchanged
G_022_011,BUSSTOP_OUT::03222,HUB SYNERGY PT,cbd_bus,CBD-bound,Cbd Bus,29.575,29.575,-0.0,unchanged
G_022_011,BUSSTOP_OUT::03223,TANJONG PAGAR STN EXIT C,cbd_bus,CBD-bound,Cbd Bus,23.808,23.808,-0.0,unchanged
G_022_011,BUSSTOP_OUT::03239,SHENTON WAY TER,cbd_bus,CBD-bound,Cbd Bus,34.415,34.415,-0.0,unchanged
G_022_011,BUSSTOP_OUT::03241,MAPLETREE ANSON,cbd_bus,CBD-bound,Cbd Bus,34.415,34.415,-0.0,unchanged
G_022_011,BUSSTOP_OUT::03381,THE SAIL,cbd_bus,CBD-bound,Cbd Bus,35.753,35.753,-0.0,unchanged
G_022_011,BUSSTOP_OUT::03391,MARINA BAY FINANCIAL CTR,cbd_bus,CBD-bound,Cbd Bus,36.498,36.498,-0.0,unchanged
G_022_011,BUSSTOP_OUT::03501,MARINA BAY SANDS THEATRE,cbd_bus,CBD-bound,Cbd Bus,40.598,40.598,-0.0,unchanged
G_022_011,BUSSTOP_OUT::03509,BAYFRONT STN EXIT B/MBS,cbd_bus,CBD-bound,Cbd Bus,46.977,41.21,5.767,improved
G_022_011,BUSSTOP_OUT::03511,AFT BAYFRONT STN EXIT E,cbd_bus,CBD-bound,Cbd Bus,39.107,39.107,-0.0,unchanged
G_022_011,BUSSTOP_OUT::03519,BAYFRONT STN EXIT A,cbd_bus,CBD-bound,Cbd Bus,46.977,41.21,5.767,improved
G_022_011,BUSSTOP_OUT::03529,DOWNTOWN STN,cbd_bus,CBD-bound,Cbd Bus,38.377,38.377,-0.0,unchanged
G_022_011,BUSSTOP_OUT::03539,Marina Bay Stn,cbd_bus,CBD-bound,Cbd Bus,41.577,40.21,1.367,improved
G_022_011,BUSSTOP_OUT::05269,MAXWELL RD FC,cbd_bus,CBD-bound,Cbd Bus,37.377,37.377,-0.0,unchanged
G_022_011,BUSSTOP_OUT::05319,OCBC CTR,cbd_bus,CBD-bound,Cbd Bus,33.695,33.695,-0.0,unchanged
G_022_011,BUSSTOP_OUT::05411,TG PAGAR PLAZA,cbd_bus,CBD-bound,Cbd Bus,23.348,23.348,-0.0,unchanged
G_022_011,BUSSTOP_OUT::05419,THE AMARA,cbd_bus,CBD-bound,Cbd Bus,35.533,35.533,-0.0,unchanged
G_022_011,BUSSTOP_OUT::05431,TOWER 15,cbd_bus,CBD-bound,Cbd Bus,36.278,36.278,-0.0,unchanged
G_022_011,BUSSTOP_OUT::05629,OPP STH PT,cbd_bus,CBD-bound,Cbd Bus,26.222,26.222,-0.0,unchanged
G_022_011,BUSSTOP_OUT::05651,OPP FUJI XEROX TWRS,cbd_bus,CBD-bound,Cbd Bus,22.603,22.603,-0.0,unchanged
G_022_011,MRTHUB::Bayfront,Bayfront,cbd_mrt,CBD-bound,Cbd Mrt,36.677,30.91,5.767,improved
G_022_011,MRTHUB::Downtown,Downtown,cbd_mrt,CBD-bound,Cbd Mrt,34.664,34.11,0.554,improved
G_022_011,MRTHUB::Marina_Bay,Marina Bay,cbd_mrt,CBD-bound,Cbd Mrt,31.277,29.91,1.367,improved
G_022_011,MRTHUB::Maxwell,Maxwell,cbd_mrt,CBD-bound,Cbd Mrt,27.077,27.077,-0.0,unchanged
G_022_011,MRTHUB::Raffles_Place,Raffles Place,cbd_mrt,CBD-bound,Cbd Mrt,28.315,28.315,-0.0,unchanged
G_022_011,MRTHUB::Shenton_Way,Shenton Way,cbd_mrt,CBD-bound,Cbd Mrt,28.077,28.077,-0.0,unchanged
G_022_011,MRTHUB::Tanjong_Pagar,Tanjong Pagar,cbd_mrt,CBD-bound,Cbd Mrt,24.115,24.115,-0.0,unchanged
G_022_012,BUSSTOP_OUT::95011,AFT AIRCRAFT FLYOVER,airport_bus,Airport-bound,Airport Bus,77.206,77.206,-0.0,unchanged
G_022_012,BUSSTOP_OUT::95019,AFT CHANGI AIRPORT TER 2,airport_bus,Airport-bound,Airport Bus,65.763,65.763,-0.0,unchanged
G_022_012,BUSSTOP_OUT::95029,CHANGI AIRPORT TER 1,airport_bus,Airport-bound,Airport Bus,65.017,65.017,-0.0,unchanged
G_022_012,BUSSTOP_OUT::95109,CHANGI AIRPORT TER 3,airport_bus,Airport-bound,Airport Bus,62.036,62.036,-0.0,unchanged
G_022_012,BUSSTOP_OUT::95129,CHANGI AIRPORT TER 2,airport_bus,Airport-bound,Airport Bus,62.036,62.036,-0.0,unchanged
G_022_012,BUSSTOP_OUT::95151,AIRPORT POLICE STN,airport_bus,Airport-bound,Airport Bus,75.343,75.343,-0.0,unchanged
G_022_012,BUSSTOP_OUT::95159,NEAR SATS FLIGHT KITCHEN,airport_bus,Airport-bound,Airport Bus,68.744,68.744,-0.0,unchanged
G_022_012,BUSSTOP_OUT::95209,CHANGI AIRPORT TER 4,airport_bus,Airport-bound,Airport Bus,71.726,71.726,-0.0,unchanged
G_022_012,MRTHUB::Changi_Airport,Changi Airport,airport_mrt,Airport-bound,Airport Mrt,51.736,51.736,-0.0,unchanged
G_022_012,BUSSTOP_OUT::03011,FULLERTON SQ,cbd_bus,CBD-bound,Cbd Bus,29.501,29.501,-0.0,unchanged
G_022_012,BUSSTOP_OUT::03019,OUE BAYFRONT,cbd_bus,CBD-bound,Cbd Bus,38.236,38.236,-0.0,unchanged
G_022_012,BUSSTOP_OUT::03021,PRUDENTIAL TWR,cbd_bus,CBD-bound,Cbd Bus,27.265,27.265,-0.0,unchanged
G_022_012,BUSSTOP_OUT::03031,RAFFLES PL STN EXIT F,cbd_bus,CBD-bound,Cbd Bus,29.836,29.836,-0.0,unchanged
G_022_012,BUSSTOP_OUT::03041,TELOK AYER STN EXIT A,cbd_bus,CBD-bound,Cbd Bus,34.365,34.365,-0.0,unchanged
G_022_012,BUSSTOP_OUT::03059,ONE RAFFLES QUAY,cbd_bus,CBD-bound,Cbd Bus,28.718,28.718,-0.0,unchanged
G_022_012,BUSSTOP_OUT::03071,OPP SO SOFITEL S'PORE,cbd_bus,CBD-bound,Cbd Bus,28.718,28.718,-0.0,unchanged
G_022_012,BUSSTOP_OUT::03111,AFT CAPITAL TWR,cbd_bus,CBD-bound,Cbd Bus,27.6,27.6,-0.0,unchanged
G_022_012,BUSSTOP_OUT::03129,UIC BLDG,cbd_bus,CBD-bound,Cbd Bus,30.209,30.209,-0.0,unchanged
G_022_012,BUSSTOP_OUT::03151,AFT TELOK AYER ST,cbd_bus,CBD-bound,Cbd Bus,25.402,25.402,-0.0,unchanged
G_022_012,BUSSTOP_OUT::03217,AFT STRAITS BLVD,cbd_bus,CBD-bound,Cbd Bus,34.036,34.036,-0.0,unchanged
G_022_012,BUSSTOP_OUT::03218,OPP MAS BLDG,cbd_bus,CBD-bound,Cbd Bus,32.072,32.072,-0.0,unchanged
G_022_012,BUSSTOP_OUT::03222,HUB SYNERGY PT,cbd_bus,CBD-bound,Cbd Bus,24.991,24.991,-0.0,unchanged
G_022_012,BUSSTOP_OUT::03223,TANJONG PAGAR STN EXIT C,cbd_bus,CBD-bound,Cbd Bus,23.911,23.911,-0.0,unchanged
G_022_012,BUSSTOP_OUT::03239,SHENTON WAY TER,cbd_bus,CBD-bound,Cbd Bus,32.817,32.817,-0.0,unchanged
G_022_012,BUSSTOP_OUT::03241,MAPLETREE ANSON,cbd_bus,CBD-bound,Cbd Bus,34.036,34.036,-0.0,unchanged
G_022_012,BUSSTOP_OUT::03381,THE SAIL,cbd_bus,CBD-bound,Cbd Bus,35.856,35.856,-0.0,unchanged
G_022_012,BUSSTOP_OUT::03391,MARINA BAY FINANCIAL CTR,cbd_bus,CBD-bound,Cbd Bus,36.601,36.601,-0.0,unchanged
G_022_012,BUSSTOP_OUT::03501,MARINA BAY SANDS THEATRE,cbd_bus,CBD-bound,Cbd Bus,40.701,40.701,-0.0,unchanged
G_022_012,BUSSTOP_OUT::03509,BAYFRONT STN EXIT B/MBS,cbd_bus,CBD-bound,Cbd Bus,44.737,41.313,3.424,improved
G_022_012,BUSSTOP_OUT::03511,AFT BAYFRONT STN EXIT E,cbd_bus,CBD-bound,Cbd Bus,39.21,39.21,-0.0,unchanged
G_022_012,BUSSTOP_OUT::03519,BAYFRONT STN EXIT A,cbd_bus,CBD-bound,Cbd Bus,44.737,41.313,3.424,improved
G_022_012,BUSSTOP_OUT::03529,DOWNTOWN STN,cbd_bus,CBD-bound,Cbd Bus,36.137,36.137,-0.0,unchanged
G_022_012,BUSSTOP_OUT::03539,Marina Bay Stn,cbd_bus,CBD-bound,Cbd Bus,39.337,39.337,-0.0,unchanged
G_022_012,BUSSTOP_OUT::05269,MAXWELL RD FC,cbd_bus,CBD-bound,Cbd Bus,35.137,35.137,-0.0,unchanged
G_022_012,BUSSTOP_OUT::05319,OCBC CTR,cbd_bus,CBD-bound,Cbd Bus,26.482,26.482,-0.0,unchanged
G_022_012,BUSSTOP_OUT::05411,TG PAGAR PLAZA,cbd_bus,CBD-bound,Cbd Bus,23.107,23.107,-0.0,unchanged
G_022_012,BUSSTOP_OUT::05419,THE AMARA,cbd_bus,CBD-bound,Cbd Bus,35.154,35.154,-0.0,unchanged
G_022_012,BUSSTOP_OUT::05431,TOWER 15,cbd_bus,CBD-bound,Cbd Bus,35.899,35.899,-0.0,unchanged
G_022_012,BUSSTOP_OUT::05629,OPP STH PT,cbd_bus,CBD-bound,Cbd Bus,23.5,23.5,-0.0,unchanged
G_022_012,BUSSTOP_OUT::05651,OPP FUJI XEROX TWRS,cbd_bus,CBD-bound,Cbd Bus,22.362,22.362,-0.0,unchanged
G_022_012,MRTHUB::Bayfront,Bayfront,cbd_mrt,CBD-bound,Cbd Mrt,34.437,31.013,3.424,improved
G_022_012,MRTHUB::Downtown,Downtown,cbd_mrt,CBD-bound,Cbd Mrt,31.273,31.273,-0.0,unchanged
G_022_012,MRTHUB::Marina_Bay,Marina Bay,cbd_mrt,CBD-bound,Cbd Mrt,29.037,29.037,-0.0,unchanged
G_022_012,MRTHUB::Maxwell,Maxwell,cbd_mrt,CBD-bound,Cbd Mrt,24.837,24.837,-0.0,unchanged
G_022_012,MRTHUB::Raffles_Place,Raffles Place,cbd_mrt,CBD-bound,Cbd Mrt,27.936,27.936,-0.0,unchanged
G_022_012,MRTHUB::Shenton_Way,Shenton Way,cbd_mrt,CBD-bound,Cbd Mrt,25.837,25.837,-0.0,unchanged
G_022_012,MRTHUB::Tanjong_Pagar,Tanjong Pagar,cbd_mrt,CBD-bound,Cbd Mrt,23.736,23.736,-0.0,unchanged
G_022_013,BUSSTOP_OUT::95011,AFT AIRCRAFT FLYOVER,airport_bus,Airport-bound,Airport Bus,84.796,84.396,0.4,improved
G_022_013,BUSSTOP_OUT::95019,AFT CHANGI AIRPORT TER 2,airport_bus,Airport-bound,Airport Bus,74.517,73.117,1.4,improved
G_022_013,BUSSTOP_OUT::95029,CHANGI AIRPORT TER 1,airport_bus,Airport-bound,Airport Bus,73.771,72.371,1.4,improved
G_022_013,BUSSTOP_OUT::95109,CHANGI AIRPORT TER 3,airport_bus,Airport-bound,Airport Bus,70.79,69.39,1.4,improved
G_022_013,BUSSTOP_OUT::95129,CHANGI AIRPORT TER 2,airport_bus,Airport-bound,Airport Bus,70.79,69.39,1.4,improved
G_022_013,BUSSTOP_OUT::95151,AIRPORT POLICE STN,airport_bus,Airport-bound,Airport Bus,82.933,82.533,0.4,improved
G_022_013,BUSSTOP_OUT::95159,NEAR SATS FLIGHT KITCHEN,airport_bus,Airport-bound,Airport Bus,77.498,76.098,1.4,improved
G_022_013,BUSSTOP_OUT::95209,CHANGI AIRPORT TER 4,airport_bus,Airport-bound,Airport Bus,80.48,79.08,1.4,improved
G_022_013,MRTHUB::Changi_Airport,Changi Airport,airport_mrt,Airport-bound,Airport Mrt,60.49,59.09,1.4,improved
G_022_013,BUSSTOP_OUT::03011,FULLERTON SQ,cbd_bus,CBD-bound,Cbd Bus,32.774,32.774,-0.0,unchanged
G_022_013,BUSSTOP_OUT::03019,OUE BAYFRONT,cbd_bus,CBD-bound,Cbd Bus,46.99,43.971,3.019,improved
G_022_013,BUSSTOP_OUT::03021,PRUDENTIAL TWR,cbd_bus,CBD-bound,Cbd Bus,30.538,30.538,-0.0,unchanged
G_022_013,BUSSTOP_OUT::03031,RAFFLES PL STN EXIT F,cbd_bus,CBD-bound,Cbd Bus,38.011,38.011,-0.0,unchanged
G_022_013,BUSSTOP_OUT::03041,TELOK AYER STN EXIT A,cbd_bus,CBD-bound,Cbd Bus,37.638,37.638,-0.0,unchanged
G_022_013,BUSSTOP_OUT::03059,ONE RAFFLES QUAY,cbd_bus,CBD-bound,Cbd Bus,43.117,43.117,-0.0,unchanged
G_022_013,BUSSTOP_OUT::03071,OPP SO SOFITEL S'PORE,cbd_bus,CBD-bound,Cbd Bus,36.893,36.893,-0.0,unchanged
G_022_013,BUSSTOP_OUT::03111,AFT CAPITAL TWR,cbd_bus,CBD-bound,Cbd Bus,35.775,35.775,-0.0,unchanged
G_022_013,BUSSTOP_OUT::03129,UIC BLDG,cbd_bus,CBD-bound,Cbd Bus,42.79,42.39,0.4,improved
G_022_013,BUSSTOP_OUT::03151,AFT TELOK AYER ST,cbd_bus,CBD-bound,Cbd Bus,28.675,28.675,-0.0,unchanged
G_022_013,BUSSTOP_OUT::03217,AFT STRAITS BLVD,cbd_bus,CBD-bound,Cbd Bus,42.79,34.99,7.8,improved
G_022_013,BUSSTOP_OUT::03218,OPP MAS BLDG,cbd_bus,CBD-bound,Cbd Bus,42.79,34.99,7.8,improved
G_022_013,BUSSTOP_OUT::03222,HUB SYNERGY PT,cbd_bus,CBD-bound,Cbd Bus,33.166,33.166,-0.0,unchanged
G_022_013,BUSSTOP_OUT::03223,TANJONG PAGAR STN EXIT C,cbd_bus,CBD-bound,Cbd Bus,27.184,27.184,-0.0,unchanged
G_022_013,BUSSTOP_OUT::03239,SHENTON WAY TER,cbd_bus,CBD-bound,Cbd Bus,42.79,34.99,7.8,improved
G_022_013,BUSSTOP_OUT::03241,MAPLETREE ANSON,cbd_bus,CBD-bound,Cbd Bus,42.79,34.99,7.8,improved
G_022_013,BUSSTOP_OUT::03381,THE SAIL,cbd_bus,CBD-bound,Cbd Bus,39.129,39.129,-0.0,unchanged
G_022_013,BUSSTOP_OUT::03391,MARINA BAY FINANCIAL CTR,cbd_bus,CBD-bound,Cbd Bus,39.874,39.874,-0.0,unchanged
G_022_013,BUSSTOP_OUT::03501,MARINA BAY SANDS THEATRE,cbd_bus,CBD-bound,Cbd Bus,43.974,40.19,3.784,improved
G_022_013,BUSSTOP_OUT::03509,BAYFRONT STN EXIT B/MBS,cbd_bus,CBD-bound,Cbd Bus,47.99,40.19,7.8,improved
G_022_013,BUSSTOP_OUT::03511,AFT BAYFRONT STN EXIT E,cbd_bus,CBD-bound,Cbd Bus,42.483,40.19,2.293,improved
G_022_013,BUSSTOP_OUT::03519,BAYFRONT STN EXIT A,cbd_bus,CBD-bound,Cbd Bus,47.99,40.19,7.8,improved
G_022_013,BUSSTOP_OUT::03529,DOWNTOWN STN,cbd_bus,CBD-bound,Cbd Bus,43.79,40.681,3.109,improved
G_022_013,BUSSTOP_OUT::03539,Marina Bay Stn,cbd_bus,CBD-bound,Cbd Bus,44.79,39.19,5.6,improved
G_022_013,BUSSTOP_OUT::05269,MAXWELL RD FC,cbd_bus,CBD-bound,Cbd Bus,42.453,42.453,-0.0,unchanged
G_022_013,BUSSTOP_OUT::05319,OCBC CTR,cbd_bus,CBD-bound,Cbd Bus,40.881,40.881,-0.0,unchanged
G_022_013,BUSSTOP_OUT::05411,TG PAGAR PLAZA,cbd_bus,CBD-bound,Cbd Bus,33.165,33.165,-0.0,unchanged
G_022_013,BUSSTOP_OUT::05419,THE AMARA,cbd_bus,CBD-bound,Cbd Bus,43.908,43.908,-0.0,unchanged
G_022_013,BUSSTOP_OUT::05431,TOWER 15,cbd_bus,CBD-bound,Cbd Bus,44.653,44.653,-0.0,unchanged
G_022_013,BUSSTOP_OUT::05629,OPP STH PT,cbd_bus,CBD-bound,Cbd Bus,32.047,32.047,-0.0,unchanged
G_022_013,BUSSTOP_OUT::05651,OPP FUJI XEROX TWRS,cbd_bus,CBD-bound,Cbd Bus,32.42,32.42,-0.0,unchanged
G_022_013,MRTHUB::Bayfront,Bayfront,cbd_mrt,CBD-bound,Cbd Mrt,37.69,29.89,7.8,improved
G_022_013,MRTHUB::Downtown,Downtown,cbd_mrt,CBD-bound,Cbd Mrt,34.49,33.09,1.4,improved
G_022_013,MRTHUB::Marina_Bay,Marina Bay,cbd_mrt,CBD-bound,Cbd Mrt,36.69,28.89,7.8,improved
G_022_013,MRTHUB::Maxwell,Maxwell,cbd_mrt,CBD-bound,Cbd Mrt,32.49,32.49,-0.0,unchanged
G_022_013,MRTHUB::Raffles_Place,Raffles Place,cbd_mrt,CBD-bound,Cbd Mrt,36.69,34.29,2.4,improved
G_022_013,MRTHUB::Shenton_Way,Shenton Way,cbd_mrt,CBD-bound,Cbd Mrt,33.49,32.09,1.4,improved
G_022_013,MRTHUB::Tanjong_Pagar,Tanjong Pagar,cbd_mrt,CBD-bound,Cbd Mrt,32.49,32.49,-0.0,unchanged
G_022_014,BUSSTOP_OUT::95011,AFT AIRCRAFT FLYOVER,airport_bus,Airport-bound,Airport Bus,77.519,77.519,-0.0,unchanged
G_022_014,BUSSTOP_OUT::95019,AFT CHANGI AIRPORT TER 2,airport_bus,Airport-bound,Airport Bus,67.24,67.24,-0.0,unchanged
G_022_014,BUSSTOP_OUT::95029,CHANGI AIRPORT TER 1,airport_bus,Airport-bound,Airport Bus,66.494,66.494,-0.0,unchanged
G_022_014,BUSSTOP_OUT::95109,CHANGI AIRPORT TER 3,airport_bus,Airport-bound,Airport Bus,63.513,63.513,-0.0,unchanged
G_022_014,BUSSTOP_OUT::95129,CHANGI AIRPORT TER 2,airport_bus,Airport-bound,Airport Bus,63.513,63.513,-0.0,unchanged
G_022_014,BUSSTOP_OUT::95151,AIRPORT POLICE STN,airport_bus,Airport-bound,Airport Bus,75.656,75.656,-0.0,unchanged
G_022_014,BUSSTOP_OUT::95159,NEAR SATS FLIGHT KITCHEN,airport_bus,Airport-bound,Airport Bus,70.221,70.221,-0.0,unchanged
G_022_014,BUSSTOP_OUT::95209,CHANGI AIRPORT TER 4,airport_bus,Airport-bound,Airport Bus,73.203,73.203,-0.0,unchanged
G_022_014,MRTHUB::Changi_Airport,Changi Airport,airport_mrt,Airport-bound,Airport Mrt,53.213,53.213,-0.0,unchanged
G_022_014,BUSSTOP_OUT::03011,FULLERTON SQ,cbd_bus,CBD-bound,Cbd Bus,38.749,37.703,1.046,improved
G_022_014,BUSSTOP_OUT::03019,OUE BAYFRONT,cbd_bus,CBD-bound,Cbd Bus,39.713,39.713,-0.0,unchanged
G_022_014,BUSSTOP_OUT::03021,PRUDENTIAL TWR,cbd_bus,CBD-bound,Cbd Bus,36.513,35.467,1.046,improved
G_022_014,BUSSTOP_OUT::03031,RAFFLES PL STN EXIT F,cbd_bus,CBD-bound,Cbd Bus,36.513,36.212,0.301,improved
G_022_014,BUSSTOP_OUT::03041,TELOK AYER STN EXIT A,cbd_bus,CBD-bound,Cbd Bus,36.513,35.467,1.046,improved
G_022_014,BUSSTOP_OUT::03059,ONE RAFFLES QUAY,cbd_bus,CBD-bound,Cbd Bus,35.84,35.84,-0.0,unchanged
G_022_014,BUSSTOP_OUT::03071,OPP SO SOFITEL S'PORE,cbd_bus,CBD-bound,Cbd Bus,35.972,35.094,0.878,improved
G_022_014,BUSSTOP_OUT::03111,AFT CAPITAL TWR,cbd_bus,CBD-bound,Cbd Bus,34.854,33.976,0.878,improved
G_022_014,BUSSTOP_OUT::03129,UIC BLDG,cbd_bus,CBD-bound,Cbd Bus,35.513,35.513,-0.0,unchanged
G_022_014,BUSSTOP_OUT::03151,AFT TELOK AYER ST,cbd_bus,CBD-bound,Cbd Bus,34.854,33.604,1.25,improved
G_022_014,BUSSTOP_OUT::03217,AFT STRAITS BLVD,cbd_bus,CBD-bound,Cbd Bus,35.513,32.113,3.4,improved
G_022_014,BUSSTOP_OUT::03218,OPP MAS BLDG,cbd_bus,CBD-bound,Cbd Bus,35.513,32.113,3.4,improved
G_022_014,BUSSTOP_OUT::03222,HUB SYNERGY PT,cbd_bus,CBD-bound,Cbd Bus,32.245,32.113,0.132,improved
G_022_014,BUSSTOP_OUT::03223,TANJONG PAGAR STN EXIT C,cbd_bus,CBD-bound,Cbd Bus,33.363,32.113,1.25,improved
G_022_014,BUSSTOP_OUT::03239,SHENTON WAY TER,cbd_bus,CBD-bound,Cbd Bus,35.513,32.113,3.4,improved
G_022_014,BUSSTOP_OUT::03241,MAPLETREE ANSON,cbd_bus,CBD-bound,Cbd Bus,35.513,32.113,3.4,improved
G_022_014,BUSSTOP_OUT::03381,THE SAIL,cbd_bus,CBD-bound,Cbd Bus,37.513,36.958,0.555,improved
G_022_014,BUSSTOP_OUT::03391,MARINA BAY FINANCIAL CTR,cbd_bus,CBD-bound,Cbd Bus,37.513,37.513,-0.0,unchanged
G_022_014,BUSSTOP_OUT::03501,MARINA BAY SANDS THEATRE,cbd_bus,CBD-bound,Cbd Bus,40.713,37.313,3.4,improved
G_022_014,BUSSTOP_OUT::03509,BAYFRONT STN EXIT B/MBS,cbd_bus,CBD-bound,Cbd Bus,40.713,37.313,3.4,improved
G_022_014,BUSSTOP_OUT::03511,AFT BAYFRONT STN EXIT E,cbd_bus,CBD-bound,Cbd Bus,40.122,37.313,2.809,improved
G_022_014,BUSSTOP_OUT::03519,BAYFRONT STN EXIT A,cbd_bus,CBD-bound,Cbd Bus,40.713,37.313,3.4,improved
G_022_014,BUSSTOP_OUT::03529,DOWNTOWN STN,cbd_bus,CBD-bound,Cbd Bus,36.513,36.513,-0.0,unchanged
G_022_014,BUSSTOP_OUT::03539,Marina Bay Stn,cbd_bus,CBD-bound,Cbd Bus,37.513,36.313,1.2,improved
G_022_014,BUSSTOP_OUT::05269,MAXWELL RD FC,cbd_bus,CBD-bound,Cbd Bus,35.176,35.176,-0.0,unchanged
G_022_014,BUSSTOP_OUT::05319,OCBC CTR,cbd_bus,CBD-bound,Cbd Bus,33.604,33.604,-0.0,unchanged
G_022_014,BUSSTOP_OUT::05411,TG PAGAR PLAZA,cbd_bus,CBD-bound,Cbd Bus,34.72,32.348,2.372,improved
G_022_014,BUSSTOP_OUT::05419,THE AMARA,cbd_bus,CBD-bound,Cbd Bus,36.631,36.631,-0.0,unchanged
G_022_014,BUSSTOP_OUT::05431,TOWER 15,cbd_bus,CBD-bound,Cbd Bus,37.376,37.376,-0.0,unchanged
G_022_014,BUSSTOP_OUT::05629,OPP STH PT,cbd_bus,CBD-bound,Cbd Bus,30.754,30.754,-0.0,unchanged
G_022_014,BUSSTOP_OUT::05651,OPP FUJI XEROX TWRS,cbd_bus,CBD-bound,Cbd Bus,33.975,31.603,2.372,improved
G_022_014,MRTHUB::Bayfront,Bayfront,cbd_mrt,CBD-bound,Cbd Mrt,30.413,27.013,3.4,improved
G_022_014,MRTHUB::Downtown,Downtown,cbd_mrt,CBD-bound,Cbd Mrt,27.213,27.213,-0.0,unchanged
G_022_014,MRTHUB::Marina_Bay,Marina Bay,cbd_mrt,CBD-bound,Cbd Mrt,29.413,26.013,3.4,improved
G_022_014,MRTHUB::Maxwell,Maxwell,cbd_mrt,CBD-bound,Cbd Mrt,25.213,25.213,-0.0,unchanged
G_022_014,MRTHUB::Raffles_Place,Raffles Place,cbd_mrt,CBD-bound,Cbd Mrt,29.413,29.413,-0.0,unchanged
G_022_014,MRTHUB::Shenton_Way,Shenton Way,cbd_mrt,CBD-bound,Cbd Mrt,26.213,26.213,-0.0,unchanged
G_022_014,MRTHUB::Tanjong_Pagar,Tanjong Pagar,cbd_mrt,CBD-bound,Cbd Mrt,25.213,25.213,-0.0,unchanged
G_022_015,BUSSTOP_OUT::95011,AFT AIRCRAFT FLYOVER,airport_bus,Airport-bound,Airport Bus,73.999,73.999,-0.0,unchanged
G_022_015,BUSSTOP_OUT::95019,AFT CHANGI AIRPORT TER 2,airport_bus,Airport-bound,Airport Bus,63.72,63.72,-0.0,unchanged
G_022_015,BUSSTOP_OUT::95029,CHANGI AIRPORT TER 1,airport_bus,Airport-bound,Airport Bus,62.974,62.974,-0.0,unchanged
G_022_015,BUSSTOP_OUT::95109,CHANGI AIRPORT TER 3,airport_bus,Airport-bound,Airport Bus,59.993,59.993,-0.0,unchanged
G_022_015,BUSSTOP_OUT::95129,CHANGI AIRPORT TER 2,airport_bus,Airport-bound,Airport Bus,59.993,59.993,-0.0,unchanged
G_022_015,BUSSTOP_OUT::95151,AIRPORT POLICE STN,airport_bus,Airport-bound,Airport Bus,72.136,72.136,-0.0,unchanged
G_022_015,BUSSTOP_OUT::95159,NEAR SATS FLIGHT KITCHEN,airport_bus,Airport-bound,Airport Bus,66.701,66.701,-0.0,unchanged
G_022_015,BUSSTOP_OUT::95209,CHANGI AIRPORT TER 4,airport_bus,Airport-bound,Airport Bus,69.683,69.683,-0.0,unchanged
G_022_015,MRTHUB::Changi_Airport,Changi Airport,airport_mrt,Airport-bound,Airport Mrt,49.693,49.693,-0.0,unchanged
G_022_015,BUSSTOP_OUT::03011,FULLERTON SQ,cbd_bus,CBD-bound,Cbd Bus,25.311,25.311,-0.0,unchanged
G_022_015,BUSSTOP_OUT::03019,OUE BAYFRONT,cbd_bus,CBD-bound,Cbd Bus,36.193,36.193,-0.0,unchanged
G_022_015,BUSSTOP_OUT::03021,PRUDENTIAL TWR,cbd_bus,CBD-bound,Cbd Bus,23.075,23.075,-0.0,unchanged
G_022_015,BUSSTOP_OUT::03031,RAFFLES PL STN EXIT F,cbd_bus,CBD-bound,Cbd Bus,23.448,23.448,-0.0,unchanged
G_022_015,BUSSTOP_OUT::03041,TELOK AYER STN EXIT A,cbd_bus,CBD-bound,Cbd Bus,30.175,30.175,-0.0,unchanged
G_022_015,BUSSTOP_OUT::03059,ONE RAFFLES QUAY,cbd_bus,CBD-bound,Cbd Bus,32.32,32.32,-0.0,unchanged
G_022_015,BUSSTOP_OUT::03071,OPP SO SOFITEL S'PORE,cbd_bus,CBD-bound,Cbd Bus,22.33,22.33,-0.0,unchanged
G_022_015,BUSSTOP_OUT::03111,AFT CAPITAL TWR,cbd_bus,CBD-bound,Cbd Bus,21.212,21.212,-0.0,unchanged
G_022_015,BUSSTOP_OUT::03129,UIC BLDG,cbd_bus,CBD-bound,Cbd Bus,31.993,31.993,-0.0,unchanged
G_022_015,BUSSTOP_OUT::03151,AFT TELOK AYER ST,cbd_bus,CBD-bound,Cbd Bus,21.212,21.212,-0.0,unchanged
G_022_015,BUSSTOP_OUT::03217,AFT STRAITS BLVD,cbd_bus,CBD-bound,Cbd Bus,31.993,28.593,3.4,improved
G_022_015,BUSSTOP_OUT::03218,OPP MAS BLDG,cbd_bus,CBD-bound,Cbd Bus,28.424,28.424,-0.0,unchanged
G_022_015,BUSSTOP_OUT::03222,HUB SYNERGY PT,cbd_bus,CBD-bound,Cbd Bus,18.603,18.603,-0.0,unchanged
G_022_015,BUSSTOP_OUT::03223,TANJONG PAGAR STN EXIT C,cbd_bus,CBD-bound,Cbd Bus,19.721,19.721,-0.0,unchanged
G_022_015,BUSSTOP_OUT::03239,SHENTON WAY TER,cbd_bus,CBD-bound,Cbd Bus,29.169,28.593,0.576,improved
G_022_015,BUSSTOP_OUT::03241,MAPLETREE ANSON,cbd_bus,CBD-bound,Cbd Bus,31.993,28.593,3.4,improved
G_022_015,BUSSTOP_OUT::03381,THE SAIL,cbd_bus,CBD-bound,Cbd Bus,24.566,24.566,-0.0,unchanged
G_022_015,BUSSTOP_OUT::03391,MARINA BAY FINANCIAL CTR,cbd_bus,CBD-bound,Cbd Bus,25.311,25.311,-0.0,unchanged
G_022_015,BUSSTOP_OUT::03501,MARINA BAY SANDS THEATRE,cbd_bus,CBD-bound,Cbd Bus,29.411,29.411,-0.0,unchanged
G_022_015,BUSSTOP_OUT::03509,BAYFRONT STN EXIT B/MBS,cbd_bus,CBD-bound,Cbd Bus,37.193,33.793,3.4,improved
G_022_015,BUSSTOP_OUT::03511,AFT BAYFRONT STN EXIT E,cbd_bus,CBD-bound,Cbd Bus,27.92,27.92,-0.0,unchanged
G_022_015,BUSSTOP_OUT::03519,BAYFRONT STN EXIT A,cbd_bus,CBD-bound,Cbd Bus,37.193,33.793,3.4,improved
G_022_015,BUSSTOP_OUT::03529,DOWNTOWN STN,cbd_bus,CBD-bound,Cbd Bus,32.993,32.993,-0.0,unchanged
G_022_015,BUSSTOP_OUT::03539,Marina Bay Stn,cbd_bus,CBD-bound,Cbd Bus,33.993,32.793,1.2,improved
G_022_015,BUSSTOP_OUT::05269,MAXWELL RD FC,cbd_bus,CBD-bound,Cbd Bus,31.656,31.656,-0.0,unchanged
G_022_015,BUSSTOP_OUT::05319,OCBC CTR,cbd_bus,CBD-bound,Cbd Bus,30.084,30.084,-0.0,unchanged
G_022_015,BUSSTOP_OUT::05411,TG PAGAR PLAZA,cbd_bus,CBD-bound,Cbd Bus,18.342,18.342,-0.0,unchanged
G_022_015,BUSSTOP_OUT::05419,THE AMARA,cbd_bus,CBD-bound,Cbd Bus,33.111,33.111,-0.0,unchanged
G_022_015,BUSSTOP_OUT::05431,TOWER 15,cbd_bus,CBD-bound,Cbd Bus,33.856,33.856,-0.0,unchanged
G_022_015,BUSSTOP_OUT::05629,OPP STH PT,cbd_bus,CBD-bound,Cbd Bus,16.852,16.852,-0.0,unchanged
G_022_015,BUSSTOP_OUT::05651,OPP FUJI XEROX TWRS,cbd_bus,CBD-bound,Cbd Bus,17.597,17.597,-0.0,unchanged
G_022_015,MRTHUB::Bayfront,Bayfront,cbd_mrt,CBD-bound,Cbd Mrt,26.893,23.493,3.4,improved
G_022_015,MRTHUB::Downtown,Downtown,cbd_mrt,CBD-bound,Cbd Mrt,23.693,23.693,-0.0,unchanged
G_022_015,MRTHUB::Marina_Bay,Marina Bay,cbd_mrt,CBD-bound,Cbd Mrt,25.893,22.493,3.4,improved
G_022_015,MRTHUB::Maxwell,Maxwell,cbd_mrt,CBD-bound,Cbd Mrt,21.693,21.693,-0.0,unchanged
G_022_015,MRTHUB::Raffles_Place,Raffles Place,cbd_mrt,CBD-bound,Cbd Mrt,25.893,25.893,-0.0,unchanged
G_022_015,MRTHUB::Shenton_Way,Shenton Way,cbd_mrt,CBD-bound,Cbd Mrt,22.693,22.693,-0.0,unchanged
G_022_015,MRTHUB::Tanjong_Pagar,Tanjong Pagar,cbd_mrt,CBD-bound,Cbd Mrt,21.693,21.693,-0.0,unchanged
G_022_016,BUSSTOP_OUT::95011,AFT AIRCRAFT FLYOVER,airport_bus,Airport-bound,Airport Bus,71.56,71.56,-0.0,unchanged
G_022_016,BUSSTOP_OUT::95019,AFT CHANGI AIRPORT TER 2,airport_bus,Airport-bound,Airport Bus,61.281,61.281,-0.0,unchanged
G_022_016,BUSSTOP_OUT::95029,CHANGI AIRPORT TER 1,airport_bus,Airport-bound,Airport Bus,60.535,60.535,-0.0,unchanged
G_022_016,BUSSTOP_OUT::95109,CHANGI AIRPORT TER 3,airport_bus,Airport-bound,Airport Bus,57.554,57.554,-0.0,unchanged
G_022_016,BUSSTOP_OUT::95129,CHANGI AIRPORT TER 2,airport_bus,Airport-bound,Airport Bus,57.554,57.554,-0.0,unchanged
G_022_016,BUSSTOP_OUT::95151,AIRPORT POLICE STN,airport_bus,Airport-bound,Airport Bus,69.697,69.697,-0.0,unchanged
G_022_016,BUSSTOP_OUT::95159,NEAR SATS FLIGHT KITCHEN,airport_bus,Airport-bound,Airport Bus,64.262,64.262,-0.0,unchanged
G_022_016,BUSSTOP_OUT::95209,CHANGI AIRPORT TER 4,airport_bus,Airport-bound,Airport Bus,67.244,67.244,-0.0,unchanged
G_022_016,MRTHUB::Changi_Airport,Changi Airport,airport_mrt,Airport-bound,Airport Mrt,47.254,47.254,-0.0,unchanged
G_022_016,BUSSTOP_OUT::03011,FULLERTON SQ,cbd_bus,CBD-bound,Cbd Bus,22.738,22.738,-0.0,unchanged
G_022_016,BUSSTOP_OUT::03019,OUE BAYFRONT,cbd_bus,CBD-bound,Cbd Bus,33.754,33.754,-0.0,unchanged
G_022_016,BUSSTOP_OUT::03021,PRUDENTIAL TWR,cbd_bus,CBD-bound,Cbd Bus,20.502,20.502,-0.0,unchanged
G_022_016,BUSSTOP_OUT::03031,RAFFLES PL STN EXIT F,cbd_bus,CBD-bound,Cbd Bus,20.875,20.875,-0.0,unchanged
G_022_016,BUSSTOP_OUT::03041,TELOK AYER STN EXIT A,cbd_bus,CBD-bound,Cbd Bus,27.602,27.602,-0.0,unchanged
G_022_016,BUSSTOP_OUT::03059,ONE RAFFLES QUAY,cbd_bus,CBD-bound,Cbd Bus,29.881,29.881,-0.0,unchanged
G_022_016,BUSSTOP_OUT::03071,OPP SO SOFITEL S'PORE,cbd_bus,CBD-bound,Cbd Bus,19.757,19.757,-0.0,unchanged
G_022_016,BUSSTOP_OUT::03111,AFT CAPITAL TWR,cbd_bus,CBD-bound,Cbd Bus,18.639,18.639,-0.0,unchanged
G_022_016,BUSSTOP_OUT::03129,UIC BLDG,cbd_bus,CBD-bound,Cbd Bus,29.554,29.554,-0.0,unchanged
G_022_016,BUSSTOP_OUT::03151,AFT TELOK AYER ST,cbd_bus,CBD-bound,Cbd Bus,18.639,18.639,-0.0,unchanged
G_022_016,BUSSTOP_OUT::03217,AFT STRAITS BLVD,cbd_bus,CBD-bound,Cbd Bus,29.554,26.154,3.4,improved
G_022_016,BUSSTOP_OUT::03218,OPP MAS BLDG,cbd_bus,CBD-bound,Cbd Bus,25.731,25.731,-0.0,unchanged
G_022_016,BUSSTOP_OUT::03222,HUB SYNERGY PT,cbd_bus,CBD-bound,Cbd Bus,16.03,16.03,-0.0,unchanged
G_022_016,BUSSTOP_OUT::03223,TANJONG PAGAR STN EXIT C,cbd_bus,CBD-bound,Cbd Bus,17.148,17.148,-0.0,unchanged
G_022_016,BUSSTOP_OUT::03239,SHENTON WAY TER,cbd_bus,CBD-bound,Cbd Bus,26.476,26.154,0.322,improved
G_022_016,BUSSTOP_OUT::03241,MAPLETREE ANSON,cbd_bus,CBD-bound,Cbd Bus,29.554,26.154,3.4,improved
G_022_016,BUSSTOP_OUT::03381,THE SAIL,cbd_bus,CBD-bound,Cbd Bus,21.993,21.993,-0.0,unchanged
G_022_016,BUSSTOP_OUT::03391,MARINA BAY FINANCIAL CTR,cbd_bus,CBD-bound,Cbd Bus,22.738,22.738,-0.0,unchanged
G_022_016,BUSSTOP_OUT::03501,MARINA BAY SANDS THEATRE,cbd_bus,CBD-bound,Cbd Bus,26.838,26.838,-0.0,unchanged
G_022_016,BUSSTOP_OUT::03509,BAYFRONT STN EXIT B/MBS,cbd_bus,CBD-bound,Cbd Bus,34.754,31.354,3.4,improved
G_022_016,BUSSTOP_OUT::03511,AFT BAYFRONT STN EXIT E,cbd_bus,CBD-bound,Cbd Bus,25.347,25.347,-0.0,unchanged
G_022_016,BUSSTOP_OUT::03519,BAYFRONT STN EXIT A,cbd_bus,CBD-bound,Cbd Bus,34.754,31.354,3.4,improved
G_022_016,BUSSTOP_OUT::03529,DOWNTOWN STN,cbd_bus,CBD-bound,Cbd Bus,30.554,30.554,-0.0,unchanged
G_022_016,BUSSTOP_OUT::03539,Marina Bay Stn,cbd_bus,CBD-bound,Cbd Bus,31.554,30.354,1.2,improved
G_022_016,BUSSTOP_OUT::05269,MAXWELL RD FC,cbd_bus,CBD-bound,Cbd Bus,29.217,29.217,-0.0,unchanged
G_022_016,BUSSTOP_OUT::05319,OCBC CTR,cbd_bus,CBD-bound,Cbd Bus,27.645,27.645,-0.0,unchanged
G_022_016,BUSSTOP_OUT::05411,TG PAGAR PLAZA,cbd_bus,CBD-bound,Cbd Bus,15.649,15.649,-0.0,unchanged
G_022_016,BUSSTOP_OUT::05419,THE AMARA,cbd_bus,CBD-bound,Cbd Bus,30.672,30.672,-0.0,unchanged
G_022_016,BUSSTOP_OUT::05431,TOWER 15,cbd_bus,CBD-bound,Cbd Bus,31.417,31.417,-0.0,unchanged
G_022_016,BUSSTOP_OUT::05629,OPP STH PT,cbd_bus,CBD-bound,Cbd Bus,14.159,14.159,-0.0,unchanged
G_022_016,BUSSTOP_OUT::05651,OPP FUJI XEROX TWRS,cbd_bus,CBD-bound,Cbd Bus,14.904,14.904,-0.0,unchanged
G_022_016,MRTHUB::Bayfront,Bayfront,cbd_mrt,CBD-bound,Cbd Mrt,24.454,21.054,3.4,improved
G_022_016,MRTHUB::Downtown,Downtown,cbd_mrt,CBD-bound,Cbd Mrt,21.254,21.254,-0.0,unchanged
G_022_016,MRTHUB::Marina_Bay,Marina Bay,cbd_mrt,CBD-bound,Cbd Mrt,23.454,20.054,3.4,improved
G_022_016,MRTHUB::Maxwell,Maxwell,cbd_mrt,CBD-bound,Cbd Mrt,19.254,19.254,-0.0,unchanged
G_022_016,MRTHUB::Raffles_Place,Raffles Place,cbd_mrt,CBD-bound,Cbd Mrt,23.454,23.454,-0.0,unchanged
G_022_016,MRTHUB::Shenton_Way,Shenton Way,cbd_mrt,CBD-bound,Cbd Mrt,20.254,20.254,-0.0,unchanged
G_022_016,MRTHUB::Tanjong_Pagar,Tanjong Pagar,cbd_mrt,CBD-bound,Cbd Mrt,19.254,19.254,-0.0,unchanged
G_023_010,BUSSTOP_OUT::95011,AFT AIRCRAFT FLYOVER,airport_bus,Airport-bound,Airport Bus,78.054,78.054,-0.0,unchanged
G_023_010,BUSSTOP_OUT::95019,AFT CHANGI AIRPORT TER 2,airport_bus,Airport-bound,Airport Bus,66.611,66.611,-0.0,unchanged
G_023_010,BUSSTOP_OUT::95029,CHANGI AIRPORT TER 1,airport_bus,Airport-bound,Airport Bus,65.865,65.865,-0.0,unchanged
G_023_010,BUSSTOP_OUT::95109,CHANGI AIRPORT TER 3,airport_bus,Airport-bound,Airport Bus,62.884,62.884,-0.0,unchanged
G_023_010,BUSSTOP_OUT::95129,CHANGI AIRPORT TER 2,airport_bus,Airport-bound,Airport Bus,62.884,62.884,-0.0,unchanged
G_023_010,BUSSTOP_OUT::95151,AIRPORT POLICE STN,airport_bus,Airport-bound,Airport Bus,76.191,76.191,-0.0,unchanged
G_023_010,BUSSTOP_OUT::95159,NEAR SATS FLIGHT KITCHEN,airport_bus,Airport-bound,Airport Bus,69.592,69.592,-0.0,unchanged
G_023_010,BUSSTOP_OUT::95209,CHANGI AIRPORT TER 4,airport_bus,Airport-bound,Airport Bus,72.574,72.574,-0.0,unchanged
G_023_010,MRTHUB::Changi_Airport,Changi Airport,airport_mrt,Airport-bound,Airport Mrt,52.584,52.584,-0.0,unchanged
G_023_010,BUSSTOP_OUT::03011,FULLERTON SQ,cbd_bus,CBD-bound,Cbd Bus,33.156,33.156,-0.0,unchanged
G_023_010,BUSSTOP_OUT::03019,OUE BAYFRONT,cbd_bus,CBD-bound,Cbd Bus,39.084,39.084,-0.0,unchanged
G_023_010,BUSSTOP_OUT::03021,PRUDENTIAL TWR,cbd_bus,CBD-bound,Cbd Bus,30.92,30.92,-0.0,unchanged
G_023_010,BUSSTOP_OUT::03031,RAFFLES PL STN EXIT F,cbd_bus,CBD-bound,Cbd Bus,31.293,31.293,-0.0,unchanged
G_023_010,BUSSTOP_OUT::03041,TELOK AYER STN EXIT A,cbd_bus,CBD-bound,Cbd Bus,36.747,36.747,-0.0,unchanged
G_023_010,BUSSTOP_OUT::03059,ONE RAFFLES QUAY,cbd_bus,CBD-bound,Cbd Bus,37.274,37.274,-0.0,unchanged
G_023_010,BUSSTOP_OUT::03071,OPP SO SOFITEL S'PORE,cbd_bus,CBD-bound,Cbd Bus,30.175,30.175,-0.0,unchanged
G_023_010,BUSSTOP_OUT::03111,AFT CAPITAL TWR,cbd_bus,CBD-bound,Cbd Bus,29.057,29.057,-0.0,unchanged
G_023_010,BUSSTOP_OUT::03129,UIC BLDG,cbd_bus,CBD-bound,Cbd Bus,34.884,34.884,-0.0,unchanged
G_023_010,BUSSTOP_OUT::03151,AFT TELOK AYER ST,cbd_bus,CBD-bound,Cbd Bus,29.057,29.057,-0.0,unchanged
G_023_010,BUSSTOP_OUT::03217,AFT STRAITS BLVD,cbd_bus,CBD-bound,Cbd Bus,34.884,34.884,-0.0,unchanged
G_023_010,BUSSTOP_OUT::03218,OPP MAS BLDG,cbd_bus,CBD-bound,Cbd Bus,34.884,34.884,-0.0,unchanged
G_023_010,BUSSTOP_OUT::03222,HUB SYNERGY PT,cbd_bus,CBD-bound,Cbd Bus,26.448,26.448,-0.0,unchanged
G_023_010,BUSSTOP_OUT::03223,TANJONG PAGAR STN EXIT C,cbd_bus,CBD-bound,Cbd Bus,27.566,27.566,-0.0,unchanged
G_023_010,BUSSTOP_OUT::03239,SHENTON WAY TER,cbd_bus,CBD-bound,Cbd Bus,34.884,34.884,-0.0,unchanged
G_023_010,BUSSTOP_OUT::03241,MAPLETREE ANSON,cbd_bus,CBD-bound,Cbd Bus,34.884,34.884,-0.0,unchanged
G_023_010,BUSSTOP_OUT::03381,THE SAIL,cbd_bus,CBD-bound,Cbd Bus,37.445,37.445,-0.0,unchanged
G_023_010,BUSSTOP_OUT::03391,MARINA BAY FINANCIAL CTR,cbd_bus,CBD-bound,Cbd Bus,38.19,38.19,-0.0,unchanged
G_023_010,BUSSTOP_OUT::03501,MARINA BAY SANDS THEATRE,cbd_bus,CBD-bound,Cbd Bus,42.29,42.29,-0.0,unchanged
G_023_010,BUSSTOP_OUT::03509,BAYFRONT STN EXIT B/MBS,cbd_bus,CBD-bound,Cbd Bus,47.074,42.902,4.172,improved
G_023_010,BUSSTOP_OUT::03511,AFT BAYFRONT STN EXIT E,cbd_bus,CBD-bound,Cbd Bus,40.799,40.799,-0.0,unchanged
G_023_010,BUSSTOP_OUT::03519,BAYFRONT STN EXIT A,cbd_bus,CBD-bound,Cbd Bus,47.074,42.902,4.172,improved
G_023_010,BUSSTOP_OUT::03529,DOWNTOWN STN,cbd_bus,CBD-bound,Cbd Bus,38.474,38.474,-0.0,unchanged
G_023_010,BUSSTOP_OUT::03539,Marina Bay Stn,cbd_bus,CBD-bound,Cbd Bus,41.674,41.674,-0.0,unchanged
G_023_010,BUSSTOP_OUT::05269,MAXWELL RD FC,cbd_bus,CBD-bound,Cbd Bus,37.474,37.474,-0.0,unchanged
G_023_010,BUSSTOP_OUT::05319,OCBC CTR,cbd_bus,CBD-bound,Cbd Bus,35.038,35.038,-0.0,unchanged
G_023_010,BUSSTOP_OUT::05411,TG PAGAR PLAZA,cbd_bus,CBD-bound,Cbd Bus,24.381,24.381,-0.0,unchanged
G_023_010,BUSSTOP_OUT::05419,THE AMARA,cbd_bus,CBD-bound,Cbd Bus,36.002,36.002,-0.0,unchanged
G_023_010,BUSSTOP_OUT::05431,TOWER 15,cbd_bus,CBD-bound,Cbd Bus,36.747,36.747,-0.0,unchanged
G_023_010,BUSSTOP_OUT::05629,OPP STH PT,cbd_bus,CBD-bound,Cbd Bus,24.957,24.957,-0.0,unchanged
G_023_010,BUSSTOP_OUT::05651,OPP FUJI XEROX TWRS,cbd_bus,CBD-bound,Cbd Bus,23.636,23.636,-0.0,unchanged
G_023_010,MRTHUB::Bayfront,Bayfront,cbd_mrt,CBD-bound,Cbd Mrt,36.774,32.602,4.172,improved
G_023_010,MRTHUB::Downtown,Downtown,cbd_mrt,CBD-bound,Cbd Mrt,35.384,35.384,-0.0,unchanged
G_023_010,MRTHUB::Marina_Bay,Marina Bay,cbd_mrt,CBD-bound,Cbd Mrt,31.374,31.374,-0.0,unchanged
G_023_010,MRTHUB::Maxwell,Maxwell,cbd_mrt,CBD-bound,Cbd Mrt,27.174,27.174,-0.0,unchanged
G_023_010,MRTHUB::Raffles_Place,Raffles Place,cbd_mrt,CBD-bound,Cbd Mrt,28.784,28.784,-0.0,unchanged
G_023_010,MRTHUB::Shenton_Way,Shenton Way,cbd_mrt,CBD-bound,Cbd Mrt,28.174,28.174,-0.0,unchanged
G_023_010,MRTHUB::Tanjong_Pagar,Tanjong Pagar,cbd_mrt,CBD-bound,Cbd Mrt,24.584,24.584,-0.0,unchanged
G_023_011,BUSSTOP_OUT::95011,AFT AIRCRAFT FLYOVER,airport_bus,Airport-bound,Airport Bus,77.549,77.549,-0.0,unchanged
G_023_011,BUSSTOP_OUT::95019,AFT CHANGI AIRPORT TER 2,airport_bus,Airport-bound,Airport Bus,66.106,66.106,-0.0,unchanged
G_023_011,BUSSTOP_OUT::95029,CHANGI AIRPORT TER 1,airport_bus,Airport-bound,Airport Bus,65.36,65.36,-0.0,unchanged
G_023_011,BUSSTOP_OUT::95109,CHANGI AIRPORT TER 3,airport_bus,Airport-bound,Airport Bus,62.379,62.379,-0.0,unchanged
G_023_011,BUSSTOP_OUT::95129,CHANGI AIRPORT TER 2,airport_bus,Airport-bound,Airport Bus,62.379,62.379,-0.0,unchanged
G_023_011,BUSSTOP_OUT::95151,AIRPORT POLICE STN,airport_bus,Airport-bound,Airport Bus,75.686,75.686,-0.0,unchanged
G_023_011,BUSSTOP_OUT::95159,NEAR SATS FLIGHT KITCHEN,airport_bus,Airport-bound,Airport Bus,69.087,69.087,-0.0,unchanged
G_023_011,BUSSTOP_OUT::95209,CHANGI AIRPORT TER 4,airport_bus,Airport-bound,Airport Bus,72.069,72.069,-0.0,unchanged
G_023_011,MRTHUB::Changi_Airport,Changi Airport,airport_mrt,Airport-bound,Airport Mrt,52.079,52.079,-0.0,unchanged
G_023_011,BUSSTOP_OUT::03011,FULLERTON SQ,cbd_bus,CBD-bound,Cbd Bus,31.753,31.753,-0.0,unchanged
G_023_011,BUSSTOP_OUT::03019,OUE BAYFRONT,cbd_bus,CBD-bound,Cbd Bus,38.579,38.579,-0.0,unchanged
G_023_011,BUSSTOP_OUT::03021,PRUDENTIAL TWR,cbd_bus,CBD-bound,Cbd Bus,29.517,29.517,-0.0,unchanged
G_023_011,BUSSTOP_OUT::03031,RAFFLES PL STN EXIT F,cbd_bus,CBD-bound,Cbd Bus,31.789,31.789,-0.0,unchanged
G_023_011,BUSSTOP_OUT::03041,TELOK AYER STN EXIT A,cbd_bus,CBD-bound,Cbd Bus,36.242,36.242,-0.0,unchanged
G_023_011,BUSSTOP_OUT::03059,ONE RAFFLES QUAY,cbd_bus,CBD-bound,Cbd Bus,30.671,30.671,-0.0,unchanged
G_023_011,BUSSTOP_OUT::03071,OPP SO SOFITEL S'PORE,cbd_bus,CBD-bound,Cbd Bus,30.671,30.671,-0.0,unchanged
G_023_011,BUSSTOP_OUT::03111,AFT CAPITAL TWR,cbd_bus,CBD-bound,Cbd Bus,29.553,29.553,-0.0,unchanged
G_023_011,BUSSTOP_OUT::03129,UIC BLDG,cbd_bus,CBD-bound,Cbd Bus,32.162,32.162,-0.0,unchanged
G_023_011,BUSSTOP_OUT::03151,AFT TELOK AYER ST,cbd_bus,CBD-bound,Cbd Bus,27.654,27.654,-0.0,unchanged
G_023_011,BUSSTOP_OUT::03217,AFT STRAITS BLVD,cbd_bus,CBD-bound,Cbd Bus,34.379,34.379,-0.0,unchanged
G_023_011,BUSSTOP_OUT::03218,OPP MAS BLDG,cbd_bus,CBD-bound,Cbd Bus,34.025,34.025,-0.0,unchanged
G_023_011,BUSSTOP_OUT::03222,HUB SYNERGY PT,cbd_bus,CBD-bound,Cbd Bus,26.944,26.944,-0.0,unchanged
G_023_011,BUSSTOP_OUT::03223,TANJONG PAGAR STN EXIT C,cbd_bus,CBD-bound,Cbd Bus,26.163,26.163,-0.0,unchanged
G_023_011,BUSSTOP_OUT::03239,SHENTON WAY TER,cbd_bus,CBD-bound,Cbd Bus,34.379,34.379,-0.0,unchanged
G_023_011,BUSSTOP_OUT::03241,MAPLETREE ANSON,cbd_bus,CBD-bound,Cbd Bus,34.379,34.379,-0.0,unchanged
G_023_011,BUSSTOP_OUT::03381,THE SAIL,cbd_bus,CBD-bound,Cbd Bus,37.733,37.733,-0.0,unchanged
G_023_011,BUSSTOP_OUT::03391,MARINA BAY FINANCIAL CTR,cbd_bus,CBD-bound,Cbd Bus,38.478,38.478,-0.0,unchanged
G_023_011,BUSSTOP_OUT::03501,MARINA BAY SANDS THEATRE,cbd_bus,CBD-bound,Cbd Bus,42.578,42.578,-0.0,unchanged
G_023_011,BUSSTOP_OUT::03509,BAYFRONT STN EXIT B/MBS,cbd_bus,CBD-bound,Cbd Bus,46.69,43.565,3.125,improved
G_023_011,BUSSTOP_OUT::03511,AFT BAYFRONT STN EXIT E,cbd_bus,CBD-bound,Cbd Bus,41.087,41.087,-0.0,unchanged
G_023_011,BUSSTOP_OUT::03519,BAYFRONT STN EXIT A,cbd_bus,CBD-bound,Cbd Bus,46.69,43.565,3.125,improved
G_023_011,BUSSTOP_OUT::03529,DOWNTOWN STN,cbd_bus,CBD-bound,Cbd Bus,38.09,38.09,-0.0,unchanged
G_023_011,BUSSTOP_OUT::03539,Marina Bay Stn,cbd_bus,CBD-bound,Cbd Bus,41.29,41.29,-0.0,unchanged
G_023_011,BUSSTOP_OUT::05269,MAXWELL RD FC,cbd_bus,CBD-bound,Cbd Bus,37.09,37.09,-0.0,unchanged
G_023_011,BUSSTOP_OUT::05319,OCBC CTR,cbd_bus,CBD-bound,Cbd Bus,28.435,28.435,-0.0,unchanged
G_023_011,BUSSTOP_OUT::05411,TG PAGAR PLAZA,cbd_bus,CBD-bound,Cbd Bus,32.144,32.144,-0.0,unchanged
G_023_011,BUSSTOP_OUT::05419,THE AMARA,cbd_bus,CBD-bound,Cbd Bus,35.497,35.497,-0.0,unchanged
G_023_011,BUSSTOP_OUT::05431,TOWER 15,cbd_bus,CBD-bound,Cbd Bus,36.242,36.242,-0.0,unchanged
G_023_011,BUSSTOP_OUT::05629,OPP STH PT,cbd_bus,CBD-bound,Cbd Bus,25.453,25.453,-0.0,unchanged
G_023_011,BUSSTOP_OUT::05651,OPP FUJI XEROX TWRS,cbd_bus,CBD-bound,Cbd Bus,31.399,31.399,-0.0,unchanged
G_023_011,MRTHUB::Bayfront,Bayfront,cbd_mrt,CBD-bound,Cbd Mrt,36.39,33.265,3.125,improved
G_023_011,MRTHUB::Downtown,Downtown,cbd_mrt,CBD-bound,Cbd Mrt,33.226,33.226,-0.0,unchanged
G_023_011,MRTHUB::Marina_Bay,Marina Bay,cbd_mrt,CBD-bound,Cbd Mrt,30.99,30.99,-0.0,unchanged
G_023_011,MRTHUB::Maxwell,Maxwell,cbd_mrt,CBD-bound,Cbd Mrt,26.79,26.79,-0.0,unchanged
G_023_011,MRTHUB::Raffles_Place,Raffles Place,cbd_mrt,CBD-bound,Cbd Mrt,28.279,28.279,-0.0,unchanged
G_023_011,MRTHUB::Shenton_Way,Shenton Way,cbd_mrt,CBD-bound,Cbd Mrt,27.79,27.79,-0.0,unchanged
G_023_011,MRTHUB::Tanjong_Pagar,Tanjong Pagar,cbd_mrt,CBD-bound,Cbd Mrt,24.079,24.079,-0.0,unchanged
G_023_012,BUSSTOP_OUT::95011,AFT AIRCRAFT FLYOVER,airport_bus,Airport-bound,Airport Bus,76.4,76.4,-0.0,unchanged
G_023_012,BUSSTOP_OUT::95019,AFT CHANGI AIRPORT TER 2,airport_bus,Airport-bound,Airport Bus,64.957,64.957,-0.0,unchanged
G_023_012,BUSSTOP_OUT::95029,CHANGI AIRPORT TER 1,airport_bus,Airport-bound,Airport Bus,64.211,64.211,-0.0,unchanged
G_023_012,BUSSTOP_OUT::95109,CHANGI AIRPORT TER 3,airport_bus,Airport-bound,Airport Bus,61.23,61.23,-0.0,unchanged
G_023_012,BUSSTOP_OUT::95129,CHANGI AIRPORT TER 2,airport_bus,Airport-bound,Airport Bus,61.23,61.23,-0.0,unchanged
G_023_012,BUSSTOP_OUT::95151,AIRPORT POLICE STN,airport_bus,Airport-bound,Airport Bus,74.537,74.537,-0.0,unchanged
G_023_012,BUSSTOP_OUT::95159,NEAR SATS FLIGHT KITCHEN,airport_bus,Airport-bound,Airport Bus,67.938,67.938,-0.0,unchanged
G_023_012,BUSSTOP_OUT::95209,CHANGI AIRPORT TER 4,airport_bus,Airport-bound,Airport Bus,70.92,70.92,-0.0,unchanged
G_023_012,MRTHUB::Changi_Airport,Changi Airport,airport_mrt,Airport-bound,Airport Mrt,50.93,50.93,-0.0,unchanged
G_023_012,BUSSTOP_OUT::03011,FULLERTON SQ,cbd_bus,CBD-bound,Cbd Bus,29.901,29.901,-0.0,unchanged
G_023_012,BUSSTOP_OUT::03019,OUE BAYFRONT,cbd_bus,CBD-bound,Cbd Bus,37.43,37.43,-0.0,unchanged
G_023_012,BUSSTOP_OUT::03021,PRUDENTIAL TWR,cbd_bus,CBD-bound,Cbd Bus,27.665,27.665,-0.0,unchanged
G_023_012,BUSSTOP_OUT::03031,RAFFLES PL STN EXIT F,cbd_bus,CBD-bound,Cbd Bus,29.03,29.03,-0.0,unchanged
G_023_012,BUSSTOP_OUT::03041,TELOK AYER STN EXIT A,cbd_bus,CBD-bound,Cbd Bus,34.765,34.765,-0.0,unchanged
G_023_012,BUSSTOP_OUT::03059,ONE RAFFLES QUAY,cbd_bus,CBD-bound,Cbd Bus,27.912,27.912,-0.0,unchanged
G_023_012,BUSSTOP_OUT::03071,OPP SO SOFITEL S'PORE,cbd_bus,CBD-bound,Cbd Bus,27.912,27.912,-0.0,unchanged
G_023_012,BUSSTOP_OUT::03111,AFT CAPITAL TWR,cbd_bus,CBD-bound,Cbd Bus,26.794,26.794,-0.0,unchanged
G_023_012,BUSSTOP_OUT::03129,UIC BLDG,cbd_bus,CBD-bound,Cbd Bus,29.403,29.403,-0.0,unchanged
G_023_012,BUSSTOP_OUT::03151,AFT TELOK AYER ST,cbd_bus,CBD-bound,Cbd Bus,25.802,25.802,-0.0,unchanged
G_023_012,BUSSTOP_OUT::03217,AFT STRAITS BLVD,cbd_bus,CBD-bound,Cbd Bus,33.23,33.23,-0.0,unchanged
G_023_012,BUSSTOP_OUT::03218,OPP MAS BLDG,cbd_bus,CBD-bound,Cbd Bus,31.266,31.266,-0.0,unchanged
G_023_012,BUSSTOP_OUT::03222,HUB SYNERGY PT,cbd_bus,CBD-bound,Cbd Bus,24.185,24.185,-0.0,unchanged
G_023_012,BUSSTOP_OUT::03223,TANJONG PAGAR STN EXIT C,cbd_bus,CBD-bound,Cbd Bus,24.311,24.311,-0.0,unchanged
G_023_012,BUSSTOP_OUT::03239,SHENTON WAY TER,cbd_bus,CBD-bound,Cbd Bus,32.011,32.011,-0.0,unchanged
G_023_012,BUSSTOP_OUT::03241,MAPLETREE ANSON,cbd_bus,CBD-bound,Cbd Bus,33.23,33.23,-0.0,unchanged
G_023_012,BUSSTOP_OUT::03381,THE SAIL,cbd_bus,CBD-bound,Cbd Bus,36.256,36.256,-0.0,unchanged
G_023_012,BUSSTOP_OUT::03391,MARINA BAY FINANCIAL CTR,cbd_bus,CBD-bound,Cbd Bus,37.001,37.001,-0.0,unchanged
G_023_012,BUSSTOP_OUT::03501,MARINA BAY SANDS THEATRE,cbd_bus,CBD-bound,Cbd Bus,41.101,41.101,-0.0,unchanged
G_023_012,BUSSTOP_OUT::03509,BAYFRONT STN EXIT B/MBS,cbd_bus,CBD-bound,Cbd Bus,43.931,41.713,2.218,improved
G_023_012,BUSSTOP_OUT::03511,AFT BAYFRONT STN EXIT E,cbd_bus,CBD-bound,Cbd Bus,39.61,39.61,-0.0,unchanged
G_023_012,BUSSTOP_OUT::03519,BAYFRONT STN EXIT A,cbd_bus,CBD-bound,Cbd Bus,43.931,41.713,2.218,improved
G_023_012,BUSSTOP_OUT::03529,DOWNTOWN STN,cbd_bus,CBD-bound,Cbd Bus,35.331,35.331,-0.0,unchanged
G_023_012,BUSSTOP_OUT::03539,Marina Bay Stn,cbd_bus,CBD-bound,Cbd Bus,38.531,38.531,-0.0,unchanged
G_023_012,BUSSTOP_OUT::05269,MAXWELL RD FC,cbd_bus,CBD-bound,Cbd Bus,34.331,34.331,-0.0,unchanged
G_023_012,BUSSTOP_OUT::05319,OCBC CTR,cbd_bus,CBD-bound,Cbd Bus,25.676,25.676,-0.0,unchanged
G_023_012,BUSSTOP_OUT::05411,TG PAGAR PLAZA,cbd_bus,CBD-bound,Cbd Bus,30.292,30.292,-0.0,unchanged
G_023_012,BUSSTOP_OUT::05419,THE AMARA,cbd_bus,CBD-bound,Cbd Bus,34.348,34.348,-0.0,unchanged
G_023_012,BUSSTOP_OUT::05431,TOWER 15,cbd_bus,CBD-bound,Cbd Bus,35.093,35.093,-0.0,unchanged
G_023_012,BUSSTOP_OUT::05629,OPP STH PT,cbd_bus,CBD-bound,Cbd Bus,22.694,22.694,-0.0,unchanged
G_023_012,BUSSTOP_OUT::05651,OPP FUJI XEROX TWRS,cbd_bus,CBD-bound,Cbd Bus,29.547,29.547,-0.0,unchanged
G_023_012,MRTHUB::Bayfront,Bayfront,cbd_mrt,CBD-bound,Cbd Mrt,33.631,31.413,2.218,improved
G_023_012,MRTHUB::Downtown,Downtown,cbd_mrt,CBD-bound,Cbd Mrt,30.467,30.467,-0.0,unchanged
G_023_012,MRTHUB::Marina_Bay,Marina Bay,cbd_mrt,CBD-bound,Cbd Mrt,28.231,28.231,-0.0,unchanged
G_023_012,MRTHUB::Maxwell,Maxwell,cbd_mrt,CBD-bound,Cbd Mrt,24.031,24.031,-0.0,unchanged
G_023_012,MRTHUB::Raffles_Place,Raffles Place,cbd_mrt,CBD-bound,Cbd Mrt,27.13,27.13,-0.0,unchanged
G_023_012,MRTHUB::Shenton_Way,Shenton Way,cbd_mrt,CBD-bound,Cbd Mrt,25.031,25.031,-0.0,unchanged
G_023_012,MRTHUB::Tanjong_Pagar,Tanjong Pagar,cbd_mrt,CBD-bound,Cbd Mrt,22.93,22.93,-0.0,unchanged
G_023_013,BUSSTOP_OUT::95011,AFT AIRCRAFT FLYOVER,airport_bus,Airport-bound,Airport Bus,76.892,76.892,-0.0,unchanged
G_023_013,BUSSTOP_OUT::95019,AFT CHANGI AIRPORT TER 2,airport_bus,Airport-bound,Airport Bus,65.449,65.449,-0.0,unchanged
G_023_013,BUSSTOP_OUT::95029,CHANGI AIRPORT TER 1,airport_bus,Airport-bound,Airport Bus,64.703,64.703,-0.0,unchanged
G_023_013,BUSSTOP_OUT::95109,CHANGI AIRPORT TER 3,airport_bus,Airport-bound,Airport Bus,61.722,61.722,-0.0,unchanged
G_023_013,BUSSTOP_OUT::95129,CHANGI AIRPORT TER 2,airport_bus,Airport-bound,Airport Bus,61.722,61.722,-0.0,unchanged
G_023_013,BUSSTOP_OUT::95151,AIRPORT POLICE STN,airport_bus,Airport-bound,Airport Bus,75.029,75.029,-0.0,unchanged
G_023_013,BUSSTOP_OUT::95159,NEAR SATS FLIGHT KITCHEN,airport_bus,Airport-bound,Airport Bus,68.43,68.43,-0.0,unchanged
G_023_013,BUSSTOP_OUT::95209,CHANGI AIRPORT TER 4,airport_bus,Airport-bound,Airport Bus,71.412,71.412,-0.0,unchanged
G_023_013,MRTHUB::Changi_Airport,Changi Airport,airport_mrt,Airport-bound,Airport Mrt,51.422,51.422,-0.0,unchanged
G_023_013,BUSSTOP_OUT::03011,FULLERTON SQ,cbd_bus,CBD-bound,Cbd Bus,31.385,31.385,-0.0,unchanged
G_023_013,BUSSTOP_OUT::03019,OUE BAYFRONT,cbd_bus,CBD-bound,Cbd Bus,37.922,37.922,-0.0,unchanged
G_023_013,BUSSTOP_OUT::03021,PRUDENTIAL TWR,cbd_bus,CBD-bound,Cbd Bus,29.149,29.149,-0.0,unchanged
G_023_013,BUSSTOP_OUT::03031,RAFFLES PL STN EXIT F,cbd_bus,CBD-bound,Cbd Bus,29.522,29.522,-0.0,unchanged
G_023_013,BUSSTOP_OUT::03041,TELOK AYER STN EXIT A,cbd_bus,CBD-bound,Cbd Bus,35.585,35.585,-0.0,unchanged
G_023_013,BUSSTOP_OUT::03059,ONE RAFFLES QUAY,cbd_bus,CBD-bound,Cbd Bus,28.404,28.404,-0.0,unchanged
G_023_013,BUSSTOP_OUT::03071,OPP SO SOFITEL S'PORE,cbd_bus,CBD-bound,Cbd Bus,28.404,28.404,-0.0,unchanged
G_023_013,BUSSTOP_OUT::03111,AFT CAPITAL TWR,cbd_bus,CBD-bound,Cbd Bus,27.286,27.286,-0.0,unchanged
G_023_013,BUSSTOP_OUT::03129,UIC BLDG,cbd_bus,CBD-bound,Cbd Bus,29.895,29.895,-0.0,unchanged
G_023_013,BUSSTOP_OUT::03151,AFT TELOK AYER ST,cbd_bus,CBD-bound,Cbd Bus,27.286,27.286,-0.0,unchanged
G_023_013,BUSSTOP_OUT::03217,AFT STRAITS BLVD,cbd_bus,CBD-bound,Cbd Bus,33.722,33.722,-0.0,unchanged
G_023_013,BUSSTOP_OUT::03218,OPP MAS BLDG,cbd_bus,CBD-bound,Cbd Bus,31.572,31.572,-0.0,unchanged
G_023_013,BUSSTOP_OUT::03222,HUB SYNERGY PT,cbd_bus,CBD-bound,Cbd Bus,24.677,24.677,-0.0,unchanged
G_023_013,BUSSTOP_OUT::03223,TANJONG PAGAR STN EXIT C,cbd_bus,CBD-bound,Cbd Bus,25.795,25.795,-0.0,unchanged
G_023_013,BUSSTOP_OUT::03239,SHENTON WAY TER,cbd_bus,CBD-bound,Cbd Bus,32.317,32.317,-0.0,unchanged
G_023_013,BUSSTOP_OUT::03241,MAPLETREE ANSON,cbd_bus,CBD-bound,Cbd Bus,33.722,33.722,-0.0,unchanged
G_023_013,BUSSTOP_OUT::03381,THE SAIL,cbd_bus,CBD-bound,Cbd Bus,37.076,37.076,-0.0,unchanged
G_023_013,BUSSTOP_OUT::03391,MARINA BAY FINANCIAL CTR,cbd_bus,CBD-bound,Cbd Bus,37.821,37.821,-0.0,unchanged
G_023_013,BUSSTOP_OUT::03501,MARINA BAY SANDS THEATRE,cbd_bus,CBD-bound,Cbd Bus,41.921,39.978,1.943,improved
G_023_013,BUSSTOP_OUT::03509,BAYFRONT STN EXIT B/MBS,cbd_bus,CBD-bound,Cbd Bus,43.378,39.978,3.4,improved
G_023_013,BUSSTOP_OUT::03511,AFT BAYFRONT STN EXIT E,cbd_bus,CBD-bound,Cbd Bus,40.43,39.978,0.452,improved
G_023_013,BUSSTOP_OUT::03519,BAYFRONT STN EXIT A,cbd_bus,CBD-bound,Cbd Bus,43.378,39.978,3.4,improved
G_023_013,BUSSTOP_OUT::03529,DOWNTOWN STN,cbd_bus,CBD-bound,Cbd Bus,35.823,35.823,-0.0,unchanged
G_023_013,BUSSTOP_OUT::03539,Marina Bay Stn,cbd_bus,CBD-bound,Cbd Bus,39.023,38.978,0.045,improved
G_023_013,BUSSTOP_OUT::05269,MAXWELL RD FC,cbd_bus,CBD-bound,Cbd Bus,34.823,34.823,-0.0,unchanged
G_023_013,BUSSTOP_OUT::05319,OCBC CTR,cbd_bus,CBD-bound,Cbd Bus,26.168,26.168,-0.0,unchanged
G_023_013,BUSSTOP_OUT::05411,TG PAGAR PLAZA,cbd_bus,CBD-bound,Cbd Bus,31.776,31.776,-0.0,unchanged
G_023_013,BUSSTOP_OUT::05419,THE AMARA,cbd_bus,CBD-bound,Cbd Bus,34.84,34.84,-0.0,unchanged
G_023_013,BUSSTOP_OUT::05431,TOWER 15,cbd_bus,CBD-bound,Cbd Bus,35.585,35.585,-0.0,unchanged
G_023_013,BUSSTOP_OUT::05629,OPP STH PT,cbd_bus,CBD-bound,Cbd Bus,23.186,23.186,-0.0,unchanged
G_023_013,BUSSTOP_OUT::05651,OPP FUJI XEROX TWRS,cbd_bus,CBD-bound,Cbd Bus,31.031,31.031,-0.0,unchanged
G_023_013,MRTHUB::Bayfront,Bayfront,cbd_mrt,CBD-bound,Cbd Mrt,33.078,29.678,3.4,improved
G_023_013,MRTHUB::Downtown,Downtown,cbd_mrt,CBD-bound,Cbd Mrt,29.878,29.878,-0.0,unchanged
G_023_013,MRTHUB::Marina_Bay,Marina Bay,cbd_mrt,CBD-bound,Cbd Mrt,28.723,28.678,0.045,improved
G_023_013,MRTHUB::Maxwell,Maxwell,cbd_mrt,CBD-bound,Cbd Mrt,24.523,24.523,-0.0,unchanged
G_023_013,MRTHUB::Raffles_Place,Raffles Place,cbd_mrt,CBD-bound,Cbd Mrt,27.622,27.622,-0.0,unchanged
G_023_013,MRTHUB::Shenton_Way,Shenton Way,cbd_mrt,CBD-bound,Cbd Mrt,25.523,25.523,-0.0,unchanged
G_023_013,MRTHUB::Tanjong_Pagar,Tanjong Pagar,cbd_mrt,CBD-bound,Cbd Mrt,23.422,23.422,-0.0,unchanged
G_023_014,BUSSTOP_OUT::95011,AFT AIRCRAFT FLYOVER,airport_bus,Airport-bound,Airport Bus,75.824,75.824,-0.0,unchanged
G_023_014,BUSSTOP_OUT::95019,AFT CHANGI AIRPORT TER 2,airport_bus,Airport-bound,Airport Bus,65.545,65.545,-0.0,unchanged
G_023_014,BUSSTOP_OUT::95029,CHANGI AIRPORT TER 1,airport_bus,Airport-bound,Airport Bus,64.799,64.799,-0.0,unchanged
G_023_014,BUSSTOP_OUT::95109,CHANGI AIRPORT TER 3,airport_bus,Airport-bound,Airport Bus,61.818,61.818,-0.0,unchanged
G_023_014,BUSSTOP_OUT::95129,CHANGI AIRPORT TER 2,airport_bus,Airport-bound,Airport Bus,61.818,61.818,-0.0,unchanged
G_023_014,BUSSTOP_OUT::95151,AIRPORT POLICE STN,airport_bus,Airport-bound,Airport Bus,73.961,73.961,-0.0,unchanged
G_023_014,BUSSTOP_OUT::95159,NEAR SATS FLIGHT KITCHEN,airport_bus,Airport-bound,Airport Bus,68.526,68.526,-0.0,unchanged
G_023_014,BUSSTOP_OUT::95209,CHANGI AIRPORT TER 4,airport_bus,Airport-bound,Airport Bus,71.508,71.508,-0.0,unchanged
G_023_014,MRTHUB::Changi_Airport,Changi Airport,airport_mrt,Airport-bound,Airport Mrt,51.518,51.518,-0.0,unchanged
G_023_014,BUSSTOP_OUT::03011,FULLERTON SQ,cbd_bus,CBD-bound,Cbd Bus,34.87,34.87,-0.0,unchanged
G_023_014,BUSSTOP_OUT::03019,OUE BAYFRONT,cbd_bus,CBD-bound,Cbd Bus,38.018,38.018,-0.0,unchanged
G_023_014,BUSSTOP_OUT::03021,PRUDENTIAL TWR,cbd_bus,CBD-bound,Cbd Bus,32.634,32.634,-0.0,unchanged
G_023_014,BUSSTOP_OUT::03031,RAFFLES PL STN EXIT F,cbd_bus,CBD-bound,Cbd Bus,33.007,33.007,-0.0,unchanged
G_023_014,BUSSTOP_OUT::03041,TELOK AYER STN EXIT A,cbd_bus,CBD-bound,Cbd Bus,34.818,33.772,1.046,improved
G_023_014,BUSSTOP_OUT::03059,ONE RAFFLES QUAY,cbd_bus,CBD-bound,Cbd Bus,34.145,34.145,-0.0,unchanged
G_023_014,BUSSTOP_OUT::03071,OPP SO SOFITEL S'PORE,cbd_bus,CBD-bound,Cbd Bus,31.889,31.889,-0.0,unchanged
G_023_014,BUSSTOP_OUT::03111,AFT CAPITAL TWR,cbd_bus,CBD-bound,Cbd Bus,30.771,30.771,-0.0,unchanged
G_023_014,BUSSTOP_OUT::03129,UIC BLDG,cbd_bus,CBD-bound,Cbd Bus,33.818,33.818,-0.0,unchanged
G_023_014,BUSSTOP_OUT::03151,AFT TELOK AYER ST,cbd_bus,CBD-bound,Cbd Bus,30.771,30.771,-0.0,unchanged
G_023_014,BUSSTOP_OUT::03217,AFT STRAITS BLVD,cbd_bus,CBD-bound,Cbd Bus,33.818,30.418,3.4,improved
G_023_014,BUSSTOP_OUT::03218,OPP MAS BLDG,cbd_bus,CBD-bound,Cbd Bus,33.357,30.418,2.939,improved
G_023_014,BUSSTOP_OUT::03222,HUB SYNERGY PT,cbd_bus,CBD-bound,Cbd Bus,28.162,28.162,-0.0,unchanged
G_023_014,BUSSTOP_OUT::03223,TANJONG PAGAR STN EXIT C,cbd_bus,CBD-bound,Cbd Bus,29.28,29.28,-0.0,unchanged
G_023_014,BUSSTOP_OUT::03239,SHENTON WAY TER,cbd_bus,CBD-bound,Cbd Bus,33.818,30.418,3.4,improved
G_023_014,BUSSTOP_OUT::03241,MAPLETREE ANSON,cbd_bus,CBD-bound,Cbd Bus,33.818,30.418,3.4,improved
G_023_014,BUSSTOP_OUT::03381,THE SAIL,cbd_bus,CBD-bound,Cbd Bus,35.818,35.263,0.555,improved
G_023_014,BUSSTOP_OUT::03391,MARINA BAY FINANCIAL CTR,cbd_bus,CBD-bound,Cbd Bus,35.818,35.818,-0.0,unchanged
G_023_014,BUSSTOP_OUT::03501,MARINA BAY SANDS THEATRE,cbd_bus,CBD-bound,Cbd Bus,39.018,35.618,3.4,improved
G_023_014,BUSSTOP_OUT::03509,BAYFRONT STN EXIT B/MBS,cbd_bus,CBD-bound,Cbd Bus,39.018,35.618,3.4,improved
G_023_014,BUSSTOP_OUT::03511,AFT BAYFRONT STN EXIT E,cbd_bus,CBD-bound,Cbd Bus,38.427,35.618,2.809,improved
G_023_014,BUSSTOP_OUT::03519,BAYFRONT STN EXIT A,cbd_bus,CBD-bound,Cbd Bus,39.018,35.618,3.4,improved
G_023_014,BUSSTOP_OUT::03529,DOWNTOWN STN,cbd_bus,CBD-bound,Cbd Bus,34.818,34.818,-0.0,unchanged
G_023_014,BUSSTOP_OUT::03539,Marina Bay Stn,cbd_bus,CBD-bound,Cbd Bus,35.818,34.618,1.2,improved
G_023_014,BUSSTOP_OUT::05269,MAXWELL RD FC,cbd_bus,CBD-bound,Cbd Bus,33.481,33.481,-0.0,unchanged
G_023_014,BUSSTOP_OUT::05319,OCBC CTR,cbd_bus,CBD-bound,Cbd Bus,31.909,31.909,-0.0,unchanged
G_023_014,BUSSTOP_OUT::05411,TG PAGAR PLAZA,cbd_bus,CBD-bound,Cbd Bus,33.025,30.653,2.372,improved
G_023_014,BUSSTOP_OUT::05419,THE AMARA,cbd_bus,CBD-bound,Cbd Bus,34.936,34.936,-0.0,unchanged
G_023_014,BUSSTOP_OUT::05431,TOWER 15,cbd_bus,CBD-bound,Cbd Bus,35.681,35.681,-0.0,unchanged
G_023_014,BUSSTOP_OUT::05629,OPP STH PT,cbd_bus,CBD-bound,Cbd Bus,26.671,26.671,-0.0,unchanged
G_023_014,BUSSTOP_OUT::05651,OPP FUJI XEROX TWRS,cbd_bus,CBD-bound,Cbd Bus,32.28,29.908,2.372,improved
G_023_014,MRTHUB::Bayfront,Bayfront,cbd_mrt,CBD-bound,Cbd Mrt,28.718,25.318,3.4,improved
G_023_014,MRTHUB::Downtown,Downtown,cbd_mrt,CBD-bound,Cbd Mrt,25.518,25.518,-0.0,unchanged
G_023_014,MRTHUB::Marina_Bay,Marina Bay,cbd_mrt,CBD-bound,Cbd Mrt,27.718,24.318,3.4,improved
G_023_014,MRTHUB::Maxwell,Maxwell,cbd_mrt,CBD-bound,Cbd Mrt,23.518,23.518,-0.0,unchanged
G_023_014,MRTHUB::Raffles_Place,Raffles Place,cbd_mrt,CBD-bound,Cbd Mrt,27.718,27.718,-0.0,unchanged
G_023_014,MRTHUB::Shenton_Way,Shenton Way,cbd_mrt,CBD-bound,Cbd Mrt,24.518,24.518,-0.0,unchanged
G_023_014,MRTHUB::Tanjong_Pagar,Tanjong Pagar,cbd_mrt,CBD-bound,Cbd Mrt,23.518,23.518,-0.0,unchanged
G_023_015,BUSSTOP_OUT::95011,AFT AIRCRAFT FLYOVER,airport_bus,Airport-bound,Airport Bus,71.562,71.562,-0.0,unchanged
G_023_015,BUSSTOP_OUT::95019,AFT CHANGI AIRPORT TER 2,airport_bus,Airport-bound,Airport Bus,61.283,61.283,-0.0,unchanged
G_023_015,BUSSTOP_OUT::95029,CHANGI AIRPORT TER 1,airport_bus,Airport-bound,Airport Bus,60.537,60.537,-0.0,unchanged
G_023_015,BUSSTOP_OUT::95109,CHANGI AIRPORT TER 3,airport_bus,Airport-bound,Airport Bus,57.556,57.556,-0.0,unchanged
G_023_015,BUSSTOP_OUT::95129,CHANGI AIRPORT TER 2,airport_bus,Airport-bound,Airport Bus,57.556,57.556,-0.0,unchanged
G_023_015,BUSSTOP_OUT::95151,AIRPORT POLICE STN,airport_bus,Airport-bound,Airport Bus,69.699,69.699,-0.0,unchanged
G_023_015,BUSSTOP_OUT::95159,NEAR SATS FLIGHT KITCHEN,airport_bus,Airport-bound,Airport Bus,64.264,64.264,-0.0,unchanged
G_023_015,BUSSTOP_OUT::95209,CHANGI AIRPORT TER 4,airport_bus,Airport-bound,Airport Bus,67.246,67.246,-0.0,unchanged
G_023_015,MRTHUB::Changi_Airport,Changi Airport,airport_mrt,Airport-bound,Airport Mrt,47.256,47.256,-0.0,unchanged
G_023_015,BUSSTOP_OUT::03011,FULLERTON SQ,cbd_bus,CBD-bound,Cbd Bus,31.762,31.746,0.016,improved
G_023_015,BUSSTOP_OUT::03019,OUE BAYFRONT,cbd_bus,CBD-bound,Cbd Bus,33.756,33.756,-0.0,unchanged
G_023_015,BUSSTOP_OUT::03021,PRUDENTIAL TWR,cbd_bus,CBD-bound,Cbd Bus,29.526,29.51,0.016,improved
G_023_015,BUSSTOP_OUT::03031,RAFFLES PL STN EXIT F,cbd_bus,CBD-bound,Cbd Bus,29.899,29.899,-0.0,unchanged
G_023_015,BUSSTOP_OUT::03041,TELOK AYER STN EXIT A,cbd_bus,CBD-bound,Cbd Bus,30.556,29.51,1.046,improved
G_023_015,BUSSTOP_OUT::03059,ONE RAFFLES QUAY,cbd_bus,CBD-bound,Cbd Bus,29.883,29.883,-0.0,unchanged
G_023_015,BUSSTOP_OUT::03071,OPP SO SOFITEL S'PORE,cbd_bus,CBD-bound,Cbd Bus,28.781,28.781,-0.0,unchanged
G_023_015,BUSSTOP_OUT::03111,AFT CAPITAL TWR,cbd_bus,CBD-bound,Cbd Bus,27.663,27.663,-0.0,unchanged
G_023_015,BUSSTOP_OUT::03129,UIC BLDG,cbd_bus,CBD-bound,Cbd Bus,29.556,29.556,-0.0,unchanged
G_023_015,BUSSTOP_OUT::03151,AFT TELOK AYER ST,cbd_bus,CBD-bound,Cbd Bus,27.663,27.647,0.016,improved
G_023_015,BUSSTOP_OUT::03217,AFT STRAITS BLVD,cbd_bus,CBD-bound,Cbd Bus,29.556,26.156,3.4,improved
G_023_015,BUSSTOP_OUT::03218,OPP MAS BLDG,cbd_bus,CBD-bound,Cbd Bus,28.407,26.156,2.251,improved
G_023_015,BUSSTOP_OUT::03222,HUB SYNERGY PT,cbd_bus,CBD-bound,Cbd Bus,25.054,25.054,-0.0,unchanged
G_023_015,BUSSTOP_OUT::03223,TANJONG PAGAR STN EXIT C,cbd_bus,CBD-bound,Cbd Bus,26.172,26.156,0.016,improved
G_023_015,BUSSTOP_OUT::03239,SHENTON WAY TER,cbd_bus,CBD-bound,Cbd Bus,29.152,26.156,2.996,improved
G_023_015,BUSSTOP_OUT::03241,MAPLETREE ANSON,cbd_bus,CBD-bound,Cbd Bus,29.556,26.156,3.4,improved
G_023_015,BUSSTOP_OUT::03381,THE SAIL,cbd_bus,CBD-bound,Cbd Bus,31.017,31.001,0.016,improved
G_023_015,BUSSTOP_OUT::03391,MARINA BAY FINANCIAL CTR,cbd_bus,CBD-bound,Cbd Bus,31.556,31.556,-0.0,unchanged
G_023_015,BUSSTOP_OUT::03501,MARINA BAY SANDS THEATRE,cbd_bus,CBD-bound,Cbd Bus,34.756,31.356,3.4,improved
G_023_015,BUSSTOP_OUT::03509,BAYFRONT STN EXIT B/MBS,cbd_bus,CBD-bound,Cbd Bus,34.756,31.356,3.4,improved
G_023_015,BUSSTOP_OUT::03511,AFT BAYFRONT STN EXIT E,cbd_bus,CBD-bound,Cbd Bus,34.165,31.356,2.809,improved
G_023_015,BUSSTOP_OUT::03519,BAYFRONT STN EXIT A,cbd_bus,CBD-bound,Cbd Bus,34.756,31.356,3.4,improved
G_023_015,BUSSTOP_OUT::03529,DOWNTOWN STN,cbd_bus,CBD-bound,Cbd Bus,30.556,30.556,-0.0,unchanged
G_023_015,BUSSTOP_OUT::03539,Marina Bay Stn,cbd_bus,CBD-bound,Cbd Bus,31.556,30.356,1.2,improved
G_023_015,BUSSTOP_OUT::05269,MAXWELL RD FC,cbd_bus,CBD-bound,Cbd Bus,29.219,29.219,-0.0,unchanged
G_023_015,BUSSTOP_OUT::05319,OCBC CTR,cbd_bus,CBD-bound,Cbd Bus,27.647,27.647,-0.0,unchanged
G_023_015,BUSSTOP_OUT::05411,TG PAGAR PLAZA,cbd_bus,CBD-bound,Cbd Bus,18.325,18.325,-0.0,unchanged
G_023_015,BUSSTOP_OUT::05419,THE AMARA,cbd_bus,CBD-bound,Cbd Bus,30.674,30.674,-0.0,unchanged
G_023_015,BUSSTOP_OUT::05431,TOWER 15,cbd_bus,CBD-bound,Cbd Bus,31.419,31.419,-0.0,unchanged
G_023_015,BUSSTOP_OUT::05629,OPP STH PT,cbd_bus,CBD-bound,Cbd Bus,16.835,16.835,-0.0,unchanged
G_023_015,BUSSTOP_OUT::05651,OPP FUJI XEROX TWRS,cbd_bus,CBD-bound,Cbd Bus,17.58,17.58,-0.0,unchanged
G_023_015,MRTHUB::Bayfront,Bayfront,cbd_mrt,CBD-bound,Cbd Mrt,24.456,21.056,3.4,improved
G_023_015,MRTHUB::Downtown,Downtown,cbd_mrt,CBD-bound,Cbd Mrt,21.256,21.256,-0.0,unchanged
G_023_015,MRTHUB::Marina_Bay,Marina Bay,cbd_mrt,CBD-bound,Cbd Mrt,23.456,20.056,3.4,improved
G_023_015,MRTHUB::Maxwell,Maxwell,cbd_mrt,CBD-bound,Cbd Mrt,19.256,19.256,-0.0,unchanged
G_023_015,MRTHUB::Raffles_Place,Raffles Place,cbd_mrt,CBD-bound,Cbd Mrt,23.456,23.456,-0.0,unchanged
G_023_015,MRTHUB::Shenton_Way,Shenton Way,cbd_mrt,CBD-bound,Cbd Mrt,20.256,20.256,-0.0,unchanged
G_023_015,MRTHUB::Tanjong_Pagar,Tanjong Pagar,cbd_mrt,CBD-bound,Cbd Mrt,19.256,19.256,-0.0,unchanged
G_023_016,BUSSTOP_OUT::95011,AFT AIRCRAFT FLYOVER,airport_bus,Airport-bound,Airport Bus,67.764,67.764,-0.0,unchanged
G_023_016,BUSSTOP_OUT::95019,AFT CHANGI AIRPORT TER 2,airport_bus,Airport-bound,Airport Bus,57.485,57.485,-0.0,unchanged
G_023_016,BUSSTOP_OUT::95029,CHANGI AIRPORT TER 1,airport_bus,Airport-bound,Airport Bus,56.739,56.739,-0.0,unchanged
G_023_016,BUSSTOP_OUT::95109,CHANGI AIRPORT TER 3,airport_bus,Airport-bound,Airport Bus,53.758,53.758,-0.0,unchanged
G_023_016,BUSSTOP_OUT::95129,CHANGI AIRPORT TER 2,airport_bus,Airport-bound,Airport Bus,53.758,53.758,-0.0,unchanged
G_023_016,BUSSTOP_OUT::95151,AIRPORT POLICE STN,airport_bus,Airport-bound,Airport Bus,65.901,65.901,-0.0,unchanged
G_023_016,BUSSTOP_OUT::95159,NEAR SATS FLIGHT KITCHEN,airport_bus,Airport-bound,Airport Bus,60.466,60.466,-0.0,unchanged
G_023_016,BUSSTOP_OUT::95209,CHANGI AIRPORT TER 4,airport_bus,Airport-bound,Airport Bus,63.448,63.448,-0.0,unchanged
G_023_016,MRTHUB::Changi_Airport,Changi Airport,airport_mrt,Airport-bound,Airport Mrt,43.458,43.458,-0.0,unchanged
G_023_016,BUSSTOP_OUT::03011,FULLERTON SQ,cbd_bus,CBD-bound,Cbd Bus,20.36,20.36,-0.0,unchanged
G_023_016,BUSSTOP_OUT::03019,OUE BAYFRONT,cbd_bus,CBD-bound,Cbd Bus,29.958,29.958,-0.0,unchanged
G_023_016,BUSSTOP_OUT::03021,PRUDENTIAL TWR,cbd_bus,CBD-bound,Cbd Bus,18.124,18.124,-0.0,unchanged
G_023_016,BUSSTOP_OUT::03031,RAFFLES PL STN EXIT F,cbd_bus,CBD-bound,Cbd Bus,18.497,18.497,-0.0,unchanged
G_023_016,BUSSTOP_OUT::03041,TELOK AYER STN EXIT A,cbd_bus,CBD-bound,Cbd Bus,25.224,25.224,-0.0,unchanged
G_023_016,BUSSTOP_OUT::03059,ONE RAFFLES QUAY,cbd_bus,CBD-bound,Cbd Bus,26.085,26.085,-0.0,unchanged
G_023_016,BUSSTOP_OUT::03071,OPP SO SOFITEL S'PORE,cbd_bus,CBD-bound,Cbd Bus,17.379,17.379,-0.0,unchanged
G_023_016,BUSSTOP_OUT::03111,AFT CAPITAL TWR,cbd_bus,CBD-bound,Cbd Bus,16.261,16.261,-0.0,unchanged
G_023_016,BUSSTOP_OUT::03129,UIC BLDG,cbd_bus,CBD-bound,Cbd Bus,25.758,25.758,-0.0,unchanged
G_023_016,BUSSTOP_OUT::03151,AFT TELOK AYER ST,cbd_bus,CBD-bound,Cbd Bus,16.261,16.261,-0.0,unchanged
G_023_016,BUSSTOP_OUT::03217,AFT STRAITS BLVD,cbd_bus,CBD-bound,Cbd Bus,25.758,22.358,3.4,improved
G_023_016,BUSSTOP_OUT::03218,OPP MAS BLDG,cbd_bus,CBD-bound,Cbd Bus,23.733,22.358,1.375,improved
G_023_016,BUSSTOP_OUT::03222,HUB SYNERGY PT,cbd_bus,CBD-bound,Cbd Bus,13.652,13.652,-0.0,unchanged
G_023_016,BUSSTOP_OUT::03223,TANJONG PAGAR STN EXIT C,cbd_bus,CBD-bound,Cbd Bus,14.77,14.77,-0.0,unchanged
G_023_016,BUSSTOP_OUT::03239,SHENTON WAY TER,cbd_bus,CBD-bound,Cbd Bus,24.478,22.358,2.12,improved
G_023_016,BUSSTOP_OUT::03241,MAPLETREE ANSON,cbd_bus,CBD-bound,Cbd Bus,25.758,22.358,3.4,improved
G_023_016,BUSSTOP_OUT::03381,THE SAIL,cbd_bus,CBD-bound,Cbd Bus,19.615,19.615,-0.0,unchanged
G_023_016,BUSSTOP_OUT::03391,MARINA BAY FINANCIAL CTR,cbd_bus,CBD-bound,Cbd Bus,20.36,20.36,-0.0,unchanged
G_023_016,BUSSTOP_OUT::03501,MARINA BAY SANDS THEATRE,cbd_bus,CBD-bound,Cbd Bus,24.46,24.46,-0.0,unchanged
G_023_016,BUSSTOP_OUT::03509,BAYFRONT STN EXIT B/MBS,cbd_bus,CBD-bound,Cbd Bus,30.958,27.558,3.4,improved
G_023_016,BUSSTOP_OUT::03511,AFT BAYFRONT STN EXIT E,cbd_bus,CBD-bound,Cbd Bus,22.969,22.969,-0.0,unchanged
G_023_016,BUSSTOP_OUT::03519,BAYFRONT STN EXIT A,cbd_bus,CBD-bound,Cbd Bus,30.958,27.558,3.4,improved
G_023_016,BUSSTOP_OUT::03529,DOWNTOWN STN,cbd_bus,CBD-bound,Cbd Bus,26.758,26.758,-0.0,unchanged
G_023_016,BUSSTOP_OUT::03539,Marina Bay Stn,cbd_bus,CBD-bound,Cbd Bus,27.758,26.558,1.2,improved
G_023_016,BUSSTOP_OUT::05269,MAXWELL RD FC,cbd_bus,CBD-bound,Cbd Bus,25.421,25.421,-0.0,unchanged
G_023_016,BUSSTOP_OUT::05319,OCBC CTR,cbd_bus,CBD-bound,Cbd Bus,23.849,23.849,-0.0,unchanged
G_023_016,BUSSTOP_OUT::05411,TG PAGAR PLAZA,cbd_bus,CBD-bound,Cbd Bus,13.651,13.651,-0.0,unchanged
G_023_016,BUSSTOP_OUT::05419,THE AMARA,cbd_bus,CBD-bound,Cbd Bus,26.876,26.876,-0.0,unchanged
G_023_016,BUSSTOP_OUT::05431,TOWER 15,cbd_bus,CBD-bound,Cbd Bus,27.621,27.621,-0.0,unchanged
G_023_016,BUSSTOP_OUT::05629,OPP STH PT,cbd_bus,CBD-bound,Cbd Bus,12.533,12.533,-0.0,unchanged
G_023_016,BUSSTOP_OUT::05651,OPP FUJI XEROX TWRS,cbd_bus,CBD-bound,Cbd Bus,12.906,12.906,-0.0,unchanged
G_023_016,MRTHUB::Bayfront,Bayfront,cbd_mrt,CBD-bound,Cbd Mrt,20.658,17.258,3.4,improved
G_023_016,MRTHUB::Downtown,Downtown,cbd_mrt,CBD-bound,Cbd Mrt,17.458,17.458,-0.0,unchanged
G_023_016,MRTHUB::Marina_Bay,Marina Bay,cbd_mrt,CBD-bound,Cbd Mrt,19.658,16.258,3.4,improved
G_023_016,MRTHUB::Maxwell,Maxwell,cbd_mrt,CBD-bound,Cbd Mrt,15.458,15.458,-0.0,unchanged
G_023_016,MRTHUB::Raffles_Place,Raffles Place,cbd_mrt,CBD-bound,Cbd Mrt,19.658,19.658,-0.0,unchanged
G_023_016,MRTHUB::Shenton_Way,Shenton Way,cbd_mrt,CBD-bound,Cbd Mrt,16.458,16.458,-0.0,unchanged
G_023_016,MRTHUB::Tanjong_Pagar,Tanjong Pagar,cbd_mrt,CBD-bound,Cbd Mrt,15.458,15.458,-0.0,unchanged
G_024_011,BUSSTOP_OUT::95011,AFT AIRCRAFT FLYOVER,airport_bus,Airport-bound,Airport Bus,75.366,75.366,-0.0,unchanged
G_024_011,BUSSTOP_OUT::95019,AFT CHANGI AIRPORT TER 2,airport_bus,Airport-bound,Airport Bus,63.923,63.923,-0.0,unchanged
G_024_011,BUSSTOP_OUT::95029,CHANGI AIRPORT TER 1,airport_bus,Airport-bound,Airport Bus,63.177,63.177,-0.0,unchanged
G_024_011,BUSSTOP_OUT::95109,CHANGI AIRPORT TER 3,airport_bus,Airport-bound,Airport Bus,60.196,60.196,-0.0,unchanged
G_024_011,BUSSTOP_OUT::95129,CHANGI AIRPORT TER 2,airport_bus,Airport-bound,Airport Bus,60.196,60.196,-0.0,unchanged
G_024_011,BUSSTOP_OUT::95151,AIRPORT POLICE STN,airport_bus,Airport-bound,Airport Bus,73.503,73.503,-0.0,unchanged
G_024_011,BUSSTOP_OUT::95159,NEAR SATS FLIGHT KITCHEN,airport_bus,Airport-bound,Airport Bus,66.904,66.904,-0.0,unchanged
G_024_011,BUSSTOP_OUT::95209,CHANGI AIRPORT TER 4,airport_bus,Airport-bound,Airport Bus,69.886,69.886,-0.0,unchanged
G_024_011,MRTHUB::Changi_Airport,Changi Airport,airport_mrt,Airport-bound,Airport Mrt,49.896,49.896,-0.0,unchanged
G_024_011,BUSSTOP_OUT::03011,FULLERTON SQ,cbd_bus,CBD-bound,Cbd Bus,31.75,31.75,-0.0,unchanged
G_024_011,BUSSTOP_OUT::03019,OUE BAYFRONT,cbd_bus,CBD-bound,Cbd Bus,36.396,36.396,-0.0,unchanged
G_024_011,BUSSTOP_OUT::03021,PRUDENTIAL TWR,cbd_bus,CBD-bound,Cbd Bus,29.514,29.514,-0.0,unchanged
G_024_011,BUSSTOP_OUT::03031,RAFFLES PL STN EXIT F,cbd_bus,CBD-bound,Cbd Bus,29.887,29.887,-0.0,unchanged
G_024_011,BUSSTOP_OUT::03041,TELOK AYER STN EXIT A,cbd_bus,CBD-bound,Cbd Bus,34.059,34.059,-0.0,unchanged
G_024_011,BUSSTOP_OUT::03059,ONE RAFFLES QUAY,cbd_bus,CBD-bound,Cbd Bus,30.259,30.259,-0.0,unchanged
G_024_011,BUSSTOP_OUT::03071,OPP SO SOFITEL S'PORE,cbd_bus,CBD-bound,Cbd Bus,28.769,28.769,-0.0,unchanged
G_024_011,BUSSTOP_OUT::03111,AFT CAPITAL TWR,cbd_bus,CBD-bound,Cbd Bus,27.651,27.651,-0.0,unchanged
G_024_011,BUSSTOP_OUT::03129,UIC BLDG,cbd_bus,CBD-bound,Cbd Bus,31.75,31.75,-0.0,unchanged
G_024_011,BUSSTOP_OUT::03151,AFT TELOK AYER ST,cbd_bus,CBD-bound,Cbd Bus,27.651,27.651,-0.0,unchanged
G_024_011,BUSSTOP_OUT::03217,AFT STRAITS BLVD,cbd_bus,CBD-bound,Cbd Bus,32.196,32.196,-0.0,unchanged
G_024_011,BUSSTOP_OUT::03218,OPP MAS BLDG,cbd_bus,CBD-bound,Cbd Bus,30.237,30.237,-0.0,unchanged
G_024_011,BUSSTOP_OUT::03222,HUB SYNERGY PT,cbd_bus,CBD-bound,Cbd Bus,25.042,25.042,-0.0,unchanged
G_024_011,BUSSTOP_OUT::03223,TANJONG PAGAR STN EXIT C,cbd_bus,CBD-bound,Cbd Bus,26.16,26.16,-0.0,unchanged
G_024_011,BUSSTOP_OUT::03239,SHENTON WAY TER,cbd_bus,CBD-bound,Cbd Bus,30.982,30.982,-0.0,unchanged
G_024_011,BUSSTOP_OUT::03241,MAPLETREE ANSON,cbd_bus,CBD-bound,Cbd Bus,32.196,32.196,-0.0,unchanged
G_024_011,BUSSTOP_OUT::03381,THE SAIL,cbd_bus,CBD-bound,Cbd Bus,35.55,35.55,-0.0,unchanged
G_024_011,BUSSTOP_OUT::03391,MARINA BAY FINANCIAL CTR,cbd_bus,CBD-bound,Cbd Bus,36.295,36.295,-0.0,unchanged
G_024_011,BUSSTOP_OUT::03501,MARINA BAY SANDS THEATRE,cbd_bus,CBD-bound,Cbd Bus,40.395,40.395,-0.0,unchanged
G_024_011,BUSSTOP_OUT::03509,BAYFRONT STN EXIT B/MBS,cbd_bus,CBD-bound,Cbd Bus,43.433,43.433,-0.0,unchanged
G_024_011,BUSSTOP_OUT::03511,AFT BAYFRONT STN EXIT E,cbd_bus,CBD-bound,Cbd Bus,38.904,38.904,-0.0,unchanged
G_024_011,BUSSTOP_OUT::03519,BAYFRONT STN EXIT A,cbd_bus,CBD-bound,Cbd Bus,43.433,43.433,-0.0,unchanged
G_024_011,BUSSTOP_OUT::03529,DOWNTOWN STN,cbd_bus,CBD-bound,Cbd Bus,34.833,34.833,-0.0,unchanged
G_024_011,BUSSTOP_OUT::03539,Marina Bay Stn,cbd_bus,CBD-bound,Cbd Bus,38.033,38.033,-0.0,unchanged
G_024_011,BUSSTOP_OUT::05269,MAXWELL RD FC,cbd_bus,CBD-bound,Cbd Bus,33.833,33.833,-0.0,unchanged
G_024_011,BUSSTOP_OUT::05319,OCBC CTR,cbd_bus,CBD-bound,Cbd Bus,28.023,28.023,-0.0,unchanged
G_024_011,BUSSTOP_OUT::05411,TG PAGAR PLAZA,cbd_bus,CBD-bound,Cbd Bus,32.141,32.141,-0.0,unchanged
G_024_011,BUSSTOP_OUT::05419,THE AMARA,cbd_bus,CBD-bound,Cbd Bus,33.314,33.314,-0.0,unchanged
G_024_011,BUSSTOP_OUT::05431,TOWER 15,cbd_bus,CBD-bound,Cbd Bus,34.059,34.059,-0.0,unchanged
G_024_011,BUSSTOP_OUT::05629,OPP STH PT,cbd_bus,CBD-bound,Cbd Bus,23.551,23.551,-0.0,unchanged
G_024_011,BUSSTOP_OUT::05651,OPP FUJI XEROX TWRS,cbd_bus,CBD-bound,Cbd Bus,31.396,31.396,-0.0,unchanged
G_024_011,MRTHUB::Bayfront,Bayfront,cbd_mrt,CBD-bound,Cbd Mrt,33.133,33.133,-0.0,unchanged
G_024_011,MRTHUB::Downtown,Downtown,cbd_mrt,CBD-bound,Cbd Mrt,31.986,31.986,-0.0,unchanged
G_024_011,MRTHUB::Marina_Bay,Marina Bay,cbd_mrt,CBD-bound,Cbd Mrt,27.733,27.733,-0.0,unchanged
G_024_011,MRTHUB::Maxwell,Maxwell,cbd_mrt,CBD-bound,Cbd Mrt,23.533,23.533,-0.0,unchanged
G_024_011,MRTHUB::Raffles_Place,Raffles Place,cbd_mrt,CBD-bound,Cbd Mrt,26.096,26.096,-0.0,unchanged
G_024_011,MRTHUB::Shenton_Way,Shenton Way,cbd_mrt,CBD-bound,Cbd Mrt,24.533,24.533,-0.0,unchanged
G_024_011,MRTHUB::Tanjong_Pagar,Tanjong Pagar,cbd_mrt,CBD-bound,Cbd Mrt,21.896,21.896,-0.0,unchanged
G_024_012,BUSSTOP_OUT::95011,AFT AIRCRAFT FLYOVER,airport_bus,Airport-bound,Airport Bus,73.921,73.921,-0.0,unchanged
G_024_012,BUSSTOP_OUT::95019,AFT CHANGI AIRPORT TER 2,airport_bus,Airport-bound,Airport Bus,62.478,62.478,-0.0,unchanged
G_024_012,BUSSTOP_OUT::95029,CHANGI AIRPORT TER 1,airport_bus,Airport-bound,Airport Bus,61.732,61.732,-0.0,unchanged
G_024_012,BUSSTOP_OUT::95109,CHANGI AIRPORT TER 3,airport_bus,Airport-bound,Airport Bus,58.751,58.751,-0.0,unchanged
G_024_012,BUSSTOP_OUT::95129,CHANGI AIRPORT TER 2,airport_bus,Airport-bound,Airport Bus,58.751,58.751,-0.0,unchanged
G_024_012,BUSSTOP_OUT::95151,AIRPORT POLICE STN,airport_bus,Airport-bound,Airport Bus,72.058,72.058,-0.0,unchanged
G_024_012,BUSSTOP_OUT::95159,NEAR SATS FLIGHT KITCHEN,airport_bus,Airport-bound,Airport Bus,65.459,65.459,-0.0,unchanged
G_024_012,BUSSTOP_OUT::95209,CHANGI AIRPORT TER 4,airport_bus,Airport-bound,Airport Bus,68.441,68.441,-0.0,unchanged
G_024_012,MRTHUB::Changi_Airport,Changi Airport,airport_mrt,Airport-bound,Airport Mrt,48.451,48.451,-0.0,unchanged
G_024_012,BUSSTOP_OUT::03011,FULLERTON SQ,cbd_bus,CBD-bound,Cbd Bus,29.904,29.904,-0.0,unchanged
G_024_012,BUSSTOP_OUT::03019,OUE BAYFRONT,cbd_bus,CBD-bound,Cbd Bus,34.951,34.951,-0.0,unchanged
G_024_012,BUSSTOP_OUT::03021,PRUDENTIAL TWR,cbd_bus,CBD-bound,Cbd Bus,27.668,27.668,-0.0,unchanged
G_024_012,BUSSTOP_OUT::03031,RAFFLES PL STN EXIT F,cbd_bus,CBD-bound,Cbd Bus,28.041,28.041,-0.0,unchanged
G_024_012,BUSSTOP_OUT::03041,TELOK AYER STN EXIT A,cbd_bus,CBD-bound,Cbd Bus,32.614,32.614,-0.0,unchanged
G_024_012,BUSSTOP_OUT::03059,ONE RAFFLES QUAY,cbd_bus,CBD-bound,Cbd Bus,27.854,27.854,-0.0,unchanged
G_024_012,BUSSTOP_OUT::03071,OPP SO SOFITEL S'PORE,cbd_bus,CBD-bound,Cbd Bus,26.923,26.923,-0.0,unchanged
G_024_012,BUSSTOP_OUT::03111,AFT CAPITAL TWR,cbd_bus,CBD-bound,Cbd Bus,25.805,25.805,-0.0,unchanged
G_024_012,BUSSTOP_OUT::03129,UIC BLDG,cbd_bus,CBD-bound,Cbd Bus,29.345,29.345,-0.0,unchanged
G_024_012,BUSSTOP_OUT::03151,AFT TELOK AYER ST,cbd_bus,CBD-bound,Cbd Bus,25.805,25.805,-0.0,unchanged
G_024_012,BUSSTOP_OUT::03217,AFT STRAITS BLVD,cbd_bus,CBD-bound,Cbd Bus,30.751,30.751,-0.0,unchanged
G_024_012,BUSSTOP_OUT::03218,OPP MAS BLDG,cbd_bus,CBD-bound,Cbd Bus,28.391,28.391,-0.0,unchanged
G_024_012,BUSSTOP_OUT::03222,HUB SYNERGY PT,cbd_bus,CBD-bound,Cbd Bus,23.196,23.196,-0.0,unchanged
G_024_012,BUSSTOP_OUT::03223,TANJONG PAGAR STN EXIT C,cbd_bus,CBD-bound,Cbd Bus,24.314,24.314,-0.0,unchanged
G_024_012,BUSSTOP_OUT::03239,SHENTON WAY TER,cbd_bus,CBD-bound,Cbd Bus,29.136,29.136,-0.0,unchanged
G_024_012,BUSSTOP_OUT::03241,MAPLETREE ANSON,cbd_bus,CBD-bound,Cbd Bus,30.751,30.751,-0.0,unchanged
G_024_012,BUSSTOP_OUT::03381,THE SAIL,cbd_bus,CBD-bound,Cbd Bus,34.105,34.105,-0.0,unchanged
G_024_012,BUSSTOP_OUT::03391,MARINA BAY FINANCIAL CTR,cbd_bus,CBD-bound,Cbd Bus,34.85,34.85,-0.0,unchanged
G_024_012,BUSSTOP_OUT::03501,MARINA BAY SANDS THEATRE,cbd_bus,CBD-bound,Cbd Bus,38.95,38.942,0.008,improved
G_024_012,BUSSTOP_OUT::03509,BAYFRONT STN EXIT B/MBS,cbd_bus,CBD-bound,Cbd Bus,41.587,38.942,2.645,improved
G_024_012,BUSSTOP_OUT::03511,AFT BAYFRONT STN EXIT E,cbd_bus,CBD-bound,Cbd Bus,37.459,37.459,-0.0,unchanged
G_024_012,BUSSTOP_OUT::03519,BAYFRONT STN EXIT A,cbd_bus,CBD-bound,Cbd Bus,41.587,38.942,2.645,improved
G_024_012,BUSSTOP_OUT::03529,DOWNTOWN STN,cbd_bus,CBD-bound,Cbd Bus,32.987,32.987,-0.0,unchanged
G_024_012,BUSSTOP_OUT::03539,Marina Bay Stn,cbd_bus,CBD-bound,Cbd Bus,36.187,36.187,-0.0,unchanged
G_024_012,BUSSTOP_OUT::05269,MAXWELL RD FC,cbd_bus,CBD-bound,Cbd Bus,31.987,31.987,-0.0,unchanged
G_024_012,BUSSTOP_OUT::05319,OCBC CTR,cbd_bus,CBD-bound,Cbd Bus,25.618,25.618,-0.0,unchanged
G_024_012,BUSSTOP_OUT::05411,TG PAGAR PLAZA,cbd_bus,CBD-bound,Cbd Bus,30.295,30.295,-0.0,unchanged
G_024_012,BUSSTOP_OUT::05419,THE AMARA,cbd_bus,CBD-bound,Cbd Bus,31.869,31.869,-0.0,unchanged
G_024_012,BUSSTOP_OUT::05431,TOWER 15,cbd_bus,CBD-bound,Cbd Bus,32.614,32.614,-0.0,unchanged
G_024_012,BUSSTOP_OUT::05629,OPP STH PT,cbd_bus,CBD-bound,Cbd Bus,21.705,21.705,-0.0,unchanged
G_024_012,BUSSTOP_OUT::05651,OPP FUJI XEROX TWRS,cbd_bus,CBD-bound,Cbd Bus,29.55,29.55,-0.0,unchanged
G_024_012,MRTHUB::Bayfront,Bayfront,cbd_mrt,CBD-bound,Cbd Mrt,31.287,28.642,2.645,improved
G_024_012,MRTHUB::Downtown,Downtown,cbd_mrt,CBD-bound,Cbd Mrt,30.14,30.14,-0.0,unchanged
G_024_012,MRTHUB::Marina_Bay,Marina Bay,cbd_mrt,CBD-bound,Cbd Mrt,25.887,25.887,-0.0,unchanged
G_024_012,MRTHUB::Maxwell,Maxwell,cbd_mrt,CBD-bound,Cbd Mrt,21.687,21.687,-0.0,unchanged
G_024_012,MRTHUB::Raffles_Place,Raffles Place,cbd_mrt,CBD-bound,Cbd Mrt,24.651,24.651,-0.0,unchanged
G_024_012,MRTHUB::Shenton_Way,Shenton Way,cbd_mrt,CBD-bound,Cbd Mrt,22.687,22.687,-0.0,unchanged
G_024_012,MRTHUB::Tanjong_Pagar,Tanjong Pagar,cbd_mrt,CBD-bound,Cbd Mrt,20.451,20.451,-0.0,unchanged
G_024_013,BUSSTOP_OUT::95011,AFT AIRCRAFT FLYOVER,airport_bus,Airport-bound,Airport Bus,76.844,76.844,-0.0,unchanged
G_024_013,BUSSTOP_OUT::95019,AFT CHANGI AIRPORT TER 2,airport_bus,Airport-bound,Airport Bus,65.401,65.401,-0.0,unchanged
G_024_013,BUSSTOP_OUT::95029,CHANGI AIRPORT TER 1,airport_bus,Airport-bound,Airport Bus,64.655,64.655,-0.0,unchanged
G_024_013,BUSSTOP_OUT::95109,CHANGI AIRPORT TER 3,airport_bus,Airport-bound,Airport Bus,61.674,61.674,-0.0,unchanged
G_024_013,BUSSTOP_OUT::95129,CHANGI AIRPORT TER 2,airport_bus,Airport-bound,Airport Bus,61.674,61.674,-0.0,unchanged
G_024_013,BUSSTOP_OUT::95151,AIRPORT POLICE STN,airport_bus,Airport-bound,Airport Bus,74.981,74.981,-0.0,unchanged
G_024_013,BUSSTOP_OUT::95159,NEAR SATS FLIGHT KITCHEN,airport_bus,Airport-bound,Airport Bus,68.382,68.382,-0.0,unchanged
G_024_013,BUSSTOP_OUT::95209,CHANGI AIRPORT TER 4,airport_bus,Airport-bound,Airport Bus,71.364,71.364,-0.0,unchanged
G_024_013,MRTHUB::Changi_Airport,Changi Airport,airport_mrt,Airport-bound,Airport Mrt,51.374,51.374,-0.0,unchanged
G_024_013,BUSSTOP_OUT::03011,FULLERTON SQ,cbd_bus,CBD-bound,Cbd Bus,30.652,30.652,-0.0,unchanged
G_024_013,BUSSTOP_OUT::03019,OUE BAYFRONT,cbd_bus,CBD-bound,Cbd Bus,37.874,37.874,-0.0,unchanged
G_024_013,BUSSTOP_OUT::03021,PRUDENTIAL TWR,cbd_bus,CBD-bound,Cbd Bus,28.416,28.416,-0.0,unchanged
G_024_013,BUSSTOP_OUT::03031,RAFFLES PL STN EXIT F,cbd_bus,CBD-bound,Cbd Bus,28.789,28.789,-0.0,unchanged
G_024_013,BUSSTOP_OUT::03041,TELOK AYER STN EXIT A,cbd_bus,CBD-bound,Cbd Bus,35.516,35.516,-0.0,unchanged
G_024_013,BUSSTOP_OUT::03059,ONE RAFFLES QUAY,cbd_bus,CBD-bound,Cbd Bus,27.671,27.671,-0.0,unchanged
G_024_013,BUSSTOP_OUT::03071,OPP SO SOFITEL S'PORE,cbd_bus,CBD-bound,Cbd Bus,27.671,27.671,-0.0,unchanged
G_024_013,BUSSTOP_OUT::03111,AFT CAPITAL TWR,cbd_bus,CBD-bound,Cbd Bus,26.553,26.553,-0.0,unchanged
G_024_013,BUSSTOP_OUT::03129,UIC BLDG,cbd_bus,CBD-bound,Cbd Bus,29.162,29.162,-0.0,unchanged
G_024_013,BUSSTOP_OUT::03151,AFT TELOK AYER ST,cbd_bus,CBD-bound,Cbd Bus,26.553,26.553,-0.0,unchanged
G_024_013,BUSSTOP_OUT::03217,AFT STRAITS BLVD,cbd_bus,CBD-bound,Cbd Bus,33.674,33.674,-0.0,unchanged
G_024_013,BUSSTOP_OUT::03218,OPP MAS BLDG,cbd_bus,CBD-bound,Cbd Bus,31.025,31.025,-0.0,unchanged
G_024_013,BUSSTOP_OUT::03222,HUB SYNERGY PT,cbd_bus,CBD-bound,Cbd Bus,23.944,23.944,-0.0,unchanged
G_024_013,BUSSTOP_OUT::03223,TANJONG PAGAR STN EXIT C,cbd_bus,CBD-bound,Cbd Bus,25.062,25.062,-0.0,unchanged
G_024_013,BUSSTOP_OUT::03239,SHENTON WAY TER,cbd_bus,CBD-bound,Cbd Bus,31.77,31.77,-0.0,unchanged
G_024_013,BUSSTOP_OUT::03241,MAPLETREE ANSON,cbd_bus,CBD-bound,Cbd Bus,33.674,33.674,-0.0,unchanged
G_024_013,BUSSTOP_OUT::03381,THE SAIL,cbd_bus,CBD-bound,Cbd Bus,37.007,37.007,-0.0,unchanged
G_024_013,BUSSTOP_OUT::03391,MARINA BAY FINANCIAL CTR,cbd_bus,CBD-bound,Cbd Bus,37.752,37.752,-0.0,unchanged
G_024_013,BUSSTOP_OUT::03501,MARINA BAY SANDS THEATRE,cbd_bus,CBD-bound,Cbd Bus,41.852,39.846,2.006,improved
G_024_013,BUSSTOP_OUT::03509,BAYFRONT STN EXIT B/MBS,cbd_bus,CBD-bound,Cbd Bus,43.246,39.846,3.4,improved
G_024_013,BUSSTOP_OUT::03511,AFT BAYFRONT STN EXIT E,cbd_bus,CBD-bound,Cbd Bus,40.361,39.846,0.515,improved
G_024_013,BUSSTOP_OUT::03519,BAYFRONT STN EXIT A,cbd_bus,CBD-bound,Cbd Bus,43.246,39.846,3.4,improved
G_024_013,BUSSTOP_OUT::03529,DOWNTOWN STN,cbd_bus,CBD-bound,Cbd Bus,35.09,35.09,-0.0,unchanged
G_024_013,BUSSTOP_OUT::03539,Marina Bay Stn,cbd_bus,CBD-bound,Cbd Bus,38.29,38.29,-0.0,unchanged
G_024_013,BUSSTOP_OUT::05269,MAXWELL RD FC,cbd_bus,CBD-bound,Cbd Bus,34.09,34.09,-0.0,unchanged
G_024_013,BUSSTOP_OUT::05319,OCBC CTR,cbd_bus,CBD-bound,Cbd Bus,25.435,25.435,-0.0,unchanged
G_024_013,BUSSTOP_OUT::05411,TG PAGAR PLAZA,cbd_bus,CBD-bound,Cbd Bus,31.043,31.043,-0.0,unchanged
G_024_013,BUSSTOP_OUT::05419,THE AMARA,cbd_bus,CBD-bound,Cbd Bus,34.792,34.792,-0.0,unchanged
G_024_013,BUSSTOP_OUT::05431,TOWER 15,cbd_bus,CBD-bound,Cbd Bus,35.537,35.537,-0.0,unchanged
G_024_013,BUSSTOP_OUT::05629,OPP STH PT,cbd_bus,CBD-bound,Cbd Bus,22.453,22.453,-0.0,unchanged
G_024_013,BUSSTOP_OUT::05651,OPP FUJI XEROX TWRS,cbd_bus,CBD-bound,Cbd Bus,30.298,30.298,-0.0,unchanged
G_024_013,MRTHUB::Bayfront,Bayfront,cbd_mrt,CBD-bound,Cbd Mrt,32.946,29.546,3.4,improved
G_024_013,MRTHUB::Downtown,Downtown,cbd_mrt,CBD-bound,Cbd Mrt,29.746,29.746,-0.0,unchanged
G_024_013,MRTHUB::Marina_Bay,Marina Bay,cbd_mrt,CBD-bound,Cbd Mrt,27.99,27.99,-0.0,unchanged
G_024_013,MRTHUB::Maxwell,Maxwell,cbd_mrt,CBD-bound,Cbd Mrt,23.79,23.79,-0.0,unchanged
G_024_013,MRTHUB::Raffles_Place,Raffles Place,cbd_mrt,CBD-bound,Cbd Mrt,27.574,27.574,-0.0,unchanged
G_024_013,MRTHUB::Shenton_Way,Shenton Way,cbd_mrt,CBD-bound,Cbd Mrt,24.79,24.79,-0.0,unchanged
G_024_013,MRTHUB::Tanjong_Pagar,Tanjong Pagar,cbd_mrt,CBD-bound,Cbd Mrt,23.374,23.374,-0.0,unchanged
G_024_014,BUSSTOP_OUT::95011,AFT AIRCRAFT FLYOVER,airport_bus,Airport-bound,Airport Bus,75.643,75.643,-0.0,unchanged
G_024_014,BUSSTOP_OUT::95019,AFT CHANGI AIRPORT TER 2,airport_bus,Airport-bound,Airport Bus,65.364,65.364,-0.0,unchanged
G_024_014,BUSSTOP_OUT::95029,CHANGI AIRPORT TER 1,airport_bus,Airport-bound,Airport Bus,64.618,64.618,-0.0,unchanged
G_024_014,BUSSTOP_OUT::95109,CHANGI AIRPORT TER 3,airport_bus,Airport-bound,Airport Bus,61.637,61.637,-0.0,unchanged
G_024_014,BUSSTOP_OUT::95129,CHANGI AIRPORT TER 2,airport_bus,Airport-bound,Airport Bus,61.637,61.637,-0.0,unchanged
G_024_014,BUSSTOP_OUT::95151,AIRPORT POLICE STN,airport_bus,Airport-bound,Airport Bus,73.78,73.78,-0.0,unchanged
G_024_014,BUSSTOP_OUT::95159,NEAR SATS FLIGHT KITCHEN,airport_bus,Airport-bound,Airport Bus,68.345,68.345,-0.0,unchanged
G_024_014,BUSSTOP_OUT::95209,CHANGI AIRPORT TER 4,airport_bus,Airport-bound,Airport Bus,71.327,71.327,-0.0,unchanged
G_024_014,MRTHUB::Changi_Airport,Changi Airport,airport_mrt,Airport-bound,Airport Mrt,51.337,51.337,-0.0,unchanged
G_024_014,BUSSTOP_OUT::03011,FULLERTON SQ,cbd_bus,CBD-bound,Cbd Bus,30.703,30.703,-0.0,unchanged
G_024_014,BUSSTOP_OUT::03019,OUE BAYFRONT,cbd_bus,CBD-bound,Cbd Bus,37.837,37.837,-0.0,unchanged
G_024_014,BUSSTOP_OUT::03021,PRUDENTIAL TWR,cbd_bus,CBD-bound,Cbd Bus,28.467,28.467,-0.0,unchanged
G_024_014,BUSSTOP_OUT::03031,RAFFLES PL STN EXIT F,cbd_bus,CBD-bound,Cbd Bus,28.84,28.84,-0.0,unchanged
G_024_014,BUSSTOP_OUT::03041,TELOK AYER STN EXIT A,cbd_bus,CBD-bound,Cbd Bus,34.637,33.591,1.046,improved
G_024_014,BUSSTOP_OUT::03059,ONE RAFFLES QUAY,cbd_bus,CBD-bound,Cbd Bus,27.722,27.722,-0.0,unchanged
G_024_014,BUSSTOP_OUT::03071,OPP SO SOFITEL S'PORE,cbd_bus,CBD-bound,Cbd Bus,27.722,27.722,-0.0,unchanged
G_024_014,BUSSTOP_OUT::03111,AFT CAPITAL TWR,cbd_bus,CBD-bound,Cbd Bus,26.604,26.604,-0.0,unchanged
G_024_014,BUSSTOP_OUT::03129,UIC BLDG,cbd_bus,CBD-bound,Cbd Bus,29.213,29.213,-0.0,unchanged
G_024_014,BUSSTOP_OUT::03151,AFT TELOK AYER ST,cbd_bus,CBD-bound,Cbd Bus,26.604,26.604,-0.0,unchanged
G_024_014,BUSSTOP_OUT::03217,AFT STRAITS BLVD,cbd_bus,CBD-bound,Cbd Bus,33.637,30.237,3.4,improved
G_024_014,BUSSTOP_OUT::03218,OPP MAS BLDG,cbd_bus,CBD-bound,Cbd Bus,30.346,30.237,0.109,improved
G_024_014,BUSSTOP_OUT::03222,HUB SYNERGY PT,cbd_bus,CBD-bound,Cbd Bus,23.995,23.995,-0.0,unchanged
G_024_014,BUSSTOP_OUT::03223,TANJONG PAGAR STN EXIT C,cbd_bus,CBD-bound,Cbd Bus,25.113,25.113,-0.0,unchanged
G_024_014,BUSSTOP_OUT::03239,SHENTON WAY TER,cbd_bus,CBD-bound,Cbd Bus,31.091,30.237,0.854,improved
G_024_014,BUSSTOP_OUT::03241,MAPLETREE ANSON,cbd_bus,CBD-bound,Cbd Bus,33.637,30.237,3.4,improved
G_024_014,BUSSTOP_OUT::03381,THE SAIL,cbd_bus,CBD-bound,Cbd Bus,35.637,35.082,0.555,improved
G_024_014,BUSSTOP_OUT::03391,MARINA BAY FINANCIAL CTR,cbd_bus,CBD-bound,Cbd Bus,35.637,35.637,-0.0,unchanged
G_024_014,BUSSTOP_OUT::03501,MARINA BAY SANDS THEATRE,cbd_bus,CBD-bound,Cbd Bus,38.837,35.437,3.4,improved
G_024_014,BUSSTOP_OUT::03509,BAYFRONT STN EXIT B/MBS,cbd_bus,CBD-bound,Cbd Bus,38.837,35.437,3.4,improved
G_024_014,BUSSTOP_OUT::03511,AFT BAYFRONT STN EXIT E,cbd_bus,CBD-bound,Cbd Bus,38.246,35.437,2.809,improved
G_024_014,BUSSTOP_OUT::03519,BAYFRONT STN EXIT A,cbd_bus,CBD-bound,Cbd Bus,38.837,35.437,3.4,improved
G_024_014,BUSSTOP_OUT::03529,DOWNTOWN STN,cbd_bus,CBD-bound,Cbd Bus,34.637,34.637,-0.0,unchanged
G_024_014,BUSSTOP_OUT::03539,Marina Bay Stn,cbd_bus,CBD-bound,Cbd Bus,35.637,34.437,1.2,improved
G_024_014,BUSSTOP_OUT::05269,MAXWELL RD FC,cbd_bus,CBD-bound,Cbd Bus,33.3,33.3,-0.0,unchanged
G_024_014,BUSSTOP_OUT::05319,OCBC CTR,cbd_bus,CBD-bound,Cbd Bus,25.486,25.486,-0.0,unchanged
G_024_014,BUSSTOP_OUT::05411,TG PAGAR PLAZA,cbd_bus,CBD-bound,Cbd Bus,31.094,30.472,0.622,improved
G_024_014,BUSSTOP_OUT::05419,THE AMARA,cbd_bus,CBD-bound,Cbd Bus,34.755,34.755,-0.0,unchanged
G_024_014,BUSSTOP_OUT::05431,TOWER 15,cbd_bus,CBD-bound,Cbd Bus,35.5,35.5,-0.0,unchanged
G_024_014,BUSSTOP_OUT::05629,OPP STH PT,cbd_bus,CBD-bound,Cbd Bus,22.504,22.504,-0.0,unchanged
G_024_014,BUSSTOP_OUT::05651,OPP FUJI XEROX TWRS,cbd_bus,CBD-bound,Cbd Bus,30.349,29.727,0.622,improved
G_024_014,MRTHUB::Bayfront,Bayfront,cbd_mrt,CBD-bound,Cbd Mrt,28.537,25.137,3.4,improved
G_024_014,MRTHUB::Downtown,Downtown,cbd_mrt,CBD-bound,Cbd Mrt,25.337,25.337,-0.0,unchanged
G_024_014,MRTHUB::Marina_Bay,Marina Bay,cbd_mrt,CBD-bound,Cbd Mrt,27.537,24.137,3.4,improved
G_024_014,MRTHUB::Maxwell,Maxwell,cbd_mrt,CBD-bound,Cbd Mrt,23.337,23.337,-0.0,unchanged
G_024_014,MRTHUB::Raffles_Place,Raffles Place,cbd_mrt,CBD-bound,Cbd Mrt,27.537,27.537,-0.0,unchanged
G_024_014,MRTHUB::Shenton_Way,Shenton Way,cbd_mrt,CBD-bound,Cbd Mrt,24.337,24.337,-0.0,unchanged
G_024_014,MRTHUB::Tanjong_Pagar,Tanjong Pagar,cbd_mrt,CBD-bound,Cbd Mrt,23.337,23.337,-0.0,unchanged
G_024_015,BUSSTOP_OUT::95011,AFT AIRCRAFT FLYOVER,airport_bus,Airport-bound,Airport Bus,71.276,71.276,-0.0,unchanged
G_024_015,BUSSTOP_OUT::95019,AFT CHANGI AIRPORT TER 2,airport_bus,Airport-bound,Airport Bus,60.997,60.997,-0.0,unchanged
G_024_015,BUSSTOP_OUT::95029,CHANGI AIRPORT TER 1,airport_bus,Airport-bound,Airport Bus,60.251,60.251,-0.0,unchanged
G_024_015,BUSSTOP_OUT::95109,CHANGI AIRPORT TER 3,airport_bus,Airport-bound,Airport Bus,57.27,57.27,-0.0,unchanged
G_024_015,BUSSTOP_OUT::95129,CHANGI AIRPORT TER 2,airport_bus,Airport-bound,Airport Bus,57.27,57.27,-0.0,unchanged
G_024_015,BUSSTOP_OUT::95151,AIRPORT POLICE STN,airport_bus,Airport-bound,Airport Bus,69.413,69.413,-0.0,unchanged
G_024_015,BUSSTOP_OUT::95159,NEAR SATS FLIGHT KITCHEN,airport_bus,Airport-bound,Airport Bus,63.978,63.978,-0.0,unchanged
G_024_015,BUSSTOP_OUT::95209,CHANGI AIRPORT TER 4,airport_bus,Airport-bound,Airport Bus,66.96,66.96,-0.0,unchanged
G_024_015,MRTHUB::Changi_Airport,Changi Airport,airport_mrt,Airport-bound,Airport Mrt,46.97,46.97,-0.0,unchanged
G_024_015,BUSSTOP_OUT::03011,FULLERTON SQ,cbd_bus,CBD-bound,Cbd Bus,32.506,31.46,1.046,improved
G_024_015,BUSSTOP_OUT::03019,OUE BAYFRONT,cbd_bus,CBD-bound,Cbd Bus,33.47,33.47,-0.0,unchanged
G_024_015,BUSSTOP_OUT::03021,PRUDENTIAL TWR,cbd_bus,CBD-bound,Cbd Bus,30.27,29.224,1.046,improved
G_024_015,BUSSTOP_OUT::03031,RAFFLES PL STN EXIT F,cbd_bus,CBD-bound,Cbd Bus,30.27,29.969,0.301,improved
G_024_015,BUSSTOP_OUT::03041,TELOK AYER STN EXIT A,cbd_bus,CBD-bound,Cbd Bus,30.27,29.224,1.046,improved
G_024_015,BUSSTOP_OUT::03059,ONE RAFFLES QUAY,cbd_bus,CBD-bound,Cbd Bus,29.597,29.597,-0.0,unchanged
G_024_015,BUSSTOP_OUT::03071,OPP SO SOFITEL S'PORE,cbd_bus,CBD-bound,Cbd Bus,30.27,28.851,1.419,improved
G_024_015,BUSSTOP_OUT::03111,AFT CAPITAL TWR,cbd_bus,CBD-bound,Cbd Bus,29.27,27.733,1.537,improved
G_024_015,BUSSTOP_OUT::03129,UIC BLDG,cbd_bus,CBD-bound,Cbd Bus,29.27,29.27,-0.0,unchanged
G_024_015,BUSSTOP_OUT::03151,AFT TELOK AYER ST,cbd_bus,CBD-bound,Cbd Bus,29.27,27.361,1.909,improved
G_024_015,BUSSTOP_OUT::03217,AFT STRAITS BLVD,cbd_bus,CBD-bound,Cbd Bus,29.27,25.87,3.4,improved
G_024_015,BUSSTOP_OUT::03218,OPP MAS BLDG,cbd_bus,CBD-bound,Cbd Bus,29.27,25.87,3.4,improved
G_024_015,BUSSTOP_OUT::03222,HUB SYNERGY PT,cbd_bus,CBD-bound,Cbd Bus,28.44,25.87,2.57,improved
G_024_015,BUSSTOP_OUT::03223,TANJONG PAGAR STN EXIT C,cbd_bus,CBD-bound,Cbd Bus,29.27,25.87,3.4,improved
G_024_015,BUSSTOP_OUT::03239,SHENTON WAY TER,cbd_bus,CBD-bound,Cbd Bus,29.27,25.87,3.4,improved
G_024_015,BUSSTOP_OUT::03241,MAPLETREE ANSON,cbd_bus,CBD-bound,Cbd Bus,29.27,25.87,3.4,improved
G_024_015,BUSSTOP_OUT::03381,THE SAIL,cbd_bus,CBD-bound,Cbd Bus,31.27,30.715,0.555,improved
G_024_015,BUSSTOP_OUT::03391,MARINA BAY FINANCIAL CTR,cbd_bus,CBD-bound,Cbd Bus,31.27,31.27,-0.0,unchanged
G_024_015,BUSSTOP_OUT::03501,MARINA BAY SANDS THEATRE,cbd_bus,CBD-bound,Cbd Bus,34.47,31.07,3.4,improved
G_024_015,BUSSTOP_OUT::03509,BAYFRONT STN EXIT B/MBS,cbd_bus,CBD-bound,Cbd Bus,34.47,31.07,3.4,improved
G_024_015,BUSSTOP_OUT::03511,AFT BAYFRONT STN EXIT E,cbd_bus,CBD-bound,Cbd Bus,33.879,31.07,2.809,improved
G_024_015,BUSSTOP_OUT::03519,BAYFRONT STN EXIT A,cbd_bus,CBD-bound,Cbd Bus,34.47,31.07,3.4,improved
G_024_015,BUSSTOP_OUT::03529,DOWNTOWN STN,cbd_bus,CBD-bound,Cbd Bus,30.27,30.27,-0.0,unchanged
G_024_015,BUSSTOP_OUT::03539,Marina Bay Stn,cbd_bus,CBD-bound,Cbd Bus,31.27,30.07,1.2,improved
G_024_015,BUSSTOP_OUT::05269,MAXWELL RD FC,cbd_bus,CBD-bound,Cbd Bus,28.933,28.933,-0.0,unchanged
G_024_015,BUSSTOP_OUT::05319,OCBC CTR,cbd_bus,CBD-bound,Cbd Bus,27.361,27.361,-0.0,unchanged
G_024_015,BUSSTOP_OUT::05411,TG PAGAR PLAZA,cbd_bus,CBD-bound,Cbd Bus,28.477,26.105,2.372,improved
G_024_015,BUSSTOP_OUT::05419,THE AMARA,cbd_bus,CBD-bound,Cbd Bus,30.388,30.388,-0.0,unchanged
G_024_015,BUSSTOP_OUT::05431,TOWER 15,cbd_bus,CBD-bound,Cbd Bus,31.133,31.133,-0.0,unchanged
G_024_015,BUSSTOP_OUT::05629,OPP STH PT,cbd_bus,CBD-bound,Cbd Bus,26.949,24.615,2.334,improved
G_024_015,BUSSTOP_OUT::05651,OPP FUJI XEROX TWRS,cbd_bus,CBD-bound,Cbd Bus,27.732,25.36,2.372,improved
G_024_015,MRTHUB::Bayfront,Bayfront,cbd_mrt,CBD-bound,Cbd Mrt,24.17,20.77,3.4,improved
G_024_015,MRTHUB::Downtown,Downtown,cbd_mrt,CBD-bound,Cbd Mrt,20.97,20.97,-0.0,unchanged
G_024_015,MRTHUB::Marina_Bay,Marina Bay,cbd_mrt,CBD-bound,Cbd Mrt,23.17,19.77,3.4,improved
G_024_015,MRTHUB::Maxwell,Maxwell,cbd_mrt,CBD-bound,Cbd Mrt,18.97,18.97,-0.0,unchanged
G_024_015,MRTHUB::Raffles_Place,Raffles Place,cbd_mrt,CBD-bound,Cbd Mrt,23.17,23.17,-0.0,unchanged
G_024_015,MRTHUB::Shenton_Way,Shenton Way,cbd_mrt,CBD-bound,Cbd Mrt,19.97,19.97,-0.0,unchanged
G_024_015,MRTHUB::Tanjong_Pagar,Tanjong Pagar,cbd_mrt,CBD-bound,Cbd Mrt,18.97,18.97,-0.0,unchanged
G_024_016,BUSSTOP_OUT::95011,AFT AIRCRAFT FLYOVER,airport_bus,Airport-bound,Airport Bus,67.157,67.157,-0.0,unchanged
G_024_016,BUSSTOP_OUT::95019,AFT CHANGI AIRPORT TER 2,airport_bus,Airport-bound,Airport Bus,56.878,56.878,-0.0,unchanged
G_024_016,BUSSTOP_OUT::95029,CHANGI AIRPORT TER 1,airport_bus,Airport-bound,Airport Bus,56.132,56.132,-0.0,unchanged
G_024_016,BUSSTOP_OUT::95109,CHANGI AIRPORT TER 3,airport_bus,Airport-bound,Airport Bus,53.151,53.151,-0.0,unchanged
G_024_016,BUSSTOP_OUT::95129,CHANGI AIRPORT TER 2,airport_bus,Airport-bound,Airport Bus,53.151,53.151,-0.0,unchanged
G_024_016,BUSSTOP_OUT::95151,AIRPORT POLICE STN,airport_bus,Airport-bound,Airport Bus,65.294,65.294,-0.0,unchanged
G_024_016,BUSSTOP_OUT::95159,NEAR SATS FLIGHT KITCHEN,airport_bus,Airport-bound,Airport Bus,59.859,59.859,-0.0,unchanged
G_024_016,BUSSTOP_OUT::95209,CHANGI AIRPORT TER 4,airport_bus,Airport-bound,Airport Bus,62.841,62.841,-0.0,unchanged
G_024_016,MRTHUB::Changi_Airport,Changi Airport,airport_mrt,Airport-bound,Airport Mrt,42.851,42.851,-0.0,unchanged
G_024_016,BUSSTOP_OUT::03011,FULLERTON SQ,cbd_bus,CBD-bound,Cbd Bus,19.279,19.279,-0.0,unchanged
G_024_016,BUSSTOP_OUT::03019,OUE BAYFRONT,cbd_bus,CBD-bound,Cbd Bus,29.351,29.351,-0.0,unchanged
G_024_016,BUSSTOP_OUT::03021,PRUDENTIAL TWR,cbd_bus,CBD-bound,Cbd Bus,17.043,17.043,-0.0,unchanged
G_024_016,BUSSTOP_OUT::03031,RAFFLES PL STN EXIT F,cbd_bus,CBD-bound,Cbd Bus,17.416,17.416,-0.0,unchanged
G_024_016,BUSSTOP_OUT::03041,TELOK AYER STN EXIT A,cbd_bus,CBD-bound,Cbd Bus,24.143,24.143,-0.0,unchanged
G_024_016,BUSSTOP_OUT::03059,ONE RAFFLES QUAY,cbd_bus,CBD-bound,Cbd Bus,25.478,25.478,-0.0,unchanged
G_024_016,BUSSTOP_OUT::03071,OPP SO SOFITEL S'PORE,cbd_bus,CBD-bound,Cbd Bus,16.298,16.298,-0.0,unchanged
G_024_016,BUSSTOP_OUT::03111,AFT CAPITAL TWR,cbd_bus,CBD-bound,Cbd Bus,15.18,15.18,-0.0,unchanged
G_024_016,BUSSTOP_OUT::03129,UIC BLDG,cbd_bus,CBD-bound,Cbd Bus,25.151,25.151,-0.0,unchanged
G_024_016,BUSSTOP_OUT::03151,AFT TELOK AYER ST,cbd_bus,CBD-bound,Cbd Bus,15.18,15.18,-0.0,unchanged
G_024_016,BUSSTOP_OUT::03217,AFT STRAITS BLVD,cbd_bus,CBD-bound,Cbd Bus,25.151,21.751,3.4,improved
G_024_016,BUSSTOP_OUT::03218,OPP MAS BLDG,cbd_bus,CBD-bound,Cbd Bus,22.652,21.751,0.901,improved
G_024_016,BUSSTOP_OUT::03222,HUB SYNERGY PT,cbd_bus,CBD-bound,Cbd Bus,12.571,12.571,-0.0,unchanged
G_024_016,BUSSTOP_OUT::03223,TANJONG PAGAR STN EXIT C,cbd_bus,CBD-bound,Cbd Bus,13.689,13.689,-0.0,unchanged
G_024_016,BUSSTOP_OUT::03239,SHENTON WAY TER,cbd_bus,CBD-bound,Cbd Bus,23.397,21.751,1.646,improved
G_024_016,BUSSTOP_OUT::03241,MAPLETREE ANSON,cbd_bus,CBD-bound,Cbd Bus,25.151,21.751,3.4,improved
G_024_016,BUSSTOP_OUT::03381,THE SAIL,cbd_bus,CBD-bound,Cbd Bus,18.534,18.534,-0.0,unchanged
G_024_016,BUSSTOP_OUT::03391,MARINA BAY FINANCIAL CTR,cbd_bus,CBD-bound,Cbd Bus,19.279,19.279,-0.0,unchanged
G_024_016,BUSSTOP_OUT::03501,MARINA BAY SANDS THEATRE,cbd_bus,CBD-bound,Cbd Bus,23.379,23.379,-0.0,unchanged
G_024_016,BUSSTOP_OUT::03509,BAYFRONT STN EXIT B/MBS,cbd_bus,CBD-bound,Cbd Bus,30.351,26.951,3.4,improved
G_024_016,BUSSTOP_OUT::03511,AFT BAYFRONT STN EXIT E,cbd_bus,CBD-bound,Cbd Bus,21.888,21.888,-0.0,unchanged
G_024_016,BUSSTOP_OUT::03519,BAYFRONT STN EXIT A,cbd_bus,CBD-bound,Cbd Bus,30.351,26.951,3.4,improved
G_024_016,BUSSTOP_OUT::03529,DOWNTOWN STN,cbd_bus,CBD-bound,Cbd Bus,26.151,26.151,-0.0,unchanged
G_024_016,BUSSTOP_OUT::03539,Marina Bay Stn,cbd_bus,CBD-bound,Cbd Bus,27.151,25.951,1.2,improved
G_024_016,BUSSTOP_OUT::05269,MAXWELL RD FC,cbd_bus,CBD-bound,Cbd Bus,24.814,24.814,-0.0,unchanged
G_024_016,BUSSTOP_OUT::05319,OCBC CTR,cbd_bus,CBD-bound,Cbd Bus,23.242,23.242,-0.0,unchanged
G_024_016,BUSSTOP_OUT::05411,TG PAGAR PLAZA,cbd_bus,CBD-bound,Cbd Bus,12.57,12.57,-0.0,unchanged
G_024_016,BUSSTOP_OUT::05419,THE AMARA,cbd_bus,CBD-bound,Cbd Bus,26.269,26.269,-0.0,unchanged
G_024_016,BUSSTOP_OUT::05431,TOWER 15,cbd_bus,CBD-bound,Cbd Bus,27.014,27.014,-0.0,unchanged
G_024_016,BUSSTOP_OUT::05629,OPP STH PT,cbd_bus,CBD-bound,Cbd Bus,11.452,11.452,-0.0,unchanged
G_024_016,BUSSTOP_OUT::05651,OPP FUJI XEROX TWRS,cbd_bus,CBD-bound,Cbd Bus,11.825,11.825,-0.0,unchanged
G_024_016,MRTHUB::Bayfront,Bayfront,cbd_mrt,CBD-bound,Cbd Mrt,20.051,16.651,3.4,improved
G_024_016,MRTHUB::Downtown,Downtown,cbd_mrt,CBD-bound,Cbd Mrt,16.851,16.851,-0.0,unchanged
G_024_016,MRTHUB::Marina_Bay,Marina Bay,cbd_mrt,CBD-bound,Cbd Mrt,19.051,15.651,3.4,improved
G_024_016,MRTHUB::Maxwell,Maxwell,cbd_mrt,CBD-bound,Cbd Mrt,14.851,14.851,-0.0,unchanged
G_024_016,MRTHUB::Raffles_Place,Raffles Place,cbd_mrt,CBD-bound,Cbd Mrt,19.051,19.051,-0.0,unchanged
G_024_016,MRTHUB::Shenton_Way,Shenton Way,cbd_mrt,CBD-bound,Cbd Mrt,15.851,15.851,-0.0,unchanged
G_024_016,MRTHUB::Tanjong_Pagar,Tanjong Pagar,cbd_mrt,CBD-bound,Cbd Mrt,14.851,14.851,-0.0,unchanged
G_025_011,BUSSTOP_OUT::95011,AFT AIRCRAFT FLYOVER,airport_bus,Airport-bound,Airport Bus,74.067,74.067,-0.0,unchanged
G_025_011,BUSSTOP_OUT::95019,AFT CHANGI AIRPORT TER 2,airport_bus,Airport-bound,Airport Bus,62.624,62.624,-0.0,unchanged
G_025_011,BUSSTOP_OUT::95029,CHANGI AIRPORT TER 1,airport_bus,Airport-bound,Airport Bus,61.878,61.878,-0.0,unchanged
G_025_011,BUSSTOP_OUT::95109,CHANGI AIRPORT TER 3,airport_bus,Airport-bound,Airport Bus,58.897,58.897,-0.0,unchanged
G_025_011,BUSSTOP_OUT::95129,CHANGI AIRPORT TER 2,airport_bus,Airport-bound,Airport Bus,58.897,58.897,-0.0,unchanged
G_025_011,BUSSTOP_OUT::95151,AIRPORT POLICE STN,airport_bus,Airport-bound,Airport Bus,72.204,72.204,-0.0,unchanged
G_025_011,BUSSTOP_OUT::95159,NEAR SATS FLIGHT KITCHEN,airport_bus,Airport-bound,Airport Bus,65.605,65.605,-0.0,unchanged
G_025_011,BUSSTOP_OUT::95209,CHANGI AIRPORT TER 4,airport_bus,Airport-bound,Airport Bus,68.587,68.587,-0.0,unchanged
G_025_011,MRTHUB::Changi_Airport,Changi Airport,airport_mrt,Airport-bound,Airport Mrt,48.597,48.597,-0.0,unchanged
G_025_011,BUSSTOP_OUT::03011,FULLERTON SQ,cbd_bus,CBD-bound,Cbd Bus,32.175,32.175,-0.0,unchanged
G_025_011,BUSSTOP_OUT::03019,OUE BAYFRONT,cbd_bus,CBD-bound,Cbd Bus,35.097,35.097,-0.0,unchanged
G_025_011,BUSSTOP_OUT::03021,PRUDENTIAL TWR,cbd_bus,CBD-bound,Cbd Bus,29.939,29.939,-0.0,unchanged
G_025_011,BUSSTOP_OUT::03031,RAFFLES PL STN EXIT F,cbd_bus,CBD-bound,Cbd Bus,30.312,30.312,-0.0,unchanged
G_025_011,BUSSTOP_OUT::03041,TELOK AYER STN EXIT A,cbd_bus,CBD-bound,Cbd Bus,32.76,32.76,-0.0,unchanged
G_025_011,BUSSTOP_OUT::03059,ONE RAFFLES QUAY,cbd_bus,CBD-bound,Cbd Bus,30.684,30.684,-0.0,unchanged
G_025_011,BUSSTOP_OUT::03071,OPP SO SOFITEL S'PORE,cbd_bus,CBD-bound,Cbd Bus,29.194,29.194,-0.0,unchanged
G_025_011,BUSSTOP_OUT::03111,AFT CAPITAL TWR,cbd_bus,CBD-bound,Cbd Bus,28.076,28.076,-0.0,unchanged
G_025_011,BUSSTOP_OUT::03129,UIC BLDG,cbd_bus,CBD-bound,Cbd Bus,30.897,30.897,-0.0,unchanged
G_025_011,BUSSTOP_OUT::03151,AFT TELOK AYER ST,cbd_bus,CBD-bound,Cbd Bus,28.076,28.076,-0.0,unchanged
G_025_011,BUSSTOP_OUT::03217,AFT STRAITS BLVD,cbd_bus,CBD-bound,Cbd Bus,30.897,30.897,-0.0,unchanged
G_025_011,BUSSTOP_OUT::03218,OPP MAS BLDG,cbd_bus,CBD-bound,Cbd Bus,30.662,30.662,-0.0,unchanged
G_025_011,BUSSTOP_OUT::03222,HUB SYNERGY PT,cbd_bus,CBD-bound,Cbd Bus,25.467,25.467,-0.0,unchanged
G_025_011,BUSSTOP_OUT::03223,TANJONG PAGAR STN EXIT C,cbd_bus,CBD-bound,Cbd Bus,26.585,26.585,-0.0,unchanged
G_025_011,BUSSTOP_OUT::03239,SHENTON WAY TER,cbd_bus,CBD-bound,Cbd Bus,30.897,30.897,-0.0,unchanged
G_025_011,BUSSTOP_OUT::03241,MAPLETREE ANSON,cbd_bus,CBD-bound,Cbd Bus,30.897,30.897,-0.0,unchanged
G_025_011,BUSSTOP_OUT::03381,THE SAIL,cbd_bus,CBD-bound,Cbd Bus,34.251,34.251,-0.0,unchanged
G_025_011,BUSSTOP_OUT::03391,MARINA BAY FINANCIAL CTR,cbd_bus,CBD-bound,Cbd Bus,34.996,34.996,-0.0,unchanged
G_025_011,BUSSTOP_OUT::03501,MARINA BAY SANDS THEATRE,cbd_bus,CBD-bound,Cbd Bus,39.096,39.096,-0.0,unchanged
G_025_011,BUSSTOP_OUT::03509,BAYFRONT STN EXIT B/MBS,cbd_bus,CBD-bound,Cbd Bus,43.858,43.07,0.788,improved
G_025_011,BUSSTOP_OUT::03511,AFT BAYFRONT STN EXIT E,cbd_bus,CBD-bound,Cbd Bus,37.605,37.605,-0.0,unchanged
G_025_011,BUSSTOP_OUT::03519,BAYFRONT STN EXIT A,cbd_bus,CBD-bound,Cbd Bus,43.858,43.07,0.788,improved
G_025_011,BUSSTOP_OUT::03529,DOWNTOWN STN,cbd_bus,CBD-bound,Cbd Bus,35.258,35.258,-0.0,unchanged
G_025_011,BUSSTOP_OUT::03539,Marina Bay Stn,cbd_bus,CBD-bound,Cbd Bus,38.458,38.458,-0.0,unchanged
G_025_011,BUSSTOP_OUT::05269,MAXWELL RD FC,cbd_bus,CBD-bound,Cbd Bus,34.258,34.258,-0.0,unchanged
G_025_011,BUSSTOP_OUT::05319,OCBC CTR,cbd_bus,CBD-bound,Cbd Bus,28.448,28.448,-0.0,unchanged
G_025_011,BUSSTOP_OUT::05411,TG PAGAR PLAZA,cbd_bus,CBD-bound,Cbd Bus,30.897,30.897,-0.0,unchanged
G_025_011,BUSSTOP_OUT::05419,THE AMARA,cbd_bus,CBD-bound,Cbd Bus,32.015,32.015,-0.0,unchanged
G_025_011,BUSSTOP_OUT::05431,TOWER 15,cbd_bus,CBD-bound,Cbd Bus,32.76,32.76,-0.0,unchanged
G_025_011,BUSSTOP_OUT::05629,OPP STH PT,cbd_bus,CBD-bound,Cbd Bus,23.976,23.976,-0.0,unchanged
G_025_011,BUSSTOP_OUT::05651,OPP FUJI XEROX TWRS,cbd_bus,CBD-bound,Cbd Bus,31.821,31.821,-0.0,unchanged
G_025_011,MRTHUB::Bayfront,Bayfront,cbd_mrt,CBD-bound,Cbd Mrt,33.558,32.77,0.788,improved
G_025_011,MRTHUB::Downtown,Downtown,cbd_mrt,CBD-bound,Cbd Mrt,31.397,31.397,-0.0,unchanged
G_025_011,MRTHUB::Marina_Bay,Marina Bay,cbd_mrt,CBD-bound,Cbd Mrt,28.158,28.158,-0.0,unchanged
G_025_011,MRTHUB::Maxwell,Maxwell,cbd_mrt,CBD-bound,Cbd Mrt,23.958,23.958,-0.0,unchanged
G_025_011,MRTHUB::Raffles_Place,Raffles Place,cbd_mrt,CBD-bound,Cbd Mrt,24.797,24.797,-0.0,unchanged
G_025_011,MRTHUB::Shenton_Way,Shenton Way,cbd_mrt,CBD-bound,Cbd Mrt,24.958,24.958,-0.0,unchanged
G_025_011,MRTHUB::Tanjong_Pagar,Tanjong Pagar,cbd_mrt,CBD-bound,Cbd Mrt,20.597,20.597,-0.0,unchanged
G_025_012,BUSSTOP_OUT::95011,AFT AIRCRAFT FLYOVER,airport_bus,Airport-bound,Airport Bus,75.529,75.529,-0.0,unchanged
G_025_012,BUSSTOP_OUT::95019,AFT CHANGI AIRPORT TER 2,airport_bus,Airport-bound,Airport Bus,64.086,64.086,-0.0,unchanged
G_025_012,BUSSTOP_OUT::95029,CHANGI AIRPORT TER 1,airport_bus,Airport-bound,Airport Bus,63.34,63.34,-0.0,unchanged
G_025_012,BUSSTOP_OUT::95109,CHANGI AIRPORT TER 3,airport_bus,Airport-bound,Airport Bus,60.359,60.359,-0.0,unchanged
G_025_012,BUSSTOP_OUT::95129,CHANGI AIRPORT TER 2,airport_bus,Airport-bound,Airport Bus,60.359,60.359,-0.0,unchanged
G_025_012,BUSSTOP_OUT::95151,AIRPORT POLICE STN,airport_bus,Airport-bound,Airport Bus,73.666,73.666,-0.0,unchanged
G_025_012,BUSSTOP_OUT::95159,NEAR SATS FLIGHT KITCHEN,airport_bus,Airport-bound,Airport Bus,67.067,67.067,-0.0,unchanged
G_025_012,BUSSTOP_OUT::95209,CHANGI AIRPORT TER 4,airport_bus,Airport-bound,Airport Bus,70.049,70.049,-0.0,unchanged
G_025_012,MRTHUB::Changi_Airport,Changi Airport,airport_mrt,Airport-bound,Airport Mrt,50.059,50.059,-0.0,unchanged
G_025_012,BUSSTOP_OUT::03011,FULLERTON SQ,cbd_bus,CBD-bound,Cbd Bus,31.512,31.512,-0.0,unchanged
G_025_012,BUSSTOP_OUT::03019,OUE BAYFRONT,cbd_bus,CBD-bound,Cbd Bus,36.559,36.559,-0.0,unchanged
G_025_012,BUSSTOP_OUT::03021,PRUDENTIAL TWR,cbd_bus,CBD-bound,Cbd Bus,29.276,29.276,-0.0,unchanged
G_025_012,BUSSTOP_OUT::03031,RAFFLES PL STN EXIT F,cbd_bus,CBD-bound,Cbd Bus,29.649,29.649,-0.0,unchanged
G_025_012,BUSSTOP_OUT::03041,TELOK AYER STN EXIT A,cbd_bus,CBD-bound,Cbd Bus,34.222,33.591,0.631,improved
G_025_012,BUSSTOP_OUT::03059,ONE RAFFLES QUAY,cbd_bus,CBD-bound,Cbd Bus,30.021,30.021,-0.0,unchanged
G_025_012,BUSSTOP_OUT::03071,OPP SO SOFITEL S'PORE,cbd_bus,CBD-bound,Cbd Bus,28.531,28.531,-0.0,unchanged
G_025_012,BUSSTOP_OUT::03111,AFT CAPITAL TWR,cbd_bus,CBD-bound,Cbd Bus,27.413,27.413,-0.0,unchanged
G_025_012,BUSSTOP_OUT::03129,UIC BLDG,cbd_bus,CBD-bound,Cbd Bus,31.512,31.512,-0.0,unchanged
G_025_012,BUSSTOP_OUT::03151,AFT TELOK AYER ST,cbd_bus,CBD-bound,Cbd Bus,27.413,27.413,-0.0,unchanged
G_025_012,BUSSTOP_OUT::03217,AFT STRAITS BLVD,cbd_bus,CBD-bound,Cbd Bus,32.359,30.237,2.122,improved
G_025_012,BUSSTOP_OUT::03218,OPP MAS BLDG,cbd_bus,CBD-bound,Cbd Bus,29.999,29.999,-0.0,unchanged
G_025_012,BUSSTOP_OUT::03222,HUB SYNERGY PT,cbd_bus,CBD-bound,Cbd Bus,24.804,24.804,-0.0,unchanged
G_025_012,BUSSTOP_OUT::03223,TANJONG PAGAR STN EXIT C,cbd_bus,CBD-bound,Cbd Bus,25.922,25.922,-0.0,unchanged
G_025_012,BUSSTOP_OUT::03239,SHENTON WAY TER,cbd_bus,CBD-bound,Cbd Bus,30.744,30.237,0.507,improved
G_025_012,BUSSTOP_OUT::03241,MAPLETREE ANSON,cbd_bus,CBD-bound,Cbd Bus,32.359,30.237,2.122,improved
G_025_012,BUSSTOP_OUT::03381,THE SAIL,cbd_bus,CBD-bound,Cbd Bus,35.713,35.082,0.631,improved
G_025_012,BUSSTOP_OUT::03391,MARINA BAY FINANCIAL CTR,cbd_bus,CBD-bound,Cbd Bus,36.458,35.827,0.631,improved
G_025_012,BUSSTOP_OUT::03501,MARINA BAY SANDS THEATRE,cbd_bus,CBD-bound,Cbd Bus,40.558,35.437,5.121,improved
G_025_012,BUSSTOP_OUT::03509,BAYFRONT STN EXIT B/MBS,cbd_bus,CBD-bound,Cbd Bus,43.195,35.437,7.758,improved
G_025_012,BUSSTOP_OUT::03511,AFT BAYFRONT STN EXIT E,cbd_bus,CBD-bound,Cbd Bus,39.067,35.437,3.63,improved
G_025_012,BUSSTOP_OUT::03519,BAYFRONT STN EXIT A,cbd_bus,CBD-bound,Cbd Bus,43.195,35.437,7.758,improved
G_025_012,BUSSTOP_OUT::03529,DOWNTOWN STN,cbd_bus,CBD-bound,Cbd Bus,34.595,34.595,-0.0,unchanged
G_025_012,BUSSTOP_OUT::03539,Marina Bay Stn,cbd_bus,CBD-bound,Cbd Bus,37.795,34.437,3.358,improved
G_025_012,BUSSTOP_OUT::05269,MAXWELL RD FC,cbd_bus,CBD-bound,Cbd Bus,33.595,33.595,-0.0,unchanged
G_025_012,BUSSTOP_OUT::05319,OCBC CTR,cbd_bus,CBD-bound,Cbd Bus,27.785,27.785,-0.0,unchanged
G_025_012,BUSSTOP_OUT::05411,TG PAGAR PLAZA,cbd_bus,CBD-bound,Cbd Bus,31.903,30.472,1.431,improved
G_025_012,BUSSTOP_OUT::05419,THE AMARA,cbd_bus,CBD-bound,Cbd Bus,33.477,33.477,-0.0,unchanged
G_025_012,BUSSTOP_OUT::05431,TOWER 15,cbd_bus,CBD-bound,Cbd Bus,34.222,34.222,-0.0,unchanged
G_025_012,BUSSTOP_OUT::05629,OPP STH PT,cbd_bus,CBD-bound,Cbd Bus,23.313,23.313,-0.0,unchanged
G_025_012,BUSSTOP_OUT::05651,OPP FUJI XEROX TWRS,cbd_bus,CBD-bound,Cbd Bus,31.158,29.727,1.431,improved
G_025_012,MRTHUB::Bayfront,Bayfront,cbd_mrt,CBD-bound,Cbd Mrt,32.895,25.137,7.758,improved
G_025_012,MRTHUB::Downtown,Downtown,cbd_mrt,CBD-bound,Cbd Mrt,31.748,28.337,3.411,improved
G_025_012,MRTHUB::Marina_Bay,Marina Bay,cbd_mrt,CBD-bound,Cbd Mrt,27.495,24.137,3.358,improved
G_025_012,MRTHUB::Maxwell,Maxwell,cbd_mrt,CBD-bound,Cbd Mrt,23.295,23.295,-0.0,unchanged
G_025_012,MRTHUB::Raffles_Place,Raffles Place,cbd_mrt,CBD-bound,Cbd Mrt,26.259,26.259,-0.0,unchanged
G_025_012,MRTHUB::Shenton_Way,Shenton Way,cbd_mrt,CBD-bound,Cbd Mrt,24.295,24.295,-0.0,unchanged
G_025_012,MRTHUB::Tanjong_Pagar,Tanjong Pagar,cbd_mrt,CBD-bound,Cbd Mrt,22.059,22.059,-0.0,unchanged
G_025_013,BUSSTOP_OUT::95011,AFT AIRCRAFT FLYOVER,airport_bus,Airport-bound,Airport Bus,76.332,76.332,-0.0,unchanged
G_025_013,BUSSTOP_OUT::95019,AFT CHANGI AIRPORT TER 2,airport_bus,Airport-bound,Airport Bus,64.889,64.889,-0.0,unchanged
G_025_013,BUSSTOP_OUT::95029,CHANGI AIRPORT TER 1,airport_bus,Airport-bound,Airport Bus,64.143,64.143,-0.0,unchanged
G_025_013,BUSSTOP_OUT::95109,CHANGI AIRPORT TER 3,airport_bus,Airport-bound,Airport Bus,61.162,61.162,-0.0,unchanged
G_025_013,BUSSTOP_OUT::95129,CHANGI AIRPORT TER 2,airport_bus,Airport-bound,Airport Bus,61.162,61.162,-0.0,unchanged
G_025_013,BUSSTOP_OUT::95151,AIRPORT POLICE STN,airport_bus,Airport-bound,Airport Bus,74.469,74.469,-0.0,unchanged
G_025_013,BUSSTOP_OUT::95159,NEAR SATS FLIGHT KITCHEN,airport_bus,Airport-bound,Airport Bus,67.87,67.87,-0.0,unchanged
G_025_013,BUSSTOP_OUT::95209,CHANGI AIRPORT TER 4,airport_bus,Airport-bound,Airport Bus,70.852,70.852,-0.0,unchanged
G_025_013,MRTHUB::Changi_Airport,Changi Airport,airport_mrt,Airport-bound,Airport Mrt,50.862,50.862,-0.0,unchanged
G_025_013,BUSSTOP_OUT::03011,FULLERTON SQ,cbd_bus,CBD-bound,Cbd Bus,28.814,28.814,-0.0,unchanged
G_025_013,BUSSTOP_OUT::03019,OUE BAYFRONT,cbd_bus,CBD-bound,Cbd Bus,37.362,36.658,0.704,improved
G_025_013,BUSSTOP_OUT::03021,PRUDENTIAL TWR,cbd_bus,CBD-bound,Cbd Bus,26.578,26.578,-0.0,unchanged
G_025_013,BUSSTOP_OUT::03031,RAFFLES PL STN EXIT F,cbd_bus,CBD-bound,Cbd Bus,26.951,26.951,-0.0,unchanged
G_025_013,BUSSTOP_OUT::03041,TELOK AYER STN EXIT A,cbd_bus,CBD-bound,Cbd Bus,33.678,31.031,2.647,improved
G_025_013,BUSSTOP_OUT::03059,ONE RAFFLES QUAY,cbd_bus,CBD-bound,Cbd Bus,25.833,25.833,-0.0,unchanged
G_025_013,BUSSTOP_OUT::03071,OPP SO SOFITEL S'PORE,cbd_bus,CBD-bound,Cbd Bus,25.833,25.833,-0.0,unchanged
G_025_013,BUSSTOP_OUT::03111,AFT CAPITAL TWR,cbd_bus,CBD-bound,Cbd Bus,24.715,24.715,-0.0,unchanged
G_025_013,BUSSTOP_OUT::03129,UIC BLDG,cbd_bus,CBD-bound,Cbd Bus,27.324,27.324,-0.0,unchanged
G_025_013,BUSSTOP_OUT::03151,AFT TELOK AYER ST,cbd_bus,CBD-bound,Cbd Bus,24.715,24.715,-0.0,unchanged
G_025_013,BUSSTOP_OUT::03217,AFT STRAITS BLVD,cbd_bus,CBD-bound,Cbd Bus,33.162,27.677,5.485,improved
G_025_013,BUSSTOP_OUT::03218,OPP MAS BLDG,cbd_bus,CBD-bound,Cbd Bus,29.187,27.677,1.51,improved
G_025_013,BUSSTOP_OUT::03222,HUB SYNERGY PT,cbd_bus,CBD-bound,Cbd Bus,22.106,22.106,-0.0,unchanged
G_025_013,BUSSTOP_OUT::03223,TANJONG PAGAR STN EXIT C,cbd_bus,CBD-bound,Cbd Bus,23.224,23.224,-0.0,unchanged
G_025_013,BUSSTOP_OUT::03239,SHENTON WAY TER,cbd_bus,CBD-bound,Cbd Bus,29.932,27.677,2.255,improved
G_025_013,BUSSTOP_OUT::03241,MAPLETREE ANSON,cbd_bus,CBD-bound,Cbd Bus,33.162,27.677,5.485,improved
G_025_013,BUSSTOP_OUT::03381,THE SAIL,cbd_bus,CBD-bound,Cbd Bus,35.169,32.522,2.647,improved
G_025_013,BUSSTOP_OUT::03391,MARINA BAY FINANCIAL CTR,cbd_bus,CBD-bound,Cbd Bus,35.914,33.267,2.647,improved
G_025_013,BUSSTOP_OUT::03501,MARINA BAY SANDS THEATRE,cbd_bus,CBD-bound,Cbd Bus,40.014,32.877,7.137,improved
G_025_013,BUSSTOP_OUT::03509,BAYFRONT STN EXIT B/MBS,cbd_bus,CBD-bound,Cbd Bus,41.852,32.877,8.975,improved
G_025_013,BUSSTOP_OUT::03511,AFT BAYFRONT STN EXIT E,cbd_bus,CBD-bound,Cbd Bus,38.523,32.877,5.646,improved
G_025_013,BUSSTOP_OUT::03519,BAYFRONT STN EXIT A,cbd_bus,CBD-bound,Cbd Bus,41.852,32.877,8.975,improved
G_025_013,BUSSTOP_OUT::03529,DOWNTOWN STN,cbd_bus,CBD-bound,Cbd Bus,33.252,33.252,-0.0,unchanged
G_025_013,BUSSTOP_OUT::03539,Marina Bay Stn,cbd_bus,CBD-bound,Cbd Bus,36.452,31.877,4.575,improved
G_025_013,BUSSTOP_OUT::05269,MAXWELL RD FC,cbd_bus,CBD-bound,Cbd Bus,32.252,32.252,-0.0,unchanged
G_025_013,BUSSTOP_OUT::05319,OCBC CTR,cbd_bus,CBD-bound,Cbd Bus,23.597,23.597,-0.0,unchanged
G_025_013,BUSSTOP_OUT::05411,TG PAGAR PLAZA,cbd_bus,CBD-bound,Cbd Bus,29.205,27.912,1.293,improved
G_025_013,BUSSTOP_OUT::05419,THE AMARA,cbd_bus,CBD-bound,Cbd Bus,33.37,33.37,-0.0,unchanged
G_025_013,BUSSTOP_OUT::05431,TOWER 15,cbd_bus,CBD-bound,Cbd Bus,34.115,34.115,-0.0,unchanged
G_025_013,BUSSTOP_OUT::05629,OPP STH PT,cbd_bus,CBD-bound,Cbd Bus,20.615,20.615,-0.0,unchanged
G_025_013,BUSSTOP_OUT::05651,OPP FUJI XEROX TWRS,cbd_bus,CBD-bound,Cbd Bus,28.46,27.167,1.293,improved
G_025_013,MRTHUB::Bayfront,Bayfront,cbd_mrt,CBD-bound,Cbd Mrt,31.552,22.577,8.975,improved
G_025_013,MRTHUB::Downtown,Downtown,cbd_mrt,CBD-bound,Cbd Mrt,28.388,25.777,2.611,improved
G_025_013,MRTHUB::Marina_Bay,Marina Bay,cbd_mrt,CBD-bound,Cbd Mrt,26.152,21.577,4.575,improved
G_025_013,MRTHUB::Maxwell,Maxwell,cbd_mrt,CBD-bound,Cbd Mrt,21.952,21.952,-0.0,unchanged
G_025_013,MRTHUB::Raffles_Place,Raffles Place,cbd_mrt,CBD-bound,Cbd Mrt,27.062,26.977,0.085,improved
G_025_013,MRTHUB::Shenton_Way,Shenton Way,cbd_mrt,CBD-bound,Cbd Mrt,22.952,22.952,-0.0,unchanged
G_025_013,MRTHUB::Tanjong_Pagar,Tanjong Pagar,cbd_mrt,CBD-bound,Cbd Mrt,22.862,22.862,-0.0,unchanged
G_025_014,BUSSTOP_OUT::95011,AFT AIRCRAFT FLYOVER,airport_bus,Airport-bound,Airport Bus,74.915,74.915,-0.0,unchanged
G_025_014,BUSSTOP_OUT::95019,AFT CHANGI AIRPORT TER 2,airport_bus,Airport-bound,Airport Bus,63.472,63.472,-0.0,unchanged
G_025_014,BUSSTOP_OUT::95029,CHANGI AIRPORT TER 1,airport_bus,Airport-bound,Airport Bus,62.726,62.726,-0.0,unchanged
G_025_014,BUSSTOP_OUT::95109,CHANGI AIRPORT TER 3,airport_bus,Airport-bound,Airport Bus,59.745,59.745,-0.0,unchanged
G_025_014,BUSSTOP_OUT::95129,CHANGI AIRPORT TER 2,airport_bus,Airport-bound,Airport Bus,59.745,59.745,-0.0,unchanged
G_025_014,BUSSTOP_OUT::95151,AIRPORT POLICE STN,airport_bus,Airport-bound,Airport Bus,73.052,73.052,-0.0,unchanged
G_025_014,BUSSTOP_OUT::95159,NEAR SATS FLIGHT KITCHEN,airport_bus,Airport-bound,Airport Bus,66.453,66.453,-0.0,unchanged
G_025_014,BUSSTOP_OUT::95209,CHANGI AIRPORT TER 4,airport_bus,Airport-bound,Airport Bus,69.435,69.435,-0.0,unchanged
G_025_014,MRTHUB::Changi_Airport,Changi Airport,airport_mrt,Airport-bound,Airport Mrt,49.445,49.445,-0.0,unchanged
G_025_014,BUSSTOP_OUT::03011,FULLERTON SQ,cbd_bus,CBD-bound,Cbd Bus,28.905,28.905,-0.0,unchanged
G_025_014,BUSSTOP_OUT::03019,OUE BAYFRONT,cbd_bus,CBD-bound,Cbd Bus,35.945,35.257,0.688,improved
G_025_014,BUSSTOP_OUT::03021,PRUDENTIAL TWR,cbd_bus,CBD-bound,Cbd Bus,26.669,26.669,-0.0,unchanged
G_025_014,BUSSTOP_OUT::03031,RAFFLES PL STN EXIT F,cbd_bus,CBD-bound,Cbd Bus,27.042,27.042,-0.0,unchanged
G_025_014,BUSSTOP_OUT::03041,TELOK AYER STN EXIT A,cbd_bus,CBD-bound,Cbd Bus,33.608,29.63,3.978,improved
G_025_014,BUSSTOP_OUT::03059,ONE RAFFLES QUAY,cbd_bus,CBD-bound,Cbd Bus,25.924,25.924,-0.0,unchanged
G_025_014,BUSSTOP_OUT::03071,OPP SO SOFITEL S'PORE,cbd_bus,CBD-bound,Cbd Bus,25.924,25.924,-0.0,unchanged
G_025_014,BUSSTOP_OUT::03111,AFT CAPITAL TWR,cbd_bus,CBD-bound,Cbd Bus,24.806,24.806,-0.0,unchanged
G_025_014,BUSSTOP_OUT::03129,UIC BLDG,cbd_bus,CBD-bound,Cbd Bus,27.415,27.415,-0.0,unchanged
G_025_014,BUSSTOP_OUT::03151,AFT TELOK AYER ST,cbd_bus,CBD-bound,Cbd Bus,24.806,24.806,-0.0,unchanged
G_025_014,BUSSTOP_OUT::03217,AFT STRAITS BLVD,cbd_bus,CBD-bound,Cbd Bus,31.745,26.276,5.469,improved
G_025_014,BUSSTOP_OUT::03218,OPP MAS BLDG,cbd_bus,CBD-bound,Cbd Bus,29.278,26.276,3.002,improved
G_025_014,BUSSTOP_OUT::03222,HUB SYNERGY PT,cbd_bus,CBD-bound,Cbd Bus,22.197,22.197,-0.0,unchanged
G_025_014,BUSSTOP_OUT::03223,TANJONG PAGAR STN EXIT C,cbd_bus,CBD-bound,Cbd Bus,23.315,23.315,-0.0,unchanged
G_025_014,BUSSTOP_OUT::03239,SHENTON WAY TER,cbd_bus,CBD-bound,Cbd Bus,30.023,26.276,3.747,improved
G_025_014,BUSSTOP_OUT::03241,MAPLETREE ANSON,cbd_bus,CBD-bound,Cbd Bus,31.745,26.276,5.469,improved
G_025_014,BUSSTOP_OUT::03381,THE SAIL,cbd_bus,CBD-bound,Cbd Bus,35.099,31.121,3.978,improved
G_025_014,BUSSTOP_OUT::03391,MARINA BAY FINANCIAL CTR,cbd_bus,CBD-bound,Cbd Bus,35.844,31.866,3.978,improved
G_025_014,BUSSTOP_OUT::03501,MARINA BAY SANDS THEATRE,cbd_bus,CBD-bound,Cbd Bus,39.944,31.476,8.468,improved
G_025_014,BUSSTOP_OUT::03509,BAYFRONT STN EXIT B/MBS,cbd_bus,CBD-bound,Cbd Bus,40.231,31.476,8.755,improved
G_025_014,BUSSTOP_OUT::03511,AFT BAYFRONT STN EXIT E,cbd_bus,CBD-bound,Cbd Bus,38.453,31.476,6.977,improved
G_025_014,BUSSTOP_OUT::03519,BAYFRONT STN EXIT A,cbd_bus,CBD-bound,Cbd Bus,40.231,31.476,8.755,improved
G_025_014,BUSSTOP_OUT::03529,DOWNTOWN STN,cbd_bus,CBD-bound,Cbd Bus,33.343,31.967,1.376,improved
G_025_014,BUSSTOP_OUT::03539,Marina Bay Stn,cbd_bus,CBD-bound,Cbd Bus,36.543,30.476,6.067,improved
G_025_014,BUSSTOP_OUT::05269,MAXWELL RD FC,cbd_bus,CBD-bound,Cbd Bus,32.343,32.343,-0.0,unchanged
G_025_014,BUSSTOP_OUT::05319,OCBC CTR,cbd_bus,CBD-bound,Cbd Bus,23.688,23.688,-0.0,unchanged
G_025_014,BUSSTOP_OUT::05411,TG PAGAR PLAZA,cbd_bus,CBD-bound,Cbd Bus,29.296,26.511,2.785,improved
G_025_014,BUSSTOP_OUT::05419,THE AMARA,cbd_bus,CBD-bound,Cbd Bus,32.863,32.863,-0.0,unchanged
G_025_014,BUSSTOP_OUT::05431,TOWER 15,cbd_bus,CBD-bound,Cbd Bus,33.608,33.608,-0.0,unchanged
G_025_014,BUSSTOP_OUT::05629,OPP STH PT,cbd_bus,CBD-bound,Cbd Bus,20.706,20.706,-0.0,unchanged
G_025_014,BUSSTOP_OUT::05651,OPP FUJI XEROX TWRS,cbd_bus,CBD-bound,Cbd Bus,28.551,25.766,2.785,improved
G_025_014,MRTHUB::Bayfront,Bayfront,cbd_mrt,CBD-bound,Cbd Mrt,29.931,21.176,8.755,improved
G_025_014,MRTHUB::Downtown,Downtown,cbd_mrt,CBD-bound,Cbd Mrt,26.731,24.376,2.355,improved
G_025_014,MRTHUB::Marina_Bay,Marina Bay,cbd_mrt,CBD-bound,Cbd Mrt,26.243,20.176,6.067,improved
G_025_014,MRTHUB::Maxwell,Maxwell,cbd_mrt,CBD-bound,Cbd Mrt,22.043,22.043,-0.0,unchanged
G_025_014,MRTHUB::Raffles_Place,Raffles Place,cbd_mrt,CBD-bound,Cbd Mrt,25.645,25.576,0.069,improved
G_025_014,MRTHUB::Shenton_Way,Shenton Way,cbd_mrt,CBD-bound,Cbd Mrt,23.043,23.043,-0.0,unchanged
G_025_014,MRTHUB::Tanjong_Pagar,Tanjong Pagar,cbd_mrt,CBD-bound,Cbd Mrt,21.445,21.445,-0.0,unchanged
G_025_015,BUSSTOP_OUT::95011,AFT AIRCRAFT FLYOVER,airport_bus,Airport-bound,Airport Bus,73.34,73.34,-0.0,unchanged
G_025_015,BUSSTOP_OUT::95019,AFT CHANGI AIRPORT TER 2,airport_bus,Airport-bound,Airport Bus,63.061,63.061,-0.0,unchanged
G_025_015,BUSSTOP_OUT::95029,CHANGI AIRPORT TER 1,airport_bus,Airport-bound,Airport Bus,62.315,62.315,-0.0,unchanged
G_025_015,BUSSTOP_OUT::95109,CHANGI AIRPORT TER 3,airport_bus,Airport-bound,Airport Bus,59.334,59.334,-0.0,unchanged
G_025_015,BUSSTOP_OUT::95129,CHANGI AIRPORT TER 2,airport_bus,Airport-bound,Airport Bus,59.334,59.334,-0.0,unchanged
G_025_015,BUSSTOP_OUT::95151,AIRPORT POLICE STN,airport_bus,Airport-bound,Airport Bus,71.477,71.477,-0.0,unchanged
G_025_015,BUSSTOP_OUT::95159,NEAR SATS FLIGHT KITCHEN,airport_bus,Airport-bound,Airport Bus,66.042,66.042,-0.0,unchanged
G_025_015,BUSSTOP_OUT::95209,CHANGI AIRPORT TER 4,airport_bus,Airport-bound,Airport Bus,69.024,69.024,-0.0,unchanged
G_025_015,MRTHUB::Changi_Airport,Changi Airport,airport_mrt,Airport-bound,Airport Mrt,49.034,49.034,-0.0,unchanged
G_025_015,BUSSTOP_OUT::03011,FULLERTON SQ,cbd_bus,CBD-bound,Cbd Bus,30.028,30.028,-0.0,unchanged
G_025_015,BUSSTOP_OUT::03019,OUE BAYFRONT,cbd_bus,CBD-bound,Cbd Bus,35.534,35.534,-0.0,unchanged
G_025_015,BUSSTOP_OUT::03021,PRUDENTIAL TWR,cbd_bus,CBD-bound,Cbd Bus,27.792,27.792,-0.0,unchanged
G_025_015,BUSSTOP_OUT::03031,RAFFLES PL STN EXIT F,cbd_bus,CBD-bound,Cbd Bus,28.165,28.165,-0.0,unchanged
G_025_015,BUSSTOP_OUT::03041,TELOK AYER STN EXIT A,cbd_bus,CBD-bound,Cbd Bus,32.334,31.288,1.046,improved
G_025_015,BUSSTOP_OUT::03059,ONE RAFFLES QUAY,cbd_bus,CBD-bound,Cbd Bus,27.046,27.046,-0.0,unchanged
G_025_015,BUSSTOP_OUT::03071,OPP SO SOFITEL S'PORE,cbd_bus,CBD-bound,Cbd Bus,27.047,27.047,-0.0,unchanged
G_025_015,BUSSTOP_OUT::03111,AFT CAPITAL TWR,cbd_bus,CBD-bound,Cbd Bus,25.929,25.929,-0.0,unchanged
G_025_015,BUSSTOP_OUT::03129,UIC BLDG,cbd_bus,CBD-bound,Cbd Bus,28.537,28.537,-0.0,unchanged
G_025_015,BUSSTOP_OUT::03151,AFT TELOK AYER ST,cbd_bus,CBD-bound,Cbd Bus,25.929,25.929,-0.0,unchanged
G_025_015,BUSSTOP_OUT::03217,AFT STRAITS BLVD,cbd_bus,CBD-bound,Cbd Bus,31.334,27.934,3.4,improved
G_025_015,BUSSTOP_OUT::03218,OPP MAS BLDG,cbd_bus,CBD-bound,Cbd Bus,30.4,27.934,2.466,improved
G_025_015,BUSSTOP_OUT::03222,HUB SYNERGY PT,cbd_bus,CBD-bound,Cbd Bus,23.32,23.32,-0.0,unchanged
G_025_015,BUSSTOP_OUT::03223,TANJONG PAGAR STN EXIT C,cbd_bus,CBD-bound,Cbd Bus,24.438,24.438,-0.0,unchanged
G_025_015,BUSSTOP_OUT::03239,SHENTON WAY TER,cbd_bus,CBD-bound,Cbd Bus,31.145,27.934,3.211,improved
G_025_015,BUSSTOP_OUT::03241,MAPLETREE ANSON,cbd_bus,CBD-bound,Cbd Bus,31.334,27.934,3.4,improved
G_025_015,BUSSTOP_OUT::03381,THE SAIL,cbd_bus,CBD-bound,Cbd Bus,33.334,32.779,0.555,improved
G_025_015,BUSSTOP_OUT::03391,MARINA BAY FINANCIAL CTR,cbd_bus,CBD-bound,Cbd Bus,33.334,33.334,-0.0,unchanged
G_025_015,BUSSTOP_OUT::03501,MARINA BAY SANDS THEATRE,cbd_bus,CBD-bound,Cbd Bus,36.534,33.134,3.4,improved
G_025_015,BUSSTOP_OUT::03509,BAYFRONT STN EXIT B/MBS,cbd_bus,CBD-bound,Cbd Bus,36.534,33.134,3.4,improved
G_025_015,BUSSTOP_OUT::03511,AFT BAYFRONT STN EXIT E,cbd_bus,CBD-bound,Cbd Bus,35.943,33.134,2.809,improved
G_025_015,BUSSTOP_OUT::03519,BAYFRONT STN EXIT A,cbd_bus,CBD-bound,Cbd Bus,36.534,33.134,3.4,improved
G_025_015,BUSSTOP_OUT::03529,DOWNTOWN STN,cbd_bus,CBD-bound,Cbd Bus,32.334,32.334,-0.0,unchanged
G_025_015,BUSSTOP_OUT::03539,Marina Bay Stn,cbd_bus,CBD-bound,Cbd Bus,33.334,32.134,1.2,improved
G_025_015,BUSSTOP_OUT::05269,MAXWELL RD FC,cbd_bus,CBD-bound,Cbd Bus,30.997,30.997,-0.0,unchanged
G_025_015,BUSSTOP_OUT::05319,OCBC CTR,cbd_bus,CBD-bound,Cbd Bus,24.81,24.81,-0.0,unchanged
G_025_015,BUSSTOP_OUT::05411,TG PAGAR PLAZA,cbd_bus,CBD-bound,Cbd Bus,28.531,28.169,0.362,improved
G_025_015,BUSSTOP_OUT::05419,THE AMARA,cbd_bus,CBD-bound,Cbd Bus,32.452,32.452,-0.0,unchanged
G_025_015,BUSSTOP_OUT::05431,TOWER 15,cbd_bus,CBD-bound,Cbd Bus,33.197,33.197,-0.0,unchanged
G_025_015,BUSSTOP_OUT::05629,OPP STH PT,cbd_bus,CBD-bound,Cbd Bus,21.829,21.829,-0.0,unchanged
G_025_015,BUSSTOP_OUT::05651,OPP FUJI XEROX TWRS,cbd_bus,CBD-bound,Cbd Bus,27.786,27.424,0.362,improved
G_025_015,MRTHUB::Bayfront,Bayfront,cbd_mrt,CBD-bound,Cbd Mrt,26.234,22.834,3.4,improved
G_025_015,MRTHUB::Downtown,Downtown,cbd_mrt,CBD-bound,Cbd Mrt,23.034,23.034,-0.0,unchanged
G_025_015,MRTHUB::Marina_Bay,Marina Bay,cbd_mrt,CBD-bound,Cbd Mrt,25.234,21.834,3.4,improved
G_025_015,MRTHUB::Maxwell,Maxwell,cbd_mrt,CBD-bound,Cbd Mrt,21.034,21.034,-0.0,unchanged
G_025_015,MRTHUB::Raffles_Place,Raffles Place,cbd_mrt,CBD-bound,Cbd Mrt,25.234,25.234,-0.0,unchanged
G_025_015,MRTHUB::Shenton_Way,Shenton Way,cbd_mrt,CBD-bound,Cbd Mrt,22.034,22.034,-0.0,unchanged
G_025_015,MRTHUB::Tanjong_Pagar,Tanjong Pagar,cbd_mrt,CBD-bound,Cbd Mrt,21.034,21.034,-0.0,unchanged
G_025_016,BUSSTOP_OUT::95011,AFT AIRCRAFT FLYOVER,airport_bus,Airport-bound,Airport Bus,70.591,70.591,-0.0,unchanged
G_025_016,BUSSTOP_OUT::95019,AFT CHANGI AIRPORT TER 2,airport_bus,Airport-bound,Airport Bus,60.312,60.312,-0.0,unchanged
G_025_016,BUSSTOP_OUT::95029,CHANGI AIRPORT TER 1,airport_bus,Airport-bound,Airport Bus,59.566,59.566,-0.0,unchanged
G_025_016,BUSSTOP_OUT::95109,CHANGI AIRPORT TER 3,airport_bus,Airport-bound,Airport Bus,56.585,56.585,-0.0,unchanged
G_025_016,BUSSTOP_OUT::95129,CHANGI AIRPORT TER 2,airport_bus,Airport-bound,Airport Bus,56.585,56.585,-0.0,unchanged
G_025_016,BUSSTOP_OUT::95151,AIRPORT POLICE STN,airport_bus,Airport-bound,Airport Bus,68.728,68.728,-0.0,unchanged
G_025_016,BUSSTOP_OUT::95159,NEAR SATS FLIGHT KITCHEN,airport_bus,Airport-bound,Airport Bus,63.293,63.293,-0.0,unchanged
G_025_016,BUSSTOP_OUT::95209,CHANGI AIRPORT TER 4,airport_bus,Airport-bound,Airport Bus,66.275,66.275,-0.0,unchanged
G_025_016,MRTHUB::Changi_Airport,Changi Airport,airport_mrt,Airport-bound,Airport Mrt,46.285,46.285,-0.0,unchanged
G_025_016,BUSSTOP_OUT::03011,FULLERTON SQ,cbd_bus,CBD-bound,Cbd Bus,22.383,22.383,-0.0,unchanged
G_025_016,BUSSTOP_OUT::03019,OUE BAYFRONT,cbd_bus,CBD-bound,Cbd Bus,32.785,32.785,-0.0,unchanged
G_025_016,BUSSTOP_OUT::03021,PRUDENTIAL TWR,cbd_bus,CBD-bound,Cbd Bus,20.147,20.147,-0.0,unchanged
G_025_016,BUSSTOP_OUT::03031,RAFFLES PL STN EXIT F,cbd_bus,CBD-bound,Cbd Bus,20.52,20.52,-0.0,unchanged
G_025_016,BUSSTOP_OUT::03041,TELOK AYER STN EXIT A,cbd_bus,CBD-bound,Cbd Bus,27.247,27.247,-0.0,unchanged
G_025_016,BUSSTOP_OUT::03059,ONE RAFFLES QUAY,cbd_bus,CBD-bound,Cbd Bus,27.07,27.07,-0.0,unchanged
G_025_016,BUSSTOP_OUT::03071,OPP SO SOFITEL S'PORE,cbd_bus,CBD-bound,Cbd Bus,19.402,19.402,-0.0,unchanged
G_025_016,BUSSTOP_OUT::03111,AFT CAPITAL TWR,cbd_bus,CBD-bound,Cbd Bus,18.284,18.284,-0.0,unchanged
G_025_016,BUSSTOP_OUT::03129,UIC BLDG,cbd_bus,CBD-bound,Cbd Bus,28.561,28.561,-0.0,unchanged
G_025_016,BUSSTOP_OUT::03151,AFT TELOK AYER ST,cbd_bus,CBD-bound,Cbd Bus,18.284,18.284,-0.0,unchanged
G_025_016,BUSSTOP_OUT::03217,AFT STRAITS BLVD,cbd_bus,CBD-bound,Cbd Bus,28.585,25.185,3.4,improved
G_025_016,BUSSTOP_OUT::03218,OPP MAS BLDG,cbd_bus,CBD-bound,Cbd Bus,25.756,25.185,0.571,improved
G_025_016,BUSSTOP_OUT::03222,HUB SYNERGY PT,cbd_bus,CBD-bound,Cbd Bus,15.675,15.675,-0.0,unchanged
G_025_016,BUSSTOP_OUT::03223,TANJONG PAGAR STN EXIT C,cbd_bus,CBD-bound,Cbd Bus,16.793,16.793,-0.0,unchanged
G_025_016,BUSSTOP_OUT::03239,SHENTON WAY TER,cbd_bus,CBD-bound,Cbd Bus,26.501,25.185,1.316,improved
G_025_016,BUSSTOP_OUT::03241,MAPLETREE ANSON,cbd_bus,CBD-bound,Cbd Bus,28.585,25.185,3.4,improved
G_025_016,BUSSTOP_OUT::03381,THE SAIL,cbd_bus,CBD-bound,Cbd Bus,21.638,21.638,-0.0,unchanged
G_025_016,BUSSTOP_OUT::03391,MARINA BAY FINANCIAL CTR,cbd_bus,CBD-bound,Cbd Bus,22.383,22.383,-0.0,unchanged
G_025_016,BUSSTOP_OUT::03501,MARINA BAY SANDS THEATRE,cbd_bus,CBD-bound,Cbd Bus,26.483,26.483,-0.0,unchanged
G_025_016,BUSSTOP_OUT::03509,BAYFRONT STN EXIT B/MBS,cbd_bus,CBD-bound,Cbd Bus,33.785,30.385,3.4,improved
G_025_016,BUSSTOP_OUT::03511,AFT BAYFRONT STN EXIT E,cbd_bus,CBD-bound,Cbd Bus,24.992,24.992,-0.0,unchanged
G_025_016,BUSSTOP_OUT::03519,BAYFRONT STN EXIT A,cbd_bus,CBD-bound,Cbd Bus,33.785,30.385,3.4,improved
G_025_016,BUSSTOP_OUT::03529,DOWNTOWN STN,cbd_bus,CBD-bound,Cbd Bus,29.585,29.585,-0.0,unchanged
G_025_016,BUSSTOP_OUT::03539,Marina Bay Stn,cbd_bus,CBD-bound,Cbd Bus,30.585,29.385,1.2,improved
G_025_016,BUSSTOP_OUT::05269,MAXWELL RD FC,cbd_bus,CBD-bound,Cbd Bus,28.248,28.248,-0.0,unchanged
G_025_016,BUSSTOP_OUT::05319,OCBC CTR,cbd_bus,CBD-bound,Cbd Bus,24.834,24.834,-0.0,unchanged
G_025_016,BUSSTOP_OUT::05411,TG PAGAR PLAZA,cbd_bus,CBD-bound,Cbd Bus,15.674,15.674,-0.0,unchanged
G_025_016,BUSSTOP_OUT::05419,THE AMARA,cbd_bus,CBD-bound,Cbd Bus,29.703,29.703,-0.0,unchanged
G_025_016,BUSSTOP_OUT::05431,TOWER 15,cbd_bus,CBD-bound,Cbd Bus,30.448,30.448,-0.0,unchanged
G_025_016,BUSSTOP_OUT::05629,OPP STH PT,cbd_bus,CBD-bound,Cbd Bus,14.556,14.556,-0.0,unchanged
G_025_016,BUSSTOP_OUT::05651,OPP FUJI XEROX TWRS,cbd_bus,CBD-bound,Cbd Bus,14.929,14.929,-0.0,unchanged
G_025_016,MRTHUB::Bayfront,Bayfront,cbd_mrt,CBD-bound,Cbd Mrt,23.485,20.085,3.4,improved
G_025_016,MRTHUB::Downtown,Downtown,cbd_mrt,CBD-bound,Cbd Mrt,20.285,20.285,-0.0,unchanged
G_025_016,MRTHUB::Marina_Bay,Marina Bay,cbd_mrt,CBD-bound,Cbd Mrt,22.485,19.085,3.4,improved
G_025_016,MRTHUB::Maxwell,Maxwell,cbd_mrt,CBD-bound,Cbd Mrt,18.285,18.285,-0.0,unchanged
G_025_016,MRTHUB::Raffles_Place,Raffles Place,cbd_mrt,CBD-bound,Cbd Mrt,22.485,22.485,-0.0,unchanged
G_025_016,MRTHUB::Shenton_Way,Shenton Way,cbd_mrt,CBD-bound,Cbd Mrt,19.285,19.285,-0.0,unchanged
G_025_016,MRTHUB::Tanjong_Pagar,Tanjong Pagar,cbd_mrt,CBD-bound,Cbd Mrt,18.285,18.285,-0.0,unchanged
G_026_011,BUSSTOP_OUT::95011,AFT AIRCRAFT FLYOVER,airport_bus,Airport-bound,Airport Bus,73.897,73.897,-0.0,unchanged
G_026_011,BUSSTOP_OUT::95019,AFT CHANGI AIRPORT TER 2,airport_bus,Airport-bound,Airport Bus,62.454,62.454,-0.0,unchanged
G_026_011,BUSSTOP_OUT::95029,CHANGI AIRPORT TER 1,airport_bus,Airport-bound,Airport Bus,61.708,61.708,-0.0,unchanged
G_026_011,BUSSTOP_OUT::95109,CHANGI AIRPORT TER 3,airport_bus,Airport-bound,Airport Bus,58.727,58.727,-0.0,unchanged
G_026_011,BUSSTOP_OUT::95129,CHANGI AIRPORT TER 2,airport_bus,Airport-bound,Airport Bus,58.727,58.727,-0.0,unchanged
G_026_011,BUSSTOP_OUT::95151,AIRPORT POLICE STN,airport_bus,Airport-bound,Airport Bus,72.034,72.034,-0.0,unchanged
G_026_011,BUSSTOP_OUT::95159,NEAR SATS FLIGHT KITCHEN,airport_bus,Airport-bound,Airport Bus,65.435,65.435,-0.0,unchanged
G_026_011,BUSSTOP_OUT::95209,CHANGI AIRPORT TER 4,airport_bus,Airport-bound,Airport Bus,68.417,68.417,-0.0,unchanged
G_026_011,MRTHUB::Changi_Airport,Changi Airport,airport_mrt,Airport-bound,Airport Mrt,48.427,48.427,-0.0,unchanged
G_026_011,BUSSTOP_OUT::03011,FULLERTON SQ,cbd_bus,CBD-bound,Cbd Bus,34.826,34.826,-0.0,unchanged
G_026_011,BUSSTOP_OUT::03019,OUE BAYFRONT,cbd_bus,CBD-bound,Cbd Bus,34.927,34.927,-0.0,unchanged
G_026_011,BUSSTOP_OUT::03021,PRUDENTIAL TWR,cbd_bus,CBD-bound,Cbd Bus,32.59,32.59,-0.0,unchanged
G_026_011,BUSSTOP_OUT::03031,RAFFLES PL STN EXIT F,cbd_bus,CBD-bound,Cbd Bus,32.963,32.963,-0.0,unchanged
G_026_011,BUSSTOP_OUT::03041,TELOK AYER STN EXIT A,cbd_bus,CBD-bound,Cbd Bus,32.59,32.59,-0.0,unchanged
G_026_011,BUSSTOP_OUT::03059,ONE RAFFLES QUAY,cbd_bus,CBD-bound,Cbd Bus,34.927,34.927,-0.0,unchanged
G_026_011,BUSSTOP_OUT::03071,OPP SO SOFITEL S'PORE,cbd_bus,CBD-bound,Cbd Bus,31.845,31.845,-0.0,unchanged
G_026_011,BUSSTOP_OUT::03111,AFT CAPITAL TWR,cbd_bus,CBD-bound,Cbd Bus,30.727,30.727,-0.0,unchanged
G_026_011,BUSSTOP_OUT::03129,UIC BLDG,cbd_bus,CBD-bound,Cbd Bus,30.727,30.727,-0.0,unchanged
G_026_011,BUSSTOP_OUT::03151,AFT TELOK AYER ST,cbd_bus,CBD-bound,Cbd Bus,30.727,30.727,-0.0,unchanged
G_026_011,BUSSTOP_OUT::03217,AFT STRAITS BLVD,cbd_bus,CBD-bound,Cbd Bus,30.727,30.447,0.28,improved
G_026_011,BUSSTOP_OUT::03218,OPP MAS BLDG,cbd_bus,CBD-bound,Cbd Bus,30.727,30.447,0.28,improved
G_026_011,BUSSTOP_OUT::03222,HUB SYNERGY PT,cbd_bus,CBD-bound,Cbd Bus,30.727,30.447,0.28,improved
G_026_011,BUSSTOP_OUT::03223,TANJONG PAGAR STN EXIT C,cbd_bus,CBD-bound,Cbd Bus,30.727,30.447,0.28,improved
G_026_011,BUSSTOP_OUT::03239,SHENTON WAY TER,cbd_bus,CBD-bound,Cbd Bus,30.727,30.447,0.28,improved
G_026_011,BUSSTOP_OUT::03241,MAPLETREE ANSON,cbd_bus,CBD-bound,Cbd Bus,30.727,30.447,0.28,improved
G_026_011,BUSSTOP_OUT::03381,THE SAIL,cbd_bus,CBD-bound,Cbd Bus,34.081,34.081,-0.0,unchanged
G_026_011,BUSSTOP_OUT::03391,MARINA BAY FINANCIAL CTR,cbd_bus,CBD-bound,Cbd Bus,34.826,34.826,-0.0,unchanged
G_026_011,BUSSTOP_OUT::03501,MARINA BAY SANDS THEATRE,cbd_bus,CBD-bound,Cbd Bus,38.926,35.647,3.279,improved
G_026_011,BUSSTOP_OUT::03509,BAYFRONT STN EXIT B/MBS,cbd_bus,CBD-bound,Cbd Bus,44.327,35.647,8.68,improved
G_026_011,BUSSTOP_OUT::03511,AFT BAYFRONT STN EXIT E,cbd_bus,CBD-bound,Cbd Bus,37.435,35.647,1.788,improved
G_026_011,BUSSTOP_OUT::03519,BAYFRONT STN EXIT A,cbd_bus,CBD-bound,Cbd Bus,44.327,35.647,8.68,improved
G_026_011,BUSSTOP_OUT::03529,DOWNTOWN STN,cbd_bus,CBD-bound,Cbd Bus,36.127,36.127,-0.0,unchanged
G_026_011,BUSSTOP_OUT::03539,Marina Bay Stn,cbd_bus,CBD-bound,Cbd Bus,39.327,34.647,4.68,improved
G_026_011,BUSSTOP_OUT::05269,MAXWELL RD FC,cbd_bus,CBD-bound,Cbd Bus,35.127,35.127,-0.0,unchanged
G_026_011,BUSSTOP_OUT::05319,OCBC CTR,cbd_bus,CBD-bound,Cbd Bus,34.927,34.927,-0.0,unchanged
G_026_011,BUSSTOP_OUT::05411,TG PAGAR PLAZA,cbd_bus,CBD-bound,Cbd Bus,30.727,30.682,0.045,improved
G_026_011,BUSSTOP_OUT::05419,THE AMARA,cbd_bus,CBD-bound,Cbd Bus,31.845,31.845,-0.0,unchanged
G_026_011,BUSSTOP_OUT::05431,TOWER 15,cbd_bus,CBD-bound,Cbd Bus,32.59,32.59,-0.0,unchanged
G_026_011,BUSSTOP_OUT::05629,OPP STH PT,cbd_bus,CBD-bound,Cbd Bus,32.608,29.192,3.416,improved
G_026_011,BUSSTOP_OUT::05651,OPP FUJI XEROX TWRS,cbd_bus,CBD-bound,Cbd Bus,34.451,29.937,4.514,improved
G_026_011,MRTHUB::Bayfront,Bayfront,cbd_mrt,CBD-bound,Cbd Mrt,34.027,25.347,8.68,improved
G_026_011,MRTHUB::Downtown,Downtown,cbd_mrt,CBD-bound,Cbd Mrt,31.227,28.547,2.68,improved
G_026_011,MRTHUB::Marina_Bay,Marina Bay,cbd_mrt,CBD-bound,Cbd Mrt,29.027,24.347,4.68,improved
G_026_011,MRTHUB::Maxwell,Maxwell,cbd_mrt,CBD-bound,Cbd Mrt,24.827,24.827,-0.0,unchanged
G_026_011,MRTHUB::Raffles_Place,Raffles Place,cbd_mrt,CBD-bound,Cbd Mrt,24.627,24.627,-0.0,unchanged
G_026_011,MRTHUB::Shenton_Way,Shenton Way,cbd_mrt,CBD-bound,Cbd Mrt,25.827,25.827,-0.0,unchanged
G_026_011,MRTHUB::Tanjong_Pagar,Tanjong Pagar,cbd_mrt,CBD-bound,Cbd Mrt,20.427,20.427,-0.0,unchanged
G_026_012,BUSSTOP_OUT::95011,AFT AIRCRAFT FLYOVER,airport_bus,Airport-bound,Airport Bus,76.774,76.647,0.127,improved
G_026_012,BUSSTOP_OUT::95019,AFT CHANGI AIRPORT TER 2,airport_bus,Airport-bound,Airport Bus,65.331,65.331,-0.0,unchanged
G_026_012,BUSSTOP_OUT::95029,CHANGI AIRPORT TER 1,airport_bus,Airport-bound,Airport Bus,64.585,64.585,-0.0,unchanged
G_026_012,BUSSTOP_OUT::95109,CHANGI AIRPORT TER 3,airport_bus,Airport-bound,Airport Bus,61.604,61.604,-0.0,unchanged
G_026_012,BUSSTOP_OUT::95129,CHANGI AIRPORT TER 2,airport_bus,Airport-bound,Airport Bus,61.604,61.604,-0.0,unchanged
G_026_012,BUSSTOP_OUT::95151,AIRPORT POLICE STN,airport_bus,Airport-bound,Airport Bus,74.911,74.784,0.127,improved
G_026_012,BUSSTOP_OUT::95159,NEAR SATS FLIGHT KITCHEN,airport_bus,Airport-bound,Airport Bus,68.312,68.312,-0.0,unchanged
G_026_012,BUSSTOP_OUT::95209,CHANGI AIRPORT TER 4,airport_bus,Airport-bound,Airport Bus,71.294,71.294,-0.0,unchanged
G_026_012,MRTHUB::Changi_Airport,Changi Airport,airport_mrt,Airport-bound,Airport Mrt,51.304,51.304,-0.0,unchanged
G_026_012,BUSSTOP_OUT::03011,FULLERTON SQ,cbd_bus,CBD-bound,Cbd Bus,34.918,32.831,2.087,improved
G_026_012,BUSSTOP_OUT::03019,OUE BAYFRONT,cbd_bus,CBD-bound,Cbd Bus,37.804,36.222,1.582,improved
G_026_012,BUSSTOP_OUT::03021,PRUDENTIAL TWR,cbd_bus,CBD-bound,Cbd Bus,32.682,30.595,2.087,improved
G_026_012,BUSSTOP_OUT::03031,RAFFLES PL STN EXIT F,cbd_bus,CBD-bound,Cbd Bus,35.84,31.34,4.5,improved
G_026_012,BUSSTOP_OUT::03041,TELOK AYER STN EXIT A,cbd_bus,CBD-bound,Cbd Bus,35.467,30.595,4.872,improved
G_026_012,BUSSTOP_OUT::03059,ONE RAFFLES QUAY,cbd_bus,CBD-bound,Cbd Bus,32.702,32.702,-0.0,unchanged
G_026_012,BUSSTOP_OUT::03071,OPP SO SOFITEL S'PORE,cbd_bus,CBD-bound,Cbd Bus,34.722,30.222,4.5,improved
G_026_012,BUSSTOP_OUT::03111,AFT CAPITAL TWR,cbd_bus,CBD-bound,Cbd Bus,33.604,29.104,4.5,improved
G_026_012,BUSSTOP_OUT::03129,UIC BLDG,cbd_bus,CBD-bound,Cbd Bus,33.604,33.604,-0.0,unchanged
G_026_012,BUSSTOP_OUT::03151,AFT TELOK AYER ST,cbd_bus,CBD-bound,Cbd Bus,30.819,28.732,2.087,improved
G_026_012,BUSSTOP_OUT::03217,AFT STRAITS BLVD,cbd_bus,CBD-bound,Cbd Bus,33.604,27.241,6.363,improved
G_026_012,BUSSTOP_OUT::03218,OPP MAS BLDG,cbd_bus,CBD-bound,Cbd Bus,33.604,27.241,6.363,improved
G_026_012,BUSSTOP_OUT::03222,HUB SYNERGY PT,cbd_bus,CBD-bound,Cbd Bus,32.722,27.241,5.481,improved
G_026_012,BUSSTOP_OUT::03223,TANJONG PAGAR STN EXIT C,cbd_bus,CBD-bound,Cbd Bus,29.328,27.241,2.087,improved
G_026_012,BUSSTOP_OUT::03239,SHENTON WAY TER,cbd_bus,CBD-bound,Cbd Bus,33.604,27.241,6.363,improved
G_026_012,BUSSTOP_OUT::03241,MAPLETREE ANSON,cbd_bus,CBD-bound,Cbd Bus,33.604,27.241,6.363,improved
G_026_012,BUSSTOP_OUT::03381,THE SAIL,cbd_bus,CBD-bound,Cbd Bus,36.958,32.086,4.872,improved
G_026_012,BUSSTOP_OUT::03391,MARINA BAY FINANCIAL CTR,cbd_bus,CBD-bound,Cbd Bus,37.703,32.831,4.872,improved
G_026_012,BUSSTOP_OUT::03501,MARINA BAY SANDS THEATRE,cbd_bus,CBD-bound,Cbd Bus,41.803,32.441,9.362,improved
G_026_012,BUSSTOP_OUT::03509,BAYFRONT STN EXIT B/MBS,cbd_bus,CBD-bound,Cbd Bus,45.876,32.441,13.435,improved
G_026_012,BUSSTOP_OUT::03511,AFT BAYFRONT STN EXIT E,cbd_bus,CBD-bound,Cbd Bus,40.312,32.441,7.871,improved
G_026_012,BUSSTOP_OUT::03519,BAYFRONT STN EXIT A,cbd_bus,CBD-bound,Cbd Bus,45.876,32.441,13.435,improved
G_026_012,BUSSTOP_OUT::03529,DOWNTOWN STN,cbd_bus,CBD-bound,Cbd Bus,37.276,32.932,4.344,improved
G_026_012,BUSSTOP_OUT::03539,Marina Bay Stn,cbd_bus,CBD-bound,Cbd Bus,40.476,31.441,9.035,improved
G_026_012,BUSSTOP_OUT::05269,MAXWELL RD FC,cbd_bus,CBD-bound,Cbd Bus,36.276,35.641,0.635,improved
G_026_012,BUSSTOP_OUT::05319,OCBC CTR,cbd_bus,CBD-bound,Cbd Bus,30.466,30.466,-0.0,unchanged
G_026_012,BUSSTOP_OUT::05411,TG PAGAR PLAZA,cbd_bus,CBD-bound,Cbd Bus,33.604,27.476,6.128,improved
G_026_012,BUSSTOP_OUT::05419,THE AMARA,cbd_bus,CBD-bound,Cbd Bus,34.722,34.722,-0.0,unchanged
G_026_012,BUSSTOP_OUT::05431,TOWER 15,cbd_bus,CBD-bound,Cbd Bus,35.467,35.467,-0.0,unchanged
G_026_012,BUSSTOP_OUT::05629,OPP STH PT,cbd_bus,CBD-bound,Cbd Bus,31.231,25.986,5.245,improved
G_026_012,BUSSTOP_OUT::05651,OPP FUJI XEROX TWRS,cbd_bus,CBD-bound,Cbd Bus,33.074,26.731,6.343,improved
G_026_012,MRTHUB::Bayfront,Bayfront,cbd_mrt,CBD-bound,Cbd Mrt,35.576,22.141,13.435,improved
G_026_012,MRTHUB::Downtown,Downtown,cbd_mrt,CBD-bound,Cbd Mrt,34.104,25.341,8.763,improved
G_026_012,MRTHUB::Marina_Bay,Marina Bay,cbd_mrt,CBD-bound,Cbd Mrt,30.176,21.141,9.035,improved
G_026_012,MRTHUB::Maxwell,Maxwell,cbd_mrt,CBD-bound,Cbd Mrt,25.976,25.341,0.635,improved
G_026_012,MRTHUB::Raffles_Place,Raffles Place,cbd_mrt,CBD-bound,Cbd Mrt,27.504,26.541,0.963,improved
G_026_012,MRTHUB::Shenton_Way,Shenton Way,cbd_mrt,CBD-bound,Cbd Mrt,26.976,24.341,2.635,improved
G_026_012,MRTHUB::Tanjong_Pagar,Tanjong Pagar,cbd_mrt,CBD-bound,Cbd Mrt,23.304,23.304,-0.0,unchanged
G_026_013,BUSSTOP_OUT::95011,AFT AIRCRAFT FLYOVER,airport_bus,Airport-bound,Airport Bus,75.186,73.396,1.79,improved
G_026_013,BUSSTOP_OUT::95019,AFT CHANGI AIRPORT TER 2,airport_bus,Airport-bound,Airport Bus,63.743,62.117,1.626,improved
G_026_013,BUSSTOP_OUT::95029,CHANGI AIRPORT TER 1,airport_bus,Airport-bound,Airport Bus,62.997,61.371,1.626,improved
G_026_013,BUSSTOP_OUT::95109,CHANGI AIRPORT TER 3,airport_bus,Airport-bound,Airport Bus,60.016,58.39,1.626,improved
G_026_013,BUSSTOP_OUT::95129,CHANGI AIRPORT TER 2,airport_bus,Airport-bound,Airport Bus,60.016,58.39,1.626,improved
G_026_013,BUSSTOP_OUT::95151,AIRPORT POLICE STN,airport_bus,Airport-bound,Airport Bus,73.323,71.533,1.79,improved
G_026_013,BUSSTOP_OUT::95159,NEAR SATS FLIGHT KITCHEN,airport_bus,Airport-bound,Airport Bus,66.724,65.098,1.626,improved
G_026_013,BUSSTOP_OUT::95209,CHANGI AIRPORT TER 4,airport_bus,Airport-bound,Airport Bus,69.706,68.08,1.626,improved
G_026_013,MRTHUB::Changi_Airport,Changi Airport,airport_mrt,Airport-bound,Airport Mrt,49.716,48.09,1.626,improved
G_026_013,BUSSTOP_OUT::03011,FULLERTON SQ,cbd_bus,CBD-bound,Cbd Bus,27.242,27.242,-0.0,unchanged
G_026_013,BUSSTOP_OUT::03019,OUE BAYFRONT,cbd_bus,CBD-bound,Cbd Bus,36.216,32.971,3.245,improved
G_026_013,BUSSTOP_OUT::03021,PRUDENTIAL TWR,cbd_bus,CBD-bound,Cbd Bus,25.006,25.006,-0.0,unchanged
G_026_013,BUSSTOP_OUT::03031,RAFFLES PL STN EXIT F,cbd_bus,CBD-bound,Cbd Bus,25.379,25.379,-0.0,unchanged
G_026_013,BUSSTOP_OUT::03041,TELOK AYER STN EXIT A,cbd_bus,CBD-bound,Cbd Bus,32.106,27.344,4.762,improved
G_026_013,BUSSTOP_OUT::03059,ONE RAFFLES QUAY,cbd_bus,CBD-bound,Cbd Bus,24.26,24.26,-0.0,unchanged
G_026_013,BUSSTOP_OUT::03071,OPP SO SOFITEL S'PORE,cbd_bus,CBD-bound,Cbd Bus,24.261,24.261,-0.0,unchanged
G_026_013,BUSSTOP_OUT::03111,AFT CAPITAL TWR,cbd_bus,CBD-bound,Cbd Bus,23.143,23.143,-0.0,unchanged
G_026_013,BUSSTOP_OUT::03129,UIC BLDG,cbd_bus,CBD-bound,Cbd Bus,25.751,25.751,-0.0,unchanged
G_026_013,BUSSTOP_OUT::03151,AFT TELOK AYER ST,cbd_bus,CBD-bound,Cbd Bus,23.143,23.143,-0.0,unchanged
G_026_013,BUSSTOP_OUT::03217,AFT STRAITS BLVD,cbd_bus,CBD-bound,Cbd Bus,31.68,23.99,7.69,improved
G_026_013,BUSSTOP_OUT::03218,OPP MAS BLDG,cbd_bus,CBD-bound,Cbd Bus,27.614,23.99,3.624,improved
G_026_013,BUSSTOP_OUT::03222,HUB SYNERGY PT,cbd_bus,CBD-bound,Cbd Bus,20.534,20.534,-0.0,unchanged
G_026_013,BUSSTOP_OUT::03223,TANJONG PAGAR STN EXIT C,cbd_bus,CBD-bound,Cbd Bus,21.652,21.652,-0.0,unchanged
G_026_013,BUSSTOP_OUT::03239,SHENTON WAY TER,cbd_bus,CBD-bound,Cbd Bus,28.359,23.99,4.369,improved
G_026_013,BUSSTOP_OUT::03241,MAPLETREE ANSON,cbd_bus,CBD-bound,Cbd Bus,32.016,23.99,8.026,improved
G_026_013,BUSSTOP_OUT::03381,THE SAIL,cbd_bus,CBD-bound,Cbd Bus,33.597,28.835,4.762,improved
G_026_013,BUSSTOP_OUT::03391,MARINA BAY FINANCIAL CTR,cbd_bus,CBD-bound,Cbd Bus,34.342,29.58,4.762,improved
G_026_013,BUSSTOP_OUT::03501,MARINA BAY SANDS THEATRE,cbd_bus,CBD-bound,Cbd Bus,38.442,29.19,9.252,improved
G_026_013,BUSSTOP_OUT::03509,BAYFRONT STN EXIT B/MBS,cbd_bus,CBD-bound,Cbd Bus,39.57,29.19,10.38,improved
G_026_013,BUSSTOP_OUT::03511,AFT BAYFRONT STN EXIT E,cbd_bus,CBD-bound,Cbd Bus,36.951,29.19,7.761,improved
G_026_013,BUSSTOP_OUT::03519,BAYFRONT STN EXIT A,cbd_bus,CBD-bound,Cbd Bus,39.57,29.19,10.38,improved
G_026_013,BUSSTOP_OUT::03529,DOWNTOWN STN,cbd_bus,CBD-bound,Cbd Bus,31.68,29.681,1.999,improved
G_026_013,BUSSTOP_OUT::03539,Marina Bay Stn,cbd_bus,CBD-bound,Cbd Bus,34.88,28.19,6.69,improved
G_026_013,BUSSTOP_OUT::05269,MAXWELL RD FC,cbd_bus,CBD-bound,Cbd Bus,30.68,30.68,-0.0,unchanged
G_026_013,BUSSTOP_OUT::05319,OCBC CTR,cbd_bus,CBD-bound,Cbd Bus,22.024,22.024,-0.0,unchanged
G_026_013,BUSSTOP_OUT::05411,TG PAGAR PLAZA,cbd_bus,CBD-bound,Cbd Bus,27.633,24.225,3.408,improved
G_026_013,BUSSTOP_OUT::05419,THE AMARA,cbd_bus,CBD-bound,Cbd Bus,31.798,31.798,-0.0,unchanged
G_026_013,BUSSTOP_OUT::05431,TOWER 15,cbd_bus,CBD-bound,Cbd Bus,32.543,32.543,-0.0,unchanged
G_026_013,BUSSTOP_OUT::05629,OPP STH PT,cbd_bus,CBD-bound,Cbd Bus,19.043,19.043,-0.0,unchanged
G_026_013,BUSSTOP_OUT::05651,OPP FUJI XEROX TWRS,cbd_bus,CBD-bound,Cbd Bus,26.888,23.48,3.408,improved
G_026_013,MRTHUB::Bayfront,Bayfront,cbd_mrt,CBD-bound,Cbd Mrt,29.27,18.89,10.38,improved
G_026_013,MRTHUB::Downtown,Downtown,cbd_mrt,CBD-bound,Cbd Mrt,26.07,22.09,3.98,improved
G_026_013,MRTHUB::Marina_Bay,Marina Bay,cbd_mrt,CBD-bound,Cbd Mrt,24.58,17.89,6.69,improved
G_026_013,MRTHUB::Maxwell,Maxwell,cbd_mrt,CBD-bound,Cbd Mrt,20.38,20.38,-0.0,unchanged
G_026_013,MRTHUB::Raffles_Place,Raffles Place,cbd_mrt,CBD-bound,Cbd Mrt,25.916,23.29,2.626,improved
G_026_013,MRTHUB::Shenton_Way,Shenton Way,cbd_mrt,CBD-bound,Cbd Mrt,21.38,21.09,0.29,improved
G_026_013,MRTHUB::Tanjong_Pagar,Tanjong Pagar,cbd_mrt,CBD-bound,Cbd Mrt,21.716,21.716,-0.0,unchanged
G_026_014,BUSSTOP_OUT::95011,AFT AIRCRAFT FLYOVER,airport_bus,Airport-bound,Airport Bus,73.991,71.345,2.646,improved
G_026_014,BUSSTOP_OUT::95019,AFT CHANGI AIRPORT TER 2,airport_bus,Airport-bound,Airport Bus,62.548,60.066,2.482,improved
G_026_014,BUSSTOP_OUT::95029,CHANGI AIRPORT TER 1,airport_bus,Airport-bound,Airport Bus,61.802,59.32,2.482,improved
G_026_014,BUSSTOP_OUT::95109,CHANGI AIRPORT TER 3,airport_bus,Airport-bound,Airport Bus,58.821,56.339,2.482,improved
G_026_014,BUSSTOP_OUT::95129,CHANGI AIRPORT TER 2,airport_bus,Airport-bound,Airport Bus,58.821,56.339,2.482,improved
G_026_014,BUSSTOP_OUT::95151,AIRPORT POLICE STN,airport_bus,Airport-bound,Airport Bus,72.128,69.482,2.646,improved
G_026_014,BUSSTOP_OUT::95159,NEAR SATS FLIGHT KITCHEN,airport_bus,Airport-bound,Airport Bus,65.529,63.047,2.482,improved
G_026_014,BUSSTOP_OUT::95209,CHANGI AIRPORT TER 4,airport_bus,Airport-bound,Airport Bus,68.511,66.029,2.482,improved
G_026_014,MRTHUB::Changi_Airport,Changi Airport,airport_mrt,Airport-bound,Airport Mrt,48.521,46.039,2.482,improved
G_026_014,BUSSTOP_OUT::03011,FULLERTON SQ,cbd_bus,CBD-bound,Cbd Bus,26.047,26.047,-0.0,unchanged
G_026_014,BUSSTOP_OUT::03019,OUE BAYFRONT,cbd_bus,CBD-bound,Cbd Bus,35.021,30.92,4.101,improved
G_026_014,BUSSTOP_OUT::03021,PRUDENTIAL TWR,cbd_bus,CBD-bound,Cbd Bus,23.811,23.811,-0.0,unchanged
G_026_014,BUSSTOP_OUT::03031,RAFFLES PL STN EXIT F,cbd_bus,CBD-bound,Cbd Bus,24.184,24.184,-0.0,unchanged
G_026_014,BUSSTOP_OUT::03041,TELOK AYER STN EXIT A,cbd_bus,CBD-bound,Cbd Bus,30.911,25.293,5.618,improved
G_026_014,BUSSTOP_OUT::03059,ONE RAFFLES QUAY,cbd_bus,CBD-bound,Cbd Bus,23.065,23.065,-0.0,unchanged
G_026_014,BUSSTOP_OUT::03071,OPP SO SOFITEL S'PORE,cbd_bus,CBD-bound,Cbd Bus,23.066,23.066,-0.0,unchanged
G_026_014,BUSSTOP_OUT::03111,AFT CAPITAL TWR,cbd_bus,CBD-bound,Cbd Bus,21.948,21.948,-0.0,unchanged
G_026_014,BUSSTOP_OUT::03129,UIC BLDG,cbd_bus,CBD-bound,Cbd Bus,24.556,24.556,-0.0,unchanged
G_026_014,BUSSTOP_OUT::03151,AFT TELOK AYER ST,cbd_bus,CBD-bound,Cbd Bus,21.948,21.948,-0.0,unchanged
G_026_014,BUSSTOP_OUT::03217,AFT STRAITS BLVD,cbd_bus,CBD-bound,Cbd Bus,30.485,21.939,8.546,improved
G_026_014,BUSSTOP_OUT::03218,OPP MAS BLDG,cbd_bus,CBD-bound,Cbd Bus,26.419,21.939,4.48,improved
G_026_014,BUSSTOP_OUT::03222,HUB SYNERGY PT,cbd_bus,CBD-bound,Cbd Bus,19.339,19.339,-0.0,unchanged
G_026_014,BUSSTOP_OUT::03223,TANJONG PAGAR STN EXIT C,cbd_bus,CBD-bound,Cbd Bus,20.457,20.457,-0.0,unchanged
G_026_014,BUSSTOP_OUT::03239,SHENTON WAY TER,cbd_bus,CBD-bound,Cbd Bus,27.164,21.939,5.225,improved
G_026_014,BUSSTOP_OUT::03241,MAPLETREE ANSON,cbd_bus,CBD-bound,Cbd Bus,30.821,21.939,8.882,improved
G_026_014,BUSSTOP_OUT::03381,THE SAIL,cbd_bus,CBD-bound,Cbd Bus,32.402,26.784,5.618,improved
G_026_014,BUSSTOP_OUT::03391,MARINA BAY FINANCIAL CTR,cbd_bus,CBD-bound,Cbd Bus,33.147,27.529,5.618,improved
G_026_014,BUSSTOP_OUT::03501,MARINA BAY SANDS THEATRE,cbd_bus,CBD-bound,Cbd Bus,37.247,27.139,10.108,improved
G_026_014,BUSSTOP_OUT::03509,BAYFRONT STN EXIT B/MBS,cbd_bus,CBD-bound,Cbd Bus,38.375,27.139,11.236,improved
G_026_014,BUSSTOP_OUT::03511,AFT BAYFRONT STN EXIT E,cbd_bus,CBD-bound,Cbd Bus,35.756,27.139,8.617,improved
G_026_014,BUSSTOP_OUT::03519,BAYFRONT STN EXIT A,cbd_bus,CBD-bound,Cbd Bus,38.375,27.139,11.236,improved
G_026_014,BUSSTOP_OUT::03529,DOWNTOWN STN,cbd_bus,CBD-bound,Cbd Bus,30.485,27.63,2.855,improved
G_026_014,BUSSTOP_OUT::03539,Marina Bay Stn,cbd_bus,CBD-bound,Cbd Bus,33.685,26.139,7.546,improved
G_026_014,BUSSTOP_OUT::05269,MAXWELL RD FC,cbd_bus,CBD-bound,Cbd Bus,29.485,29.485,-0.0,unchanged
G_026_014,BUSSTOP_OUT::05319,OCBC CTR,cbd_bus,CBD-bound,Cbd Bus,20.829,20.829,-0.0,unchanged
G_026_014,BUSSTOP_OUT::05411,TG PAGAR PLAZA,cbd_bus,CBD-bound,Cbd Bus,26.438,22.174,4.264,improved
G_026_014,BUSSTOP_OUT::05419,THE AMARA,cbd_bus,CBD-bound,Cbd Bus,30.603,30.603,-0.0,unchanged
G_026_014,BUSSTOP_OUT::05431,TOWER 15,cbd_bus,CBD-bound,Cbd Bus,31.348,31.348,-0.0,unchanged
G_026_014,BUSSTOP_OUT::05629,OPP STH PT,cbd_bus,CBD-bound,Cbd Bus,17.848,17.848,-0.0,unchanged
G_026_014,BUSSTOP_OUT::05651,OPP FUJI XEROX TWRS,cbd_bus,CBD-bound,Cbd Bus,25.693,21.429,4.264,improved
G_026_014,MRTHUB::Bayfront,Bayfront,cbd_mrt,CBD-bound,Cbd Mrt,28.075,16.839,11.236,improved
G_026_014,MRTHUB::Downtown,Downtown,cbd_mrt,CBD-bound,Cbd Mrt,24.875,20.039,4.836,improved
G_026_014,MRTHUB::Marina_Bay,Marina Bay,cbd_mrt,CBD-bound,Cbd Mrt,23.385,15.839,7.546,improved
G_026_014,MRTHUB::Maxwell,Maxwell,cbd_mrt,CBD-bound,Cbd Mrt,19.185,19.185,-0.0,unchanged
G_026_014,MRTHUB::Raffles_Place,Raffles Place,cbd_mrt,CBD-bound,Cbd Mrt,24.721,21.239,3.482,improved
G_026_014,MRTHUB::Shenton_Way,Shenton Way,cbd_mrt,CBD-bound,Cbd Mrt,20.185,19.039,1.146,improved
G_026_014,MRTHUB::Tanjong_Pagar,Tanjong Pagar,cbd_mrt,CBD-bound,Cbd Mrt,20.521,20.521,-0.0,unchanged
G_026_015,BUSSTOP_OUT::95011,AFT AIRCRAFT FLYOVER,airport_bus,Airport-bound,Airport Bus,74.164,71.64,2.524,improved
G_026_015,BUSSTOP_OUT::95019,AFT CHANGI AIRPORT TER 2,airport_bus,Airport-bound,Airport Bus,62.721,60.361,2.36,improved
G_026_015,BUSSTOP_OUT::95029,CHANGI AIRPORT TER 1,airport_bus,Airport-bound,Airport Bus,61.975,59.615,2.36,improved
G_026_015,BUSSTOP_OUT::95109,CHANGI AIRPORT TER 3,airport_bus,Airport-bound,Airport Bus,58.994,56.634,2.36,improved
G_026_015,BUSSTOP_OUT::95129,CHANGI AIRPORT TER 2,airport_bus,Airport-bound,Airport Bus,58.994,56.634,2.36,improved
G_026_015,BUSSTOP_OUT::95151,AIRPORT POLICE STN,airport_bus,Airport-bound,Airport Bus,72.301,69.777,2.524,improved
G_026_015,BUSSTOP_OUT::95159,NEAR SATS FLIGHT KITCHEN,airport_bus,Airport-bound,Airport Bus,65.702,63.342,2.36,improved
G_026_015,BUSSTOP_OUT::95209,CHANGI AIRPORT TER 4,airport_bus,Airport-bound,Airport Bus,68.684,66.324,2.36,improved
G_026_015,MRTHUB::Changi_Airport,Changi Airport,airport_mrt,Airport-bound,Airport Mrt,48.694,46.334,2.36,improved
G_026_015,BUSSTOP_OUT::03011,FULLERTON SQ,cbd_bus,CBD-bound,Cbd Bus,17.103,17.103,-0.0,unchanged
G_026_015,BUSSTOP_OUT::03019,OUE BAYFRONT,cbd_bus,CBD-bound,Cbd Bus,35.194,31.215,3.979,improved
G_026_015,BUSSTOP_OUT::03021,PRUDENTIAL TWR,cbd_bus,CBD-bound,Cbd Bus,14.867,14.867,-0.0,unchanged
G_026_015,BUSSTOP_OUT::03031,RAFFLES PL STN EXIT F,cbd_bus,CBD-bound,Cbd Bus,15.24,15.24,-0.0,unchanged
G_026_015,BUSSTOP_OUT::03041,TELOK AYER STN EXIT A,cbd_bus,CBD-bound,Cbd Bus,21.967,21.967,-0.0,unchanged
G_026_015,BUSSTOP_OUT::03059,ONE RAFFLES QUAY,cbd_bus,CBD-bound,Cbd Bus,27.649,27.649,-0.0,unchanged
G_026_015,BUSSTOP_OUT::03071,OPP SO SOFITEL S'PORE,cbd_bus,CBD-bound,Cbd Bus,14.122,14.122,-0.0,unchanged
G_026_015,BUSSTOP_OUT::03111,AFT CAPITAL TWR,cbd_bus,CBD-bound,Cbd Bus,13.004,13.004,-0.0,unchanged
G_026_015,BUSSTOP_OUT::03129,UIC BLDG,cbd_bus,CBD-bound,Cbd Bus,29.14,29.14,-0.0,unchanged
G_026_015,BUSSTOP_OUT::03151,AFT TELOK AYER ST,cbd_bus,CBD-bound,Cbd Bus,13.004,13.004,-0.0,unchanged
G_026_015,BUSSTOP_OUT::03217,AFT STRAITS BLVD,cbd_bus,CBD-bound,Cbd Bus,30.994,22.234,8.76,improved
G_026_015,BUSSTOP_OUT::03218,OPP MAS BLDG,cbd_bus,CBD-bound,Cbd Bus,20.476,20.476,-0.0,unchanged
G_026_015,BUSSTOP_OUT::03222,HUB SYNERGY PT,cbd_bus,CBD-bound,Cbd Bus,10.395,10.395,-0.0,unchanged
G_026_015,BUSSTOP_OUT::03223,TANJONG PAGAR STN EXIT C,cbd_bus,CBD-bound,Cbd Bus,11.513,11.513,-0.0,unchanged
G_026_015,BUSSTOP_OUT::03239,SHENTON WAY TER,cbd_bus,CBD-bound,Cbd Bus,21.221,21.221,-0.0,unchanged
G_026_015,BUSSTOP_OUT::03241,MAPLETREE ANSON,cbd_bus,CBD-bound,Cbd Bus,30.994,22.234,8.76,improved
G_026_015,BUSSTOP_OUT::03381,THE SAIL,cbd_bus,CBD-bound,Cbd Bus,16.358,16.358,-0.0,unchanged
G_026_015,BUSSTOP_OUT::03391,MARINA BAY FINANCIAL CTR,cbd_bus,CBD-bound,Cbd Bus,17.103,17.103,-0.0,unchanged
G_026_015,BUSSTOP_OUT::03501,MARINA BAY SANDS THEATRE,cbd_bus,CBD-bound,Cbd Bus,21.203,21.203,-0.0,unchanged
G_026_015,BUSSTOP_OUT::03509,BAYFRONT STN EXIT B/MBS,cbd_bus,CBD-bound,Cbd Bus,37.804,27.434,10.37,improved
G_026_015,BUSSTOP_OUT::03511,AFT BAYFRONT STN EXIT E,cbd_bus,CBD-bound,Cbd Bus,19.712,19.712,-0.0,unchanged
G_026_015,BUSSTOP_OUT::03519,BAYFRONT STN EXIT A,cbd_bus,CBD-bound,Cbd Bus,37.804,27.434,10.37,improved
G_026_015,BUSSTOP_OUT::03529,DOWNTOWN STN,cbd_bus,CBD-bound,Cbd Bus,33.112,27.925,5.187,improved
G_026_015,BUSSTOP_OUT::03539,Marina Bay Stn,cbd_bus,CBD-bound,Cbd Bus,34.604,26.434,8.17,improved
G_026_015,BUSSTOP_OUT::05269,MAXWELL RD FC,cbd_bus,CBD-bound,Cbd Bus,32.112,30.634,1.478,improved
G_026_015,BUSSTOP_OUT::05319,OCBC CTR,cbd_bus,CBD-bound,Cbd Bus,25.413,25.413,-0.0,unchanged
G_026_015,BUSSTOP_OUT::05411,TG PAGAR PLAZA,cbd_bus,CBD-bound,Cbd Bus,10.394,10.394,-0.0,unchanged
G_026_015,BUSSTOP_OUT::05419,THE AMARA,cbd_bus,CBD-bound,Cbd Bus,32.112,31.752,0.36,improved
G_026_015,BUSSTOP_OUT::05431,TOWER 15,cbd_bus,CBD-bound,Cbd Bus,32.857,32.497,0.36,improved
G_026_015,BUSSTOP_OUT::05629,OPP STH PT,cbd_bus,CBD-bound,Cbd Bus,9.276,9.276,-0.0,unchanged
G_026_015,BUSSTOP_OUT::05651,OPP FUJI XEROX TWRS,cbd_bus,CBD-bound,Cbd Bus,9.649,9.649,-0.0,unchanged
G_026_015,MRTHUB::Bayfront,Bayfront,cbd_mrt,CBD-bound,Cbd Mrt,27.504,17.134,10.37,improved
G_026_015,MRTHUB::Downtown,Downtown,cbd_mrt,CBD-bound,Cbd Mrt,24.304,20.334,3.97,improved
G_026_015,MRTHUB::Marina_Bay,Marina Bay,cbd_mrt,CBD-bound,Cbd Mrt,26.012,16.134,9.878,improved
G_026_015,MRTHUB::Maxwell,Maxwell,cbd_mrt,CBD-bound,Cbd Mrt,21.812,20.334,1.478,improved
G_026_015,MRTHUB::Raffles_Place,Raffles Place,cbd_mrt,CBD-bound,Cbd Mrt,24.894,21.534,3.36,improved
G_026_015,MRTHUB::Shenton_Way,Shenton Way,cbd_mrt,CBD-bound,Cbd Mrt,22.812,19.334,3.478,improved
G_026_015,MRTHUB::Tanjong_Pagar,Tanjong Pagar,cbd_mrt,CBD-bound,Cbd Mrt,20.694,20.694,-0.0,unchanged
G_026_016,BUSSTOP_OUT::95011,AFT AIRCRAFT FLYOVER,airport_bus,Airport-bound,Airport Bus,74.111,74.111,-0.0,unchanged
G_026_016,BUSSTOP_OUT::95019,AFT CHANGI AIRPORT TER 2,airport_bus,Airport-bound,Airport Bus,62.731,62.731,-0.0,unchanged
G_026_016,BUSSTOP_OUT::95029,CHANGI AIRPORT TER 1,airport_bus,Airport-bound,Airport Bus,61.985,61.985,-0.0,unchanged
G_026_016,BUSSTOP_OUT::95109,CHANGI AIRPORT TER 3,airport_bus,Airport-bound,Airport Bus,59.004,59.004,-0.0,unchanged
G_026_016,BUSSTOP_OUT::95129,CHANGI AIRPORT TER 2,airport_bus,Airport-bound,Airport Bus,59.004,59.004,-0.0,unchanged
G_026_016,BUSSTOP_OUT::95151,AIRPORT POLICE STN,airport_bus,Airport-bound,Airport Bus,72.248,72.248,-0.0,unchanged
G_026_016,BUSSTOP_OUT::95159,NEAR SATS FLIGHT KITCHEN,airport_bus,Airport-bound,Airport Bus,65.712,65.712,-0.0,unchanged
G_026_016,BUSSTOP_OUT::95209,CHANGI AIRPORT TER 4,airport_bus,Airport-bound,Airport Bus,68.694,68.694,-0.0,unchanged
G_026_016,MRTHUB::Changi_Airport,Changi Airport,airport_mrt,Airport-bound,Airport Mrt,48.704,48.704,-0.0,unchanged
G_026_016,BUSSTOP_OUT::03011,FULLERTON SQ,cbd_bus,CBD-bound,Cbd Bus,17.113,17.113,-0.0,unchanged
G_026_016,BUSSTOP_OUT::03019,OUE BAYFRONT,cbd_bus,CBD-bound,Cbd Bus,35.204,35.204,-0.0,unchanged
G_026_016,BUSSTOP_OUT::03021,PRUDENTIAL TWR,cbd_bus,CBD-bound,Cbd Bus,14.877,14.877,-0.0,unchanged
G_026_016,BUSSTOP_OUT::03031,RAFFLES PL STN EXIT F,cbd_bus,CBD-bound,Cbd Bus,15.25,15.25,-0.0,unchanged
G_026_016,BUSSTOP_OUT::03041,TELOK AYER STN EXIT A,cbd_bus,CBD-bound,Cbd Bus,21.977,21.977,-0.0,unchanged
G_026_016,BUSSTOP_OUT::03059,ONE RAFFLES QUAY,cbd_bus,CBD-bound,Cbd Bus,26.041,26.041,-0.0,unchanged
G_026_016,BUSSTOP_OUT::03071,OPP SO SOFITEL S'PORE,cbd_bus,CBD-bound,Cbd Bus,14.132,14.132,-0.0,unchanged
G_026_016,BUSSTOP_OUT::03111,AFT CAPITAL TWR,cbd_bus,CBD-bound,Cbd Bus,13.014,13.014,-0.0,unchanged
G_026_016,BUSSTOP_OUT::03129,UIC BLDG,cbd_bus,CBD-bound,Cbd Bus,27.532,27.532,-0.0,unchanged
G_026_016,BUSSTOP_OUT::03151,AFT TELOK AYER ST,cbd_bus,CBD-bound,Cbd Bus,13.014,13.014,-0.0,unchanged
G_026_016,BUSSTOP_OUT::03217,AFT STRAITS BLVD,cbd_bus,CBD-bound,Cbd Bus,31.004,28.297,2.707,improved
G_026_016,BUSSTOP_OUT::03218,OPP MAS BLDG,cbd_bus,CBD-bound,Cbd Bus,20.486,20.486,-0.0,unchanged
G_026_016,BUSSTOP_OUT::03222,HUB SYNERGY PT,cbd_bus,CBD-bound,Cbd Bus,10.405,10.405,-0.0,unchanged
G_026_016,BUSSTOP_OUT::03223,TANJONG PAGAR STN EXIT C,cbd_bus,CBD-bound,Cbd Bus,11.523,11.523,-0.0,unchanged
G_026_016,BUSSTOP_OUT::03239,SHENTON WAY TER,cbd_bus,CBD-bound,Cbd Bus,21.231,21.231,-0.0,unchanged
G_026_016,BUSSTOP_OUT::03241,MAPLETREE ANSON,cbd_bus,CBD-bound,Cbd Bus,31.004,28.297,2.707,improved
G_026_016,BUSSTOP_OUT::03381,THE SAIL,cbd_bus,CBD-bound,Cbd Bus,16.368,16.368,-0.0,unchanged
G_026_016,BUSSTOP_OUT::03391,MARINA BAY FINANCIAL CTR,cbd_bus,CBD-bound,Cbd Bus,17.113,17.113,-0.0,unchanged
G_026_016,BUSSTOP_OUT::03501,MARINA BAY SANDS THEATRE,cbd_bus,CBD-bound,Cbd Bus,21.213,21.213,-0.0,unchanged
G_026_016,BUSSTOP_OUT::03509,BAYFRONT STN EXIT B/MBS,cbd_bus,CBD-bound,Cbd Bus,37.305,33.497,3.808,improved
G_026_016,BUSSTOP_OUT::03511,AFT BAYFRONT STN EXIT E,cbd_bus,CBD-bound,Cbd Bus,19.722,19.722,-0.0,unchanged
G_026_016,BUSSTOP_OUT::03519,BAYFRONT STN EXIT A,cbd_bus,CBD-bound,Cbd Bus,37.305,33.497,3.808,improved
G_026_016,BUSSTOP_OUT::03529,DOWNTOWN STN,cbd_bus,CBD-bound,Cbd Bus,33.105,33.105,-0.0,unchanged
G_026_016,BUSSTOP_OUT::03539,Marina Bay Stn,cbd_bus,CBD-bound,Cbd Bus,34.105,32.497,1.608,improved
G_026_016,BUSSTOP_OUT::05269,MAXWELL RD FC,cbd_bus,CBD-bound,Cbd Bus,31.768,31.768,-0.0,unchanged
G_026_016,BUSSTOP_OUT::05319,OCBC CTR,cbd_bus,CBD-bound,Cbd Bus,23.805,23.805,-0.0,unchanged
G_026_016,BUSSTOP_OUT::05411,TG PAGAR PLAZA,cbd_bus,CBD-bound,Cbd Bus,10.404,10.404,-0.0,unchanged
G_026_016,BUSSTOP_OUT::05419,THE AMARA,cbd_bus,CBD-bound,Cbd Bus,32.122,32.122,-0.0,unchanged
G_026_016,BUSSTOP_OUT::05431,TOWER 15,cbd_bus,CBD-bound,Cbd Bus,32.867,32.867,-0.0,unchanged
G_026_016,BUSSTOP_OUT::05629,OPP STH PT,cbd_bus,CBD-bound,Cbd Bus,9.286,9.286,-0.0,unchanged
G_026_016,BUSSTOP_OUT::05651,OPP FUJI XEROX TWRS,cbd_bus,CBD-bound,Cbd Bus,9.659,9.659,-0.0,unchanged
G_026_016,MRTHUB::Bayfront,Bayfront,cbd_mrt,CBD-bound,Cbd Mrt,27.005,23.197,3.808,improved
G_026_016,MRTHUB::Downtown,Downtown,cbd_mrt,CBD-bound,Cbd Mrt,23.805,23.805,-0.0,unchanged
G_026_016,MRTHUB::Marina_Bay,Marina Bay,cbd_mrt,CBD-bound,Cbd Mrt,26.005,22.197,3.808,improved
G_026_016,MRTHUB::Maxwell,Maxwell,cbd_mrt,CBD-bound,Cbd Mrt,21.805,21.805,-0.0,unchanged
G_026_016,MRTHUB::Raffles_Place,Raffles Place,cbd_mrt,CBD-bound,Cbd Mrt,24.904,24.904,-0.0,unchanged
G_026_016,MRTHUB::Shenton_Way,Shenton Way,cbd_mrt,CBD-bound,Cbd Mrt,22.805,22.805,-0.0,unchanged
G_026_016,MRTHUB::Tanjong_Pagar,Tanjong Pagar,cbd_mrt,CBD-bound,Cbd Mrt,20.704,20.704,-0.0,unchanged
G_027_012,BUSSTOP_OUT::95011,AFT AIRCRAFT FLYOVER,airport_bus,Airport-bound,Airport Bus,74.638,73.905,0.733,improved
G_027_012,BUSSTOP_OUT::95019,AFT CHANGI AIRPORT TER 2,airport_bus,Airport-bound,Airport Bus,63.195,62.626,0.569,improved
G_027_012,BUSSTOP_OUT::95029,CHANGI AIRPORT TER 1,airport_bus,Airport-bound,Airport Bus,62.449,61.88,0.569,improved
G_027_012,BUSSTOP_OUT::95109,CHANGI AIRPORT TER 3,airport_bus,Airport-bound,Airport Bus,59.468,58.899,0.569,improved
G_027_012,BUSSTOP_OUT::95129,CHANGI AIRPORT TER 2,airport_bus,Airport-bound,Airport Bus,59.468,58.899,0.569,improved
G_027_012,BUSSTOP_OUT::95151,AIRPORT POLICE STN,airport_bus,Airport-bound,Airport Bus,72.775,72.042,0.733,improved
G_027_012,BUSSTOP_OUT::95159,NEAR SATS FLIGHT KITCHEN,airport_bus,Airport-bound,Airport Bus,66.176,65.607,0.569,improved
G_027_012,BUSSTOP_OUT::95209,CHANGI AIRPORT TER 4,airport_bus,Airport-bound,Airport Bus,69.158,68.589,0.569,improved
G_027_012,MRTHUB::Changi_Airport,Changi Airport,airport_mrt,Airport-bound,Airport Mrt,49.168,48.599,0.569,improved
G_027_012,BUSSTOP_OUT::03011,FULLERTON SQ,cbd_bus,CBD-bound,Cbd Bus,26.694,26.694,-0.0,unchanged
G_027_012,BUSSTOP_OUT::03019,OUE BAYFRONT,cbd_bus,CBD-bound,Cbd Bus,35.668,33.48,2.188,improved
G_027_012,BUSSTOP_OUT::03021,PRUDENTIAL TWR,cbd_bus,CBD-bound,Cbd Bus,24.458,24.458,-0.0,unchanged
G_027_012,BUSSTOP_OUT::03031,RAFFLES PL STN EXIT F,cbd_bus,CBD-bound,Cbd Bus,24.831,24.831,-0.0,unchanged
G_027_012,BUSSTOP_OUT::03041,TELOK AYER STN EXIT A,cbd_bus,CBD-bound,Cbd Bus,31.558,27.853,3.705,improved
G_027_012,BUSSTOP_OUT::03059,ONE RAFFLES QUAY,cbd_bus,CBD-bound,Cbd Bus,23.712,23.712,-0.0,unchanged
G_027_012,BUSSTOP_OUT::03071,OPP SO SOFITEL S'PORE,cbd_bus,CBD-bound,Cbd Bus,23.713,23.713,-0.0,unchanged
G_027_012,BUSSTOP_OUT::03111,AFT CAPITAL TWR,cbd_bus,CBD-bound,Cbd Bus,22.595,22.595,-0.0,unchanged
G_027_012,BUSSTOP_OUT::03129,UIC BLDG,cbd_bus,CBD-bound,Cbd Bus,25.203,25.203,-0.0,unchanged
G_027_012,BUSSTOP_OUT::03151,AFT TELOK AYER ST,cbd_bus,CBD-bound,Cbd Bus,22.595,22.595,-0.0,unchanged
G_027_012,BUSSTOP_OUT::03217,AFT STRAITS BLVD,cbd_bus,CBD-bound,Cbd Bus,31.132,24.499,6.633,improved
G_027_012,BUSSTOP_OUT::03218,OPP MAS BLDG,cbd_bus,CBD-bound,Cbd Bus,27.066,24.499,2.567,improved
G_027_012,BUSSTOP_OUT::03222,HUB SYNERGY PT,cbd_bus,CBD-bound,Cbd Bus,19.986,19.986,-0.0,unchanged
G_027_012,BUSSTOP_OUT::03223,TANJONG PAGAR STN EXIT C,cbd_bus,CBD-bound,Cbd Bus,21.104,21.104,-0.0,unchanged
G_027_012,BUSSTOP_OUT::03239,SHENTON WAY TER,cbd_bus,CBD-bound,Cbd Bus,27.811,24.499,3.312,improved
G_027_012,BUSSTOP_OUT::03241,MAPLETREE ANSON,cbd_bus,CBD-bound,Cbd Bus,31.468,24.499,6.969,improved
G_027_012,BUSSTOP_OUT::03381,THE SAIL,cbd_bus,CBD-bound,Cbd Bus,33.049,29.344,3.705,improved
G_027_012,BUSSTOP_OUT::03391,MARINA BAY FINANCIAL CTR,cbd_bus,CBD-bound,Cbd Bus,33.794,30.089,3.705,improved
G_027_012,BUSSTOP_OUT::03501,MARINA BAY SANDS THEATRE,cbd_bus,CBD-bound,Cbd Bus,37.894,29.699,8.195,improved
G_027_012,BUSSTOP_OUT::03509,BAYFRONT STN EXIT B/MBS,cbd_bus,CBD-bound,Cbd Bus,39.022,29.699,9.323,improved
G_027_012,BUSSTOP_OUT::03511,AFT BAYFRONT STN EXIT E,cbd_bus,CBD-bound,Cbd Bus,36.403,29.699,6.704,improved
G_027_012,BUSSTOP_OUT::03519,BAYFRONT STN EXIT A,cbd_bus,CBD-bound,Cbd Bus,39.022,29.699,9.323,improved
G_027_012,BUSSTOP_OUT::03529,DOWNTOWN STN,cbd_bus,CBD-bound,Cbd Bus,31.132,30.19,0.942,improved
G_027_012,BUSSTOP_OUT::03539,Marina Bay Stn,cbd_bus,CBD-bound,Cbd Bus,34.332,28.699,5.633,improved
G_027_012,BUSSTOP_OUT::05269,MAXWELL RD FC,cbd_bus,CBD-bound,Cbd Bus,30.132,30.132,-0.0,unchanged
G_027_012,BUSSTOP_OUT::05319,OCBC CTR,cbd_bus,CBD-bound,Cbd Bus,21.476,21.476,-0.0,unchanged
G_027_012,BUSSTOP_OUT::05411,TG PAGAR PLAZA,cbd_bus,CBD-bound,Cbd Bus,27.085,24.734,2.351,improved
G_027_012,BUSSTOP_OUT::05419,THE AMARA,cbd_bus,CBD-bound,Cbd Bus,31.25,31.25,-0.0,unchanged
G_027_012,BUSSTOP_OUT::05431,TOWER 15,cbd_bus,CBD-bound,Cbd Bus,31.995,31.995,-0.0,unchanged
G_027_012,BUSSTOP_OUT::05629,OPP STH PT,cbd_bus,CBD-bound,Cbd Bus,18.495,18.495,-0.0,unchanged
G_027_012,BUSSTOP_OUT::05651,OPP FUJI XEROX TWRS,cbd_bus,CBD-bound,Cbd Bus,26.34,23.989,2.351,improved
G_027_012,MRTHUB::Bayfront,Bayfront,cbd_mrt,CBD-bound,Cbd Mrt,28.722,19.399,9.323,improved
G_027_012,MRTHUB::Downtown,Downtown,cbd_mrt,CBD-bound,Cbd Mrt,25.522,22.599,2.923,improved
G_027_012,MRTHUB::Marina_Bay,Marina Bay,cbd_mrt,CBD-bound,Cbd Mrt,24.032,18.399,5.633,improved
G_027_012,MRTHUB::Maxwell,Maxwell,cbd_mrt,CBD-bound,Cbd Mrt,19.832,19.832,-0.0,unchanged
G_027_012,MRTHUB::Raffles_Place,Raffles Place,cbd_mrt,CBD-bound,Cbd Mrt,25.368,23.799,1.569,improved
G_027_012,MRTHUB::Shenton_Way,Shenton Way,cbd_mrt,CBD-bound,Cbd Mrt,20.832,20.832,-0.0,unchanged
G_027_012,MRTHUB::Tanjong_Pagar,Tanjong Pagar,cbd_mrt,CBD-bound,Cbd Mrt,21.168,21.168,-0.0,unchanged
G_027_013,BUSSTOP_OUT::95011,AFT AIRCRAFT FLYOVER,airport_bus,Airport-bound,Airport Bus,72.848,70.582,2.266,improved
G_027_013,BUSSTOP_OUT::95019,AFT CHANGI AIRPORT TER 2,airport_bus,Airport-bound,Airport Bus,61.405,59.303,2.102,improved
G_027_013,BUSSTOP_OUT::95029,CHANGI AIRPORT TER 1,airport_bus,Airport-bound,Airport Bus,60.659,58.557,2.102,improved
G_027_013,BUSSTOP_OUT::95109,CHANGI AIRPORT TER 3,airport_bus,Airport-bound,Airport Bus,57.678,55.576,2.102,improved
G_027_013,BUSSTOP_OUT::95129,CHANGI AIRPORT TER 2,airport_bus,Airport-bound,Airport Bus,57.678,55.576,2.102,improved
G_027_013,BUSSTOP_OUT::95151,AIRPORT POLICE STN,airport_bus,Airport-bound,Airport Bus,70.985,68.719,2.266,improved
G_027_013,BUSSTOP_OUT::95159,NEAR SATS FLIGHT KITCHEN,airport_bus,Airport-bound,Airport Bus,64.386,62.284,2.102,improved
G_027_013,BUSSTOP_OUT::95209,CHANGI AIRPORT TER 4,airport_bus,Airport-bound,Airport Bus,67.368,65.266,2.102,improved
G_027_013,MRTHUB::Changi_Airport,Changi Airport,airport_mrt,Airport-bound,Airport Mrt,47.378,45.276,2.102,improved
G_027_013,BUSSTOP_OUT::03011,FULLERTON SQ,cbd_bus,CBD-bound,Cbd Bus,24.904,24.904,-0.0,unchanged
G_027_013,BUSSTOP_OUT::03019,OUE BAYFRONT,cbd_bus,CBD-bound,Cbd Bus,33.878,30.157,3.721,improved
G_027_013,BUSSTOP_OUT::03021,PRUDENTIAL TWR,cbd_bus,CBD-bound,Cbd Bus,22.668,22.668,-0.0,unchanged
G_027_013,BUSSTOP_OUT::03031,RAFFLES PL STN EXIT F,cbd_bus,CBD-bound,Cbd Bus,23.041,23.041,-0.0,unchanged
G_027_013,BUSSTOP_OUT::03041,TELOK AYER STN EXIT A,cbd_bus,CBD-bound,Cbd Bus,29.768,24.53,5.238,improved
G_027_013,BUSSTOP_OUT::03059,ONE RAFFLES QUAY,cbd_bus,CBD-bound,Cbd Bus,21.922,21.922,-0.0,unchanged
G_027_013,BUSSTOP_OUT::03071,OPP SO SOFITEL S'PORE,cbd_bus,CBD-bound,Cbd Bus,21.923,21.923,-0.0,unchanged
G_027_013,BUSSTOP_OUT::03111,AFT CAPITAL TWR,cbd_bus,CBD-bound,Cbd Bus,20.805,20.805,-0.0,unchanged
G_027_013,BUSSTOP_OUT::03129,UIC BLDG,cbd_bus,CBD-bound,Cbd Bus,23.413,23.413,-0.0,unchanged
G_027_013,BUSSTOP_OUT::03151,AFT TELOK AYER ST,cbd_bus,CBD-bound,Cbd Bus,20.805,20.805,-0.0,unchanged
G_027_013,BUSSTOP_OUT::03217,AFT STRAITS BLVD,cbd_bus,CBD-bound,Cbd Bus,29.342,21.176,8.166,improved
G_027_013,BUSSTOP_OUT::03218,OPP MAS BLDG,cbd_bus,CBD-bound,Cbd Bus,25.276,21.176,4.1,improved
G_027_013,BUSSTOP_OUT::03222,HUB SYNERGY PT,cbd_bus,CBD-bound,Cbd Bus,18.196,18.196,-0.0,unchanged
G_027_013,BUSSTOP_OUT::03223,TANJONG PAGAR STN EXIT C,cbd_bus,CBD-bound,Cbd Bus,19.314,19.314,-0.0,unchanged
G_027_013,BUSSTOP_OUT::03239,SHENTON WAY TER,cbd_bus,CBD-bound,Cbd Bus,26.021,21.176,4.845,improved
G_027_013,BUSSTOP_OUT::03241,MAPLETREE ANSON,cbd_bus,CBD-bound,Cbd Bus,29.678,21.176,8.502,improved
G_027_013,BUSSTOP_OUT::03381,THE SAIL,cbd_bus,CBD-bound,Cbd Bus,31.259,26.021,5.238,improved
G_027_013,BUSSTOP_OUT::03391,MARINA BAY FINANCIAL CTR,cbd_bus,CBD-bound,Cbd Bus,32.004,26.766,5.238,improved
G_027_013,BUSSTOP_OUT::03501,MARINA BAY SANDS THEATRE,cbd_bus,CBD-bound,Cbd Bus,36.104,26.376,9.728,improved
G_027_013,BUSSTOP_OUT::03509,BAYFRONT STN EXIT B/MBS,cbd_bus,CBD-bound,Cbd Bus,37.232,26.376,10.856,improved
G_027_013,BUSSTOP_OUT::03511,AFT BAYFRONT STN EXIT E,cbd_bus,CBD-bound,Cbd Bus,34.613,26.376,8.237,improved
G_027_013,BUSSTOP_OUT::03519,BAYFRONT STN EXIT A,cbd_bus,CBD-bound,Cbd Bus,37.232,26.376,10.856,improved
G_027_013,BUSSTOP_OUT::03529,DOWNTOWN STN,cbd_bus,CBD-bound,Cbd Bus,29.342,26.867,2.475,improved
G_027_013,BUSSTOP_OUT::03539,Marina Bay Stn,cbd_bus,CBD-bound,Cbd Bus,32.542,25.376,7.166,improved
G_027_013,BUSSTOP_OUT::05269,MAXWELL RD FC,cbd_bus,CBD-bound,Cbd Bus,28.342,28.342,-0.0,unchanged
G_027_013,BUSSTOP_OUT::05319,OCBC CTR,cbd_bus,CBD-bound,Cbd Bus,19.686,19.686,-0.0,unchanged
G_027_013,BUSSTOP_OUT::05411,TG PAGAR PLAZA,cbd_bus,CBD-bound,Cbd Bus,25.295,21.411,3.884,improved
G_027_013,BUSSTOP_OUT::05419,THE AMARA,cbd_bus,CBD-bound,Cbd Bus,29.46,29.46,-0.0,unchanged
G_027_013,BUSSTOP_OUT::05431,TOWER 15,cbd_bus,CBD-bound,Cbd Bus,30.205,30.205,-0.0,unchanged
G_027_013,BUSSTOP_OUT::05629,OPP STH PT,cbd_bus,CBD-bound,Cbd Bus,16.705,16.705,-0.0,unchanged
G_027_013,BUSSTOP_OUT::05651,OPP FUJI XEROX TWRS,cbd_bus,CBD-bound,Cbd Bus,24.55,20.666,3.884,improved
G_027_013,MRTHUB::Bayfront,Bayfront,cbd_mrt,CBD-bound,Cbd Mrt,26.932,16.076,10.856,improved
G_027_013,MRTHUB::Downtown,Downtown,cbd_mrt,CBD-bound,Cbd Mrt,23.732,19.276,4.456,improved
G_027_013,MRTHUB::Marina_Bay,Marina Bay,cbd_mrt,CBD-bound,Cbd Mrt,22.242,15.076,7.166,improved
G_027_013,MRTHUB::Maxwell,Maxwell,cbd_mrt,CBD-bound,Cbd Mrt,18.042,18.042,-0.0,unchanged
G_027_013,MRTHUB::Raffles_Place,Raffles Place,cbd_mrt,CBD-bound,Cbd Mrt,23.578,20.476,3.102,improved
G_027_013,MRTHUB::Shenton_Way,Shenton Way,cbd_mrt,CBD-bound,Cbd Mrt,19.042,18.276,0.766,improved
G_027_013,MRTHUB::Tanjong_Pagar,Tanjong Pagar,cbd_mrt,CBD-bound,Cbd Mrt,19.378,19.378,-0.0,unchanged
G_027_014,BUSSTOP_OUT::95011,AFT AIRCRAFT FLYOVER,airport_bus,Airport-bound,Airport Bus,72.668,67.246,5.422,improved
G_027_014,BUSSTOP_OUT::95019,AFT CHANGI AIRPORT TER 2,airport_bus,Airport-bound,Airport Bus,61.225,55.967,5.258,improved
G_027_014,BUSSTOP_OUT::95029,CHANGI AIRPORT TER 1,airport_bus,Airport-bound,Airport Bus,60.479,55.221,5.258,improved
G_027_014,BUSSTOP_OUT::95109,CHANGI AIRPORT TER 3,airport_bus,Airport-bound,Airport Bus,57.498,52.24,5.258,improved
G_027_014,BUSSTOP_OUT::95129,CHANGI AIRPORT TER 2,airport_bus,Airport-bound,Airport Bus,57.498,52.24,5.258,improved
G_027_014,BUSSTOP_OUT::95151,AIRPORT POLICE STN,airport_bus,Airport-bound,Airport Bus,70.805,65.383,5.422,improved
G_027_014,BUSSTOP_OUT::95159,NEAR SATS FLIGHT KITCHEN,airport_bus,Airport-bound,Airport Bus,64.206,58.948,5.258,improved
G_027_014,BUSSTOP_OUT::95209,CHANGI AIRPORT TER 4,airport_bus,Airport-bound,Airport Bus,67.188,61.93,5.258,improved
G_027_014,MRTHUB::Changi_Airport,Changi Airport,airport_mrt,Airport-bound,Airport Mrt,47.198,41.94,5.258,improved
G_027_014,BUSSTOP_OUT::03011,FULLERTON SQ,cbd_bus,CBD-bound,Cbd Bus,15.607,15.607,-0.0,unchanged
G_027_014,BUSSTOP_OUT::03019,OUE BAYFRONT,cbd_bus,CBD-bound,Cbd Bus,33.698,26.821,6.877,improved
G_027_014,BUSSTOP_OUT::03021,PRUDENTIAL TWR,cbd_bus,CBD-bound,Cbd Bus,13.371,13.371,-0.0,unchanged
G_027_014,BUSSTOP_OUT::03031,RAFFLES PL STN EXIT F,cbd_bus,CBD-bound,Cbd Bus,13.744,13.744,-0.0,unchanged
G_027_014,BUSSTOP_OUT::03041,TELOK AYER STN EXIT A,cbd_bus,CBD-bound,Cbd Bus,20.471,20.471,-0.0,unchanged
G_027_014,BUSSTOP_OUT::03059,ONE RAFFLES QUAY,cbd_bus,CBD-bound,Cbd Bus,25.665,25.665,-0.0,unchanged
G_027_014,BUSSTOP_OUT::03071,OPP SO SOFITEL S'PORE,cbd_bus,CBD-bound,Cbd Bus,12.626,12.626,-0.0,unchanged
G_027_014,BUSSTOP_OUT::03111,AFT CAPITAL TWR,cbd_bus,CBD-bound,Cbd Bus,11.508,11.508,-0.0,unchanged
G_027_014,BUSSTOP_OUT::03129,UIC BLDG,cbd_bus,CBD-bound,Cbd Bus,27.156,25.24,1.916,improved
G_027_014,BUSSTOP_OUT::03151,AFT TELOK AYER ST,cbd_bus,CBD-bound,Cbd Bus,11.508,11.508,-0.0,unchanged
G_027_014,BUSSTOP_OUT::03217,AFT STRAITS BLVD,cbd_bus,CBD-bound,Cbd Bus,29.498,17.84,11.658,improved
G_027_014,BUSSTOP_OUT::03218,OPP MAS BLDG,cbd_bus,CBD-bound,Cbd Bus,18.98,17.84,1.14,improved
G_027_014,BUSSTOP_OUT::03222,HUB SYNERGY PT,cbd_bus,CBD-bound,Cbd Bus,8.899,8.899,-0.0,unchanged
G_027_014,BUSSTOP_OUT::03223,TANJONG PAGAR STN EXIT C,cbd_bus,CBD-bound,Cbd Bus,10.017,10.017,-0.0,unchanged
G_027_014,BUSSTOP_OUT::03239,SHENTON WAY TER,cbd_bus,CBD-bound,Cbd Bus,19.725,17.84,1.885,improved
G_027_014,BUSSTOP_OUT::03241,MAPLETREE ANSON,cbd_bus,CBD-bound,Cbd Bus,29.498,17.84,11.658,improved
G_027_014,BUSSTOP_OUT::03381,THE SAIL,cbd_bus,CBD-bound,Cbd Bus,14.862,14.862,-0.0,unchanged
G_027_014,BUSSTOP_OUT::03391,MARINA BAY FINANCIAL CTR,cbd_bus,CBD-bound,Cbd Bus,15.607,15.607,-0.0,unchanged
G_027_014,BUSSTOP_OUT::03501,MARINA BAY SANDS THEATRE,cbd_bus,CBD-bound,Cbd Bus,19.707,19.707,-0.0,unchanged
G_027_014,BUSSTOP_OUT::03509,BAYFRONT STN EXIT B/MBS,cbd_bus,CBD-bound,Cbd Bus,36.308,23.04,13.268,improved
G_027_014,BUSSTOP_OUT::03511,AFT BAYFRONT STN EXIT E,cbd_bus,CBD-bound,Cbd Bus,18.216,18.216,-0.0,unchanged
G_027_014,BUSSTOP_OUT::03519,BAYFRONT STN EXIT A,cbd_bus,CBD-bound,Cbd Bus,36.308,23.04,13.268,improved
G_027_014,BUSSTOP_OUT::03529,DOWNTOWN STN,cbd_bus,CBD-bound,Cbd Bus,31.616,23.531,8.085,improved
G_027_014,BUSSTOP_OUT::03539,Marina Bay Stn,cbd_bus,CBD-bound,Cbd Bus,33.108,22.04,11.068,improved
G_027_014,BUSSTOP_OUT::05269,MAXWELL RD FC,cbd_bus,CBD-bound,Cbd Bus,30.616,26.24,4.376,improved
G_027_014,BUSSTOP_OUT::05319,OCBC CTR,cbd_bus,CBD-bound,Cbd Bus,23.429,23.429,-0.0,unchanged
G_027_014,BUSSTOP_OUT::05411,TG PAGAR PLAZA,cbd_bus,CBD-bound,Cbd Bus,8.898,8.898,-0.0,unchanged
G_027_014,BUSSTOP_OUT::05419,THE AMARA,cbd_bus,CBD-bound,Cbd Bus,30.616,27.358,3.258,improved
G_027_014,BUSSTOP_OUT::05431,TOWER 15,cbd_bus,CBD-bound,Cbd Bus,31.361,28.103,3.258,improved
G_027_014,BUSSTOP_OUT::05629,OPP STH PT,cbd_bus,CBD-bound,Cbd Bus,7.78,7.78,-0.0,unchanged
G_027_014,BUSSTOP_OUT::05651,OPP FUJI XEROX TWRS,cbd_bus,CBD-bound,Cbd Bus,8.153,8.153,-0.0,unchanged
G_027_014,MRTHUB::Bayfront,Bayfront,cbd_mrt,CBD-bound,Cbd Mrt,26.008,12.74,13.268,improved
G_027_014,MRTHUB::Downtown,Downtown,cbd_mrt,CBD-bound,Cbd Mrt,22.808,15.94,6.868,improved
G_027_014,MRTHUB::Marina_Bay,Marina Bay,cbd_mrt,CBD-bound,Cbd Mrt,24.516,11.74,12.776,improved
G_027_014,MRTHUB::Maxwell,Maxwell,cbd_mrt,CBD-bound,Cbd Mrt,20.316,15.94,4.376,improved
G_027_014,MRTHUB::Raffles_Place,Raffles Place,cbd_mrt,CBD-bound,Cbd Mrt,23.398,17.14,6.258,improved
G_027_014,MRTHUB::Shenton_Way,Shenton Way,cbd_mrt,CBD-bound,Cbd Mrt,21.316,14.94,6.376,improved
G_027_014,MRTHUB::Tanjong_Pagar,Tanjong Pagar,cbd_mrt,CBD-bound,Cbd Mrt,19.198,19.198,-0.0,unchanged
G_027_015,BUSSTOP_OUT::95011,AFT AIRCRAFT FLYOVER,airport_bus,Airport-bound,Airport Bus,73.327,68.009,5.318,improved
G_027_015,BUSSTOP_OUT::95019,AFT CHANGI AIRPORT TER 2,airport_bus,Airport-bound,Airport Bus,61.884,56.73,5.154,improved
G_027_015,BUSSTOP_OUT::95029,CHANGI AIRPORT TER 1,airport_bus,Airport-bound,Airport Bus,61.138,55.984,5.154,improved
G_027_015,BUSSTOP_OUT::95109,CHANGI AIRPORT TER 3,airport_bus,Airport-bound,Airport Bus,58.157,53.003,5.154,improved
G_027_015,BUSSTOP_OUT::95129,CHANGI AIRPORT TER 2,airport_bus,Airport-bound,Airport Bus,58.157,53.003,5.154,improved
G_027_015,BUSSTOP_OUT::95151,AIRPORT POLICE STN,airport_bus,Airport-bound,Airport Bus,71.464,66.146,5.318,improved
G_027_015,BUSSTOP_OUT::95159,NEAR SATS FLIGHT KITCHEN,airport_bus,Airport-bound,Airport Bus,64.865,59.711,5.154,improved
G_027_015,BUSSTOP_OUT::95209,CHANGI AIRPORT TER 4,airport_bus,Airport-bound,Airport Bus,67.847,62.693,5.154,improved
G_027_015,MRTHUB::Changi_Airport,Changi Airport,airport_mrt,Airport-bound,Airport Mrt,47.857,42.703,5.154,improved
G_027_015,BUSSTOP_OUT::03011,FULLERTON SQ,cbd_bus,CBD-bound,Cbd Bus,16.266,16.266,-0.0,unchanged
G_027_015,BUSSTOP_OUT::03019,OUE BAYFRONT,cbd_bus,CBD-bound,Cbd Bus,34.357,27.584,6.773,improved
G_027_015,BUSSTOP_OUT::03021,PRUDENTIAL TWR,cbd_bus,CBD-bound,Cbd Bus,14.03,14.03,-0.0,unchanged
G_027_015,BUSSTOP_OUT::03031,RAFFLES PL STN EXIT F,cbd_bus,CBD-bound,Cbd Bus,14.403,14.403,-0.0,unchanged
G_027_015,BUSSTOP_OUT::03041,TELOK AYER STN EXIT A,cbd_bus,CBD-bound,Cbd Bus,21.13,21.13,-0.0,unchanged
G_027_015,BUSSTOP_OUT::03059,ONE RAFFLES QUAY,cbd_bus,CBD-bound,Cbd Bus,27.836,27.003,0.833,improved
G_027_015,BUSSTOP_OUT::03071,OPP SO SOFITEL S'PORE,cbd_bus,CBD-bound,Cbd Bus,13.285,13.285,-0.0,unchanged
G_027_015,BUSSTOP_OUT::03111,AFT CAPITAL TWR,cbd_bus,CBD-bound,Cbd Bus,12.167,12.167,-0.0,unchanged
G_027_015,BUSSTOP_OUT::03129,UIC BLDG,cbd_bus,CBD-bound,Cbd Bus,29.327,26.003,3.324,improved
G_027_015,BUSSTOP_OUT::03151,AFT TELOK AYER ST,cbd_bus,CBD-bound,Cbd Bus,12.167,12.167,-0.0,unchanged
G_027_015,BUSSTOP_OUT::03217,AFT STRAITS BLVD,cbd_bus,CBD-bound,Cbd Bus,30.157,18.603,11.554,improved
G_027_015,BUSSTOP_OUT::03218,OPP MAS BLDG,cbd_bus,CBD-bound,Cbd Bus,19.639,18.603,1.036,improved
G_027_015,BUSSTOP_OUT::03222,HUB SYNERGY PT,cbd_bus,CBD-bound,Cbd Bus,9.558,9.558,-0.0,unchanged
G_027_015,BUSSTOP_OUT::03223,TANJONG PAGAR STN EXIT C,cbd_bus,CBD-bound,Cbd Bus,10.676,10.676,-0.0,unchanged
G_027_015,BUSSTOP_OUT::03239,SHENTON WAY TER,cbd_bus,CBD-bound,Cbd Bus,20.384,18.603,1.781,improved
G_027_015,BUSSTOP_OUT::03241,MAPLETREE ANSON,cbd_bus,CBD-bound,Cbd Bus,30.157,18.603,11.554,improved
G_027_015,BUSSTOP_OUT::03381,THE SAIL,cbd_bus,CBD-bound,Cbd Bus,15.521,15.521,-0.0,unchanged
G_027_015,BUSSTOP_OUT::03391,MARINA BAY FINANCIAL CTR,cbd_bus,CBD-bound,Cbd Bus,16.266,16.266,-0.0,unchanged
G_027_015,BUSSTOP_OUT::03501,MARINA BAY SANDS THEATRE,cbd_bus,CBD-bound,Cbd Bus,20.366,20.366,-0.0,unchanged
G_027_015,BUSSTOP_OUT::03509,BAYFRONT STN EXIT B/MBS,cbd_bus,CBD-bound,Cbd Bus,36.967,23.803,13.164,improved
G_027_015,BUSSTOP_OUT::03511,AFT BAYFRONT STN EXIT E,cbd_bus,CBD-bound,Cbd Bus,18.875,18.875,-0.0,unchanged
G_027_015,BUSSTOP_OUT::03519,BAYFRONT STN EXIT A,cbd_bus,CBD-bound,Cbd Bus,36.967,23.803,13.164,improved
G_027_015,BUSSTOP_OUT::03529,DOWNTOWN STN,cbd_bus,CBD-bound,Cbd Bus,32.275,24.294,7.981,improved
G_027_015,BUSSTOP_OUT::03539,Marina Bay Stn,cbd_bus,CBD-bound,Cbd Bus,33.767,22.803,10.964,improved
G_027_015,BUSSTOP_OUT::05269,MAXWELL RD FC,cbd_bus,CBD-bound,Cbd Bus,31.275,27.003,4.272,improved
G_027_015,BUSSTOP_OUT::05319,OCBC CTR,cbd_bus,CBD-bound,Cbd Bus,25.6,25.6,-0.0,unchanged
G_027_015,BUSSTOP_OUT::05411,TG PAGAR PLAZA,cbd_bus,CBD-bound,Cbd Bus,9.557,9.557,-0.0,unchanged
G_027_015,BUSSTOP_OUT::05419,THE AMARA,cbd_bus,CBD-bound,Cbd Bus,31.275,28.121,3.154,improved
G_027_015,BUSSTOP_OUT::05431,TOWER 15,cbd_bus,CBD-bound,Cbd Bus,32.02,28.866,3.154,improved
G_027_015,BUSSTOP_OUT::05629,OPP STH PT,cbd_bus,CBD-bound,Cbd Bus,8.439,8.439,-0.0,unchanged
G_027_015,BUSSTOP_OUT::05651,OPP FUJI XEROX TWRS,cbd_bus,CBD-bound,Cbd Bus,8.812,8.812,-0.0,unchanged
G_027_015,MRTHUB::Bayfront,Bayfront,cbd_mrt,CBD-bound,Cbd Mrt,26.667,13.503,13.164,improved
G_027_015,MRTHUB::Downtown,Downtown,cbd_mrt,CBD-bound,Cbd Mrt,23.467,16.703,6.764,improved
G_027_015,MRTHUB::Marina_Bay,Marina Bay,cbd_mrt,CBD-bound,Cbd Mrt,25.175,12.503,12.672,improved
G_027_015,MRTHUB::Maxwell,Maxwell,cbd_mrt,CBD-bound,Cbd Mrt,20.975,16.703,4.272,improved
G_027_015,MRTHUB::Raffles_Place,Raffles Place,cbd_mrt,CBD-bound,Cbd Mrt,24.057,17.903,6.154,improved
G_027_015,MRTHUB::Shenton_Way,Shenton Way,cbd_mrt,CBD-bound,Cbd Mrt,21.975,15.703,6.272,improved
G_027_015,MRTHUB::Tanjong_Pagar,Tanjong Pagar,cbd_mrt,CBD-bound,Cbd Mrt,19.857,19.857,-0.0,unchanged
G_028_013,BUSSTOP_OUT::95011,AFT AIRCRAFT FLYOVER,airport_bus,Airport-bound,Airport Bus,76.589,68.828,7.761,improved
G_028_013,BUSSTOP_OUT::95019,AFT CHANGI AIRPORT TER 2,airport_bus,Airport-bound,Airport Bus,65.146,57.549,7.597,improved
G_028_013,BUSSTOP_OUT::95029,CHANGI AIRPORT TER 1,airport_bus,Airport-bound,Airport Bus,64.4,56.803,7.597,improved
G_028_013,BUSSTOP_OUT::95109,CHANGI AIRPORT TER 3,airport_bus,Airport-bound,Airport Bus,61.419,53.822,7.597,improved
G_028_013,BUSSTOP_OUT::95129,CHANGI AIRPORT TER 2,airport_bus,Airport-bound,Airport Bus,61.419,53.822,7.597,improved
G_028_013,BUSSTOP_OUT::95151,AIRPORT POLICE STN,airport_bus,Airport-bound,Airport Bus,74.726,66.965,7.761,improved
G_028_013,BUSSTOP_OUT::95159,NEAR SATS FLIGHT KITCHEN,airport_bus,Airport-bound,Airport Bus,68.127,60.53,7.597,improved
G_028_013,BUSSTOP_OUT::95209,CHANGI AIRPORT TER 4,airport_bus,Airport-bound,Airport Bus,71.109,63.512,7.597,improved
G_028_013,MRTHUB::Changi_Airport,Changi Airport,airport_mrt,Airport-bound,Airport Mrt,51.119,43.522,7.597,improved
G_028_013,BUSSTOP_OUT::03011,FULLERTON SQ,cbd_bus,CBD-bound,Cbd Bus,28.645,25.012,3.633,improved
G_028_013,BUSSTOP_OUT::03019,OUE BAYFRONT,cbd_bus,CBD-bound,Cbd Bus,37.619,28.403,9.216,improved
G_028_013,BUSSTOP_OUT::03021,PRUDENTIAL TWR,cbd_bus,CBD-bound,Cbd Bus,26.409,22.776,3.633,improved
G_028_013,BUSSTOP_OUT::03031,RAFFLES PL STN EXIT F,cbd_bus,CBD-bound,Cbd Bus,26.782,23.521,3.261,improved
G_028_013,BUSSTOP_OUT::03041,TELOK AYER STN EXIT A,cbd_bus,CBD-bound,Cbd Bus,33.509,22.776,10.733,improved
G_028_013,BUSSTOP_OUT::03059,ONE RAFFLES QUAY,cbd_bus,CBD-bound,Cbd Bus,25.663,25.663,-0.0,unchanged
G_028_013,BUSSTOP_OUT::03071,OPP SO SOFITEL S'PORE,cbd_bus,CBD-bound,Cbd Bus,25.664,22.403,3.261,improved
G_028_013,BUSSTOP_OUT::03111,AFT CAPITAL TWR,cbd_bus,CBD-bound,Cbd Bus,24.546,21.285,3.261,improved
G_028_013,BUSSTOP_OUT::03129,UIC BLDG,cbd_bus,CBD-bound,Cbd Bus,27.154,26.822,0.332,improved
G_028_013,BUSSTOP_OUT::03151,AFT TELOK AYER ST,cbd_bus,CBD-bound,Cbd Bus,24.546,20.913,3.633,improved
G_028_013,BUSSTOP_OUT::03217,AFT STRAITS BLVD,cbd_bus,CBD-bound,Cbd Bus,33.083,19.422,13.661,improved
G_028_013,BUSSTOP_OUT::03218,OPP MAS BLDG,cbd_bus,CBD-bound,Cbd Bus,29.017,19.422,9.595,improved
G_028_013,BUSSTOP_OUT::03222,HUB SYNERGY PT,cbd_bus,CBD-bound,Cbd Bus,21.937,19.422,2.515,improved
G_028_013,BUSSTOP_OUT::03223,TANJONG PAGAR STN EXIT C,cbd_bus,CBD-bound,Cbd Bus,23.055,19.422,3.633,improved
G_028_013,BUSSTOP_OUT::03239,SHENTON WAY TER,cbd_bus,CBD-bound,Cbd Bus,29.762,19.422,10.34,improved
G_028_013,BUSSTOP_OUT::03241,MAPLETREE ANSON,cbd_bus,CBD-bound,Cbd Bus,33.419,19.422,13.997,improved
G_028_013,BUSSTOP_OUT::03381,THE SAIL,cbd_bus,CBD-bound,Cbd Bus,35.0,24.267,10.733,improved
G_028_013,BUSSTOP_OUT::03391,MARINA BAY FINANCIAL CTR,cbd_bus,CBD-bound,Cbd Bus,35.745,25.012,10.733,improved
G_028_013,BUSSTOP_OUT::03501,MARINA BAY SANDS THEATRE,cbd_bus,CBD-bound,Cbd Bus,39.845,24.622,15.223,improved
G_028_013,BUSSTOP_OUT::03509,BAYFRONT STN EXIT B/MBS,cbd_bus,CBD-bound,Cbd Bus,40.973,24.622,16.351,improved
G_028_013,BUSSTOP_OUT::03511,AFT BAYFRONT STN EXIT E,cbd_bus,CBD-bound,Cbd Bus,38.354,24.622,13.732,improved
G_028_013,BUSSTOP_OUT::03519,BAYFRONT STN EXIT A,cbd_bus,CBD-bound,Cbd Bus,40.973,24.622,16.351,improved
G_028_013,BUSSTOP_OUT::03529,DOWNTOWN STN,cbd_bus,CBD-bound,Cbd Bus,33.083,25.113,7.97,improved
G_028_013,BUSSTOP_OUT::03539,Marina Bay Stn,cbd_bus,CBD-bound,Cbd Bus,36.283,23.622,12.661,improved
G_028_013,BUSSTOP_OUT::05269,MAXWELL RD FC,cbd_bus,CBD-bound,Cbd Bus,32.083,27.822,4.261,improved
G_028_013,BUSSTOP_OUT::05319,OCBC CTR,cbd_bus,CBD-bound,Cbd Bus,23.427,23.427,-0.0,unchanged
G_028_013,BUSSTOP_OUT::05411,TG PAGAR PLAZA,cbd_bus,CBD-bound,Cbd Bus,29.036,19.657,9.379,improved
G_028_013,BUSSTOP_OUT::05419,THE AMARA,cbd_bus,CBD-bound,Cbd Bus,33.201,28.94,4.261,improved
G_028_013,BUSSTOP_OUT::05431,TOWER 15,cbd_bus,CBD-bound,Cbd Bus,33.946,29.685,4.261,improved
G_028_013,BUSSTOP_OUT::05629,OPP STH PT,cbd_bus,CBD-bound,Cbd Bus,20.446,18.167,2.279,improved
G_028_013,BUSSTOP_OUT::05651,OPP FUJI XEROX TWRS,cbd_bus,CBD-bound,Cbd Bus,28.291,18.912,9.379,improved
G_028_013,MRTHUB::Bayfront,Bayfront,cbd_mrt,CBD-bound,Cbd Mrt,30.673,14.322,16.351,improved
G_028_013,MRTHUB::Downtown,Downtown,cbd_mrt,CBD-bound,Cbd Mrt,27.473,17.522,9.951,improved
G_028_013,MRTHUB::Marina_Bay,Marina Bay,cbd_mrt,CBD-bound,Cbd Mrt,25.983,13.322,12.661,improved
G_028_013,MRTHUB::Maxwell,Maxwell,cbd_mrt,CBD-bound,Cbd Mrt,21.783,17.522,4.261,improved
G_028_013,MRTHUB::Raffles_Place,Raffles Place,cbd_mrt,CBD-bound,Cbd Mrt,27.319,18.722,8.597,improved
G_028_013,MRTHUB::Shenton_Way,Shenton Way,cbd_mrt,CBD-bound,Cbd Mrt,22.783,16.522,6.261,improved
G_028_013,MRTHUB::Tanjong_Pagar,Tanjong Pagar,cbd_mrt,CBD-bound,Cbd Mrt,23.119,20.922,2.197,improved
G_028_014,BUSSTOP_OUT::95011,AFT AIRCRAFT FLYOVER,airport_bus,Airport-bound,Airport Bus,73.955,66.518,7.437,improved
G_028_014,BUSSTOP_OUT::95019,AFT CHANGI AIRPORT TER 2,airport_bus,Airport-bound,Airport Bus,62.512,55.239,7.273,improved
G_028_014,BUSSTOP_OUT::95029,CHANGI AIRPORT TER 1,airport_bus,Airport-bound,Airport Bus,61.766,54.493,7.273,improved
G_028_014,BUSSTOP_OUT::95109,CHANGI AIRPORT TER 3,airport_bus,Airport-bound,Airport Bus,58.785,51.512,7.273,improved
G_028_014,BUSSTOP_OUT::95129,CHANGI AIRPORT TER 2,airport_bus,Airport-bound,Airport Bus,58.785,51.512,7.273,improved
G_028_014,BUSSTOP_OUT::95151,AIRPORT POLICE STN,airport_bus,Airport-bound,Airport Bus,72.092,64.655,7.437,improved
G_028_014,BUSSTOP_OUT::95159,NEAR SATS FLIGHT KITCHEN,airport_bus,Airport-bound,Airport Bus,65.493,58.22,7.273,improved
G_028_014,BUSSTOP_OUT::95209,CHANGI AIRPORT TER 4,airport_bus,Airport-bound,Airport Bus,68.475,61.202,7.273,improved
G_028_014,MRTHUB::Changi_Airport,Changi Airport,airport_mrt,Airport-bound,Airport Mrt,48.485,41.212,7.273,improved
G_028_014,BUSSTOP_OUT::03011,FULLERTON SQ,cbd_bus,CBD-bound,Cbd Bus,16.894,16.894,-0.0,unchanged
G_028_014,BUSSTOP_OUT::03019,OUE BAYFRONT,cbd_bus,CBD-bound,Cbd Bus,34.985,26.093,8.892,improved
G_028_014,BUSSTOP_OUT::03021,PRUDENTIAL TWR,cbd_bus,CBD-bound,Cbd Bus,14.658,14.658,-0.0,unchanged
G_028_014,BUSSTOP_OUT::03031,RAFFLES PL STN EXIT F,cbd_bus,CBD-bound,Cbd Bus,15.031,15.031,-0.0,unchanged
G_028_014,BUSSTOP_OUT::03041,TELOK AYER STN EXIT A,cbd_bus,CBD-bound,Cbd Bus,21.758,20.466,1.292,improved
G_028_014,BUSSTOP_OUT::03059,ONE RAFFLES QUAY,cbd_bus,CBD-bound,Cbd Bus,28.464,25.512,2.952,improved
G_028_014,BUSSTOP_OUT::03071,OPP SO SOFITEL S'PORE,cbd_bus,CBD-bound,Cbd Bus,13.913,13.913,-0.0,unchanged
G_028_014,BUSSTOP_OUT::03111,AFT CAPITAL TWR,cbd_bus,CBD-bound,Cbd Bus,12.795,12.795,-0.0,unchanged
G_028_014,BUSSTOP_OUT::03129,UIC BLDG,cbd_bus,CBD-bound,Cbd Bus,29.955,24.512,5.443,improved
G_028_014,BUSSTOP_OUT::03151,AFT TELOK AYER ST,cbd_bus,CBD-bound,Cbd Bus,12.795,12.795,-0.0,unchanged
G_028_014,BUSSTOP_OUT::03217,AFT STRAITS BLVD,cbd_bus,CBD-bound,Cbd Bus,30.785,17.112,13.673,improved
G_028_014,BUSSTOP_OUT::03218,OPP MAS BLDG,cbd_bus,CBD-bound,Cbd Bus,20.267,17.112,3.155,improved
G_028_014,BUSSTOP_OUT::03222,HUB SYNERGY PT,cbd_bus,CBD-bound,Cbd Bus,10.186,10.186,-0.0,unchanged
G_028_014,BUSSTOP_OUT::03223,TANJONG PAGAR STN EXIT C,cbd_bus,CBD-bound,Cbd Bus,11.304,11.304,-0.0,unchanged
G_028_014,BUSSTOP_OUT::03239,SHENTON WAY TER,cbd_bus,CBD-bound,Cbd Bus,21.012,17.112,3.9,improved
G_028_014,BUSSTOP_OUT::03241,MAPLETREE ANSON,cbd_bus,CBD-bound,Cbd Bus,30.785,17.112,13.673,improved
G_028_014,BUSSTOP_OUT::03381,THE SAIL,cbd_bus,CBD-bound,Cbd Bus,16.149,16.149,-0.0,unchanged
G_028_014,BUSSTOP_OUT::03391,MARINA BAY FINANCIAL CTR,cbd_bus,CBD-bound,Cbd Bus,16.894,16.894,-0.0,unchanged
G_028_014,BUSSTOP_OUT::03501,MARINA BAY SANDS THEATRE,cbd_bus,CBD-bound,Cbd Bus,20.994,20.994,-0.0,unchanged
G_028_014,BUSSTOP_OUT::03509,BAYFRONT STN EXIT B/MBS,cbd_bus,CBD-bound,Cbd Bus,37.595,22.312,15.283,improved
G_028_014,BUSSTOP_OUT::03511,AFT BAYFRONT STN EXIT E,cbd_bus,CBD-bound,Cbd Bus,19.503,19.503,-0.0,unchanged
G_028_014,BUSSTOP_OUT::03519,BAYFRONT STN EXIT A,cbd_bus,CBD-bound,Cbd Bus,37.595,22.312,15.283,improved
G_028_014,BUSSTOP_OUT::03529,DOWNTOWN STN,cbd_bus,CBD-bound,Cbd Bus,32.903,22.803,10.1,improved
G_028_014,BUSSTOP_OUT::03539,Marina Bay Stn,cbd_bus,CBD-bound,Cbd Bus,34.395,21.312,13.083,improved
G_028_014,BUSSTOP_OUT::05269,MAXWELL RD FC,cbd_bus,CBD-bound,Cbd Bus,31.903,25.512,6.391,improved
G_028_014,BUSSTOP_OUT::05319,OCBC CTR,cbd_bus,CBD-bound,Cbd Bus,26.228,26.228,-0.0,unchanged
G_028_014,BUSSTOP_OUT::05411,TG PAGAR PLAZA,cbd_bus,CBD-bound,Cbd Bus,10.185,10.185,-0.0,unchanged
G_028_014,BUSSTOP_OUT::05419,THE AMARA,cbd_bus,CBD-bound,Cbd Bus,31.903,26.63,5.273,improved
G_028_014,BUSSTOP_OUT::05431,TOWER 15,cbd_bus,CBD-bound,Cbd Bus,32.648,27.375,5.273,improved
G_028_014,BUSSTOP_OUT::05629,OPP STH PT,cbd_bus,CBD-bound,Cbd Bus,9.067,9.067,-0.0,unchanged
G_028_014,BUSSTOP_OUT::05651,OPP FUJI XEROX TWRS,cbd_bus,CBD-bound,Cbd Bus,9.44,9.44,-0.0,unchanged
G_028_014,MRTHUB::Bayfront,Bayfront,cbd_mrt,CBD-bound,Cbd Mrt,27.295,12.012,15.283,improved
G_028_014,MRTHUB::Downtown,Downtown,cbd_mrt,CBD-bound,Cbd Mrt,24.095,15.212,8.883,improved
G_028_014,MRTHUB::Marina_Bay,Marina Bay,cbd_mrt,CBD-bound,Cbd Mrt,25.803,11.012,14.791,improved
G_028_014,MRTHUB::Maxwell,Maxwell,cbd_mrt,CBD-bound,Cbd Mrt,21.603,15.212,6.391,improved
G_028_014,MRTHUB::Raffles_Place,Raffles Place,cbd_mrt,CBD-bound,Cbd Mrt,24.685,16.412,8.273,improved
G_028_014,MRTHUB::Shenton_Way,Shenton Way,cbd_mrt,CBD-bound,Cbd Mrt,22.603,14.212,8.391,improved
G_028_014,MRTHUB::Tanjong_Pagar,Tanjong Pagar,cbd_mrt,CBD-bound,Cbd Mrt,20.485,18.612,1.873,improved
