{
"type": "FeatureCollection",
"name": "busstop",
"crs": { "type": "name", "properties": { "name": "urn:ogc:def:crs:EPSG::3414" } },
"features": [
{ "type": "Feature", "properties": { "BUS_STOP_N": "65059", "LOC_DESC": "ST ANNE'S CH" }, "geometry": { "type": "Point", "coordinates": [ 35565.660799999721348, 41659.524900000542402 ] } },
{ "type": "Feature", "properties": { "BUS_STOP_N": "16171", "LOC_DESC": "YUSOF ISHAK HSE" }, "geometry": { "type": "Point", "coordinates": [ 21439.911299999803305, 31253.63230000063777 ] } },
{ "type": "Feature", "properties": { "BUS_STOP_N": "61101", "LOC_DESC": "BLK 120" }, "geometry": { "type": "Point", "coordinates": [ 31381.055399999953806, 35313.485300000756979 ] } },
{ "type": "Feature", "properties": { "BUS_STOP_N": "01239", "LOC_DESC": "SULTAN PLAZA" }, "geometry": { "type": "Point", "coordinates": [ 31152.545199999585748, 31688.084599999710917 ] } },
{ "type": "Feature", "properties": { "BUS_STOP_N": "17269", "LOC_DESC": "BLK 730" }, "geometry": { "type": "Point", "coordinates": [ 20134.199500000104308, 31917.375700000673532 ] } },
{ "type": "Feature", "properties": { "BUS_STOP_N": "11291", "LOC_DESC": "COLD STORAGE JELITA" }, "geometry": { "type": "Point", "coordinates": [ 22723.570899999700487, 33349.847999999299645 ] } },
{ "type": "Feature", "properties": { "BUS_STOP_N": "11531", "LOC_DESC": "OPP LEA HIN HARDWARE FTY" }, "geometry": { "type": "Point", "coordinates": [ 25112.109899999573827, 30368.681900000199676 ] } },
{ "type": "Feature", "properties": { "BUS_STOP_N": "46529", "LOC_DESC": "OPP MARSILING STN" }, "geometry": { "type": "Point", "coordinates": [ 21465.510400000028312, 45974.123999999836087 ] } },
{ "type": "Feature", "properties": { "BUS_STOP_N": "95151", "LOC_DESC": "AIRPORT POLICE STN" }, "geometry": { "type": "Point", "coordinates": [ 44529.729899999685585, 36038.384600000455976 ] } },
{ "type": "Feature", "properties": { "BUS_STOP_N": "71169", "LOC_DESC": "AZTECH BLDG" }, "geometry": { "type": "Point", "coordinates": [ 34541.042700000107288, 34361.08699999935925 ] } },
{ "type": "Feature", "properties": { "BUS_STOP_N": "27471", "LOC_DESC": "CORPORATION PR SCH" }, "geometry": { "type": "Point", "coordinates": [ 14028.593399999663234, 37148.06980000063777 ] } },
{ "type": "Feature", "properties": { "BUS_STOP_N": "43831", "LOC_DESC": "BLK 334" }, "geometry": { "type": "Point", "coordinates": [ 18483.511800000444055, 38574.923599999397993 ] } },
{ "type": "Feature", "properties": { "BUS_STOP_N": "96061", "LOC_DESC": "OPP MERA TERR P/G" }, "geometry": { "type": "Point", "coordinates": [ 42422.607499999925494, 36560.457299999892712 ] } },
{ "type": "Feature", "properties": { "BUS_STOP_N": "09011", "LOC_DESC": "OPP NGEE ANN CITY" }, "geometry": { "type": "Point", "coordinates": [ 28104.350499999709427, 31609.258199999108911 ] } },
{ "type": "Feature", "properties": { "BUS_STOP_N": "77259", "LOC_DESC": "OPP BLK 713" }, "geometry": { "type": "Point", "coordinates": [ 39716.105399999767542, 40516.293400000780821 ] } },
{ "type": "Feature", "properties": { "BUS_STOP_N": "46189", "LOC_DESC": "BLK 12" }, "geometry": { "type": "Point", "coordinates": [ 21890.85259999986738, 46852.776699999347329 ] } },
{ "type": "Feature", "properties": { "BUS_STOP_N": "67479", "LOC_DESC": "LAYAR STN EXIT A / BLK 417A" }, "geometry": { "type": "Point", "coordinates": [ 33199.636900000274181, 41543.566800000146031 ] } },
{ "type": "Feature", "properties": { "BUS_STOP_N": "85101", "LOC_DESC": "AFT BEDOK RD" }, "geometry": { "type": "Point", "coordinates": [ 41067.63300000037998, 34619.685599999502301 ] } },
{ "type": "Feature", "properties": { "BUS_STOP_N": "64129", "LOC_DESC": "BLK 988B" }, "geometry": { "type": "Point", "coordinates": [ 32846.645800000056624, 40205.358200000599027 ] } },
{ "type": "Feature", "properties": { "BUS_STOP_N": "10419", "LOC_DESC": "BLK 52" }, "geometry": { "type": "Point", "coordinates": [ 25683.637199999764562, 30086.089800000190735 ] } },
{ "type": "Feature", "properties": { "BUS_STOP_N": "78231", "LOC_DESC": "OPP BLK 482" }, "geometry": { "type": "Point", "coordinates": [ 42075.226999999955297, 39495.922399999573827 ] } },
{ "type": "Feature", "properties": { "BUS_STOP_N": "63389", "LOC_DESC": "OPP XINMIN PR SCH" }, "geometry": { "type": "Point", "coordinates": [ 33458.771800000220537, 39187.207900000736117 ] } },
{ "type": "Feature", "properties": { "BUS_STOP_N": "90021", "LOC_DESC": "PEBBLE BAY" }, "geometry": { "type": "Point", "coordinates": [ 32335.997000000439584, 31063.584100000560284 ] } },
{ "type": "Feature", "properties": { "BUS_STOP_N": "25391", "LOC_DESC": "BEF PIONEER RD" }, "geometry": { "type": "Point", "coordinates": [ 6161.744699999690056, 34585.746400000527501 ] } },
{ "type": "Feature", "properties": { "BUS_STOP_N": "58101", "LOC_DESC": "BLK 311" }, "geometry": { "type": "Point", "coordinates": [ 26829.883799999952316, 47591.037200000137091 ] } },
{ "type": "Feature", "properties": { "BUS_STOP_N": "49149", "LOC_DESC": "AFT KRANJI LK" }, "geometry": { "type": "Point", "coordinates": [ 17970.329800000414252, 46673.47749999910593 ] } },
{ "type": "Feature", "properties": { "BUS_STOP_N": "28631", "LOC_DESC": "OPP BLK 288D" }, "geometry": { "type": "Point", "coordinates": [ 18073.753399999812245, 35858.820800000801682 ] } },
{ "type": "Feature", "properties": { "BUS_STOP_N": "63109", "LOC_DESC": "BLK 172" }, "geometry": { "type": "Point", "coordinates": [ 34291.923600000329316, 36994.541400000452995 ] } },
{ "type": "Feature", "properties": { "BUS_STOP_N": "22069", "LOC_DESC": "OPP CEVA LOGISTICS" }, "geometry": { "type": "Point", "coordinates": [ 13576.311499999836087, 32883.654799999669194 ] } },
{ "type": "Feature", "properties": { "BUS_STOP_N": "32071", "LOC_DESC": "AFT TRACK 13" }, "geometry": { "type": "Point", "coordinates": [ 13228.592400000430644, 44206.377299999818206 ] } },
{ "type": "Feature", "properties": { "BUS_STOP_N": "44331", "LOC_DESC": "BLK 239" }, "geometry": { "type": "Point", "coordinates": [ 21045.101400000043213, 40242.07909999974072 ] } },
{ "type": "Feature", "properties": { "BUS_STOP_N": "96081", "LOC_DESC": "GRACE INDEPENDENT CH" }, "geometry": { "type": "Point", "coordinates": [ 41603.764000000432134, 35413.108999999240041 ] } },
{ "type": "Feature", "properties": { "BUS_STOP_N": "11561", "LOC_DESC": "BLK 166" }, "geometry": { "type": "Point", "coordinates": [ 24568.737700000405312, 30391.845899999141693 ] } },
{ "type": "Feature", "properties": { "BUS_STOP_N": "66191", "LOC_DESC": "AFT CORFE PL" }, "geometry": { "type": "Point", "coordinates": [ 30951.580299999564886, 38079.610400000587106 ] } },
{ "type": "Feature", "properties": { "BUS_STOP_N": "23389", "LOC_DESC": "PEC LTD" }, "geometry": { "type": "Point", "coordinates": [ 12476.898599999956787, 32211.597100000828505 ] } },
{ "type": "Feature", "properties": { "BUS_STOP_N": "54411", "LOC_DESC": "BLK 527" }, "geometry": { "type": "Point", "coordinates": [ 30329.454900000244379, 39373.9206000007689 ] } },
{ "type": "Feature", "properties": { "BUS_STOP_N": "28531", "LOC_DESC": "BLK 536" }, "geometry": { "type": "Point", "coordinates": [ 14993.304999999701977, 36905.613500000908971 ] } },
{ "type": "Feature", "properties": { "BUS_STOP_N": "96139", "LOC_DESC": "BLK 148" }, "geometry": { "type": "Point", "coordinates": [ 41642.807199999690056, 36513.896500000730157 ] } },
{ "type": "Feature", "properties": { "BUS_STOP_N": "23151", "LOC_DESC": "CONTAINERS PRINTERS" }, "geometry": { "type": "Point", "coordinates": [ 11485.300200000405312, 34457.981399999931455 ] } },
{ "type": "Feature", "properties": { "BUS_STOP_N": "42089", "LOC_DESC": "OPP BT TIMAH PLAZA" }, "geometry": { "type": "Point", "coordinates": [ 22003.697200000286102, 35796.016499999910593 ] } },
{ "type": "Feature", "properties": { "BUS_STOP_N": "25099", "LOC_DESC": "OPTO-PHARM" }, "geometry": { "type": "Point", "coordinates": [ 7028.885700000450015, 35124.507500000298023 ] } },
{ "type": "Feature", "properties": { "BUS_STOP_N": "46261", "LOC_DESC": "BLK 808" }, "geometry": { "type": "Point", "coordinates": [ 22831.748999999836087, 47133.76380000077188 ] } },
{ "type": "Feature", "properties": { "BUS_STOP_N": "50011", "LOC_DESC": "OPP PARISH OF CHRIST CH" }, "geometry": { "type": "Point", "coordinates": [ 29542.704900000244379, 32678.965500000864267 ] } },
{ "type": "Feature", "properties": { "BUS_STOP_N": "43659", "LOC_DESC": "ST ANTHONY'S PR SCH" }, "geometry": { "type": "Point", "coordinates": [ 18641.503800000064075, 38427.132200000807643 ] } },
{ "type": "Feature", "properties": { "BUS_STOP_N": "62099", "LOC_DESC": "GAMBIR RIDGE" }, "geometry": { "type": "Point", "coordinates": [ 32716.853900000452995, 36256.637000000104308 ] } },
{ "type": "Feature", "properties": { "BUS_STOP_N": "46709", "LOC_DESC": "AFT BLK 1" }, "geometry": { "type": "Point", "coordinates": [ 21565.174599999561906, 47016.116699999198318 ] } },
{ "type": "Feature", "properties": { "BUS_STOP_N": "46831", "LOC_DESC": "BLK 747A CP" }, "geometry": { "type": "Point", "coordinates": [ 23807.523000000044703, 47254.277499999850988 ] } },
{ "type": "Feature", "properties": { "BUS_STOP_N": "84409", "LOC_DESC": "BLK 550" }, "geometry": { "type": "Point", "coordinates": [ 38386.869099999777973, 35012.333499999716878 ] } },
{ "type": "Feature", "properties": { "BUS_STOP_N": "84029", "LOC_DESC": "OPP BLK 32" }, "geometry": { "type": "Point", "coordinates": [ 38213.92960000038147, 33910.163100000470877 ] } },
{ "type": "Feature", "properties": { "BUS_STOP_N": "04149", "LOC_DESC": "GRAND PARK CITY HALL" }, "geometry": { "type": "Point", "coordinates": [ 29837.804700000211596, 30566.322499999776483 ] } },
{ "type": "Feature", "properties": { "BUS_STOP_N": "52429", "LOC_DESC": "BLK 17A" }, "geometry": { "type": "Point", "coordinates": [ 30646.114199999719858, 35394.15679999999702 ] } },
{ "type": "Feature", "properties": { "BUS_STOP_N": "17049", "LOC_DESC": "BLK 601" }, "geometry": { "type": "Point", "coordinates": [ 20355.046099999919534, 31889.955700000748038 ] } },
{ "type": "Feature", "properties": { "BUS_STOP_N": "78221", "LOC_DESC": "BLK 231A CP" }, "geometry": { "type": "Point", "coordinates": [ 42227.955500000156462, 39563.156400000676513 ] } },
{ "type": "Feature", "properties": { "BUS_STOP_N": "63359", "LOC_DESC": "HOUGANG SWIM CPLX" }, "geometry": { "type": "Point", "coordinates": [ 34065.747800000011921, 39047.457699999213219 ] } },
{ "type": "Feature", "properties": { "BUS_STOP_N": "64141", "LOC_DESC": "AFT JLN TELAWI" }, "geometry": { "type": "Point", "coordinates": [ 36335.296000000089407, 38525.74100000038743 ] } },
{ "type": "Feature", "properties": { "BUS_STOP_N": "83139", "LOC_DESC": "AFT JOO CHIAT PL" }, "geometry": { "type": "Point", "coordinates": [ 36530.264700000174344, 32981.17989999987185 ] } },
{ "type": "Feature", "properties": { "BUS_STOP_N": "55351", "LOC_DESC": "OPP FUDU WALK P/G" }, "geometry": { "type": "Point", "coordinates": [ 28404.768600000068545, 41300.923499999567866 ] } },
{ "type": "Feature", "properties": { "BUS_STOP_N": "80271", "LOC_DESC": "OPP MOUNBATTEN STN" }, "geometry": { "type": "Point", "coordinates": [ 33524.153500000014901, 31938.861800000071526 ] } },
{ "type": "Feature", "properties": { "BUS_STOP_N": "97089", "LOC_DESC": "OPP SELARANG PK DRUG REH." }, "geometry": { "type": "Point", "coordinates": [ 44329.514999999664724, 39204.739499999210238 ] } },
{ "type": "Feature", "properties": { "BUS_STOP_N": "77099", "LOC_DESC": "BEF PASIR RIS AVE" }, "geometry": { "type": "Point", "coordinates": [ 40577.255599999800324, 40261.75760000012815 ] } },
{ "type": "Feature", "properties": { "BUS_STOP_N": "08137", "LOC_DESC": "ORCHARD PLAZA" }, "geometry": { "type": "Point", "coordinates": [ 28861.48369999974966, 31451.56980000063777 ] } },
{ "type": "Feature", "properties": { "BUS_STOP_N": "43301", "LOC_DESC": "OPP HILLBROOKS" }, "geometry": { "type": "Point", "coordinates": [ 20065.524600000120699, 37889.631400000303984 ] } },
{ "type": "Feature", "properties": { "BUS_STOP_N": "49249", "LOC_DESC": "AFT NEO TIEW RD" }, "geometry": { "type": "Point", "coordinates": [ 16000.175499999895692, 46531.637099999934435 ] } },
{ "type": "Feature", "properties": { "BUS_STOP_N": "16051", "LOC_DESC": "THE CRYSTAL TABERNACLE CH" }, "geometry": { "type": "Point", "coordinates": [ 21505.890999999828637, 30250.882400000467896 ] } },
{ "type": "Feature", "properties": { "BUS_STOP_N": "98099", "LOC_DESC": "BLK 269A" }, "geometry": { "type": "Point", "coordinates": [ 42469.670400000177324, 38513.226700000464916 ] } },
{ "type": "Feature", "properties": { "BUS_STOP_N": "58019", "LOC_DESC": "AFT SEMBAWANG SHOP CTR" }, "geometry": { "type": "Point", "coordinates": [ 27045.339399999938905, 46944.997199999168515 ] } },
{ "type": "Feature", "properties": { "BUS_STOP_N": "08111", "LOC_DESC": "WINSLAND HSE" }, "geometry": { "type": "Point", "coordinates": [ 28837.832000000402331, 31358.043099999427795 ] } },
{ "type": "Feature", "properties": { "BUS_STOP_N": "75201", "LOC_DESC": "BLK 835" }, "geometry": { "type": "Point", "coordinates": [ 39154.218000000342727, 36991.47749999910593 ] } },
{ "type": "Feature", "properties": { "BUS_STOP_N": "20251", "LOC_DESC": "BEF TEBAN GDNS RD" }, "geometry": { "type": "Point", "coordinates": [ 18122.458999999798834, 33567.771999999880791 ] } },
{ "type": "Feature", "properties": { "BUS_STOP_N": "68131", "LOC_DESC": "OPP YOUTH FLYING CLUB" }, "geometry": { "type": "Point", "coordinates": [ 31178.877799999900162, 44049.774599999189377 ] } },
{ "type": "Feature", "properties": { "BUS_STOP_N": "14281", "LOC_DESC": "SAFRA MT FABER" }, "geometry": { "type": "Point", "coordinates": [ 26296.08739999961108, 28835.232300000265241 ] } },
{ "type": "Feature", "properties": { "BUS_STOP_N": "55509", "LOC_DESC": "YIO CHU KANG INT" }, "geometry": { "type": "Point", "coordinates": [ 29366.850300000049174, 40337.050300000235438 ] } },
{ "type": "Feature", "properties": { "BUS_STOP_N": "50059", "LOC_DESC": "OPP THOMSON MED CTR" }, "geometry": { "type": "Point", "coordinates": [ 28978.14879999961704, 34115.276200000196695 ] } },
{ "type": "Feature", "properties": { "BUS_STOP_N": "76319", "LOC_DESC": "TAMPINES EAST STN EXIT D" }, "geometry": { "type": "Point", "coordinates": [ 41606.970800000242889, 37748.693299999460578 ] } },
{ "type": "Feature", "properties": { "BUS_STOP_N": "03411", "LOC_DESC": "OPP MARINA STH PIER STN" }, "geometry": { "type": "Point", "coordinates": [ 31309.919599999673665, 28237.509500000625849 ] } },
{ "type": "Feature", "properties": { "BUS_STOP_N": "62109", "LOC_DESC": "AFT UPP S'GOON RD" }, "geometry": { "type": "Point", "coordinates": [ 32516.204800000414252, 36201.146600000560284 ] } },
{ "type": "Feature", "properties": { "BUS_STOP_N": "15109", "LOC_DESC": "LP 30" }, "geometry": { "type": "Point", "coordinates": [ 22717.916100000031292, 29808.650399999693036 ] } },
{ "type": "Feature", "properties": { "BUS_STOP_N": "52141", "LOC_DESC": "OPP BLK 139A" }, "geometry": { "type": "Point", "coordinates": [ 29106.492700000293553, 35383.255799999460578 ] } },
{ "type": "Feature", "properties": { "BUS_STOP_N": "25379", "LOC_DESC": "AFT TUAS AVE 6" }, "geometry": { "type": "Point", "coordinates": [ 7483.872200000099838, 34052.28940000012517 ] } },
{ "type": "Feature", "properties": { "BUS_STOP_N": "45101", "LOC_DESC": "AFT LP 234" }, "geometry": { "type": "Point", "coordinates": [ 19236.267900000326335, 44492.988199999555945 ] } },
{ "type": "Feature", "properties": { "BUS_STOP_N": "42039", "LOC_DESC": "OPP THE NEXUS" }, "geometry": { "type": "Point", "coordinates": [ 22940.504599999636412, 35202.852700000628829 ] } },
{ "type": "Feature", "properties": { "BUS_STOP_N": "64121", "LOC_DESC": "AFT ANG MO KIO AVE 5" }, "geometry": { "type": "Point", "coordinates": [ 32805.522499999962747, 40198.873999999836087 ] } },
{ "type": "Feature", "properties": { "BUS_STOP_N": "93089", "LOC_DESC": "OPP GOODWILL CT" }, "geometry": { "type": "Point", "coordinates": [ 38518.216599999926984, 32807.20240000076592 ] } },
{ "type": "Feature", "properties": { "BUS_STOP_N": "58151", "LOC_DESC": "BEF SEMBAWANG STN" }, "geometry": { "type": "Point", "coordinates": [ 26738.981999999843538, 47784.721499999985099 ] } },
{ "type": "Feature", "properties": { "BUS_STOP_N": "51069", "LOC_DESC": "MT ALVERNIA HOSP" }, "geometry": { "type": "Point", "coordinates": [ 28372.19440000038594, 35907.912499999627471 ] } },
{ "type": "Feature", "properties": { "BUS_STOP_N": "30059", "LOC_DESC": "OPP TRACK 14" }, "geometry": { "type": "Point", "coordinates": [ 16128.923000000417233, 39596.936599999666214 ] } },
{ "type": "Feature", "properties": { "BUS_STOP_N": "94049", "LOC_DESC": "AFT BEDOK STH AVE 3" }, "geometry": { "type": "Point", "coordinates": [ 40398.928399999625981, 33158.245400000363588 ] } },
{ "type": "Feature", "properties": { "BUS_STOP_N": "28161", "LOC_DESC": "BEF HONG KAH FLYOVER" }, "geometry": { "type": "Point", "coordinates": [ 15299.55489999987185, 37568.324799999594688 ] } },
{ "type": "Feature", "properties": { "BUS_STOP_N": "71101", "LOC_DESC": "BLK 318" }, "geometry": { "type": "Point", "coordinates": [ 35742.574000000022352, 34492.530899999663234 ] } },
{ "type": "Feature", "properties": { "BUS_STOP_N": "58479", "LOC_DESC": "AFT INNOVA PRI SCH" }, "geometry": { "type": "Point", "coordinates": [ 23189.618999999947846, 45541.346999999135733 ] } },
{ "type": "Feature", "properties": { "BUS_STOP_N": "21421", "LOC_DESC": "BLK 176" }, "geometry": { "type": "Point", "coordinates": [ 14312.345300000160933, 36600.929400000721216 ] } },
{ "type": "Feature", "properties": { "BUS_STOP_N": "10659", "LOC_DESC": "BLK 1003" }, "geometry": { "type": "Point", "coordinates": [ 25904.458200000226498, 29566.359999999403954 ] } },
{ "type": "Feature", "properties": { "BUS_STOP_N": "52149", "LOC_DESC": "BLK 139A" }, "geometry": { "type": "Point", "coordinates": [ 29140.683500000275671, 35390.755300000309944 ] } },
{ "type": "Feature", "properties": { "BUS_STOP_N": "96391", "LOC_DESC": "AFT CHANGI BIZ PK CRES" }, "geometry": { "type": "Point", "coordinates": [ 42968.262000000104308, 35456.272600000724196 ] } },
{ "type": "Feature", "properties": { "BUS_STOP_N": "16121", "LOC_DESC": "GALEN" }, "geometry": { "type": "Point", "coordinates": [ 22480.989699999801815, 29854.49890000000596 ] } },
{ "type": "Feature", "properties": { "BUS_STOP_N": "09059", "LOC_DESC": "NATL YOUTH COUNCIL" }, "geometry": { "type": "Point", "coordinates": [ 28316.071800000034273, 31418.54869999922812 ] } },
{ "type": "Feature", "properties": { "BUS_STOP_N": "54481", "LOC_DESC": "ITE COLLEGE CTRL" }, "geometry": { "type": "Point", "coordinates": [ 30504.250599999912083, 39777.614000000059605 ] } },
{ "type": "Feature", "properties": { "BUS_STOP_N": "13031", "LOC_DESC": "OPP CHATSWORTH RD" }, "geometry": { "type": "Point", "coordinates": [ 26198.933000000193715, 31296.601600000634789 ] } },
{ "type": "Feature", "properties": { "BUS_STOP_N": "12199", "LOC_DESC": "OPP VILLAGE TWRS" }, "geometry": { "type": "Point", "coordinates": [ 21859.053199999965727, 33083.387599999085069 ] } },
{ "type": "Feature", "properties": { "BUS_STOP_N": "28521", "LOC_DESC": "BLK 457" }, "geometry": { "type": "Point", "coordinates": [ 15512.294099999591708, 37010.673200000077486 ] } },
{ "type": "Feature", "properties": { "BUS_STOP_N": "21319", "LOC_DESC": "OPP TRACTOR RD" }, "geometry": { "type": "Point", "coordinates": [ 14254.493200000375509, 33994.546900000423193 ] } },
{ "type": "Feature", "properties": { "BUS_STOP_N": "65271", "LOC_DESC": "OPP BLK 188" }, "geometry": { "type": "Point", "coordinates": [ 36611.327200000174344, 42422.258199999108911 ] } },
{ "type": "Feature", "properties": { "BUS_STOP_N": "10289", "LOC_DESC": "OPP SIS BLDG" }, "geometry": { "type": "Point", "coordinates": [ 25905.285400000400841, 30474.272900000214577 ] } },
{ "type": "Feature", "properties": { "BUS_STOP_N": "25509", "LOC_DESC": "OPP KEE WEE HUP KEE" }, "geometry": { "type": "Point", "coordinates": [ 6893.652999999932945, 35080.871500000357628 ] } },
{ "type": "Feature", "properties": { "BUS_STOP_N": "27301", "LOC_DESC": "BLK 978" }, "geometry": { "type": "Point", "coordinates": [ 12527.740600000135601, 35857.320299999788404 ] } },
{ "type": "Feature", "properties": { "BUS_STOP_N": "01013", "LOC_DESC": "ST JOSEPH'S CH" }, "geometry": { "type": "Point", "coordinates": [ 30218.752000000327826, 31126.486999999731779 ] } },
{ "type": "Feature", "properties": { "BUS_STOP_N": "18099", "LOC_DESC": "BEF AYER RAJAH CRES" }, "geometry": { "type": "Point", "coordinates": [ 23117.473799999803305, 30695.660399999469519 ] } },
{ "type": "Feature", "properties": { "BUS_STOP_N": "67661", "LOC_DESC": "OPP BLK 178A" }, "geometry": { "type": "Point", "coordinates": [ 36405.917000000365078, 41201.175000000745058 ] } },
{ "type": "Feature", "properties": { "BUS_STOP_N": "70071", "LOC_DESC": "CYCLE & CARRIAGE" }, "geometry": { "type": "Point", "coordinates": [ 35248.019600000232458, 35114.885900000110269 ] } },
{ "type": "Feature", "properties": { "BUS_STOP_N": "15051", "LOC_DESC": "ALEXANDRA PT" }, "geometry": { "type": "Point", "coordinates": [ 24554.420400000177324, 28837.584400000050664 ] } },
{ "type": "Feature", "properties": { "BUS_STOP_N": "51029", "LOC_DESC": "OPP OLD POLICE ACAD" }, "geometry": { "type": "Point", "coordinates": [ 28715.519199999980628, 34715.238800000399351 ] } },
{ "type": "Feature", "properties": { "BUS_STOP_N": "24011", "LOC_DESC": "M.C PACKAGING PTE LTD" }, "geometry": { "type": "Point", "coordinates": [ 10662.108799999579787, 33838.986099999397993 ] } },
{ "type": "Feature", "properties": { "BUS_STOP_N": "27149", "LOC_DESC": "JUYING PR SCH" }, "geometry": { "type": "Point", "coordinates": [ 11906.71820000000298, 35674.449100000783801 ] } },
{ "type": "Feature", "properties": { "BUS_STOP_N": "15041", "LOC_DESC": "ALEXANDRA RETAIL CTR" }, "geometry": { "type": "Point", "coordinates": [ 24494.847199999727309, 28567.912000000476837 ] } },
{ "type": "Feature", "properties": { "BUS_STOP_N": "15049", "LOC_DESC": "OPP ALEXANDRA RETAIL CTR" }, "geometry": { "type": "Point", "coordinates": [ 24532.388199999928474, 28552.951500000432134 ] } },
{ "type": "Feature", "properties": { "BUS_STOP_N": "46809", "LOC_DESC": "OPP W'LANDS MART" }, "geometry": { "type": "Point", "coordinates": [ 24082.13910000026226, 47571.194399999454618 ] } },
{ "type": "Feature", "properties": { "BUS_STOP_N": "54059", "LOC_DESC": "BEF ANG MO KIO LIB" }, "geometry": { "type": "Point", "coordinates": [ 29300.139499999582767, 39804.051400000229478 ] } },
{ "type": "Feature", "properties": { "BUS_STOP_N": "47551", "LOC_DESC": "BLK 630" }, "geometry": { "type": "Point", "coordinates": [ 24480.810399999842048, 46239.882200000807643 ] } },
{ "type": "Feature", "properties": { "BUS_STOP_N": "70291", "LOC_DESC": "ASIAWIDE IND BLDG" }, "geometry": { "type": "Point", "coordinates": [ 33981.277999999932945, 35537.187000000849366 ] } },
{ "type": "Feature", "properties": { "BUS_STOP_N": "67601", "LOC_DESC": "BUANGKOK STN EXIT B" }, "geometry": { "type": "Point", "coordinates": [ 34670.778800000436604, 40581.204800000414252 ] } },
{ "type": "Feature", "properties": { "BUS_STOP_N": "46749", "LOC_DESC": "OPP SEAGATE" }, "geometry": { "type": "Point", "coordinates": [ 25091.298600000329316, 47516.439400000497699 ] } },
{ "type": "Feature", "properties": { "BUS_STOP_N": "81199", "LOC_DESC": "BEF OLD AIRPORT RD" }, "geometry": { "type": "Point", "coordinates": [ 34369.768000000156462, 32327.24210000038147 ] } },
{ "type": "Feature", "properties": { "BUS_STOP_N": "64029", "LOC_DESC": "OPP BLK 458" }, "geometry": { "type": "Point", "coordinates": [ 35074.381599999964237, 39972.988199999555945 ] } },
{ "type": "Feature", "properties": { "BUS_STOP_N": "56061", "LOC_DESC": "AFT TAGORE DR" }, "geometry": { "type": "Point", "coordinates": [ 26832.297799999825656, 40790.371099999174476 ] } },
{ "type": "Feature", "properties": { "BUS_STOP_N": "29041", "LOC_DESC": "BAN JOO" }, "geometry": { "type": "Point", "coordinates": [ 17175.3597999997437, 32070.574699999764562 ] } },
{ "type": "Feature", "properties": { "BUS_STOP_N": "27141", "LOC_DESC": "BLK 920" }, "geometry": { "type": "Point", "coordinates": [ 11807.728900000452995, 35762.687599999830127 ] } },
{ "type": "Feature", "properties": { "BUS_STOP_N": "84011", "LOC_DESC": "CHAI CHEE IND PK" }, "geometry": { "type": "Point", "coordinates": [ 37917.745799999684095, 33875.230399999767542 ] } },
{ "type": "Feature", "properties": { "BUS_STOP_N": "44651", "LOC_DESC": "BLK 617" }, "geometry": { "type": "Point", "coordinates": [ 20165.96999999973923, 40813.657500000670552 ] } },
{ "type": "Feature", "properties": { "BUS_STOP_N": "60219", "LOC_DESC": "BEF SIEMENS CTR" }, "geometry": { "type": "Point", "coordinates": [ 32171.448699999600649, 34515.171099999919534 ] } },
{ "type": "Feature", "properties": { "BUS_STOP_N": "43311", "LOC_DESC": "MIDVIEW BLDG" }, "geometry": { "type": "Point", "coordinates": [ 19494.910199999809265, 35777.117200000211596 ] } },
{ "type": "Feature", "properties": { "BUS_STOP_N": "46549", "LOC_DESC": "BLK 347" }, "geometry": { "type": "Point", "coordinates": [ 22198.131299999542534, 46089.823699999600649 ] } },
{ "type": "Feature", "properties": { "BUS_STOP_N": "13041", "LOC_DESC": "AFT ROCHALIE DR" }, "geometry": { "type": "Point", "coordinates": [ 26486.627700000070035, 31649.956900000572205 ] } },
{ "type": "Feature", "properties": { "BUS_STOP_N": "23029", "LOC_DESC": "STAMFORD TYRE" }, "geometry": { "type": "Point", "coordinates": [ 11663.517599999904633, 33921.228900000452995 ] } },
{ "type": "Feature", "properties": { "BUS_STOP_N": "28141", "LOC_DESC": "AFT TRACK 22" }, "geometry": { "type": "Point", "coordinates": [ 16339.563500000163913, 37346.880999999120831 ] } },
{ "type": "Feature", "properties": { "BUS_STOP_N": "59789", "LOC_DESC": "BEF YISHUN AVE 6" }, "geometry": { "type": "Point", "coordinates": [ 30011.86089999973774, 44971.802200000733137 ] } },
{ "type": "Feature", "properties": { "BUS_STOP_N": "80199", "LOC_DESC": "STADIUM STN" }, "geometry": { "type": "Point", "coordinates": [ 32687.816499999724329, 31547.878200000151992 ] } },
{ "type": "Feature", "properties": { "BUS_STOP_N": "59441", "LOC_DESC": "NAVAL BASE PR SCH" }, "geometry": { "type": "Point", "coordinates": [ 28684.954400000162423, 44187.719100000336766 ] } },
{ "type": "Feature", "properties": { "BUS_STOP_N": "40031", "LOC_DESC": "NEWTON FC" }, "geometry": { "type": "Point", "coordinates": [ 28768.008799999952316, 32709.262199999764562 ] } },
{ "type": "Feature", "properties": { "BUS_STOP_N": "46791", "LOC_DESC": "BLK 722" }, "geometry": { "type": "Point", "coordinates": [ 24248.69469999987632, 47483.854499999433756 ] } },
{ "type": "Feature", "properties": { "BUS_STOP_N": "53211", "LOC_DESC": "OPP RAFFLES INSTN" }, "geometry": { "type": "Point", "coordinates": [ 29534.272099999710917, 36566.908900000154972 ] } },
{ "type": "Feature", "properties": { "BUS_STOP_N": "59179", "LOC_DESC": "BLK 241" }, "geometry": { "type": "Point", "coordinates": [ 28733.922500000335276, 45996.100400000810623 ] } },
{ "type": "Feature", "properties": { "BUS_STOP_N": "03419", "LOC_DESC": "MARINA STH PIER STN" }, "geometry": { "type": "Point", "coordinates": [ 31295.593100000172853, 28191.1706000007689 ] } },
{ "type": "Feature", "properties": { "BUS_STOP_N": "01429", "LOC_DESC": "GOLDEN MILE CPLX" }, "geometry": { "type": "Point", "coordinates": [ 31523.391499999910593, 31721.866900000721216 ] } },
{ "type": "Feature", "properties": { "BUS_STOP_N": "46299", "LOC_DESC": "OPP BLK 106" }, "geometry": { "type": "Point", "coordinates": [ 22371.844399999827147, 46510.849099999293685 ] } },
{ "type": "Feature", "properties": { "BUS_STOP_N": "43591", "LOC_DESC": "OPP BT VIEW SEC SCH" }, "geometry": { "type": "Point", "coordinates": [ 18956.414800000376999, 36326.478900000452995 ] } },
{ "type": "Feature", "properties": { "BUS_STOP_N": "83029", "LOC_DESC": "AFT KG EUNOS" }, "geometry": { "type": "Point", "coordinates": [ 36127.640100000426173, 33338.069099999964237 ] } },
{ "type": "Feature", "properties": { "BUS_STOP_N": "42229", "LOC_DESC": "AFT TOH TUCK TERR" }, "geometry": { "type": "Point", "coordinates": [ 20758.437699999660254, 35733.820900000631809 ] } },
{ "type": "Feature", "properties": { "BUS_STOP_N": "51099", "LOC_DESC": "CATHOLIC JC" }, "geometry": { "type": "Point", "coordinates": [ 28127.333100000396371, 34233.246700000017881 ] } },
{ "type": "Feature", "properties": { "BUS_STOP_N": "80101", "LOC_DESC": "KALLANG STN / OPP BLK 2C" }, "geometry": { "type": "Point", "coordinates": [ 32252.077399999834597, 32763.81870000064373 ] } },
{ "type": "Feature", "properties": { "BUS_STOP_N": "80149", "LOC_DESC": "S.A. DEAF" }, "geometry": { "type": "Point", "coordinates": [ 33165.763199999928474, 32206.893899999558926 ] } },
{ "type": "Feature", "properties": { "BUS_STOP_N": "17079", "LOC_DESC": "BLK 512" }, "geometry": { "type": "Point", "coordinates": [ 19842.63150000013411, 32442.300899999216199 ] } },
{ "type": "Feature", "properties": { "BUS_STOP_N": "52269", "LOC_DESC": "BLK 73" }, "geometry": { "type": "Point", "coordinates": [ 30020.779699999839067, 35127.001499999314547 ] } },
{ "type": "Feature", "properties": { "BUS_STOP_N": "21611", "LOC_DESC": "BLK 367" }, "geometry": { "type": "Point", "coordinates": [ 15303.793499999679625, 35610.978499999269843 ] } },
{ "type": "Feature", "properties": { "BUS_STOP_N": "84369", "LOC_DESC": "BLK 45" }, "geometry": { "type": "Point", "coordinates": [ 38165.891400000080466, 34597.699500000104308 ] } },
{ "type": "Feature", "properties": { "BUS_STOP_N": "80051", "LOC_DESC": "AFT LOR 1 GEYLANG" }, "geometry": { "type": "Point", "coordinates": [ 32438.015100000426173, 32754.839800000190735 ] } },
{ "type": "Feature", "properties": { "BUS_STOP_N": "77251", "LOC_DESC": "BLK 713" }, "geometry": { "type": "Point", "coordinates": [ 39711.927600000053644, 40472.974500000476837 ] } },
{ "type": "Feature", "properties": { "BUS_STOP_N": "11349", "LOC_DESC": "OPP GARLICK VILLE" }, "geometry": { "type": "Point", "coordinates": [ 23518.705900000408292, 34206.998199999332428 ] } },
{ "type": "Feature", "properties": { "BUS_STOP_N": "17011", "LOC_DESC": "OPP VARSITY PK" }, "geometry": { "type": "Point", "coordinates": [ 20604.640999999828637, 30701.274399999529123 ] } },
{ "type": "Feature", "properties": { "BUS_STOP_N": "58031", "LOC_DESC": "OPP CANBERRA DR" }, "geometry": { "type": "Point", "coordinates": [ 27111.071299999952316, 47517.770999999716878 ] } },
{ "type": "Feature", "properties": { "BUS_STOP_N": "27379", "LOC_DESC": "BLK 755" }, "geometry": { "type": "Point", "coordinates": [ 13269.965300000272691, 36681.309800000861287 ] } },
{ "type": "Feature", "properties": { "BUS_STOP_N": "53219", "LOC_DESC": "RAFFLES INSTN" }, "geometry": { "type": "Point", "coordinates": [ 29476.203499999828637, 36475.666200000792742 ] } },
{ "type": "Feature", "properties": { "BUS_STOP_N": "21399", "LOC_DESC": "OPP RIVER VALLEY HIGH SCH" }, "geometry": { "type": "Point", "coordinates": [ 14065.538200000301003, 36329.918899999931455 ] } },
{ "type": "Feature", "properties": { "BUS_STOP_N": "20319", "LOC_DESC": "BLK T PANDAN LIGHT IND PK" }, "geometry": { "type": "Point", "coordinates": [ 19047.346099999733269, 32758.506400000303984 ] } },
{ "type": "Feature", "properties": { "BUS_STOP_N": "44131", "LOC_DESC": "BLK 26" }, "geometry": { "type": "Point", "coordinates": [ 19330.463399999774992, 39901.982899999246001 ] } },
{ "type": "Feature", "properties": { "BUS_STOP_N": "53289", "LOC_DESC": "ZION BIBLE PRESBY CH" }, "geometry": { "type": "Point", "coordinates": [ 30366.4847999997437, 36587.792400000616908 ] } },
{ "type": "Feature", "properties": { "BUS_STOP_N": "21559", "LOC_DESC": "CISCO RECALL" }, "geometry": { "type": "Point", "coordinates": [ 15445.909400000236928, 34326.257400000467896 ] } },
{ "type": "Feature", "properties": { "BUS_STOP_N": "53159", "LOC_DESC": "BLK 260" }, "geometry": { "type": "Point", "coordinates": [ 28932.419499999843538, 37960.609999999403954 ] } },
{ "type": "Feature", "properties": { "BUS_STOP_N": "53019", "LOC_DESC": "OPP ST. THERESA'S HOME" }, "geometry": { "type": "Point", "coordinates": [ 28610.260999999940395, 36439.373199999332428 ] } },
{ "type": "Feature", "properties": { "BUS_STOP_N": "84701", "LOC_DESC": "BLK 151" }, "geometry": { "type": "Point", "coordinates": [ 36763.409799999557436, 35355.16579999960959 ] } },
{ "type": "Feature", "properties": { "BUS_STOP_N": "64579", "LOC_DESC": "BET BLKS 544/546" }, "geometry": { "type": "Point", "coordinates": [ 34607.773599999956787, 40031.160599999129772 ] } },
{ "type": "Feature", "properties": { "BUS_STOP_N": "47039", "LOC_DESC": "AFT VIEW RD" }, "geometry": { "type": "Point", "coordinates": [ 23063.629200000315905, 48130.267899999395013 ] } },
{ "type": "Feature", "properties": { "BUS_STOP_N": "53079", "LOC_DESC": "FLAME TREE PK" }, "geometry": { "type": "Point", "coordinates": [ 27481.978500000201166, 38092.238299999386072 ] } },
{ "type": "Feature", "properties": { "BUS_STOP_N": "28091", "LOC_DESC": "LAKESIDE STN" }, "geometry": { "type": "Point", "coordinates": [ 15394.286199999973178, 36264.519500000402331 ] } },
{ "type": "Feature", "properties": { "BUS_STOP_N": "80071", "LOC_DESC": "YI XIU FTY BLDG" }, "geometry": { "type": "Point", "coordinates": [ 32821.579199999570847, 32901.195900000631809 ] } },
{ "type": "Feature", "properties": { "BUS_STOP_N": "16181", "LOC_DESC": "CTRL LIB" }, "geometry": { "type": "Point", "coordinates": [ 21226.655100000090897, 30990.801500000059605 ] } },
{ "type": "Feature", "properties": { "BUS_STOP_N": "26069", "LOC_DESC": "AFT TUAS AVE 16" }, "geometry": { "type": "Point", "coordinates": [ 6363.836199999786913, 33423.043500000610948 ] } },
{ "type": "Feature", "properties": { "BUS_STOP_N": "59251", "LOC_DESC": "OPP DARUL MAKMUR MQUE" }, "geometry": { "type": "Point", "coordinates": [ 28037.037899999879301, 46490.408299999311566 ] } },
{ "type": "Feature", "properties": { "BUS_STOP_N": "19021", "LOC_DESC": "SP SMA" }, "geometry": { "type": "Point", "coordinates": [ 22209.677899999544024, 32430.93889999948442 ] } },
{ "type": "Feature", "properties": { "BUS_STOP_N": "84431", "LOC_DESC": "BLK 3014" }, "geometry": { "type": "Point", "coordinates": [ 41012.000099999830127, 35256.114700000733137 ] } },
{ "type": "Feature", "properties": { "BUS_STOP_N": "63091", "LOC_DESC": "OPP BLK 106" }, "geometry": { "type": "Point", "coordinates": [ 34468.886300000362098, 37321.284299999475479 ] } },
{ "type": "Feature", "properties": { "BUS_STOP_N": "46079", "LOC_DESC": "OPP BLK 137" }, "geometry": { "type": "Point", "coordinates": [ 21729.183500000275671, 46729.830099999904633 ] } },
{ "type": "Feature", "properties": { "BUS_STOP_N": "57081", "LOC_DESC": "OPP BLK 713" }, "geometry": { "type": "Point", "coordinates": [ 27247.376899999566376, 45477.799300000071526 ] } },
{ "type": "Feature", "properties": { "BUS_STOP_N": "48029", "LOC_DESC": "BEF MANDAI LAKE RD" }, "geometry": { "type": "Point", "coordinates": [ 22023.010200000368059, 43598.206900000572205 ] } },
{ "type": "Feature", "properties": { "BUS_STOP_N": "45329", "LOC_DESC": "OPP YEW TEE STN" }, "geometry": { "type": "Point", "coordinates": [ 18485.809299999848008, 42135.98200000077486 ] } },
{ "type": "Feature", "properties": { "BUS_STOP_N": "21211", "LOC_DESC": "OPP LAKEPOINT CONDO" }, "geometry": { "type": "Point", "coordinates": [ 14946.091300000436604, 35812.58049999922514 ] } },
{ "type": "Feature", "properties": { "BUS_STOP_N": "28571", "LOC_DESC": "BLK 416" }, "geometry": { "type": "Point", "coordinates": [ 16004.133399999700487, 37162.655999999493361 ] } },
{ "type": "Feature", "properties": { "BUS_STOP_N": "19029", "LOC_DESC": "OPP SP SMA" }, "geometry": { "type": "Point", "coordinates": [ 22299.866499999538064, 32423.472200000658631 ] } },
{ "type": "Feature", "properties": { "BUS_STOP_N": "28439", "LOC_DESC": "BLK 124" }, "geometry": { "type": "Point", "coordinates": [ 17454.531999999657273, 35192.158999999985099 ] } },
{ "type": "Feature", "properties": { "BUS_STOP_N": "47819", "LOC_DESC": "OPP W'LANDS SUNNY FOOD" }, "geometry": { "type": "Point", "coordinates": [ 25408.191499999724329, 49346.54869999922812 ] } },
{ "type": "Feature", "properties": { "BUS_STOP_N": "45181", "LOC_DESC": "OPP MANDAI CD TRG VILLAGE" }, "geometry": { "type": "Point", "coordinates": [ 19993.088499999605119, 43713.174399999901652 ] } },
{ "type": "Feature", "properties": { "BUS_STOP_N": "25119", "LOC_DESC": "BEF TUAS AVE 10" }, "geometry": { "type": "Point", "coordinates": [ 7577.365600000135601, 34938.251299999654293 ] } },
{ "type": "Feature", "properties": { "BUS_STOP_N": "46451", "LOC_DESC": "OPP BLK 872" }, "geometry": { "type": "Point", "coordinates": [ 23097.801599999889731, 47362.693399999290705 ] } },
{ "type": "Feature", "properties": { "BUS_STOP_N": "78071", "LOC_DESC": "BLK 446" }, "geometry": { "type": "Point", "coordinates": [ 41783.719100000336766, 39142.630499999970198 ] } },
{ "type": "Feature", "properties": { "BUS_STOP_N": "44369", "LOC_DESC": "AFT DAIRY FARM RD" }, "geometry": { "type": "Point", "coordinates": [ 21544.354199999943376, 38650.452099999412894 ] } },
{ "type": "Feature", "properties": { "BUS_STOP_N": "22281", "LOC_DESC": "AFT SOON LEE RD" }, "geometry": { "type": "Point", "coordinates": [ 13580.362099999561906, 34534.469799999147654 ] } },
{ "type": "Feature", "properties": { "BUS_STOP_N": "75169", "LOC_DESC": "OPP BLK 853" }, "geometry": { "type": "Point", "coordinates": [ 39255.657399999909103, 37269.370899999514222 ] } },
{ "type": "Feature", "properties": { "BUS_STOP_N": "70349", "LOC_DESC": "BEF LOR BAKAR BATU" }, "geometry": { "type": "Point", "coordinates": [ 32623.607200000435114, 34273.520400000736117 ] } },
{ "type": "Feature", "properties": { "BUS_STOP_N": "56041", "LOC_DESC": "OPP MEADOWS /@ PEIRCE" }, "geometry": { "type": "Point", "coordinates": [ 27362.298100000247359, 40115.008199999108911 ] } },
{ "type": "Feature", "properties": { "BUS_STOP_N": "40261", "LOC_DESC": "LP 52" }, "geometry": { "type": "Point", "coordinates": [ 27306.946399999782443, 35939.240800000727177 ] } },
{ "type": "Feature", "properties": { "BUS_STOP_N": "91121", "LOC_DESC": "HSE 189" }, "geometry": { "type": "Point", "coordinates": [ 35030.236999999731779, 31256.694299999624491 ] } },
{ "type": "Feature", "properties": { "BUS_STOP_N": "94029", "LOC_DESC": "AFT SENNET RD" }, "geometry": { "type": "Point", "coordinates": [ 39588.522199999541044, 32974.124600000679493 ] } },
{ "type": "Feature", "properties": { "BUS_STOP_N": "78279", "LOC_DESC": "OPP LOYANG TOWNHOUSE" }, "geometry": { "type": "Point", "coordinates": [ 42584.735799999907613, 40140.747999999672174 ] } },
{ "type": "Feature", "properties": { "BUS_STOP_N": "02151", "LOC_DESC": "SUNTEC CONVENTION CTR" }, "geometry": { "type": "Point", "coordinates": [ 30732.283999999985099, 30625.38880000077188 ] } },
{ "type": "Feature", "properties": { "BUS_STOP_N": "43309", "LOC_DESC": "HILLBROOKS" }, "geometry": { "type": "Point", "coordinates": [ 20057.614099999889731, 37860.587500000372529 ] } },
{ "type": "Feature", "properties": { "BUS_STOP_N": "60059", "LOC_DESC": "BEF KALLANG PL" }, "geometry": { "type": "Point", "coordinates": [ 31627.616899999789894, 32954.947100000455976 ] } },
{ "type": "Feature", "properties": { "BUS_STOP_N": "25221", "LOC_DESC": "RAFFLES COUNTRY CLUB" }, "geometry": { "type": "Point", "coordinates": [ 7778.878200000151992, 35205.258799999952316 ] } },
{ "type": "Feature", "properties": { "BUS_STOP_N": "64221", "LOC_DESC": "OPP DEFU AVE 2" }, "geometry": { "type": "Point", "coordinates": [ 35524.596900000236928, 38301.861800000071526 ] } },
{ "type": "Feature", "properties": { "BUS_STOP_N": "46191", "LOC_DESC": "OPP BLK 120" }, "geometry": { "type": "Point", "coordinates": [ 22129.309500000439584, 46827.995300000533462 ] } },
{ "type": "Feature", "properties": { "BUS_STOP_N": "71111", "LOC_DESC": "BLK 343" }, "geometry": { "type": "Point", "coordinates": [ 35478.552799999713898, 34326.976099999621511 ] } },
{ "type": "Feature", "properties": { "BUS_STOP_N": "71149", "LOC_DESC": "BLK 3024" }, "geometry": { "type": "Point", "coordinates": [ 35094.424499999731779, 34564.839900000020862 ] } },
{ "type": "Feature", "properties": { "BUS_STOP_N": "98149", "LOC_DESC": "WACKER CHEMICALS" }, "geometry": { "type": "Point", "coordinates": [ 43678.56900000013411, 39756.5 ] } },
{ "type": "Feature", "properties": { "BUS_STOP_N": "80279", "LOC_DESC": "MOUNTBATTEN STN EXIT B" }, "geometry": { "type": "Point", "coordinates": [ 33575.877899999730289, 31947.958399999886751 ] } },
{ "type": "Feature", "properties": { "BUS_STOP_N": "31171", "LOC_DESC": "OPP JLN BERSERI" }, "geometry": { "type": "Point", "coordinates": [ 13634.635200000368059, 39378.369000000879169 ] } },
{ "type": "Feature", "properties": { "BUS_STOP_N": "76449", "LOC_DESC": "BLK 343" }, "geometry": { "type": "Point", "coordinates": [ 42217.146900000050664, 37133.313999999314547 ] } },
{ "type": "Feature", "properties": { "BUS_STOP_N": "44671", "LOC_DESC": "BET BLKS 502/503" }, "geometry": { "type": "Point", "coordinates": [ 20513.744300000369549, 40634.854800000786781 ] } },
{ "type": "Feature", "properties": { "BUS_STOP_N": "98079", "LOC_DESC": "OPP LOYANG WAY 4 / SOXAL" }, "geometry": { "type": "Point", "coordinates": [ 44180.070700000040233, 40055.809399999678135 ] } },
{ "type": "Feature", "properties": { "BUS_STOP_N": "98039", "LOC_DESC": "BEF NEW LOYANG LK" }, "geometry": { "type": "Point", "coordinates": [ 43030.549499999731779, 38809.651000000536442 ] } },
{ "type": "Feature", "properties": { "BUS_STOP_N": "53189", "LOC_DESC": "BLK 25" }, "geometry": { "type": "Point", "coordinates": [ 28395.736700000241399, 37451.678999999538064 ] } },
{ "type": "Feature", "properties": { "BUS_STOP_N": "27431", "LOC_DESC": "BLK 762" }, "geometry": { "type": "Point", "coordinates": [ 12864.944099999964237, 36835.771600000560284 ] } },
{ "type": "Feature", "properties": { "BUS_STOP_N": "44441", "LOC_DESC": "BLK 239" }, "geometry": { "type": "Point", "coordinates": [ 18459.173799999989569, 40134.503200000151992 ] } },
{ "type": "Feature", "properties": { "BUS_STOP_N": "66451", "LOC_DESC": "AFT ANG MO KIO IND PK 2" }, "geometry": { "type": "Point", "coordinates": [ 31925.310399999842048, 40077.361400000751019 ] } },
{ "type": "Feature", "properties": { "BUS_STOP_N": "71071", "LOC_DESC": "OPP COMFORT DRIVING CTR" }, "geometry": { "type": "Point", "coordinates": [ 35187.978099999949336, 35389.933000000193715 ] } },
{ "type": "Feature", "properties": { "BUS_STOP_N": "68059", "LOC_DESC": "AFT TPE" }, "geometry": { "type": "Point", "coordinates": [ 32354.846099999733269, 42405.68889999948442 ] } },
{ "type": "Feature", "properties": { "BUS_STOP_N": "21431", "LOC_DESC": "BLK 210" }, "geometry": { "type": "Point", "coordinates": [ 14550.080199999734759, 36631.874600000679493 ] } },
{ "type": "Feature", "properties": { "BUS_STOP_N": "27419", "LOC_DESC": "BLK 827" }, "geometry": { "type": "Point", "coordinates": [ 12370.39879999961704, 36429.294800000265241 ] } },
{ "type": "Feature", "properties": { "BUS_STOP_N": "64371", "LOC_DESC": "OPP PUNGGOL CC" }, "geometry": { "type": "Point", "coordinates": [ 34632.108599999919534, 39600.721999999135733 ] } },
{ "type": "Feature", "properties": { "BUS_STOP_N": "29089", "LOC_DESC": "SWANSON PLASTICS" }, "geometry": { "type": "Point", "coordinates": [ 19037.340900000184774, 31534.701500000432134 ] } },
{ "type": "Feature", "properties": { "BUS_STOP_N": "11221", "LOC_DESC": "LIEN TWRS" }, "geometry": { "type": "Point", "coordinates": [ 24887.935800000093877, 32483.870400000363588 ] } },
{ "type": "Feature", "properties": { "BUS_STOP_N": "13091", "LOC_DESC": "AFT KIM YAM RD" }, "geometry": { "type": "Point", "coordinates": [ 28675.605399999767542, 30926.477800000458956 ] } },
{ "type": "Feature", "properties": { "BUS_STOP_N": "75291", "LOC_DESC": "AFT TAMPINES AVE 9" }, "geometry": { "type": "Point", "coordinates": [ 38846.006699999794364, 38164.476299999281764 ] } },
{ "type": "Feature", "properties": { "BUS_STOP_N": "27449", "LOC_DESC": "AFT WESTWOOD AVE" }, "geometry": { "type": "Point", "coordinates": [ 13291.110299999825656, 36961.781400000676513 ] } },
{ "type": "Feature", "properties": { "BUS_STOP_N": "66211", "LOC_DESC": "OPP BLOXHOME DR" }, "geometry": { "type": "Point", "coordinates": [ 31085.89919999986887, 38467.472899999469519 ] } },
{ "type": "Feature", "properties": { "BUS_STOP_N": "21531", "LOC_DESC": "CLARIANT S'PORE" }, "geometry": { "type": "Point", "coordinates": [ 14979.963600000366569, 34900.454500000923872 ] } },
{ "type": "Feature", "properties": { "BUS_STOP_N": "77221", "LOC_DESC": "BLK 651" }, "geometry": { "type": "Point", "coordinates": [ 39673.349399999715388, 40159.971599999815226 ] } },
{ "type": "Feature", "properties": { "BUS_STOP_N": "64449", "LOC_DESC": "OPP HOUGANG G. SHOP MALL" }, "geometry": { "type": "Point", "coordinates": [ 34157.8125, 40188.666400000452995 ] } },
{ "type": "Feature", "properties": { "BUS_STOP_N": "54321", "LOC_DESC": "BLK 354" }, "geometry": { "type": "Point", "coordinates": [ 30124.600399999879301, 38439.291200000792742 ] } },
{ "type": "Feature", "properties": { "BUS_STOP_N": "66511", "LOC_DESC": "YIO CHU KANG AMENITY CTR" }, "geometry": { "type": "Point", "coordinates": [ 32265.99930000025779, 39747.923000000417233 ] } },
{ "type": "Feature", "properties": { "BUS_STOP_N": "57149", "LOC_DESC": "AFT UPP THOMSON RD" }, "geometry": { "type": "Point", "coordinates": [ 26168.166600000113249, 42696.161299999803305 ] } },
{ "type": "Feature", "properties": { "BUS_STOP_N": "26379", "LOC_DESC": "YONG NAM" }, "geometry": { "type": "Point", "coordinates": [ 4473.292200000025332, 30681.565199999138713 ] } },
{ "type": "Feature", "properties": { "BUS_STOP_N": "41159", "LOC_DESC": "AFT LORNIE WALK" }, "geometry": { "type": "Point", "coordinates": [ 26457.467799999751151, 35537.113900000229478 ] } },
{ "type": "Feature", "properties": { "BUS_STOP_N": "42191", "LOC_DESC": "BEF BT BATOK EAST AVE 6" }, "geometry": { "type": "Point", "coordinates": [ 20611.435800000093877, 36505.780999999493361 ] } },
{ "type": "Feature", "properties": { "BUS_STOP_N": "46689", "LOC_DESC": "BLK 609" }, "geometry": { "type": "Point", "coordinates": [ 23847.388799999840558, 46401.698499999940395 ] } },
{ "type": "Feature", "properties": { "BUS_STOP_N": "66499", "LOC_DESC": "BLK 911" }, "geometry": { "type": "Point", "coordinates": [ 33553.565999999642372, 40121.274399999529123 ] } },
{ "type": "Feature", "properties": { "BUS_STOP_N": "84021", "LOC_DESC": "BLK 32" }, "geometry": { "type": "Point", "coordinates": [ 38220.337700000032783, 33958.915599999949336 ] } },
{ "type": "Feature", "properties": { "BUS_STOP_N": "94009", "LOC_DESC": "UPP EAST COAST TER" }, "geometry": { "type": "Point", "coordinates": [ 41277.232699999585748, 33338.114399999380112 ] } },
{ "type": "Feature", "properties": { "BUS_STOP_N": "52389", "LOC_DESC": "BLK 227" }, "geometry": { "type": "Point", "coordinates": [ 30749.031600000336766, 35766.365199999883771 ] } },
{ "type": "Feature", "properties": { "BUS_STOP_N": "43121", "LOC_DESC": "AFT CASHEW TERR" }, "geometry": { "type": "Point", "coordinates": [ 20589.042000000365078, 39246.817800000309944 ] } },
{ "type": "Feature", "properties": { "BUS_STOP_N": "21369", "LOC_DESC": "OPP BLK 695" }, "geometry": { "type": "Point", "coordinates": [ 14059.344100000336766, 36134.746600000187755 ] } },
{ "type": "Feature", "properties": { "BUS_STOP_N": "16041", "LOC_DESC": "OPP LUXE VILLE" }, "geometry": { "type": "Point", "coordinates": [ 21723.160199999809265, 30177.281500000506639 ] } },
{ "type": "Feature", "properties": { "BUS_STOP_N": "76179", "LOC_DESC": "OPP BLK 266" }, "geometry": { "type": "Point", "coordinates": [ 41055.526499999687076, 37091.397900000214577 ] } },
{ "type": "Feature", "properties": { "BUS_STOP_N": "42299", "LOC_DESC": "AFT TOH TUCK CRES" }, "geometry": { "type": "Point", "coordinates": [ 20337.830500000156462, 35496.766499999910593 ] } },
{ "type": "Feature", "properties": { "BUS_STOP_N": "24461", "LOC_DESC": "BEF NAM LEONG CO PTE LTD" }, "geometry": { "type": "Point", "coordinates": [ 9402.025299999862909, 31066.184800000861287 ] } },
{ "type": "Feature", "properties": { "BUS_STOP_N": "41109", "LOC_DESC": "OPP ST. MARGARET'S SEC SCH" }, "geometry": { "type": "Point", "coordinates": [ 25461.100599999539554, 33515.918700000271201 ] } },
{ "type": "Feature", "properties": { "BUS_STOP_N": "71021", "LOC_DESC": "OPP COMFORT TEST CTR" }, "geometry": { "type": "Point", "coordinates": [ 34836.315299999900162, 35418.554099999368191 ] } },
{ "type": "Feature", "properties": { "BUS_STOP_N": "22359", "LOC_DESC": "BEF BLK 717" }, "geometry": { "type": "Point", "coordinates": [ 12847.002100000157952, 36075.051899999380112 ] } },
{ "type": "Feature", "properties": { "BUS_STOP_N": "63081", "LOC_DESC": "OPP BLK 241" }, "geometry": { "type": "Point", "coordinates": [ 34594.983199999667704, 37651.983999999240041 ] } },
{ "type": "Feature", "properties": { "BUS_STOP_N": "64611", "LOC_DESC": "BLK 913" }, "geometry": { "type": "Point", "coordinates": [ 33691.583700000308454, 40047.47069999948144 ] } },
{ "type": "Feature", "properties": { "BUS_STOP_N": "27391", "LOC_DESC": "BLK 857" }, "geometry": { "type": "Point", "coordinates": [ 12745.351700000464916, 36730.395199999213219 ] } },
{ "type": "Feature", "properties": { "BUS_STOP_N": "80031", "LOC_DESC": "KALLANG STN" }, "geometry": { "type": "Point", "coordinates": [ 32231.990699999965727, 32602.573300000280142 ] } },
{ "type": "Feature", "properties": { "BUS_STOP_N": "75501", "LOC_DESC": "BLK 604A" }, "geometry": { "type": "Point", "coordinates": [ 39294.304299999959767, 38173.545199999585748 ] } },
{ "type": "Feature", "properties": { "BUS_STOP_N": "63381", "LOC_DESC": "XINMIN PR SCH" }, "geometry": { "type": "Point", "coordinates": [ 33467.865500000305474, 39216.348300000652671 ] } },
{ "type": "Feature", "properties": { "BUS_STOP_N": "47201", "LOC_DESC": null }, "geometry": { "type": "Point", "coordinates": [ 22616.745199999772012, 47793.681099999696016 ] } },
{ "type": "Feature", "properties": { "BUS_STOP_N": "58299", "LOC_DESC": "BLK 328" }, "geometry": { "type": "Point", "coordinates": [ 26477.172799999825656, 47507.131799999624491 ] } },
{ "type": "Feature", "properties": { "BUS_STOP_N": "22369", "LOC_DESC": "BLK 704" }, "geometry": { "type": "Point", "coordinates": [ 12639.064899999648333, 35857.131599999964237 ] } },
{ "type": "Feature", "properties": { "BUS_STOP_N": "66149", "LOC_DESC": "AFT YIO CHU KANG RD" }, "geometry": { "type": "Point", "coordinates": [ 32332.888899999670684, 38334.245699999853969 ] } },
{ "type": "Feature", "properties": { "BUS_STOP_N": "33029", "LOC_DESC": "AFT NEO TIEW RD" }, "geometry": { "type": "Point", "coordinates": [ 13487.848000000230968, 44727.988299999386072 ] } },
{ "type": "Feature", "properties": { "BUS_STOP_N": "91051", "LOC_DESC": "OPP SANTA FE MANSIONS" }, "geometry": { "type": "Point", "coordinates": [ 34253.075100000016391, 31424.261399999260902 ] } },
{ "type": "Feature", "properties": { "BUS_STOP_N": "50991", "LOC_DESC": "BLK 82" }, "geometry": { "type": "Point", "coordinates": [ 30560.780199999921024, 33968.917999999597669 ] } },
{ "type": "Feature", "properties": { "BUS_STOP_N": "15149", "LOC_DESC": "OPP LABRADOR PK STN" }, "geometry": { "type": "Point", "coordinates": [ 24366.494599999859929, 28421.370999999344349 ] } },
{ "type": "Feature", "properties": { "BUS_STOP_N": "75509", "LOC_DESC": "OPP BLK 601C" }, "geometry": { "type": "Point", "coordinates": [ 39262.951100000180304, 38168.121200000867248 ] } },
{ "type": "Feature", "properties": { "BUS_STOP_N": "09191", "LOC_DESC": "THE REGENT S'PORE" }, "geometry": { "type": "Point", "coordinates": [ 27126.089100000448525, 31920.795199999585748 ] } },
{ "type": "Feature", "properties": { "BUS_STOP_N": "44401", "LOC_DESC": "OPP BLK 183" }, "geometry": { "type": "Point", "coordinates": [ 20144.74199999962002, 40279.54700000025332 ] } },
{ "type": "Feature", "properties": { "BUS_STOP_N": "01119", "LOC_DESC": "AFT BUGIS STN EXIT C" }, "geometry": { "type": "Point", "coordinates": [ 30422.0152000002563, 31320.017300000414252 ] } },
{ "type": "Feature", "properties": { "BUS_STOP_N": "84479", "LOC_DESC": "BLK 713" }, "geometry": { "type": "Point", "coordinates": [ 37927.310300000011921, 35509.841299999505281 ] } },
{ "type": "Feature", "properties": { "BUS_STOP_N": "64489", "LOC_DESC": "BLK 946A" }, "geometry": { "type": "Point", "coordinates": [ 33263.650299999862909, 39654.675300000235438 ] } },
{ "type": "Feature", "properties": { "BUS_STOP_N": "43531", "LOC_DESC": "BLK 140" }, "geometry": { "type": "Point", "coordinates": [ 18028.462299999780953, 37071.472599999979138 ] } },
{ "type": "Feature", "properties": { "BUS_STOP_N": "01112", "LOC_DESC": "OPP BUGIS STN EXIT C" }, "geometry": { "type": "Point", "coordinates": [ 30434.455400000326335, 31386.447499999776483 ] } },
{ "type": "Feature", "properties": { "BUS_STOP_N": "59781", "LOC_DESC": "AFT YISHUN AVE 6" }, "geometry": { "type": "Point", "coordinates": [ 30000.136300000362098, 45006.758400000631809 ] } },
{ "type": "Feature", "properties": { "BUS_STOP_N": "44501", "LOC_DESC": "BLK 426" }, "geometry": { "type": "Point", "coordinates": [ 17478.068699999712408, 40311.242000000551343 ] } },
{ "type": "Feature", "properties": { "BUS_STOP_N": "66251", "LOC_DESC": "OPP KINGSWEAR AVE" }, "geometry": { "type": "Point", "coordinates": [ 31697.103000000119209, 38799.974500000476837 ] } },
{ "type": "Feature", "properties": { "BUS_STOP_N": "21331", "LOC_DESC": "OPP PREMIER MILK PTE LTD" }, "geometry": { "type": "Point", "coordinates": [ 14050.263700000010431, 34733.398399999365211 ] } },
{ "type": "Feature", "properties": { "BUS_STOP_N": "20061", "LOC_DESC": "AFT JURONG TOWN HALL RD" }, "geometry": { "type": "Point", "coordinates": [ 17938.861999999731779, 34014.049000000581145 ] } },
{ "type": "Feature", "properties": { "BUS_STOP_N": "93059", "LOC_DESC": "AFT JLN BUROH PERINDU" }, "geometry": { "type": "Point", "coordinates": [ 37567.655500000342727, 32559.996200000867248 ] } },
{ "type": "Feature", "properties": { "BUS_STOP_N": "67521", "LOC_DESC": "BLK 160" }, "geometry": { "type": "Point", "coordinates": [ 36359.228900000452995, 41013.851500000804663 ] } },
{ "type": "Feature", "properties": { "BUS_STOP_N": "52439", "LOC_DESC": "OPP BLK 5" }, "geometry": { "type": "Point", "coordinates": [ 30454.824900000356138, 35601.875700000673532 ] } },
{ "type": "Feature", "properties": { "BUS_STOP_N": "28351", "LOC_DESC": "OPP BLK 350" }, "geometry": { "type": "Point", "coordinates": [ 16613.785299999639392, 36196.99100000038743 ] } },
{ "type": "Feature", "properties": { "BUS_STOP_N": "53229", "LOC_DESC": "BLK 501" }, "geometry": { "type": "Point", "coordinates": [ 29780.642099999822676, 36705.152899999171495 ] } },
{ "type": "Feature", "properties": { "BUS_STOP_N": "91101", "LOC_DESC": "TG KATONG FLYOVER" }, "geometry": { "type": "Point", "coordinates": [ 35058.955799999646842, 30937.840700000524521 ] } },
{ "type": "Feature", "properties": { "BUS_STOP_N": "49209", "LOC_DESC": "SG BULOH WETLAND RESERVE" }, "geometry": { "type": "Point", "coordinates": [ 16482.288099999539554, 47421.343499999493361 ] } },
{ "type": "Feature", "properties": { "BUS_STOP_N": "67331", "LOC_DESC": "BLK 200B" }, "geometry": { "type": "Point", "coordinates": [ 34592.990100000053644, 40969.122899999842048 ] } },
{ "type": "Feature", "properties": { "BUS_STOP_N": "25411", "LOC_DESC": "BEF TUAS TER" }, "geometry": { "type": "Point", "coordinates": [ 6295.767199999652803, 36218.94400000013411 ] } },
{ "type": "Feature", "properties": { "BUS_STOP_N": "80251", "LOC_DESC": "AFT LOR 14 GEYLANG" }, "geometry": { "type": "Point", "coordinates": [ 33185.024100000038743, 32492.564799999818206 ] } },
{ "type": "Feature", "properties": { "BUS_STOP_N": "80141", "LOC_DESC": "OPP S.A. DEAF" }, "geometry": { "type": "Point", "coordinates": [ 33200.532399999909103, 32146.518999999389052 ] } },
{ "type": "Feature", "properties": { "BUS_STOP_N": "53409", "LOC_DESC": "BLK 131" }, "geometry": { "type": "Point", "coordinates": [ 30002.622200000099838, 36384.120699999853969 ] } },
{ "type": "Feature", "properties": { "BUS_STOP_N": "58121", "LOC_DESC": "BLK 424A CP" }, "geometry": { "type": "Point", "coordinates": [ 26433.357800000347197, 48330.665400000289083 ] } },
{ "type": "Feature", "properties": { "BUS_STOP_N": "53091", "LOC_DESC": "BEF ANG MO KIO AVE 1" }, "geometry": { "type": "Point", "coordinates": [ 27402.913499999791384, 38551.136499999091029 ] } },
{ "type": "Feature", "properties": { "BUS_STOP_N": "77249", "LOC_DESC": "BLK 640" }, "geometry": { "type": "Point", "coordinates": [ 39862.651399999856949, 39771.928400000557303 ] } },
{ "type": "Feature", "properties": { "BUS_STOP_N": "77369", "LOC_DESC": "OPP BLK 555" }, "geometry": { "type": "Point", "coordinates": [ 41172.430100000463426, 38933.692700000479817 ] } },
{ "type": "Feature", "properties": { "BUS_STOP_N": "97119", "LOC_DESC": "AFT TOH CL" }, "geometry": { "type": "Point", "coordinates": [ 43200.95230000000447, 38386.844900000840425 ] } },
{ "type": "Feature", "properties": { "BUS_STOP_N": "50211", "LOC_DESC": "OPP BALESTIER PT" }, "geometry": { "type": "Point", "coordinates": [ 30148.860399999655783, 33918.1418999992311 ] } },
{ "type": "Feature", "properties": { "BUS_STOP_N": "15159", "LOC_DESC": "MAPLETREE BUSINESS CITY" }, "geometry": { "type": "Point", "coordinates": [ 24124.239900000393391, 28521.209599999710917 ] } },
{ "type": "Feature", "properties": { "BUS_STOP_N": "43439", "LOC_DESC": "BLK 242" }, "geometry": { "type": "Point", "coordinates": [ 19414.168399999849498, 37033.643799999728799 ] } },
{ "type": "Feature", "properties": { "BUS_STOP_N": "63269", "LOC_DESC": "BLK 232" }, "geometry": { "type": "Point", "coordinates": [ 34199.55599999986589, 37879.875800000503659 ] } },
{ "type": "Feature", "properties": { "BUS_STOP_N": "54571", "LOC_DESC": "BLK 532" }, "geometry": { "type": "Point", "coordinates": [ 30397.901600000448525, 39587.60359999909997 ] } },
{ "type": "Feature", "properties": { "BUS_STOP_N": "57111", "LOC_DESC": "OPP BLK 101" }, "geometry": { "type": "Point", "coordinates": [ 27243.649100000038743, 45890.309200000017881 ] } },
{ "type": "Feature", "properties": { "BUS_STOP_N": "21379", "LOC_DESC": "BLK 263" }, "geometry": { "type": "Point", "coordinates": [ 13893.148400000296533, 36372.886700000613928 ] } },
{ "type": "Feature", "properties": { "BUS_STOP_N": "78069", "LOC_DESC": "BLK 442" }, "geometry": { "type": "Point", "coordinates": [ 41896.689299999736249, 38968.907800000160933 ] } },
{ "type": "Feature", "properties": { "BUS_STOP_N": "26131", "LOC_DESC": "AFT TUAS CRES" }, "geometry": { "type": "Point", "coordinates": [ 7563.968500000424683, 33472.220899999141693 ] } },
{ "type": "Feature", "properties": { "BUS_STOP_N": "81169", "LOC_DESC": "OPP BLK 56" }, "geometry": { "type": "Point", "coordinates": [ 33550.230800000019372, 32566.956499999389052 ] } },
{ "type": "Feature", "properties": { "BUS_STOP_N": "41129", "LOC_DESC": "OPP S'PORE BIBLE COLLEGE" }, "geometry": { "type": "Point", "coordinates": [ 25846.613699999637902, 34177.559399999678135 ] } },
{ "type": "Feature", "properties": { "BUS_STOP_N": "24379", "LOC_DESC": "OPP ASIA IND GASES" }, "geometry": { "type": "Point", "coordinates": [ 9368.096199999563396, 31770.493599999696016 ] } },
{ "type": "Feature", "properties": { "BUS_STOP_N": "66389", "LOC_DESC": "S'GOON STN EXIT F" }, "geometry": { "type": "Point", "coordinates": [ 32181.190000000409782, 37020.368000000715256 ] } },
{ "type": "Feature", "properties": { "BUS_STOP_N": "21521", "LOC_DESC": "PB PACKAGING SYSTEMS" }, "geometry": { "type": "Point", "coordinates": [ 14787.664900000207126, 35144.088800000026822 ] } },
{ "type": "Feature", "properties": { "BUS_STOP_N": "46979", "LOC_DESC": "OPP BLK 507" }, "geometry": { "type": "Point", "coordinates": [ 23248.602400000207126, 45891.843900000676513 ] } },
{ "type": "Feature", "properties": { "BUS_STOP_N": "24501", "LOC_DESC": "BEF TUAS FLYOVER" }, "geometry": { "type": "Point", "coordinates": [ 9240.009200000204146, 34049.652899999171495 ] } },
{ "type": "Feature", "properties": { "BUS_STOP_N": "22041", "LOC_DESC": "AFT TG KLING RD" }, "geometry": { "type": "Point", "coordinates": [ 13396.035299999639392, 32905.362400000914931 ] } },
{ "type": "Feature", "properties": { "BUS_STOP_N": "46649", "LOC_DESC": "BLK 515" }, "geometry": { "type": "Point", "coordinates": [ 23165.796500000171363, 46308.756599999964237 ] } },
{ "type": "Feature", "properties": { "BUS_STOP_N": "43379", "LOC_DESC": "BLK 185" }, "geometry": { "type": "Point", "coordinates": [ 18190.854399999603629, 36587.028500000014901 ] } },
{ "type": "Feature", "properties": { "BUS_STOP_N": "84321", "LOC_DESC": "BLK 516" }, "geometry": { "type": "Point", "coordinates": [ 38743.288499999791384, 34759.298499999567866 ] } },
{ "type": "Feature", "properties": { "BUS_STOP_N": "27409", "LOC_DESC": "BLK 821" }, "geometry": { "type": "Point", "coordinates": [ 12509.801900000311434, 36594.064999999478459 ] } },
{ "type": "Feature", "properties": { "BUS_STOP_N": "10401", "LOC_DESC": "SHRIRO HSE" }, "geometry": { "type": "Point", "coordinates": [ 25584.146900000050664, 30062.367499999701977 ] } },
{ "type": "Feature", "properties": { "BUS_STOP_N": "92169", "LOC_DESC": "BEF KATONG PO" }, "geometry": { "type": "Point", "coordinates": [ 35061.441200000233948, 31791.667799999937415 ] } },
{ "type": "Feature", "properties": { "BUS_STOP_N": "49169", "LOC_DESC": "AFT SG KADUT DR" }, "geometry": { "type": "Point", "coordinates": [ 18573.609199999831617, 46368.432800000533462 ] } },
{ "type": "Feature", "properties": { "BUS_STOP_N": "46349", "LOC_DESC": "AFT BLK 353" }, "geometry": { "type": "Point", "coordinates": [ 22762.994699999690056, 45958.604000000283122 ] } },
{ "type": "Feature", "properties": { "BUS_STOP_N": "43611", "LOC_DESC": "BLK 290H" }, "geometry": { "type": "Point", "coordinates": [ 19648.757299999706447, 36253.944599999114871 ] } },
{ "type": "Feature", "properties": { "BUS_STOP_N": "28061", "LOC_DESC": "J GATEWAY" }, "geometry": { "type": "Point", "coordinates": [ 17918.729199999943376, 35318.219200000166893 ] } },
{ "type": "Feature", "properties": { "BUS_STOP_N": "58039", "LOC_DESC": "BEF CANBERRA DR" }, "geometry": { "type": "Point", "coordinates": [ 27139.011300000362098, 47573.016100000590086 ] } },
{ "type": "Feature", "properties": { "BUS_STOP_N": "58031", "LOC_DESC": "OPP CANBERRA DR" }, "geometry": { "type": "Point", "coordinates": [ 27089.692900000140071, 47570.899399999529123 ] } },
{ "type": "Feature", "properties": { "BUS_STOP_N": "14199", "LOC_DESC": "BLK 118" }, "geometry": { "type": "Point", "coordinates": [ 25708.197999999858439, 29305.119799999520183 ] } },
{ "type": "Feature", "properties": { "BUS_STOP_N": "22259", "LOC_DESC": "BLK 668D" }, "geometry": { "type": "Point", "coordinates": [ 13455.112099999561906, 35897.246899999678135 ] } },
{ "type": "Feature", "properties": { "BUS_STOP_N": "66581", "LOC_DESC": "BLK 986B" }, "geometry": { "type": "Point", "coordinates": [ 33165.599799999967217, 40489.591000000014901 ] } },
{ "type": "Feature", "properties": { "BUS_STOP_N": "97069", "LOC_DESC": "LLOYD LEAS WORK REL CAMP" }, "geometry": { "type": "Point", "coordinates": [ 43795.278500000014901, 38572.41440000012517 ] } },
{ "type": "Feature", "properties": { "BUS_STOP_N": "77131", "LOC_DESC": "BLK 502" }, "geometry": { "type": "Point", "coordinates": [ 40598.688000000081956, 39737.781899999827147 ] } },
{ "type": "Feature", "properties": { "BUS_STOP_N": "78121", "LOC_DESC": "BET BLKS 232 / 233" }, "geometry": { "type": "Point", "coordinates": [ 42313.526200000196695, 39652.469399999827147 ] } },
{ "type": "Feature", "properties": { "BUS_STOP_N": "58201", "LOC_DESC": "AFT QUEEN'S AVE" }, "geometry": { "type": "Point", "coordinates": [ 27743.537200000137091, 48542.407999999821186 ] } },
{ "type": "Feature", "properties": { "BUS_STOP_N": "31059", "LOC_DESC": "AFT CEMY OFFICE" }, "geometry": { "type": "Point", "coordinates": [ 12569.519100000150502, 39335.995799999684095 ] } },
{ "type": "Feature", "properties": { "BUS_STOP_N": "31081", "LOC_DESC": "OPP HQ 5TH SIB CAMP I" }, "geometry": { "type": "Point", "coordinates": [ 12868.950000000186265, 40287.81279999949038 ] } },
{ "type": "Feature", "properties": { "BUS_STOP_N": "54031", "LOC_DESC": "OPP AL-MUTTAQIN MQUE" }, "geometry": { "type": "Point", "coordinates": [ 29336.13190000038594, 39130.662799999117851 ] } },
{ "type": "Feature", "properties": { "BUS_STOP_N": "28501", "LOC_DESC": "BLK 490" }, "geometry": { "type": "Point", "coordinates": [ 16199.47829999960959, 36880.154600000008941 ] } },
{ "type": "Feature", "properties": { "BUS_STOP_N": "81011", "LOC_DESC": "AFT ALJUNIED STN" }, "geometry": { "type": "Point", "coordinates": [ 33578.539099999703467, 33068.505000000819564 ] } },
{ "type": "Feature", "properties": { "BUS_STOP_N": "48011", "LOC_DESC": "OPP MANDAI CAMP 2" }, "geometry": { "type": "Point", "coordinates": [ 21460.580900000408292, 43598.781300000846386 ] } },
{ "type": "Feature", "properties": { "BUS_STOP_N": "28221", "LOC_DESC": "OPP INTL BUSINESS PK" }, "geometry": { "type": "Point", "coordinates": [ 18153.14919999986887, 34435.997500000521541 ] } },
{ "type": "Feature", "properties": { "BUS_STOP_N": "62251", "LOC_DESC": "Bef Blk 471B" }, "geometry": { "type": "Point", "coordinates": [ 35500.537299999967217, 39943.409600000828505 ] } },
{ "type": "Feature", "properties": { "BUS_STOP_N": "11131", "LOC_DESC": "QUEENS CONDO" }, "geometry": { "type": "Point", "coordinates": [ 25077.417600000277162, 30592.446299999952316 ] } },
{ "type": "Feature", "properties": { "BUS_STOP_N": "67321", "LOC_DESC": "BLK 311A" }, "geometry": { "type": "Point", "coordinates": [ 33677.271099999547005, 41382.6554000005126 ] } },
{ "type": "Feature", "properties": { "BUS_STOP_N": "29129", "LOC_DESC": "CLP INTL" }, "geometry": { "type": "Point", "coordinates": [ 17559.833100000396371, 32086.560000000521541 ] } },
{ "type": "Feature", "properties": { "BUS_STOP_N": "55311", "LOC_DESC": "OPP YIO CHU KANG STADIUM" }, "geometry": { "type": "Point", "coordinates": [ 29512.351300000213087, 40691.606300000101328 ] } },
{ "type": "Feature", "properties": { "BUS_STOP_N": "03021", "LOC_DESC": "PRUDENTIAL TWR" }, "geometry": { "type": "Point", "coordinates": [ 29851.191700000315905, 29437.517300000414252 ] } },
{ "type": "Feature", "properties": { "BUS_STOP_N": "21591", "LOC_DESC": "OPP BLK 117" }, "geometry": { "type": "Point", "coordinates": [ 15655.949599999934435, 35221.841900000348687 ] } },
{ "type": "Feature", "properties": { "BUS_STOP_N": "57131", "LOC_DESC": "OPP JLN KEMUNING" }, "geometry": { "type": "Point", "coordinates": [ 27103.431800000369549, 46645.733899999409914 ] } },
{ "type": "Feature", "properties": { "BUS_STOP_N": "55319", "LOC_DESC": "YIO CHU KANG STADIUM" }, "geometry": { "type": "Point", "coordinates": [ 29491.736700000241399, 40672.958499999716878 ] } },
{ "type": "Feature", "properties": { "BUS_STOP_N": "10341", "LOC_DESC": "OPP BLK 116" }, "geometry": { "type": "Point", "coordinates": [ 26587.669900000095367, 29706.080099999904633 ] } },
{ "type": "Feature", "properties": { "BUS_STOP_N": "11459", "LOC_DESC": "BLK 50" }, "geometry": { "type": "Point", "coordinates": [ 23945.338600000366569, 31473.098500000312924 ] } },
{ "type": "Feature", "properties": { "BUS_STOP_N": "46801", "LOC_DESC": "AFT W'LANDS MART" }, "geometry": { "type": "Point", "coordinates": [ 24018.673799999989569, 47574.767899999395013 ] } },
{ "type": "Feature", "properties": { "BUS_STOP_N": "02061", "LOC_DESC": "THE ESPLANADE" }, "geometry": { "type": "Point", "coordinates": [ 30572.870099999941885, 30259.862999999895692 ] } },
{ "type": "Feature", "properties": { "BUS_STOP_N": "10369", "LOC_DESC": "OPP CENDEX CTR" }, "geometry": { "type": "Point", "coordinates": [ 26950.213999999687076, 29194.959000000730157 ] } },
{ "type": "Feature", "properties": { "BUS_STOP_N": "64069", "LOC_DESC": "S'GOON SEC SCH" }, "geometry": { "type": "Point", "coordinates": [ 35560.569199999794364, 39690.446399999782443 ] } },
{ "type": "Feature", "properties": { "BUS_STOP_N": "47701", "LOC_DESC": "JB SENTRAL" }, "geometry": { "type": "Point", "coordinates": [ 20370.535500000230968, 49173.418299999088049 ] } },
{ "type": "Feature", "properties": { "BUS_STOP_N": "65321", "LOC_DESC": "KADALOOR STN EXIT B" }, "geometry": { "type": "Point", "coordinates": [ 37272.241200000047684, 42357.097500000149012 ] } },
{ "type": "Feature", "properties": { "BUS_STOP_N": "64529", "LOC_DESC": "BEF HOUGANG POLYCLINIC" }, "geometry": { "type": "Point", "coordinates": [ 34227.532300000078976, 39116.292199999094009 ] } },
{ "type": "Feature", "properties": { "BUS_STOP_N": "53401", "LOC_DESC": "GUANGYANG SEC SCH" }, "geometry": { "type": "Point", "coordinates": [ 29910.792000000365078, 36391.131599999964237 ] } },
{ "type": "Feature", "properties": { "BUS_STOP_N": "17039", "LOC_DESC": "OPP KENT RIDGE SEC SCH" }, "geometry": { "type": "Point", "coordinates": [ 20518.276499999687076, 31533.632200000807643 ] } },
{ "type": "Feature", "properties": { "BUS_STOP_N": "53191", "LOC_DESC": "BLK 7 IND EST" }, "geometry": { "type": "Point", "coordinates": [ 28643.212500000372529, 37833.628399999812245 ] } },
{ "type": "Feature", "properties": { "BUS_STOP_N": "71049", "LOC_DESC": "AIR FORCE MUSEUM" }, "geometry": { "type": "Point", "coordinates": [ 35300.963299999944866, 36461.774000000208616 ] } },
{ "type": "Feature", "properties": { "BUS_STOP_N": "54271", "LOC_DESC": "BLK 586" }, "geometry": { "type": "Point", "coordinates": [ 30245.027300000190735, 39111.283099999651313 ] } },
{ "type": "Feature", "properties": { "BUS_STOP_N": "54229", "LOC_DESC": "ANG MO KIO PR SCH" }, "geometry": { "type": "Point", "coordinates": [ 28724.638000000268221, 39070.184000000357628 ] } },
{ "type": "Feature", "properties": { "BUS_STOP_N": "31169", "LOC_DESC": "TEEN CHALLENGE" }, "geometry": { "type": "Point", "coordinates": [ 13160.107800000347197, 39376.737500000745058 ] } },
{ "type": "Feature", "properties": { "BUS_STOP_N": "01639", "LOC_DESC": "BEF BEACH RD" }, "geometry": { "type": "Point", "coordinates": [ 30479.517799999564886, 31084.886499999091029 ] } },
{ "type": "Feature", "properties": { "BUS_STOP_N": "95149", "LOC_DESC": "BEF CARGO BLDG D" }, "geometry": { "type": "Point", "coordinates": [ 46316.542899999767542, 40375.144799999892712 ] } },
{ "type": "Feature", "properties": { "BUS_STOP_N": "59399", "LOC_DESC": "OPP BLK 367" }, "geometry": { "type": "Point", "coordinates": [ 29360.162299999967217, 45774.602700000628829 ] } },
{ "type": "Feature", "properties": { "BUS_STOP_N": "25399", "LOC_DESC": "AFT PIONEER RD" }, "geometry": { "type": "Point", "coordinates": [ 6179.909699999727309, 34551.97550000064075 ] } },
{ "type": "Feature", "properties": { "BUS_STOP_N": "54109", "LOC_DESC": "BEF ANG MO KIO AVE 10" }, "geometry": { "type": "Point", "coordinates": [ 30333.632699999958277, 37694.229299999773502 ] } },
{ "type": "Feature", "properties": { "BUS_STOP_N": "18129", "LOC_DESC": "AYER RAJAH IND EST" }, "geometry": { "type": "Point", "coordinates": [ 22700.640800000168383, 31120.589299999177456 ] } },
{ "type": "Feature", "properties": { "BUS_STOP_N": "31039", "LOC_DESC": "OPP CIVIL DEFENCE ACAD" }, "geometry": { "type": "Point", "coordinates": [ 12420.803000000305474, 38627.57909999974072 ] } },
{ "type": "Feature", "properties": { "BUS_STOP_N": "46449", "LOC_DESC": "BLK 875" }, "geometry": { "type": "Point", "coordinates": [ 23188.536799999885261, 47114.021900000050664 ] } },
{ "type": "Feature", "properties": { "BUS_STOP_N": "60039", "LOC_DESC": "OPP BLK 66" }, "geometry": { "type": "Point", "coordinates": [ 32055.616499999538064, 33577.554199999198318 ] } },
{ "type": "Feature", "properties": { "BUS_STOP_N": "28621", "LOC_DESC": "BLK 241" }, "geometry": { "type": "Point", "coordinates": [ 18017.066100000403821, 35973.258099999278784 ] } },
{ "type": "Feature", "properties": { "BUS_STOP_N": "76191", "LOC_DESC": "BLK 401" }, "geometry": { "type": "Point", "coordinates": [ 40406.802000000141561, 37663.3293999992311 ] } },
{ "type": "Feature", "properties": { "BUS_STOP_N": "67449", "LOC_DESC": "BLK 323B" }, "geometry": { "type": "Point", "coordinates": [ 34651.192999999970198, 41557.158800000324845 ] } },
{ "type": "Feature", "properties": { "BUS_STOP_N": "96271", "LOC_DESC": "OPP GLOBAL LOGISTICS CTR" }, "geometry": { "type": "Point", "coordinates": [ 42496.762500000186265, 34596.426100000739098 ] } },
{ "type": "Feature", "properties": { "BUS_STOP_N": "83099", "LOC_DESC": "AFT PERPETUAL SUCCOUR CH" }, "geometry": { "type": "Point", "coordinates": [ 37424.941200000233948, 33669.217499999329448 ] } },
{ "type": "Feature", "properties": { "BUS_STOP_N": "77199", "LOC_DESC": "OPP BLK 500A" }, "geometry": { "type": "Point", "coordinates": [ 40506.471699999645352, 39895.745400000363588 ] } },
{ "type": "Feature", "properties": { "BUS_STOP_N": "64229", "LOC_DESC": "BEF DEFU AVE 2" }, "geometry": { "type": "Point", "coordinates": [ 35658.39670000039041, 38274.724099999293685 ] } },
{ "type": "Feature", "properties": { "BUS_STOP_N": "17389", "LOC_DESC": "OPP WEST BAY RESORT CONDO" }, "geometry": { "type": "Point", "coordinates": [ 20624.37609999999404, 31268.115399999544024 ] } },
{ "type": "Feature", "properties": { "BUS_STOP_N": "53089", "LOC_DESC": "FABER GDN" }, "geometry": { "type": "Point", "coordinates": [ 27435.20380000025034, 38455.702899999916553 ] } },
{ "type": "Feature", "properties": { "BUS_STOP_N": "44219", "LOC_DESC": "BET BLKS 139/140" }, "geometry": { "type": "Point", "coordinates": [ 20871.798700000159442, 39756.741100000217557 ] } },
{ "type": "Feature", "properties": { "BUS_STOP_N": "84619", "LOC_DESC": "WATERFRONT ISLE" }, "geometry": { "type": "Point", "coordinates": [ 38471.868300000205636, 35681.370799999684095 ] } },
{ "type": "Feature", "properties": { "BUS_STOP_N": "97101", "LOC_DESC": "BEF JLN MARIAM" }, "geometry": { "type": "Point", "coordinates": [ 42928.864500000141561, 38367.678099999204278 ] } },
{ "type": "Feature", "properties": { "BUS_STOP_N": "46589", "LOC_DESC": "BLK 146" }, "geometry": { "type": "Point", "coordinates": [ 21405.683699999935925, 46447.198899999260902 ] } },
{ "type": "Feature", "properties": { "BUS_STOP_N": "43511", "LOC_DESC": "BT BATOK SWIM CPLX" }, "geometry": { "type": "Point", "coordinates": [ 18545.228500000201166, 36350.799000000581145 ] } },
{ "type": "Feature", "properties": { "BUS_STOP_N": "24249", "LOC_DESC": "ASIATIC AGRICULTURAL IND" }, "geometry": { "type": "Point", "coordinates": [ 10077.837799999862909, 33586.282199999317527 ] } },
{ "type": "Feature", "properties": { "BUS_STOP_N": "71089", "LOC_DESC": "OPP EUNOS TECHNOLINK" }, "geometry": { "type": "Point", "coordinates": [ 35554.518899999558926, 34992.341700000688434 ] } },
{ "type": "Feature", "properties": { "BUS_STOP_N": "21079", "LOC_DESC": "OPP JURONG ABATTOIR" }, "geometry": { "type": "Point", "coordinates": [ 15693.653400000184774, 32859.072499999776483 ] } },
{ "type": "Feature", "properties": { "BUS_STOP_N": "20129", "LOC_DESC": "BET BLKS 50/51" }, "geometry": { "type": "Point", "coordinates": [ 17345.502500000409782, 33621.119899999350309 ] } },
{ "type": "Feature", "properties": { "BUS_STOP_N": "22401", "LOC_DESC": "AFT SHIPYARD RD" }, "geometry": { "type": "Point", "coordinates": [ 12840.356999999843538, 32495.778999999165535 ] } },
{ "type": "Feature", "properties": { "BUS_STOP_N": "64521", "LOC_DESC": "BLK 834" }, "geometry": { "type": "Point", "coordinates": [ 34249.304100000299513, 39110.147099999710917 ] } },
{ "type": "Feature", "properties": { "BUS_STOP_N": "50169", "LOC_DESC": "AFT IRRAWADDY RD" }, "geometry": { "type": "Point", "coordinates": [ 29207.574300000444055, 34301.727800000458956 ] } },
{ "type": "Feature", "properties": { "BUS_STOP_N": "22399", "LOC_DESC": "Aft Jln Buroh" }, "geometry": { "type": "Point", "coordinates": [ 12719.303999999538064, 32850.650000000372529 ] } },
{ "type": "Feature", "properties": { "BUS_STOP_N": "59411", "LOC_DESC": "BLK 356" }, "geometry": { "type": "Point", "coordinates": [ 29362.553999999538064, 45201.508500000461936 ] } },
{ "type": "Feature", "properties": { "BUS_STOP_N": "43739", "LOC_DESC": "BLK 217" }, "geometry": { "type": "Point", "coordinates": [ 19240.806699999608099, 36510.489299999549985 ] } },
{ "type": "Feature", "properties": { "BUS_STOP_N": "22509", "LOC_DESC": "BLK 664C" }, "geometry": { "type": "Point", "coordinates": [ 13528.011099999770522, 35575.233599999919534 ] } },
{ "type": "Feature", "properties": { "BUS_STOP_N": "55301", "LOC_DESC": "AMK POLICE DIV HQ" }, "geometry": { "type": "Point", "coordinates": [ 29243.945700000040233, 40687.57039999961853 ] } },
{ "type": "Feature", "properties": { "BUS_STOP_N": "60071", "LOC_DESC": "KOLAM AYER IND EST" }, "geometry": { "type": "Point", "coordinates": [ 32126.470999999903142, 34366.995999999344349 ] } },
{ "type": "Feature", "properties": { "BUS_STOP_N": "95141", "LOC_DESC": "AFT CARGO BLDG D" }, "geometry": { "type": "Point", "coordinates": [ 46344.447200000286102, 40369.312899999320507 ] } },
{ "type": "Feature", "properties": { "BUS_STOP_N": "28129", "LOC_DESC": "AFT TRACK 18" }, "geometry": { "type": "Point", "coordinates": [ 16923.769899999722838, 36933.558900000527501 ] } },
{ "type": "Feature", "properties": { "BUS_STOP_N": "28281", "LOC_DESC": "OPP BLK 227" }, "geometry": { "type": "Point", "coordinates": [ 17103.927199999801815, 36022.901000000536442 ] } },
{ "type": "Feature", "properties": { "BUS_STOP_N": "46661", "LOC_DESC": "OPP BLK 896B" }, "geometry": { "type": "Point", "coordinates": [ 23446.10329999960959, 46588.446000000461936 ] } },
{ "type": "Feature", "properties": { "BUS_STOP_N": "12079", "LOC_DESC": "OPP BLK 116" }, "geometry": { "type": "Point", "coordinates": [ 21242.393099999986589, 34004.916899999603629 ] } },
{ "type": "Feature", "properties": { "BUS_STOP_N": "65319", "LOC_DESC": "OASIS STN / EXIT A" }, "geometry": { "type": "Point", "coordinates": [ 36822.84320000000298, 42709.16469999961555 ] } },
{ "type": "Feature", "properties": { "BUS_STOP_N": "28139", "LOC_DESC": "AFT TRACK 22" }, "geometry": { "type": "Point", "coordinates": [ 16549.468999999575317, 37245.691400000825524 ] } },
{ "type": "Feature", "properties": { "BUS_STOP_N": "22449", "LOC_DESC": "BLK 685B" }, "geometry": { "type": "Point", "coordinates": [ 13586.324599999934435, 36089.01549999974668 ] } },
{ "type": "Feature", "properties": { "BUS_STOP_N": "52251", "LOC_DESC": "CHUNG HWA FREE CLINIC" }, "geometry": { "type": "Point", "coordinates": [ 30016.310399999842048, 35016.691999999806285 ] } },
{ "type": "Feature", "properties": { "BUS_STOP_N": "59299", "LOC_DESC": "BLK 671 CP" }, "geometry": { "type": "Point", "coordinates": [ 28853.115799999795854, 44528.807000000029802 ] } },
{ "type": "Feature", "properties": { "BUS_STOP_N": "28349", "LOC_DESC": "OPP CHINESE GDN STN" }, "geometry": { "type": "Point", "coordinates": [ 16859.373599999584258, 36075.829299999400973 ] } },
{ "type": "Feature", "properties": { "BUS_STOP_N": "70111", "LOC_DESC": "OPP CENCON BLDG" }, "geometry": { "type": "Point", "coordinates": [ 32881.52419999986887, 34778.905799999833107 ] } },
{ "type": "Feature", "properties": { "BUS_STOP_N": "21469", "LOC_DESC": "BEF CHIA PING RD" }, "geometry": { "type": "Point", "coordinates": [ 15175.341400000266731, 34416.937999999150634 ] } },
{ "type": "Feature", "properties": { "BUS_STOP_N": "43671", "LOC_DESC": "OPP DUNEARN SEC SCH" }, "geometry": { "type": "Point", "coordinates": [ 17995.115799999795854, 38509.679199999198318 ] } },
{ "type": "Feature", "properties": { "BUS_STOP_N": "76151", "LOC_DESC": "BLK 237" }, "geometry": { "type": "Point", "coordinates": [ 40664.981399999931455, 37490.471200000494719 ] } },
{ "type": "Feature", "properties": { "BUS_STOP_N": "21351", "LOC_DESC": "BEF BOON LAY WAY" }, "geometry": { "type": "Point", "coordinates": [ 14227.709099999628961, 35659.339800000190735 ] } },
{ "type": "Feature", "properties": { "BUS_STOP_N": "64441", "LOC_DESC": "HOUGANG G. SHOP MALL" }, "geometry": { "type": "Point", "coordinates": [ 34100.191499999724329, 40199.424000000581145 ] } },
{ "type": "Feature", "properties": { "BUS_STOP_N": "15119", "LOC_DESC": "OPP SCI PK 2 / THE GALEN" }, "geometry": { "type": "Point", "coordinates": [ 22632.351999999955297, 29942.0777000002563 ] } },
{ "type": "Feature", "properties": { "BUS_STOP_N": "47571", "LOC_DESC": "BLK 618" }, "geometry": { "type": "Point", "coordinates": [ 23897.979500000365078, 46131.813200000673532 ] } },
{ "type": "Feature", "properties": { "BUS_STOP_N": "24209", "LOC_DESC": "AFT GUL LANE" }, "geometry": { "type": "Point", "coordinates": [ 8702.316499999724329, 33064.442600000649691 ] } },
{ "type": "Feature", "properties": { "BUS_STOP_N": "91071", "LOC_DESC": "BEF TG KATONG RD" }, "geometry": { "type": "Point", "coordinates": [ 34979.630900000222027, 31567.58809999935329 ] } },
{ "type": "Feature", "properties": { "BUS_STOP_N": "47069", "LOC_DESC": "NORTHTECH" }, "geometry": { "type": "Point", "coordinates": [ 24149.809299999848008, 48613.584799999371171 ] } },
{ "type": "Feature", "properties": { "BUS_STOP_N": "15219", "LOC_DESC": "PASIR VIEW PK" }, "geometry": { "type": "Point", "coordinates": [ 22847.441200000233948, 28959.211300000548363 ] } },
{ "type": "Feature", "properties": { "BUS_STOP_N": "11119", "LOC_DESC": "FARRER RD STN EXIT A" }, "geometry": { "type": "Point", "coordinates": [ 25135.557699999772012, 33273.773600000888109 ] } },
{ "type": "Feature", "properties": { "BUS_STOP_N": "01039", "LOC_DESC": "BUGIS CUBE" }, "geometry": { "type": "Point", "coordinates": [ 30471.075600000098348, 31175.632699999958277 ] } },
{ "type": "Feature", "properties": { "BUS_STOP_N": "92081", "LOC_DESC": "ST. PATRICK'S SCH" }, "geometry": { "type": "Point", "coordinates": [ 37383.056900000199676, 32204.311200000345707 ] } },
{ "type": "Feature", "properties": { "BUS_STOP_N": "80011", "LOC_DESC": "AFT PADANG JERINGAU" }, "geometry": { "type": "Point", "coordinates": [ 31777.527099999599159, 32451.866200000047684 ] } },
{ "type": "Feature", "properties": { "BUS_STOP_N": "44589", "LOC_DESC": "OPP BLK 489A" }, "geometry": { "type": "Point", "coordinates": [ 17626.231700000353158, 39679.797199999913573 ] } },
{ "type": "Feature", "properties": { "BUS_STOP_N": "84661", "LOC_DESC": "BLK 172" }, "geometry": { "type": "Point", "coordinates": [ 40363.069099999964237, 33566.622300000861287 ] } },
{ "type": "Feature", "properties": { "BUS_STOP_N": "43681", "LOC_DESC": "BT BATOK HME FOR THE AGED" }, "geometry": { "type": "Point", "coordinates": [ 18017.699300000444055, 38205.609400000423193 ] } },
{ "type": "Feature", "properties": { "BUS_STOP_N": "44581", "LOC_DESC": "BLK 489A" }, "geometry": { "type": "Point", "coordinates": [ 17655.679800000041723, 39693.901100000366569 ] } },
{ "type": "Feature", "properties": { "BUS_STOP_N": "52089", "LOC_DESC": "OPP BLK 195" }, "geometry": { "type": "Point", "coordinates": [ 31013.697900000028312, 34688.534700000658631 ] } },
{ "type": "Feature", "properties": { "BUS_STOP_N": "08057", "LOC_DESC": "DHOBY GHAUT STN" }, "geometry": { "type": "Point", "coordinates": [ 29341.509499999694526, 31297.008500000461936 ] } },
{ "type": "Feature", "properties": { "BUS_STOP_N": "46499", "LOC_DESC": "OPP BLK 402" }, "geometry": { "type": "Point", "coordinates": [ 21204.152200000360608, 46002.517599999904633 ] } },
{ "type": "Feature", "properties": { "BUS_STOP_N": "28121", "LOC_DESC": "OPP TRACK 18" }, "geometry": { "type": "Point", "coordinates": [ 16874.038800000213087, 36944.471400000154972 ] } },
{ "type": "Feature", "properties": { "BUS_STOP_N": "64059", "LOC_DESC": "BLK 355" }, "geometry": { "type": "Point", "coordinates": [ 35234.656200000084937, 39385.414100000634789 ] } },
{ "type": "Feature", "properties": { "BUS_STOP_N": "47079", "LOC_DESC": "OPP BRITISH AMERICAN TOBACCO" }, "geometry": { "type": "Point", "coordinates": [ 24619.493999999947846, 48821.487900000065565 ] } },
{ "type": "Feature", "properties": { "BUS_STOP_N": "53061", "LOC_DESC": "BEF WINDSOR PK RD" }, "geometry": { "type": "Point", "coordinates": [ 27497.402900000102818, 37699.747500000521541 ] } },
{ "type": "Feature", "properties": { "BUS_STOP_N": "83191", "LOC_DESC": "BEF FRANKEL DR" }, "geometry": { "type": "Point", "coordinates": [ 37195.211799999698997, 33285.179500000551343 ] } },
{ "type": "Feature", "properties": { "BUS_STOP_N": "93051", "LOC_DESC": "AFT DUNBAR WK" }, "geometry": { "type": "Point", "coordinates": [ 37499.911600000225008, 32556.268699999898672 ] } },
{ "type": "Feature", "properties": { "BUS_STOP_N": "99101", "LOC_DESC": "GOVT CHALETS" }, "geometry": { "type": "Point", "coordinates": [ 44513.876500000245869, 41480.36570000089705 ] } },
{ "type": "Feature", "properties": { "BUS_STOP_N": "60121", "LOC_DESC": "BOON KENG STN / BLK 102" }, "geometry": { "type": "Point", "coordinates": [ 31178.591199999675155, 33602.638299999758601 ] } },
{ "type": "Feature", "properties": { "BUS_STOP_N": "60031", "LOC_DESC": "BEF GEYLANG BAHRU STN" }, "geometry": { "type": "Point", "coordinates": [ 32099.832899999804795, 33634.2027000002563 ] } },
{ "type": "Feature", "properties": { "BUS_STOP_N": "59389", "LOC_DESC": "OPP BLK 314" }, "geometry": { "type": "Point", "coordinates": [ 28970.551199999637902, 45977.580900000408292 ] } },
{ "type": "Feature", "properties": { "BUS_STOP_N": "81051", "LOC_DESC": "SIMS VILLE" }, "geometry": { "type": "Point", "coordinates": [ 34350.244599999859929, 33210.240299999713898 ] } },
{ "type": "Feature", "properties": { "BUS_STOP_N": "78109", "LOC_DESC": "DOWNTOWN EAST" }, "geometry": { "type": "Point", "coordinates": [ 41423.975499999709427, 39706.304099999368191 ] } },
{ "type": "Feature", "properties": { "BUS_STOP_N": "16011", "LOC_DESC": "OPP HAW PAR VILLA STN" }, "geometry": { "type": "Point", "coordinates": [ 22265.167000000365078, 29475.527599999681115 ] } },
{ "type": "Feature", "properties": { "BUS_STOP_N": "23381", "LOC_DESC": "PLANT ENGRG" }, "geometry": { "type": "Point", "coordinates": [ 12552.17989999987185, 32234.111099999397993 ] } },
{ "type": "Feature", "properties": { "BUS_STOP_N": "24089", "LOC_DESC": "AFT GUL AVE" }, "geometry": { "type": "Point", "coordinates": [ 9900.409300000406802, 32962.215600000694394 ] } },
{ "type": "Feature", "properties": { "BUS_STOP_N": "29039", "LOC_DESC": "BEF PENJURU WK" }, "geometry": { "type": "Point", "coordinates": [ 17157.473399999551475, 33347.82149999961257 ] } },
{ "type": "Feature", "properties": { "BUS_STOP_N": "19061", "LOC_DESC": "AYER RAJAH TELECOMS" }, "geometry": { "type": "Point", "coordinates": [ 21831.60329999960959, 32203.228900000452995 ] } },
{ "type": "Feature", "properties": { "BUS_STOP_N": "67309", "LOC_DESC": "OPP BLK 305 CP" }, "geometry": { "type": "Point", "coordinates": [ 34035.034300000406802, 41121.256300000473857 ] } },
{ "type": "Feature", "properties": { "BUS_STOP_N": "28461", "LOC_DESC": "BLK 347" }, "geometry": { "type": "Point", "coordinates": [ 16724.370900000445545, 36395.287599999457598 ] } },
{ "type": "Feature", "properties": { "BUS_STOP_N": "68139", "LOC_DESC": "YOUTH FLYING CLUB" }, "geometry": { "type": "Point", "coordinates": [ 31202.640999999828637, 44023.31110000051558 ] } },
{ "type": "Feature", "properties": { "BUS_STOP_N": "01019", "LOC_DESC": "BRAS BASAH CPLX" }, "geometry": { "type": "Point", "coordinates": [ 30187.769500000402331, 31034.554199999198318 ] } },
{ "type": "Feature", "properties": { "BUS_STOP_N": "43679", "LOC_DESC": "BLK 402" }, "geometry": { "type": "Point", "coordinates": [ 18079.83600000012666, 38554.859899999573827 ] } },
{ "type": "Feature", "properties": { "BUS_STOP_N": "23189", "LOC_DESC": "BEF FIRST LOK YANG RD" }, "geometry": { "type": "Point", "coordinates": [ 12485.991600000299513, 34432.571100000292063 ] } },
{ "type": "Feature", "properties": { "BUS_STOP_N": "46139", "LOC_DESC": "AFT RIVERSIDE RD" }, "geometry": { "type": "Point", "coordinates": [ 21760.63219999987632, 47532.99129999987781 ] } },
{ "type": "Feature", "properties": { "BUS_STOP_N": "03239", "LOC_DESC": "SHENTON WAY TER" }, "geometry": { "type": "Point", "coordinates": [ 29738.603699999861419, 28401.388000000268221 ] } },
{ "type": "Feature", "properties": { "BUS_STOP_N": "21099", "LOC_DESC": "JURONG ISLAND CHECKPT" }, "geometry": { "type": "Point", "coordinates": [ 14406.10329999960959, 32498.450699999928474 ] } },
{ "type": "Feature", "properties": { "BUS_STOP_N": "93071", "LOC_DESC": "CRESCENDO BLDG" }, "geometry": { "type": "Point", "coordinates": [ 38361.067599999718368, 32804.519600000232458 ] } },
{ "type": "Feature", "properties": { "BUS_STOP_N": "46041", "LOC_DESC": "OPP GLOBALFOUNDRIES" }, "geometry": { "type": "Point", "coordinates": [ 20296.138299999758601, 46486.518200000748038 ] } },
{ "type": "Feature", "properties": { "BUS_STOP_N": "59379", "LOC_DESC": "OPP CHUNG CHENG HIGH SCH" }, "geometry": { "type": "Point", "coordinates": [ 28549.870000000111759, 44579.406600000336766 ] } },
{ "type": "Feature", "properties": { "BUS_STOP_N": "20011", "LOC_DESC": "BLK 506" }, "geometry": { "type": "Point", "coordinates": [ 19992.232499999925494, 32813.092599999159575 ] } },
{ "type": "Feature", "properties": { "BUS_STOP_N": "66071", "LOC_DESC": "OPP PUB RECREATION CLUB" }, "geometry": { "type": "Point", "coordinates": [ 31796.247499999590218, 36209.294600000604987 ] } },
{ "type": "Feature", "properties": { "BUS_STOP_N": "52271", "LOC_DESC": "JACKSON SQ" }, "geometry": { "type": "Point", "coordinates": [ 29829.25, 35451.248400000855327 ] } },
{ "type": "Feature", "properties": { "BUS_STOP_N": "05519", "LOC_DESC": "OPP MARITIME HSE" }, "geometry": { "type": "Point", "coordinates": [ 28862.009999999776483, 28667.449300000444055 ] } },
{ "type": "Feature", "properties": { "BUS_STOP_N": "52281", "LOC_DESC": "BLK 68" }, "geometry": { "type": "Point", "coordinates": [ 30263.185899999924004, 35191.725700000301003 ] } },
{ "type": "Feature", "properties": { "BUS_STOP_N": "20121", "LOC_DESC": "OPP BLK 51" }, "geometry": { "type": "Point", "coordinates": [ 17287.581100000068545, 33610.439600000157952 ] } },
{ "type": "Feature", "properties": { "BUS_STOP_N": "59321", "LOC_DESC": "BLK 794" }, "geometry": { "type": "Point", "coordinates": [ 27834.861999999731779, 44645.757999999448657 ] } },
{ "type": "Feature", "properties": { "BUS_STOP_N": "59561", "LOC_DESC": "OPP KHATIB STN EXIT D" }, "geometry": { "type": "Point", "coordinates": [ 27964.144500000402331, 44495.39949999935925 ] } },
{ "type": "Feature", "properties": { "BUS_STOP_N": "10231", "LOC_DESC": "BLK 51 CP" }, "geometry": { "type": "Point", "coordinates": [ 27372.139700000174344, 30311.70380000025034 ] } },
{ "type": "Feature", "properties": { "BUS_STOP_N": "59439", "LOC_DESC": "BLK 858" }, "geometry": { "type": "Point", "coordinates": [ 28553.263799999840558, 44397.442199999466538 ] } },
{ "type": "Feature", "properties": { "BUS_STOP_N": "31089", "LOC_DESC": "HQ 5TH SIB CAMP I" }, "geometry": { "type": "Point", "coordinates": [ 12837.30489999987185, 40203.611700000241399 ] } },
{ "type": "Feature", "properties": { "BUS_STOP_N": "84159", "LOC_DESC": "OPP CASAFINA / TEMASEK JC" }, "geometry": { "type": "Point", "coordinates": [ 39098.320199999958277, 33217.731899999082088 ] } },
{ "type": "Feature", "properties": { "BUS_STOP_N": "84411", "LOC_DESC": "BLK 526" }, "geometry": { "type": "Point", "coordinates": [ 38686.467600000090897, 35115.194900000467896 ] } },
{ "type": "Feature", "properties": { "BUS_STOP_N": "59329", "LOC_DESC": "NAVAL BASE SEC SCH" }, "geometry": { "type": "Point", "coordinates": [ 27827.715200000442564, 44610.636099999770522 ] } },
{ "type": "Feature", "properties": { "BUS_STOP_N": "95089", "LOC_DESC": "OPP CHANGI BEACH CP 5" }, "geometry": { "type": "Point", "coordinates": [ 46086.937599999830127, 41281.775399999693036 ] } },
{ "type": "Feature", "properties": { "BUS_STOP_N": "21541", "LOC_DESC": "AFT FOURTH CHIN BEE RD" }, "geometry": { "type": "Point", "coordinates": [ 15381.614000000059605, 34847.134500000625849 ] } },
{ "type": "Feature", "properties": { "BUS_STOP_N": "65311", "LOC_DESC": "OASIS STN EXIT B / BLK 617D" }, "geometry": { "type": "Point", "coordinates": [ 36844.511900000274181, 42660.851600000634789 ] } },
{ "type": "Feature", "properties": { "BUS_STOP_N": "11021", "LOC_DESC": "AFT QUEENSTOWN NPC HQ" }, "geometry": { "type": "Point", "coordinates": [ 24541.261500000022352, 30206.263299999758601 ] } },
{ "type": "Feature", "properties": { "BUS_STOP_N": "83321", "LOC_DESC": "KEMBANGAN STN" }, "geometry": { "type": "Point", "coordinates": [ 36938.601599999703467, 33778.699100000783801 ] } },
{ "type": "Feature", "properties": { "BUS_STOP_N": "98311", "LOC_DESC": "BEF MARIAM WALK" }, "geometry": { "type": "Point", "coordinates": [ 43057.022300000302494, 37928.235500000417233 ] } },
{ "type": "Feature", "properties": { "BUS_STOP_N": "68111", "LOC_DESC": "BEF SELETAR CAMP G" }, "geometry": { "type": "Point", "coordinates": [ 32237.659300000406802, 42687.814099999144673 ] } },
{ "type": "Feature", "properties": { "BUS_STOP_N": "75229", "LOC_DESC": "TEMASEK POLY EAST G" }, "geometry": { "type": "Point", "coordinates": [ 39504.263399999588728, 36351.350099999457598 ] } },
{ "type": "Feature", "properties": { "BUS_STOP_N": "11159", "LOC_DESC": "AFT CH OF OUR SAVIOUR" }, "geometry": { "type": "Point", "coordinates": [ 24707.204199999570847, 31153.065999999642372 ] } },
{ "type": "Feature", "properties": { "BUS_STOP_N": "10489", "LOC_DESC": "BLK 73" }, "geometry": { "type": "Point", "coordinates": [ 26267.410699999891222, 30068.857599999755621 ] } },
{ "type": "Feature", "properties": { "BUS_STOP_N": "20341", "LOC_DESC": "PAN TECH IND CPLX" }, "geometry": { "type": "Point", "coordinates": [ 18778.964200000278652, 32682.190700000151992 ] } },
{ "type": "Feature", "properties": { "BUS_STOP_N": "77179", "LOC_DESC": "OPP PASIR RIS STN EXIT A" }, "geometry": { "type": "Point", "coordinates": [ 41079.228500000201166, 39400.856799999251962 ] } },
{ "type": "Feature", "properties": { "BUS_STOP_N": "66569", "LOC_DESC": "OPP BLK 991B" }, "geometry": { "type": "Point", "coordinates": [ 33480.068400000222027, 40562.17090000025928 ] } },
{ "type": "Feature", "properties": { "BUS_STOP_N": "84329", "LOC_DESC": "BLK 414" }, "geometry": { "type": "Point", "coordinates": [ 38715.80350000038743, 34723.020700000226498 ] } },
{ "type": "Feature", "properties": { "BUS_STOP_N": "07231", "LOC_DESC": "BEF TAI HOE HOTEL" }, "geometry": { "type": "Point", "coordinates": [ 30672.144500000402331, 32442.661800000816584 ] } },
{ "type": "Feature", "properties": { "BUS_STOP_N": "66589", "LOC_DESC": "BUANGKOK SPORTS PK" }, "geometry": { "type": "Point", "coordinates": [ 33131.335199999623001, 40455.773000000044703 ] } },
{ "type": "Feature", "properties": { "BUS_STOP_N": "31041", "LOC_DESC": "BEF MUSLIM CEMY PATH 7" }, "geometry": { "type": "Point", "coordinates": [ 12486.469600000418723, 38972.0945999994874 ] } },
{ "type": "Feature", "properties": { "BUS_STOP_N": "21391", "LOC_DESC": "RIVER VALLEY HIGH SCH" }, "geometry": { "type": "Point", "coordinates": [ 14124.194299999624491, 36344.353800000622869 ] } },
{ "type": "Feature", "properties": { "BUS_STOP_N": "22501", "LOC_DESC": "Blk 662A" }, "geometry": { "type": "Point", "coordinates": [ 13489.088700000196695, 35536.39949999935925 ] } },
{ "type": "Feature", "properties": { "BUS_STOP_N": "54011", "LOC_DESC": "BLK 207" }, "geometry": { "type": "Point", "coordinates": [ 29130.47580000013113, 38645.873400000855327 ] } },
{ "type": "Feature", "properties": { "BUS_STOP_N": "31121", "LOC_DESC": "NIRVANA MEMORIAL GDN" }, "geometry": { "type": "Point", "coordinates": [ 11838.800099999643862, 39157.427500000223517 ] } },
{ "type": "Feature", "properties": { "BUS_STOP_N": "05629", "LOC_DESC": "OPP STH PT" }, "geometry": { "type": "Point", "coordinates": [ 28958.933500000275671, 28412.767799999564886 ] } },
{ "type": "Feature", "properties": { "BUS_STOP_N": "46741", "LOC_DESC": "SEAGATE" }, "geometry": { "type": "Point", "coordinates": [ 25097.781200000084937, 47550.590900000184774 ] } },
{ "type": "Feature", "properties": { "BUS_STOP_N": "52411", "LOC_DESC": "BLK 105" }, "geometry": { "type": "Point", "coordinates": [ 30297.164599999785423, 34485.589999999850988 ] } },
{ "type": "Feature", "properties": { "BUS_STOP_N": "66381", "LOC_DESC": "OPP S'GOON STN EXIT F" }, "geometry": { "type": "Point", "coordinates": [ 32217.935999999754131, 36933.759999999776483 ] } },
{ "type": "Feature", "properties": { "BUS_STOP_N": "51131", "LOC_DESC": "OPP BRADDELL VIEW" }, "geometry": { "type": "Point", "coordinates": [ 28686.31290000025183, 36258.141000000759959 ] } },
{ "type": "Feature", "properties": { "BUS_STOP_N": "24521", "LOC_DESC": "BEF TUAS AVE 5" }, "geometry": { "type": "Point", "coordinates": [ 8580.839300000108778, 33297.212899999693036 ] } },
{ "type": "Feature", "properties": { "BUS_STOP_N": "83239", "LOC_DESC": "OPP CHEVIOT HILL" }, "geometry": { "type": "Point", "coordinates": [ 37922.699300000444055, 33240.119400000199676 ] } },
{ "type": "Feature", "properties": { "BUS_STOP_N": "52029", "LOC_DESC": "BLK 1004" }, "geometry": { "type": "Point", "coordinates": [ 29543.070000000298023, 36199.975400000810623 ] } },
{ "type": "Feature", "properties": { "BUS_STOP_N": "80069", "LOC_DESC": "OPP MOHD SALLEH MQUE" }, "geometry": { "type": "Point", "coordinates": [ 32871.287200000137091, 32714.861300000920892 ] } },
{ "type": "Feature", "properties": { "BUS_STOP_N": "82099", "LOC_DESC": "CDAC BLDG" }, "geometry": { "type": "Point", "coordinates": [ 34782.551400000229478, 32796.600899999961257 ] } },
{ "type": "Feature", "properties": { "BUS_STOP_N": "05641", "LOC_DESC": "BEF CANTONMENT RD" }, "geometry": { "type": "Point", "coordinates": [ 28890.446800000034273, 28358.710999999195337 ] } },
{ "type": "Feature", "properties": { "BUS_STOP_N": "97169", "LOC_DESC": "OPP EDWARDS LIFESCIENCE" }, "geometry": { "type": "Point", "coordinates": [ 42952.762799999676645, 36540.042400000616908 ] } },
{ "type": "Feature", "properties": { "BUS_STOP_N": "55251", "LOC_DESC": "COUNTRYSIDE EST" }, "geometry": { "type": "Point", "coordinates": [ 28610.669999999925494, 41430.485400000587106 ] } },
{ "type": "Feature", "properties": { "BUS_STOP_N": "04251", "LOC_DESC": "OPP HIGH ST CTR" }, "geometry": { "type": "Point", "coordinates": [ 29726.586900000460446, 30240.374600000679493 ] } },
{ "type": "Feature", "properties": { "BUS_STOP_N": "53271", "LOC_DESC": "OPP KUO CHUAN PRESBY SCH" }, "geometry": { "type": "Point", "coordinates": [ 30292.221499999985099, 36833.674399999901652 ] } },
{ "type": "Feature", "properties": { "BUS_STOP_N": "66161", "LOC_DESC": "OPP CROWHURST DR" }, "geometry": { "type": "Point", "coordinates": [ 31483.322300000116229, 38149.776900000870228 ] } },
{ "type": "Feature", "properties": { "BUS_STOP_N": "70079", "LOC_DESC": "AFT REGENT MOTORS" }, "geometry": { "type": "Point", "coordinates": [ 35248.324000000022352, 35090.377900000661612 ] } },
{ "type": "Feature", "properties": { "BUS_STOP_N": "22451", "LOC_DESC": "OPP BLK 643" }, "geometry": { "type": "Point", "coordinates": [ 12666.227500000037253, 35613.353700000792742 ] } },
{ "type": "Feature", "properties": { "BUS_STOP_N": "57061", "LOC_DESC": "DIEPPE BARRACKS" }, "geometry": { "type": "Point", "coordinates": [ 27022.348199999891222, 44645.473999999463558 ] } },
{ "type": "Feature", "properties": { "BUS_STOP_N": "60201", "LOC_DESC": "18 WOODSVILLE" }, "geometry": { "type": "Point", "coordinates": [ 31914.28000000026077, 34650.075999999418855 ] } },
{ "type": "Feature", "properties": { "BUS_STOP_N": "45391", "LOC_DESC": "BLK 657" }, "geometry": { "type": "Point", "coordinates": [ 18697.504599999636412, 42446.092700000852346 ] } },
{ "type": "Feature", "properties": { "BUS_STOP_N": "83319", "LOC_DESC": "AFT LOR J TELOK KURAU" }, "geometry": { "type": "Point", "coordinates": [ 36213.495799999684095, 32779.458200000226498 ] } },
{ "type": "Feature", "properties": { "BUS_STOP_N": "49239", "LOC_DESC": "OPP NYEE PHOE GROUP" }, "geometry": { "type": "Point", "coordinates": [ 16274.91260000038892, 46921.073599999770522 ] } },
{ "type": "Feature", "properties": { "BUS_STOP_N": "54491", "LOC_DESC": "AFT CTE" }, "geometry": { "type": "Point", "coordinates": [ 30986.219399999827147, 39910.381799999624491 ] } },
{ "type": "Feature", "properties": { "BUS_STOP_N": "24571", "LOC_DESC": "SENG HENG ENGRG" }, "geometry": { "type": "Point", "coordinates": [ 9714.973399999551475, 33991.14919999986887 ] } },
{ "type": "Feature", "properties": { "BUS_STOP_N": "65219", "LOC_DESC": "AFT PUNGGOL CENTRAL" }, "geometry": { "type": "Point", "coordinates": [ 35778.997499999590218, 42787.750199999660254 ] } },
{ "type": "Feature", "properties": { "BUS_STOP_N": "62071", "LOC_DESC": "BARTLEY STN EXIT A" }, "geometry": { "type": "Point", "coordinates": [ 33184.742999999783933, 36083.202500000596046 ] } },
{ "type": "Feature", "properties": { "BUS_STOP_N": "03111", "LOC_DESC": "AFT CAPITAL TWR" }, "geometry": { "type": "Point", "coordinates": [ 29658.707100000232458, 28942.124900000169873 ] } },
{ "type": "Feature", "properties": { "BUS_STOP_N": "76361", "LOC_DESC": "BLK 430" }, "geometry": { "type": "Point", "coordinates": [ 41016.696100000292063, 38004.374600000679493 ] } },
{ "type": "Feature", "properties": { "BUS_STOP_N": "55031", "LOC_DESC": "OPP NCS HUB" }, "geometry": { "type": "Point", "coordinates": [ 29149.146900000050664, 41268.911199999973178 ] } },
{ "type": "Feature", "properties": { "BUS_STOP_N": "13179", "LOC_DESC": "CLIVEDEN AT GRANGE" }, "geometry": { "type": "Point", "coordinates": [ 27257.712299999780953, 31293.180900000035763 ] } },
{ "type": "Feature", "properties": { "BUS_STOP_N": "59449", "LOC_DESC": "OPP NAVAL BASE PR SCH" }, "geometry": { "type": "Point", "coordinates": [ 28689.782200000248849, 44142.763499999418855 ] } },
{ "type": "Feature", "properties": { "BUS_STOP_N": "95071", "LOC_DESC": "CHANGI BEACH CP 4" }, "geometry": { "type": "Point", "coordinates": [ 46015.987999999895692, 41316.89780000038445 ] } },
{ "type": "Feature", "properties": { "BUS_STOP_N": "34019", "LOC_DESC": "AFT LIM CHU KANG LANE 4" }, "geometry": { "type": "Point", "coordinates": [ 14021.89809999987483, 46026.476199999451637 ] } },
{ "type": "Feature", "properties": { "BUS_STOP_N": "15099", "LOC_DESC": "NATL LEADERSHIP INST" }, "geometry": { "type": "Point", "coordinates": [ 22944.727699999697506, 29495.335200000554323 ] } },
{ "type": "Feature", "properties": { "BUS_STOP_N": "21149", "LOC_DESC": "JURONG PORT WORKSHOPS" }, "geometry": { "type": "Point", "coordinates": [ 15375.202100000344217, 33094.367300000041723 ] } },
{ "type": "Feature", "properties": { "BUS_STOP_N": "43151", "LOC_DESC": "OPP GLENDALE PK CONDO" }, "geometry": { "type": "Point", "coordinates": [ 20386.96059999987483, 38415.290400000289083 ] } },
{ "type": "Feature", "properties": { "BUS_STOP_N": "43341", "LOC_DESC": "PRINCESS E PR SCH" }, "geometry": { "type": "Point", "coordinates": [ 17761.280299999751151, 36871.777499999850988 ] } },
{ "type": "Feature", "properties": { "BUS_STOP_N": "58191", "LOC_DESC": "AFT WELLINGTON RD" }, "geometry": { "type": "Point", "coordinates": [ 27498.766499999910593, 48918.716900000348687 ] } },
{ "type": "Feature", "properties": { "BUS_STOP_N": "45229", "LOC_DESC": "BEF W'LANDS RD" }, "geometry": { "type": "Point", "coordinates": [ 19616.150500000454485, 43709.529200000688434 ] } },
{ "type": "Feature", "properties": { "BUS_STOP_N": "45171", "LOC_DESC": "SRI ARASAKESARI SIVAN TP" }, "geometry": { "type": "Point", "coordinates": [ 19323.801699999719858, 43092.19789999909699 ] } },
{ "type": "Feature", "properties": { "BUS_STOP_N": "83269", "LOC_DESC": "OPP OPERA EST PR SCH" }, "geometry": { "type": "Point", "coordinates": [ 38032.113699999637902, 33473.288399999961257 ] } },
{ "type": "Feature", "properties": { "BUS_STOP_N": "02031", "LOC_DESC": "ST ANDREW'S CATH" }, "geometry": { "type": "Point", "coordinates": [ 29991.794099999591708, 30453.161800000816584 ] } },
{ "type": "Feature", "properties": { "BUS_STOP_N": "47091", "LOC_DESC": "BEF SENOKO CRES" }, "geometry": { "type": "Point", "coordinates": [ 24963.567499999888241, 49573.892100000753999 ] } },
{ "type": "Feature", "properties": { "BUS_STOP_N": "44271", "LOC_DESC": "BEF BLKS 13/14" }, "geometry": { "type": "Point", "coordinates": [ 19411.219399999827147, 40069.008899999782443 ] } },
{ "type": "Feature", "properties": { "BUS_STOP_N": "28341", "LOC_DESC": "CHINESE GDN STN" }, "geometry": { "type": "Point", "coordinates": [ 16814.652400000020862, 36064.803300000727177 ] } },
{ "type": "Feature", "properties": { "BUS_STOP_N": "44081", "LOC_DESC": "BLK 296A" }, "geometry": { "type": "Point", "coordinates": [ 17710.180700000375509, 39859.808100000023842 ] } },
{ "type": "Feature", "properties": { "BUS_STOP_N": "55179", "LOC_DESC": "OPP CASTLE GREEN" }, "geometry": { "type": "Point", "coordinates": [ 29035.394199999980628, 40847.55629999935627 ] } },
{ "type": "Feature", "properties": { "BUS_STOP_N": "99119", "LOC_DESC": "OPP CHANGI GOLF CLUB" }, "geometry": { "type": "Point", "coordinates": [ 44803.544200000353158, 41498.619500000029802 ] } },
{ "type": "Feature", "properties": { "BUS_STOP_N": "96131", "LOC_DESC": "BLK 130" }, "geometry": { "type": "Point", "coordinates": [ 41571.196700000204146, 36501.894099999219179 ] } },
{ "type": "Feature", "properties": { "BUS_STOP_N": "70091", "LOC_DESC": "OPP TRAFFIC POLICE" }, "geometry": { "type": "Point", "coordinates": [ 34422.931499999947846, 34769.504799999296665 ] } },
{ "type": "Feature", "properties": { "BUS_STOP_N": "43268", "LOC_DESC": "Hillington Green Condo" }, "geometry": { "type": "Point", "coordinates": [ 20315.259800000116229, 38044.339900000020862 ] } },
{ "type": "Feature", "properties": { "BUS_STOP_N": "64429", "LOC_DESC": "BLK 412" }, "geometry": { "type": "Point", "coordinates": [ 34887.261400000192225, 39639.793500000610948 ] } },
{ "type": "Feature", "properties": { "BUS_STOP_N": "03381", "LOC_DESC": "THE SAIL" }, "geometry": { "type": "Point", "coordinates": [ 30200.382100000046194, 29339.650100000202656 ] } },
{ "type": "Feature", "properties": { "BUS_STOP_N": "92129", "LOC_DESC": "THE HOLY FAMILY CH" }, "geometry": { "type": "Point", "coordinates": [ 36132.59389999974519, 32127.9695999994874 ] } },
{ "type": "Feature", "properties": { "BUS_STOP_N": "22409", "LOC_DESC": "BEF SHIPYARD RD" }, "geometry": { "type": "Point", "coordinates": [ 12880.529000000096858, 32486.242000000551343 ] } },
{ "type": "Feature", "properties": { "BUS_STOP_N": "03529", "LOC_DESC": "DOWNTOWN STN" }, "geometry": { "type": "Point", "coordinates": [ 30157.133399999700487, 29094.637099999934435 ] } },
{ "type": "Feature", "properties": { "BUS_STOP_N": "45111", "LOC_DESC": "OPP KRANJI WAR MEMORIAL" }, "geometry": { "type": "Point", "coordinates": [ 19358.741499999538064, 44832.995699999853969 ] } },
{ "type": "Feature", "properties": { "BUS_STOP_N": "64111", "LOC_DESC": "OPP BLK 953" }, "geometry": { "type": "Point", "coordinates": [ 32844.220800000242889, 39783.827500000596046 ] } },
{ "type": "Feature", "properties": { "BUS_STOP_N": "57051", "LOC_DESC": "AFT SEMBAWANG AIR BASE" }, "geometry": { "type": "Point", "coordinates": [ 26894.02379999961704, 44124.925899999216199 ] } },
{ "type": "Feature", "properties": { "BUS_STOP_N": "54247", "LOC_DESC": "BLK 322" }, "geometry": { "type": "Point", "coordinates": [ 29536.332200000062585, 38974.999500000849366 ] } },
{ "type": "Feature", "properties": { "BUS_STOP_N": "24621", "LOC_DESC": "AFT OCEAN TANKER" }, "geometry": { "type": "Point", "coordinates": [ 7574.746899999678135, 32251.381899999454618 ] } },
{ "type": "Feature", "properties": { "BUS_STOP_N": "64479", "LOC_DESC": "BLK 665" }, "geometry": { "type": "Point", "coordinates": [ 33582.160199999809265, 39604.19370000064373 ] } },
{ "type": "Feature", "properties": { "BUS_STOP_N": "76081", "LOC_DESC": "OPP THE HOLY TRINITY CH" }, "geometry": { "type": "Point", "coordinates": [ 40914.075000000186265, 36853.714900000020862 ] } },
{ "type": "Feature", "properties": { "BUS_STOP_N": "40259", "LOC_DESC": "BEF WALLACE WAY" }, "geometry": { "type": "Point", "coordinates": [ 26794.273599999956787, 35828.002100000157952 ] } },
{ "type": "Feature", "properties": { "BUS_STOP_N": "96321", "LOC_DESC": "DBS ASIA HUB" }, "geometry": { "type": "Point", "coordinates": [ 42688.316499999724329, 34929.258600000292063 ] } },
{ "type": "Feature", "properties": { "BUS_STOP_N": "62059", "LOC_DESC": "Blk 161" }, "geometry": { "type": "Point", "coordinates": [ 33044.036700000055134, 37093.372899999842048 ] } },
{ "type": "Feature", "properties": { "BUS_STOP_N": "20169", "LOC_DESC": "BLK 35" }, "geometry": { "type": "Point", "coordinates": [ 17923.877600000239909, 33496.313799999654293 ] } },
{ "type": "Feature", "properties": { "BUS_STOP_N": "85021", "LOC_DESC": "COUNTRY PK" }, "geometry": { "type": "Point", "coordinates": [ 41501.022900000214577, 33797.87529999949038 ] } },
{ "type": "Feature", "properties": { "BUS_STOP_N": "11379", "LOC_DESC": "BUONA VISTA TER" }, "geometry": { "type": "Point", "coordinates": [ 23393.525399999693036, 32383.551300000399351 ] } },
{ "type": "Feature", "properties": { "BUS_STOP_N": "67119", "LOC_DESC": "BLK 128" }, "geometry": { "type": "Point", "coordinates": [ 35778.677099999971688, 41381.474500000476837 ] } },
{ "type": "Feature", "properties": { "BUS_STOP_N": "68031", "LOC_DESC": "JLN KAYU SHOPHSE" }, "geometry": { "type": "Point", "coordinates": [ 32424.257500000298023, 42106.747899999842048 ] } },
{ "type": "Feature", "properties": { "BUS_STOP_N": "59309", "LOC_DESC": "JIEMIN PR SCH" }, "geometry": { "type": "Point", "coordinates": [ 27698.531700000166893, 45559.011199999600649 ] } },
{ "type": "Feature", "properties": { "BUS_STOP_N": "78161", "LOC_DESC": "BLK 216" }, "geometry": { "type": "Point", "coordinates": [ 42151.347900000400841, 39000.642300000414252 ] } },
{ "type": "Feature", "properties": { "BUS_STOP_N": "97111", "LOC_DESC": "BEF TOH CL" }, "geometry": { "type": "Point", "coordinates": [ 43254.973000000230968, 38375.182199999690056 ] } },
{ "type": "Feature", "properties": { "BUS_STOP_N": "53269", "LOC_DESC": "BISHAN STADIUM" }, "geometry": { "type": "Point", "coordinates": [ 29989.336900000460446, 37272.67339999973774 ] } },
{ "type": "Feature", "properties": { "BUS_STOP_N": "65021", "LOC_DESC": "OPP BLK 110" }, "geometry": { "type": "Point", "coordinates": [ 35382.608599999919534, 40668.946299999952316 ] } },
{ "type": "Feature", "properties": { "BUS_STOP_N": "44639", "LOC_DESC": "BT PANJANG PLAZA" }, "geometry": { "type": "Point", "coordinates": [ 20279.398000000044703, 40221.134500000625849 ] } },
{ "type": "Feature", "properties": { "BUS_STOP_N": "49089", "LOC_DESC": "BEF KRANJI CRES" }, "geometry": { "type": "Point", "coordinates": [ 18577.958100000396371, 46186.519700000062585 ] } },
{ "type": "Feature", "properties": { "BUS_STOP_N": "12141", "LOC_DESC": "OPP HENRY PK" }, "geometry": { "type": "Point", "coordinates": [ 22333.219899999909103, 33111.656300000846386 ] } },
{ "type": "Feature", "properties": { "BUS_STOP_N": "23081", "LOC_DESC": "OPP S'PORE DISCOVERY CTR" }, "geometry": { "type": "Point", "coordinates": [ 10744.156000000424683, 34702.418500000610948 ] } },
{ "type": "Feature", "properties": { "BUS_STOP_N": "09022", "LOC_DESC": "BEF ORCHARD STN EXIT B" }, "geometry": { "type": "Point", "coordinates": [ 27891.296500000171363, 31656.50620000064373 ] } },
{ "type": "Feature", "properties": { "BUS_STOP_N": "21141", "LOC_DESC": "AFT JLN BUROH" }, "geometry": { "type": "Point", "coordinates": [ 15341.210699999704957, 33058.664000000804663 ] } },
{ "type": "Feature", "properties": { "BUS_STOP_N": "63139", "LOC_DESC": "AFT AN-NAEEM MQUE" }, "geometry": { "type": "Point", "coordinates": [ 34455.501400000415742, 38135.147099999710917 ] } },
{ "type": "Feature", "properties": { "BUS_STOP_N": "99171", "LOC_DESC": "CHANGI BEACH CP 2" }, "geometry": { "type": "Point", "coordinates": [ 45554.648599999956787, 41450.465299999341369 ] } },
{ "type": "Feature", "properties": { "BUS_STOP_N": "66371", "LOC_DESC": "BLK 261" }, "geometry": { "type": "Point", "coordinates": [ 32381.695299999788404, 37324.593800000846386 ] } },
{ "type": "Feature", "properties": { "BUS_STOP_N": "23049", "LOC_DESC": "JURONG CAMP" }, "geometry": { "type": "Point", "coordinates": [ 12134.974600000306964, 35161.806800000369549 ] } },
{ "type": "Feature", "properties": { "BUS_STOP_N": "66241", "LOC_DESC": "HEMSLEY AVE" }, "geometry": { "type": "Point", "coordinates": [ 31600.29839999973774, 38987.098799999803305 ] } },
{ "type": "Feature", "properties": { "BUS_STOP_N": "58189", "LOC_DESC": "OPP POLICE DRV CIRCUIT" }, "geometry": { "type": "Point", "coordinates": [ 27177.500099999830127, 48968.832000000402331 ] } },
{ "type": "Feature", "properties": { "BUS_STOP_N": "43431", "LOC_DESC": "OPP BLK 242" }, "geometry": { "type": "Point", "coordinates": [ 19449.396900000050664, 37056.563999999314547 ] } },
{ "type": "Feature", "properties": { "BUS_STOP_N": "25091", "LOC_DESC": "AFT TUAS AVE 7" }, "geometry": { "type": "Point", "coordinates": [ 7064.564399999566376, 35183.613299999386072 ] } },
{ "type": "Feature", "properties": { "BUS_STOP_N": "62091", "LOC_DESC": "OPP GAMBIR RIDGE" }, "geometry": { "type": "Point", "coordinates": [ 32647.490799999795854, 36199.007200000807643 ] } },
{ "type": "Feature", "properties": { "BUS_STOP_N": "67209", "LOC_DESC": "BLK 203" }, "geometry": { "type": "Point", "coordinates": [ 34997.457899999804795, 40986.77309999987483 ] } },
{ "type": "Feature", "properties": { "BUS_STOP_N": "02171", "LOC_DESC": "OPP THE RITZ-CARLTON" }, "geometry": { "type": "Point", "coordinates": [ 31077.654000000096858, 30353.415999999269843 ] } },
{ "type": "Feature", "properties": { "BUS_STOP_N": "21181", "LOC_DESC": "OPP BLK 161" }, "geometry": { "type": "Point", "coordinates": [ 15498.004900000058115, 34697.818399999290705 ] } },
{ "type": "Feature", "properties": { "BUS_STOP_N": "47051", "LOC_DESC": "AFT WOODLANDS IND PK E4" }, "geometry": { "type": "Point", "coordinates": [ 23811.847000000067055, 48462.910800000652671 ] } },
{ "type": "Feature", "properties": { "BUS_STOP_N": "43621", "LOC_DESC": "OPP PARKVIEW APTS" }, "geometry": { "type": "Point", "coordinates": [ 19739.72510000038892, 35969.731300000101328 ] } },
{ "type": "Feature", "properties": { "BUS_STOP_N": "23109", "LOC_DESC": "AFT THIRD LOK YANG RD" }, "geometry": { "type": "Point", "coordinates": [ 12127.274400000460446, 34101.635299999266863 ] } },
{ "type": "Feature", "properties": { "BUS_STOP_N": "22091", "LOC_DESC": "AFT JLN SAMULUN" }, "geometry": { "type": "Point", "coordinates": [ 12784.678999999538064, 32350.017000000923872 ] } },
{ "type": "Feature", "properties": { "BUS_STOP_N": "28639", "LOC_DESC": "BLK 288E" }, "geometry": { "type": "Point", "coordinates": [ 18063.435200000181794, 35843.395800000056624 ] } },
{ "type": "Feature", "properties": { "BUS_STOP_N": "58199", "LOC_DESC": "OPP AUCKLAND RD WEST" }, "geometry": { "type": "Point", "coordinates": [ 27387.389499999582767, 48963.195199999958277 ] } },
{ "type": "Feature", "properties": { "BUS_STOP_N": "96159", "LOC_DESC": "BLK 254" }, "geometry": { "type": "Point", "coordinates": [ 41181.737399999983609, 36005.540400000289083 ] } },
{ "type": "Feature", "properties": { "BUS_STOP_N": "58129", "LOC_DESC": "BLK 508 CP" }, "geometry": { "type": "Point", "coordinates": [ 26508.044800000265241, 48269.550799999386072 ] } },
{ "type": "Feature", "properties": { "BUS_STOP_N": "55361", "LOC_DESC": "COUNTRYSIDE GDN P/G" }, "geometry": { "type": "Point", "coordinates": [ 28591.41260000038892, 41304.676899999380112 ] } },
{ "type": "Feature", "properties": { "BUS_STOP_N": "65189", "LOC_DESC": "BEF PUNGGOL CTRL" }, "geometry": { "type": "Point", "coordinates": [ 37437.605899999849498, 42101.929500000551343 ] } },
{ "type": "Feature", "properties": { "BUS_STOP_N": "45159", "LOC_DESC": "MULTISTATES TRADING" }, "geometry": { "type": "Point", "coordinates": [ 19185.236499999649823, 42526.451799999922514 ] } },
{ "type": "Feature", "properties": { "BUS_STOP_N": "91151", "LOC_DESC": "HAWAII TWR" }, "geometry": { "type": "Point", "coordinates": [ 34364.420500000007451, 31052.96030000038445 ] } },
{ "type": "Feature", "properties": { "BUS_STOP_N": "64419", "LOC_DESC": "BLK 681" }, "geometry": { "type": "Point", "coordinates": [ 33777.235799999907613, 39496.709400000050664 ] } },
{ "type": "Feature", "properties": { "BUS_STOP_N": "75101", "LOC_DESC": "BLK 880" }, "geometry": { "type": "Point", "coordinates": [ 38930.593500000424683, 37019.935799999162555 ] } },
{ "type": "Feature", "properties": { "BUS_STOP_N": "23411", "LOC_DESC": "AFT JURONG MARINE BASE" }, "geometry": { "type": "Point", "coordinates": [ 11634.458200000226498, 31782.654899999499321 ] } },
{ "type": "Feature", "properties": { "BUS_STOP_N": "53139", "LOC_DESC": "MARYMOUNT VIEW" }, "geometry": { "type": "Point", "coordinates": [ 28800.192200000397861, 37203.829199999570847 ] } },
{ "type": "Feature", "properties": { "BUS_STOP_N": "84211", "LOC_DESC": "BLK 403" }, "geometry": { "type": "Point", "coordinates": [ 39253.201799999922514, 34705.556900000199676 ] } },
{ "type": "Feature", "properties": { "BUS_STOP_N": "45321", "LOC_DESC": "YEW TEE STN" }, "geometry": { "type": "Point", "coordinates": [ 18456.412899999879301, 42143.184499999508262 ] } },
{ "type": "Feature", "properties": { "BUS_STOP_N": "31179", "LOC_DESC": "AFT JLN BERSERI" }, "geometry": { "type": "Point", "coordinates": [ 13518.333999999798834, 39361.587999999523163 ] } },
{ "type": "Feature", "properties": { "BUS_STOP_N": "57069", "LOC_DESC": "OPP DIEPPE BARRACKS" }, "geometry": { "type": "Point", "coordinates": [ 27028.268299999646842, 44515.867300000041723 ] } },
{ "type": "Feature", "properties": { "BUS_STOP_N": "43721", "LOC_DESC": "BLK 319" }, "geometry": { "type": "Point", "coordinates": [ 20141.549499999731779, 39198.424100000411272 ] } },
{ "type": "Feature", "properties": { "BUS_STOP_N": "10261", "LOC_DESC": "DELTA SPORTS HALL" }, "geometry": { "type": "Point", "coordinates": [ 26559.660600000061095, 30369.653699999675155 ] } },
{ "type": "Feature", "properties": { "BUS_STOP_N": "23211", "LOC_DESC": "MAPLETREE LOGISTICS HUB" }, "geometry": { "type": "Point", "coordinates": [ 11964.150700000114739, 33351.808700000867248 ] } },
{ "type": "Feature", "properties": { "BUS_STOP_N": "22459", "LOC_DESC": "BLK 643" }, "geometry": { "type": "Point", "coordinates": [ 12692.992999999783933, 35632.433700000867248 ] } },
{ "type": "Feature", "properties": { "BUS_STOP_N": "16061", "LOC_DESC": "OPP HENG MUI KENG TERR" }, "geometry": { "type": "Point", "coordinates": [ 21339.508799999952316, 30330.114199999719858 ] } },
{ "type": "Feature", "properties": { "BUS_STOP_N": "82009", "LOC_DESC": "EUNOS INT" }, "geometry": { "type": "Point", "coordinates": [ 35614.262099999934435, 33517.322100000455976 ] } },
{ "type": "Feature", "properties": { "BUS_STOP_N": "41119", "LOC_DESC": "OPP LUTHERAN TWRS" }, "geometry": { "type": "Point", "coordinates": [ 25679.315600000321865, 33674.239800000563264 ] } },
{ "type": "Feature", "properties": { "BUS_STOP_N": "58049", "LOC_DESC": "OPP BLK 590C" }, "geometry": { "type": "Point", "coordinates": [ 27299.575600000098348, 47867.405899999663234 ] } },
{ "type": "Feature", "properties": { "BUS_STOP_N": "51049", "LOC_DESC": "SLF CPLX" }, "geometry": { "type": "Point", "coordinates": [ 28519.882000000216067, 35109.271099999547005 ] } },
{ "type": "Feature", "properties": { "BUS_STOP_N": "14171", "LOC_DESC": "OPP YEO'S BLDG" }, "geometry": { "type": "Point", "coordinates": [ 25006.941200000233948, 28217.912100000306964 ] } },
{ "type": "Feature", "properties": { "BUS_STOP_N": "46799", "LOC_DESC": "BLK 786A CP" }, "geometry": { "type": "Point", "coordinates": [ 24261.717199999839067, 47500.604399999603629 ] } },
{ "type": "Feature", "properties": { "BUS_STOP_N": "93091", "LOC_DESC": "OPP SIGLAP STH CC" }, "geometry": { "type": "Point", "coordinates": [ 38940.909300000406802, 32923.300300000235438 ] } },
{ "type": "Feature", "properties": { "BUS_STOP_N": "43509", "LOC_DESC": "BLK 291E" }, "geometry": { "type": "Point", "coordinates": [ 19215.395100000314415, 36180.906400000676513 ] } },
{ "type": "Feature", "properties": { "BUS_STOP_N": "17241", "LOC_DESC": "BLK 334" }, "geometry": { "type": "Point", "coordinates": [ 20850.954300000332296, 33056.329500000923872 ] } },
{ "type": "Feature", "properties": { "BUS_STOP_N": "84471", "LOC_DESC": "BLK 745" }, "geometry": { "type": "Point", "coordinates": [ 37873.251000000163913, 35504.937300000339746 ] } },
{ "type": "Feature", "properties": { "BUS_STOP_N": "59249", "LOC_DESC": "BLK 257" }, "geometry": { "type": "Point", "coordinates": [ 28690.081699999980628, 46223.043600000441074 ] } },
{ "type": "Feature", "properties": { "BUS_STOP_N": "21371", "LOC_DESC": "BLK 680C" }, "geometry": { "type": "Point", "coordinates": [ 13853.976400000043213, 36368.362299999222159 ] } },
{ "type": "Feature", "properties": { "BUS_STOP_N": "27091", "LOC_DESC": "OPP BLK 271 CP" }, "geometry": { "type": "Point", "coordinates": [ 13589.476599999703467, 36809.8125 ] } },
{ "type": "Feature", "properties": { "BUS_STOP_N": "77281", "LOC_DESC": "BLK 740" }, "geometry": { "type": "Point", "coordinates": [ 39437.651800000108778, 40045.063500000163913 ] } },
{ "type": "Feature", "properties": { "BUS_STOP_N": "40301", "LOC_DESC": "BLK 451A" }, "geometry": { "type": "Point", "coordinates": [ 17919.298600000329316, 37281.071399999782443 ] } },
{ "type": "Feature", "properties": { "BUS_STOP_N": "22079", "LOC_DESC": "AFT JURONG PIER RD" }, "geometry": { "type": "Point", "coordinates": [ 14063.495799999684095, 32915.676799999549985 ] } },
{ "type": "Feature", "properties": { "BUS_STOP_N": "20101", "LOC_DESC": "NAN HUA PR SCH" }, "geometry": { "type": "Point", "coordinates": [ 20081.900399999693036, 33583.734400000423193 ] } },
{ "type": "Feature", "properties": { "BUS_STOP_N": "43571", "LOC_DESC": "OPP BT GOMBAK STN" }, "geometry": { "type": "Point", "coordinates": [ 18892.652400000020862, 37928.394500000402331 ] } },
{ "type": "Feature", "properties": { "BUS_STOP_N": "44211", "LOC_DESC": "BLK 127" }, "geometry": { "type": "Point", "coordinates": [ 20874.422399999573827, 39782.847400000318885 ] } },
{ "type": "Feature", "properties": { "BUS_STOP_N": "31011", "LOC_DESC": "AFT NANYANG AVE" }, "geometry": { "type": "Point", "coordinates": [ 12471.33559999987483, 38000.73589999973774 ] } },
{ "type": "Feature", "properties": { "BUS_STOP_N": "41131", "LOC_DESC": "OPP THE JAPANESE ASSN" }, "geometry": { "type": "Point", "coordinates": [ 25913.842199999839067, 34672.92339999973774 ] } },
{ "type": "Feature", "properties": { "BUS_STOP_N": "29029", "LOC_DESC": "BEF PENJURU CL" }, "geometry": { "type": "Point", "coordinates": [ 17051.819500000216067, 32876.427400000393391 ] } },
{ "type": "Feature", "properties": { "BUS_STOP_N": "16071", "LOC_DESC": "OPP PASIR PANJANG PO" }, "geometry": { "type": "Point", "coordinates": [ 21081.142099999822676, 30407.075400000438094 ] } },
{ "type": "Feature", "properties": { "BUS_STOP_N": "22219", "LOC_DESC": "AFT NEYTHAL RD" }, "geometry": { "type": "Point", "coordinates": [ 13448.83600000012666, 34430.838800000026822 ] } },
{ "type": "Feature", "properties": { "BUS_STOP_N": "21301", "LOC_DESC": "OPP JLN PESAWAT" }, "geometry": { "type": "Point", "coordinates": [ 14274.978000000119209, 33434.32909999974072 ] } },
{ "type": "Feature", "properties": { "BUS_STOP_N": "43561", "LOC_DESC": "OPP BT GOMBAK STADIUM" }, "geometry": { "type": "Point", "coordinates": [ 19049.560800000093877, 37717.431900000199676 ] } },
{ "type": "Feature", "properties": { "BUS_STOP_N": "76461", "LOC_DESC": "EDEN CONDO" }, "geometry": { "type": "Point", "coordinates": [ 42078.871899999678135, 37581.961400000378489 ] } },
{ "type": "Feature", "properties": { "BUS_STOP_N": "18209", "LOC_DESC": "BEF ALL SAINTS CHAPEL" }, "geometry": { "type": "Point", "coordinates": [ 23789.094100000336766, 30790.593299999833107 ] } },
{ "type": "Feature", "properties": { "BUS_STOP_N": "67261", "LOC_DESC": "BLK 203B" }, "geometry": { "type": "Point", "coordinates": [ 34831.601400000043213, 40944.983799999579787 ] } },
{ "type": "Feature", "properties": { "BUS_STOP_N": "70041", "LOC_DESC": "OPP BLK 4" }, "geometry": { "type": "Point", "coordinates": [ 33018.050200000405312, 35067.051100000739098 ] } },
{ "type": "Feature", "properties": { "BUS_STOP_N": "43609", "LOC_DESC": "BLK 531" }, "geometry": { "type": "Point", "coordinates": [ 18728.29700000025332, 37625.912000000476837 ] } },
{ "type": "Feature", "properties": { "BUS_STOP_N": "52249", "LOC_DESC": "AFT CALDECOTT STN" }, "geometry": { "type": "Point", "coordinates": [ 28582.01549999974668, 35555.039899999275804 ] } },
{ "type": "Feature", "properties": { "BUS_STOP_N": "43601", "LOC_DESC": "OPP BLK 532" }, "geometry": { "type": "Point", "coordinates": [ 18688.695000000298023, 37633.915999999269843 ] } },
{ "type": "Feature", "properties": { "BUS_STOP_N": "04142", "LOC_DESC": "ARMENIAN CH" }, "geometry": { "type": "Point", "coordinates": [ 29825.889499999582767, 30621.286599999293685 ] } },
{ "type": "Feature", "properties": { "BUS_STOP_N": "43809", "LOC_DESC": "BLK 514" }, "geometry": { "type": "Point", "coordinates": [ 18934.371799999848008, 37385.880000000819564 ] } },
{ "type": "Feature", "properties": { "BUS_STOP_N": "21451", "LOC_DESC": "BLK 206" }, "geometry": { "type": "Point", "coordinates": [ 14812.627799999900162, 36378.7027000002563 ] } },
{ "type": "Feature", "properties": { "BUS_STOP_N": "59061", "LOC_DESC": "BLK 763" }, "geometry": { "type": "Point", "coordinates": [ 28183.385599999688566, 45265.262199999764562 ] } },
{ "type": "Feature", "properties": { "BUS_STOP_N": "43579", "LOC_DESC": "BT GOMBAK STN" }, "geometry": { "type": "Point", "coordinates": [ 18914.27240000013262, 37903.774299999698997 ] } },
{ "type": "Feature", "properties": { "BUS_STOP_N": "43589", "LOC_DESC": "OPP BLK 347" }, "geometry": { "type": "Point", "coordinates": [ 18899.893000000156462, 38276.690999999642372 ] } },
{ "type": "Feature", "properties": { "BUS_STOP_N": "46049", "LOC_DESC": "GLOBALFOUNDRIES" }, "geometry": { "type": "Point", "coordinates": [ 20349.049200000241399, 46505.541799999773502 ] } },
{ "type": "Feature", "properties": { "BUS_STOP_N": "85061", "LOC_DESC": "OPP BEDOK MKT PL" }, "geometry": { "type": "Point", "coordinates": [ 40686.385999999940395, 34863.103399999439716 ] } },
{ "type": "Feature", "properties": { "BUS_STOP_N": "21609", "LOC_DESC": "OPP BLK 364" }, "geometry": { "type": "Point", "coordinates": [ 15506.847199999727309, 35542.391000000759959 ] } },
{ "type": "Feature", "properties": { "BUS_STOP_N": "43581", "LOC_DESC": "BLK 347" }, "geometry": { "type": "Point", "coordinates": [ 18878.872200000099838, 38292.776699999347329 ] } },
{ "type": "Feature", "properties": { "BUS_STOP_N": "20189", "LOC_DESC": "OPP AYER RAJAH CC" }, "geometry": { "type": "Point", "coordinates": [ 18412.28760000038892, 33620.619699999690056 ] } },
{ "type": "Feature", "properties": { "BUS_STOP_N": "99041", "LOC_DESC": "AFT CHANGI GOLF COURSE" }, "geometry": { "type": "Point", "coordinates": [ 44940.041100000031292, 41083.213999999687076 ] } },
{ "type": "Feature", "properties": { "BUS_STOP_N": "53039", "LOC_DESC": "THOMSON CC" }, "geometry": { "type": "Point", "coordinates": [ 28292.775600000284612, 37054.705700000748038 ] } },
{ "type": "Feature", "properties": { "BUS_STOP_N": "20069", "LOC_DESC": "BEF JURONG TOWN HALL RD" }, "geometry": { "type": "Point", "coordinates": [ 18086.549999999813735, 34030.369999999180436 ] } },
{ "type": "Feature", "properties": { "BUS_STOP_N": "63371", "LOC_DESC": "BLK 679" }, "geometry": { "type": "Point", "coordinates": [ 33771.105499999597669, 39248.554099999368191 ] } },
{ "type": "Feature", "properties": { "BUS_STOP_N": "53291", "LOC_DESC": "SHUNFU MART" }, "geometry": { "type": "Point", "coordinates": [ 28427.924100000411272, 37148.624099999666214 ] } },
{ "type": "Feature", "properties": { "BUS_STOP_N": "97201", "LOC_DESC": "OPP CHANGI CHAPEL MUSEUM" }, "geometry": { "type": "Point", "coordinates": [ 43626.779299999587238, 38304.986400000751019 ] } },
{ "type": "Feature", "properties": { "BUS_STOP_N": "52159", "LOC_DESC": "BLK 128" }, "geometry": { "type": "Point", "coordinates": [ 29171.424599999561906, 35580.626599999144673 ] } },
{ "type": "Feature", "properties": { "BUS_STOP_N": "55309", "LOC_DESC": "OPP AMK POLICE DIV HQ" }, "geometry": { "type": "Point", "coordinates": [ 29236.030500000342727, 40667.817099999636412 ] } },
{ "type": "Feature", "properties": { "BUS_STOP_N": "30029", "LOC_DESC": "KEAT HONG CAMP" }, "geometry": { "type": "Point", "coordinates": [ 15052.623999999836087, 39570.417400000616908 ] } },
{ "type": "Feature", "properties": { "BUS_STOP_N": "54589", "LOC_DESC": "BLK 555" }, "geometry": { "type": "Point", "coordinates": [ 30605.548999999649823, 39299.262000000104308 ] } },
{ "type": "Feature", "properties": { "BUS_STOP_N": "53299", "LOC_DESC": "BLK 314" }, "geometry": { "type": "Point", "coordinates": [ 28516.764399999752641, 37084.427999999374151 ] } },
{ "type": "Feature", "properties": { "BUS_STOP_N": "26311", "LOC_DESC": "AFT TUAS STH AVE 6" }, "geometry": { "type": "Point", "coordinates": [ 5344.222799999639392, 31618.894200000911951 ] } },
{ "type": "Feature", "properties": { "BUS_STOP_N": "50301", "LOC_DESC": "KENTISH GREEN" }, "geometry": { "type": "Point", "coordinates": [ 30059.974000000394881, 33136.021500000730157 ] } },
{ "type": "Feature", "properties": { "BUS_STOP_N": "44089", "LOC_DESC": "OPP BLK 296A" }, "geometry": { "type": "Point", "coordinates": [ 17631.960900000296533, 39876.860300000756979 ] } },
{ "type": "Feature", "properties": { "BUS_STOP_N": "52199", "LOC_DESC": "BLK 84B" }, "geometry": { "type": "Point", "coordinates": [ 29478.48450000025332, 35303.441700000315905 ] } },
{ "type": "Feature", "properties": { "BUS_STOP_N": "64239", "LOC_DESC": "OPP BLK 316" }, "geometry": { "type": "Point", "coordinates": [ 35060.743999999947846, 38488.756799999624491 ] } },
{ "type": "Feature", "properties": { "BUS_STOP_N": "65251", "LOC_DESC": "PUNGGOL STN / WATERWAY PT" }, "geometry": { "type": "Point", "coordinates": [ 35624.997399999760091, 43022.028400000184774 ] } },
{ "type": "Feature", "properties": { "BUS_STOP_N": "11171", "LOC_DESC": "OPP BLK 7B" }, "geometry": { "type": "Point", "coordinates": [ 23707.301599999889731, 31964.026799999177456 ] } },
{ "type": "Feature", "properties": { "BUS_STOP_N": "28581", "LOC_DESC": "BLK 491" }, "geometry": { "type": "Point", "coordinates": [ 16019.202399999834597, 36810.785599999129772 ] } },
{ "type": "Feature", "properties": { "BUS_STOP_N": "93139", "LOC_DESC": "EASTERN LAGOON II" }, "geometry": { "type": "Point", "coordinates": [ 39186.999099999666214, 32797.905899999663234 ] } },
{ "type": "Feature", "properties": { "BUS_STOP_N": "25079", "LOC_DESC": "NISSIN TPT" }, "geometry": { "type": "Point", "coordinates": [ 6875.954199999570847, 34625.931900000199676 ] } },
{ "type": "Feature", "properties": { "BUS_STOP_N": "23399", "LOC_DESC": "KEPPEL OFFSHORE & MARINE" }, "geometry": { "type": "Point", "coordinates": [ 12313.343100000172853, 31964.861400000751019 ] } },
{ "type": "Feature", "properties": { "BUS_STOP_N": "70329", "LOC_DESC": "AFT KALLANG WAY 2" }, "geometry": { "type": "Point", "coordinates": [ 32830.939500000327826, 33838.521299999207258 ] } },
{ "type": "Feature", "properties": { "BUS_STOP_N": "12129", "LOC_DESC": "BLK 3" }, "geometry": { "type": "Point", "coordinates": [ 22883.419400000013411, 32685.026399999856949 ] } },
{ "type": "Feature", "properties": { "BUS_STOP_N": "23051", "LOC_DESC": "BEF KIAN TECK RD" }, "geometry": { "type": "Point", "coordinates": [ 11967.182400000281632, 34874.594200000166893 ] } },
{ "type": "Feature", "properties": { "BUS_STOP_N": "22491", "LOC_DESC": "BLK 662D" }, "geometry": { "type": "Point", "coordinates": [ 13692.429700000211596, 35495.716199999675155 ] } },
{ "type": "Feature", "properties": { "BUS_STOP_N": "54099", "LOC_DESC": "OPP BLK 333" }, "geometry": { "type": "Point", "coordinates": [ 29978.504599999636412, 38128.052300000563264 ] } },
{ "type": "Feature", "properties": { "BUS_STOP_N": "76201", "LOC_DESC": "BLK 423" }, "geometry": { "type": "Point", "coordinates": [ 40745.535600000061095, 37662.780200000852346 ] } },
{ "type": "Feature", "properties": { "BUS_STOP_N": "85081", "LOC_DESC": "BEF JLN PARI BURONG" }, "geometry": { "type": "Point", "coordinates": [ 40680.950600000098348, 35018.115299999713898 ] } },
{ "type": "Feature", "properties": { "BUS_STOP_N": "52289", "LOC_DESC": "BLK 34" }, "geometry": { "type": "Point", "coordinates": [ 30287.803999999538064, 35236.891100000590086 ] } },
{ "type": "Feature", "properties": { "BUS_STOP_N": "67121", "LOC_DESC": "BLK 142A" }, "geometry": { "type": "Point", "coordinates": [ 36006.568900000303984, 41265.706700000911951 ] } },
{ "type": "Feature", "properties": { "BUS_STOP_N": "25429", "LOC_DESC": "TUAS LK STN" }, "geometry": { "type": "Point", "coordinates": [ 6208.2972999997437, 36030.152499999850988 ] } },
{ "type": "Feature", "properties": { "BUS_STOP_N": "54641", "LOC_DESC": "SING IND CPLX" }, "geometry": { "type": "Point", "coordinates": [ 31488.246700000017881, 39747.932900000363588 ] } },
{ "type": "Feature", "properties": { "BUS_STOP_N": "82221", "LOC_DESC": "BLK 3A" }, "geometry": { "type": "Point", "coordinates": [ 35323.598199999891222, 33257.050799999386072 ] } },
{ "type": "Feature", "properties": { "BUS_STOP_N": "57139", "LOC_DESC": "AFT JLN KEMUNING" }, "geometry": { "type": "Point", "coordinates": [ 27143.415900000371039, 46624.376499999314547 ] } },
{ "type": "Feature", "properties": { "BUS_STOP_N": "46119", "LOC_DESC": "MARSILING CC" }, "geometry": { "type": "Point", "coordinates": [ 21225.56319999974221, 46966.301899999380112 ] } },
{ "type": "Feature", "properties": { "BUS_STOP_N": "77079", "LOC_DESC": "ELIAS MALL" }, "geometry": { "type": "Point", "coordinates": [ 40041.799200000241399, 40038.953900000080466 ] } },
{ "type": "Feature", "properties": { "BUS_STOP_N": "24581", "LOC_DESC": "OPP ESAB" }, "geometry": { "type": "Point", "coordinates": [ 9489.135099999606609, 34137.476999999955297 ] } },
{ "type": "Feature", "properties": { "BUS_STOP_N": "65011", "LOC_DESC": "OPP THE RIVERVALE" }, "geometry": { "type": "Point", "coordinates": [ 35109.03830000013113, 40388.282600000500679 ] } },
{ "type": "Feature", "properties": { "BUS_STOP_N": "28151", "LOC_DESC": "BEF HONG KAH CIRCLE" }, "geometry": { "type": "Point", "coordinates": [ 15546.492600000463426, 37549.742799999192357 ] } },
{ "type": "Feature", "properties": { "BUS_STOP_N": "95049", "LOC_DESC": "SATS CARGO TER" }, "geometry": { "type": "Point", "coordinates": [ 45925.67269999999553, 39503.225899999961257 ] } },
{ "type": "Feature", "properties": { "BUS_STOP_N": "17051", "LOC_DESC": "OPP REGENT PK" }, "geometry": { "type": "Point", "coordinates": [ 20101.399100000038743, 33277.548000000417233 ] } },
{ "type": "Feature", "properties": { "BUS_STOP_N": "21139", "LOC_DESC": "AFT JURONG PORT RD" }, "geometry": { "type": "Point", "coordinates": [ 15202.704900000244379, 32962.227399999275804 ] } },
{ "type": "Feature", "properties": { "BUS_STOP_N": "85031", "LOC_DESC": "EXCELSIOR GDNS" }, "geometry": { "type": "Point", "coordinates": [ 41243.50069999974221, 34139.688999999314547 ] } },
{ "type": "Feature", "properties": { "BUS_STOP_N": "26099", "LOC_DESC": "BEF TUAS AVE 13" }, "geometry": { "type": "Point", "coordinates": [ 6046.484699999913573, 34106.50109999999404 ] } },
{ "type": "Feature", "properties": { "BUS_STOP_N": "70191", "LOC_DESC": "OPP BLK 66" }, "geometry": { "type": "Point", "coordinates": [ 34083.364900000393391, 34381.126000000163913 ] } },
{ "type": "Feature", "properties": { "BUS_STOP_N": "83251", "LOC_DESC": "BEF JLN KHAIRUDDIN" }, "geometry": { "type": "Point", "coordinates": [ 37874.54839999973774, 33499.046000000089407 ] } },
{ "type": "Feature", "properties": { "BUS_STOP_N": "56191", "LOC_DESC": "TEACHERS' HOUSING EST" }, "geometry": { "type": "Point", "coordinates": [ 27569.738199999555945, 40091.846400000154972 ] } },
{ "type": "Feature", "properties": { "BUS_STOP_N": "96219", "LOC_DESC": "TANAH MERAH FERRY TER" }, "geometry": { "type": "Point", "coordinates": [ 45317.86710000038147, 33055.067800000309944 ] } },
{ "type": "Feature", "properties": { "BUS_STOP_N": "54531", "LOC_DESC": "OPP BISHAN PK" }, "geometry": { "type": "Point", "coordinates": [ 29995.39130000025034, 37820.19480000063777 ] } },
{ "type": "Feature", "properties": { "BUS_STOP_N": "84371", "LOC_DESC": "BLK 546" }, "geometry": { "type": "Point", "coordinates": [ 38340.28249999973923, 34752.095599999651313 ] } },
{ "type": "Feature", "properties": { "BUS_STOP_N": "28259", "LOC_DESC": "OPP S'PORE SCIENCE CTR" }, "geometry": { "type": "Point", "coordinates": [ 17284.922100000083447, 35146.377199999988079 ] } },
{ "type": "Feature", "properties": { "BUS_STOP_N": "25161", "LOC_DESC": "TOYOCHEM INK" }, "geometry": { "type": "Point", "coordinates": [ 8170.247999999672174, 34394.633799999952316 ] } },
{ "type": "Feature", "properties": { "BUS_STOP_N": "64011", "LOC_DESC": "NAUNG RESIDENCE" }, "geometry": { "type": "Point", "coordinates": [ 34619.599399999715388, 38851.137700000777841 ] } },
{ "type": "Feature", "properties": { "BUS_STOP_N": "52409", "LOC_DESC": "OPP BLK 102" }, "geometry": { "type": "Point", "coordinates": [ 29967.261500000022352, 34475.625 ] } },
{ "type": "Feature", "properties": { "BUS_STOP_N": "67439", "LOC_DESC": "BLK 291A" }, "geometry": { "type": "Point", "coordinates": [ 35137.955599999986589, 41930.268200000748038 ] } },
{ "type": "Feature", "properties": { "BUS_STOP_N": "28459", "LOC_DESC": "OPP PARC OASIS" }, "geometry": { "type": "Point", "coordinates": [ 16989.951399999670684, 36280.99379999935627 ] } },
{ "type": "Feature", "properties": { "BUS_STOP_N": "20211", "LOC_DESC": "BLK 41" }, "geometry": { "type": "Point", "coordinates": [ 17808.016900000162423, 33784.488399999216199 ] } },
{ "type": "Feature", "properties": { "BUS_STOP_N": "10069", "LOC_DESC": "OPP BLK 140" }, "geometry": { "type": "Point", "coordinates": [ 27644.043800000101328, 28999.787000000476837 ] } },
{ "type": "Feature", "properties": { "BUS_STOP_N": "65601", "LOC_DESC": "SUMANG STN EXIT B" }, "geometry": { "type": "Point", "coordinates": [ 35281.376799999736249, 43367.081599999219179 ] } },
{ "type": "Feature", "properties": { "BUS_STOP_N": "24631", "LOC_DESC": "BEF BENOI RD" }, "geometry": { "type": "Point", "coordinates": [ 10750.027099999599159, 33648.848799999803305 ] } },
{ "type": "Feature", "properties": { "BUS_STOP_N": "66101", "LOC_DESC": "BLK 516" }, "geometry": { "type": "Point", "coordinates": [ 32454.774299999698997, 39216.120799999684095 ] } },
{ "type": "Feature", "properties": { "BUS_STOP_N": "52481", "LOC_DESC": "TOA PAYOH POLYCLINIC" }, "geometry": { "type": "Point", "coordinates": [ 30808.552000000141561, 35267.659600000828505 ] } },
{ "type": "Feature", "properties": { "BUS_STOP_N": "67461", "LOC_DESC": "AFT SENGKANG EAST AVE" }, "geometry": { "type": "Point", "coordinates": [ 34442.591599999926984, 40849.346499999985099 ] } },
{ "type": "Feature", "properties": { "BUS_STOP_N": "64491", "LOC_DESC": "HOUGANG 1" }, "geometry": { "type": "Point", "coordinates": [ 33095.152099999599159, 39683.236099999397993 ] } },
{ "type": "Feature", "properties": { "BUS_STOP_N": "84621", "LOC_DESC": "OPP BLK 716" }, "geometry": { "type": "Point", "coordinates": [ 38199.680900000035763, 35611.26659999974072 ] } },
{ "type": "Feature", "properties": { "BUS_STOP_N": "65609", "LOC_DESC": "SUMANG STN EXIT A" }, "geometry": { "type": "Point", "coordinates": [ 35238.990500000305474, 43359.302799999713898 ] } },
{ "type": "Feature", "properties": { "BUS_STOP_N": "01229", "LOC_DESC": "BEF SULTAN MQUE" }, "geometry": { "type": "Point", "coordinates": [ 30923.574500000104308, 31744.435200000181794 ] } },
{ "type": "Feature", "properties": { "BUS_STOP_N": "85109", "LOC_DESC": "BEF BEDOK RD" }, "geometry": { "type": "Point", "coordinates": [ 41139.883100000210106, 34635.238900000229478 ] } },
{ "type": "Feature", "properties": { "BUS_STOP_N": "12041", "LOC_DESC": "AFT PANDAN VALLEY" }, "geometry": { "type": "Point", "coordinates": [ 21670.710099999792874, 33640.85050000064075 ] } },
{ "type": "Feature", "properties": { "BUS_STOP_N": "94089", "LOC_DESC": "CALVARY ABLY OF GOD CH" }, "geometry": { "type": "Point", "coordinates": [ 40198.444799999706447, 33068.116499999538064 ] } },
{ "type": "Feature", "properties": { "BUS_STOP_N": "41069", "LOC_DESC": "OPP TAN KAH KEE STN" }, "geometry": { "type": "Point", "coordinates": [ 25121.190299999900162, 34321.018200000748038 ] } },
{ "type": "Feature", "properties": { "BUS_STOP_N": "77209", "LOC_DESC": "OPP PASIR RIS ELIAS CC" }, "geometry": { "type": "Point", "coordinates": [ 40179.222099999897182, 40109.05489999987185 ] } },
{ "type": "Feature", "properties": { "BUS_STOP_N": "50331", "LOC_DESC": "BLK 122" }, "geometry": { "type": "Point", "coordinates": [ 30664.710099999792874, 33428.655099999159575 ] } },
{ "type": "Feature", "properties": { "BUS_STOP_N": "10311", "LOC_DESC": "OPP QUEENSTOWN SEC SCH" }, "geometry": { "type": "Point", "coordinates": [ 25764.03899999987334, 30883.128799999132752 ] } },
{ "type": "Feature", "properties": { "BUS_STOP_N": "40219", "LOC_DESC": "BEF MET YMCA" }, "geometry": { "type": "Point", "coordinates": [ 27192.55420000012964, 33249.130100000649691 ] } },
{ "type": "Feature", "properties": { "BUS_STOP_N": "13211", "LOC_DESC": "AFT UNITY ST" }, "geometry": { "type": "Point", "coordinates": [ 28865.6722999997437, 30537.596000000834465 ] } },
{ "type": "Feature", "properties": { "BUS_STOP_N": "22289", "LOC_DESC": "BEF FAN YOONG RD" }, "geometry": { "type": "Point", "coordinates": [ 13483.504599999636412, 34607.073999999091029 ] } },
{ "type": "Feature", "properties": { "BUS_STOP_N": "25171", "LOC_DESC": "BECTON DICKINSON MED" }, "geometry": { "type": "Point", "coordinates": [ 8391.739000000059605, 34186.280500000342727 ] } },
{ "type": "Feature", "properties": { "BUS_STOP_N": "78219", "LOC_DESC": "OPP BLK 204" }, "geometry": { "type": "Point", "coordinates": [ 42466.861100000329316, 38802.803099999204278 ] } },
{ "type": "Feature", "properties": { "BUS_STOP_N": "14089", "LOC_DESC": "OPP TG PAGAR DP BLK F5" }, "geometry": { "type": "Point", "coordinates": [ 27611.649699999950826, 28111.635800000280142 ] } },
{ "type": "Feature", "properties": { "BUS_STOP_N": "46551", "LOC_DESC": "BLK 101" }, "geometry": { "type": "Point", "coordinates": [ 22245.645800000056624, 46338.934399999678135 ] } },
{ "type": "Feature", "properties": { "BUS_STOP_N": "13139", "LOC_DESC": "THE TRILLIUM" }, "geometry": { "type": "Point", "coordinates": [ 27859.9847999997437, 30819.386399999260902 ] } },
{ "type": "Feature", "properties": { "BUS_STOP_N": "04143", "LOC_DESC": "STAMFORD CT" }, "geometry": { "type": "Point", "coordinates": [ 29882.727400000207126, 30729.481499999761581 ] } },
{ "type": "Feature", "properties": { "BUS_STOP_N": "42031", "LOC_DESC": "THE TESSARINA" }, "geometry": { "type": "Point", "coordinates": [ 23166.881699999794364, 35063.221200000494719 ] } },
{ "type": "Feature", "properties": { "BUS_STOP_N": "17249", "LOC_DESC": "BLK355" }, "geometry": { "type": "Point", "coordinates": [ 20882.173899999819696, 33049.603499999269843 ] } },
{ "type": "Feature", "properties": { "BUS_STOP_N": "13029", "LOC_DESC": "BEF TYERSALL AVE" }, "geometry": { "type": "Point", "coordinates": [ 25824.719600000418723, 32106.16499999910593 ] } },
{ "type": "Feature", "properties": { "BUS_STOP_N": "99081", "LOC_DESC": "AFT CRANWELL RD" }, "geometry": { "type": "Point", "coordinates": [ 44175.492899999953806, 41263.330399999395013 ] } },
{ "type": "Feature", "properties": { "BUS_STOP_N": "26441", "LOC_DESC": "BEF TUAS STH AVE 7" }, "geometry": { "type": "Point", "coordinates": [ 5695.092600000090897, 30902.443600000813603 ] } },
{ "type": "Feature", "properties": { "BUS_STOP_N": "17141", "LOC_DESC": "CLEMENTI STADIUM" }, "geometry": { "type": "Point", "coordinates": [ 20242.896999999880791, 32573.528999999165535 ] } },
{ "type": "Feature", "properties": { "BUS_STOP_N": "75031", "LOC_DESC": "OPP SPRINGFIELD SEC SCH" }, "geometry": { "type": "Point", "coordinates": [ 38703.577100000344217, 37010.10080000013113 ] } },
{ "type": "Feature", "properties": { "BUS_STOP_N": "84311", "LOC_DESC": "BLK 521" }, "geometry": { "type": "Point", "coordinates": [ 38467.881799999624491, 34692.044700000435114 ] } },
{ "type": "Feature", "properties": { "BUS_STOP_N": "27109", "LOC_DESC": "WESTWOOD SEC SCH" }, "geometry": { "type": "Point", "coordinates": [ 13264.458599999547005, 37240.204800000414252 ] } },
{ "type": "Feature", "properties": { "BUS_STOP_N": "46531", "LOC_DESC": "BLK 173" }, "geometry": { "type": "Point", "coordinates": [ 21798.937800000421703, 46014.382200000807643 ] } },
{ "type": "Feature", "properties": { "BUS_STOP_N": "94011", "LOC_DESC": "EVERGREEN GDN" }, "geometry": { "type": "Point", "coordinates": [ 39321.438099999912083, 32962.147199999541044 ] } },
{ "type": "Feature", "properties": { "BUS_STOP_N": "14059", "LOC_DESC": "BEF TELOK BLANGAH HTS" }, "geometry": { "type": "Point", "coordinates": [ 25973.645100000314415, 28638.162900000810623 ] } },
{ "type": "Feature", "properties": { "BUS_STOP_N": "18081", "LOC_DESC": "BLK 55" }, "geometry": { "type": "Point", "coordinates": [ 22889.611399999819696, 30792.69480000063777 ] } },
{ "type": "Feature", "properties": { "BUS_STOP_N": "80259", "LOC_DESC": "AFT CHEN LI PRESBY CH" }, "geometry": { "type": "Point", "coordinates": [ 33195.142799999564886, 32468.025399999693036 ] } },
{ "type": "Feature", "properties": { "BUS_STOP_N": "60229", "LOC_DESC": "BLK 68" }, "geometry": { "type": "Point", "coordinates": [ 32101.696000000461936, 33868.149599999189377 ] } },
{ "type": "Feature", "properties": { "BUS_STOP_N": "82141", "LOC_DESC": "AFT KOON SENG RD" }, "geometry": { "type": "Point", "coordinates": [ 35704.653099999763072, 32567.223699999973178 ] } },
{ "type": "Feature", "properties": { "BUS_STOP_N": "64041", "LOC_DESC": "THE MIDTOWN" }, "geometry": { "type": "Point", "coordinates": [ 34906.601599999703467, 39137.542999999597669 ] } },
{ "type": "Feature", "properties": { "BUS_STOP_N": "10239", "LOC_DESC": "BLK 79" }, "geometry": { "type": "Point", "coordinates": [ 27492.048299999907613, 30334.683599999174476 ] } },
{ "type": "Feature", "properties": { "BUS_STOP_N": "27211", "LOC_DESC": "LEE WEE NAM LIB" }, "geometry": { "type": "Point", "coordinates": [ 10985.097599999979138, 36670.113399999216199 ] } },
{ "type": "Feature", "properties": { "BUS_STOP_N": "22061", "LOC_DESC": "CEVA LOGISTICS" }, "geometry": { "type": "Point", "coordinates": [ 13688.504800000227988, 32950.670700000599027 ] } },
{ "type": "Feature", "properties": { "BUS_STOP_N": "80091", "LOC_DESC": "BEF LOR 23 GEYLANG" }, "geometry": { "type": "Point", "coordinates": [ 33311.953599999658763, 33020.895199999213219 ] } },
{ "type": "Feature", "properties": { "BUS_STOP_N": "99049", "LOC_DESC": "CHANGI GOLF COURSE" }, "geometry": { "type": "Point", "coordinates": [ 44953.493200000375509, 41048.72069999948144 ] } },
{ "type": "Feature", "properties": { "BUS_STOP_N": "48109", "LOC_DESC": "OPP MENG SUAN RD" }, "geometry": { "type": "Point", "coordinates": [ 25847.527499999850988, 42673.280799999833107 ] } },
{ "type": "Feature", "properties": { "BUS_STOP_N": "27369", "LOC_DESC": "BLK 834" }, "geometry": { "type": "Point", "coordinates": [ 12506.405799999833107, 36119.373199999332428 ] } },
{ "type": "Feature", "properties": { "BUS_STOP_N": "27171", "LOC_DESC": "BEF LOR DANAU" }, "geometry": { "type": "Point", "coordinates": [ 12222.668499999679625, 37579.645199999213219 ] } },
{ "type": "Feature", "properties": { "BUS_STOP_N": "10319", "LOC_DESC": "QUEENSTOWN SEC SCH" }, "geometry": { "type": "Point", "coordinates": [ 25867.268899999558926, 30718.996500000357628 ] } },
{ "type": "Feature", "properties": { "BUS_STOP_N": "54479", "LOC_DESC": "BLK 538" }, "geometry": { "type": "Point", "coordinates": [ 30207.19550000037998, 39756.662000000476837 ] } },
{ "type": "Feature", "properties": { "BUS_STOP_N": "46391", "LOC_DESC": "BLK 853" }, "geometry": { "type": "Point", "coordinates": [ 23529.472599999979138, 46768.404600000008941 ] } },
{ "type": "Feature", "properties": { "BUS_STOP_N": "17129", "LOC_DESC": "AFT NUS HIGH SCH" }, "geometry": { "type": "Point", "coordinates": [ 20946.908999999985099, 31938.869000000879169 ] } },
{ "type": "Feature", "properties": { "BUS_STOP_N": "27459", "LOC_DESC": "BLK 273B" }, "geometry": { "type": "Point", "coordinates": [ 13611.976700000464916, 37063.036399999633431 ] } },
{ "type": "Feature", "properties": { "BUS_STOP_N": "25479", "LOC_DESC": "S'PORE EPSON IND" }, "geometry": { "type": "Point", "coordinates": [ 6654.26659999974072, 35307.220499999821186 ] } },
{ "type": "Feature", "properties": { "BUS_STOP_N": "19091", "LOC_DESC": "S'PORE POLY" }, "geometry": { "type": "Point", "coordinates": [ 22300.826999999582767, 32201.260700000450015 ] } },
{ "type": "Feature", "properties": { "BUS_STOP_N": "67139", "LOC_DESC": "NTH SPRING PRI SCH" }, "geometry": { "type": "Point", "coordinates": [ 35888.975999999791384, 41015.384400000795722 ] } },
{ "type": "Feature", "properties": { "BUS_STOP_N": "81069", "LOC_DESC": "OPP LOR 39 GEYLANG" }, "geometry": { "type": "Point", "coordinates": [ 34405.857400000095367, 33003.256599999964237 ] } },
{ "type": "Feature", "properties": { "BUS_STOP_N": "03011", "LOC_DESC": "FULLERTON SQ" }, "geometry": { "type": "Point", "coordinates": [ 30231.338100000284612, 29792.248800000175834 ] } },
{ "type": "Feature", "properties": { "BUS_STOP_N": "40251", "LOC_DESC": "AFT WALLACE WAY" }, "geometry": { "type": "Point", "coordinates": [ 26780.537299999967217, 35858.072499999776483 ] } },
{ "type": "Feature", "properties": { "BUS_STOP_N": "93129", "LOC_DESC": "BEF SEKOLAH INDONESIA" }, "geometry": { "type": "Point", "coordinates": [ 38185.027700000442564, 32627.190099999308586 ] } },
{ "type": "Feature", "properties": { "BUS_STOP_N": "52201", "LOC_DESC": "BLK 121" }, "geometry": { "type": "Point", "coordinates": [ 29471.864699999801815, 35706.662299999967217 ] } },
{ "type": "Feature", "properties": { "BUS_STOP_N": "67741", "LOC_DESC": "THANGGAM STN" }, "geometry": { "type": "Point", "coordinates": [ 32719.614199999719858, 42069.117000000551343 ] } },
{ "type": "Feature", "properties": { "BUS_STOP_N": "43219", "LOC_DESC": "OPP SBST BT BATOK DEPOT" }, "geometry": { "type": "Point", "coordinates": [ 19242.292999999597669, 35943.218800000846386 ] } },
{ "type": "Feature", "properties": { "BUS_STOP_N": "84031", "LOC_DESC": "BEDOK STN EXIT B" }, "geometry": { "type": "Point", "coordinates": [ 38774.559899999760091, 34059.030899999663234 ] } },
{ "type": "Feature", "properties": { "BUS_STOP_N": "42241", "LOC_DESC": "AFT ENG KONG PL" }, "geometry": { "type": "Point", "coordinates": [ 20636.309500000439584, 35480.309100000187755 ] } },
{ "type": "Feature", "properties": { "BUS_STOP_N": "66051", "LOC_DESC": "OPP BLK 257" }, "geometry": { "type": "Point", "coordinates": [ 32304.010999999940395, 37550.103000000119209 ] } },
{ "type": "Feature", "properties": { "BUS_STOP_N": "78119", "LOC_DESC": "OPP BLK 479" }, "geometry": { "type": "Point", "coordinates": [ 41882.856200000271201, 39740.314699999988079 ] } },
{ "type": "Feature", "properties": { "BUS_STOP_N": "44221", "LOC_DESC": "OPP PENDING STN" }, "geometry": { "type": "Point", "coordinates": [ 21068.64670000039041, 39816.450099999085069 ] } },
{ "type": "Feature", "properties": { "BUS_STOP_N": "68239", "LOC_DESC": "SELETAR AIRPOT" }, "geometry": { "type": "Point", "coordinates": [ 32419.779400000348687, 43980.572200000286102 ] } },
{ "type": "Feature", "properties": { "BUS_STOP_N": "46339", "LOC_DESC": "BEF W'LANDS STN EXIT 7" }, "geometry": { "type": "Point", "coordinates": [ 22955.221400000154972, 46140.704900000244379 ] } },
{ "type": "Feature", "properties": { "BUS_STOP_N": "48101", "LOC_DESC": "AFT MENG SUAN RD" }, "geometry": { "type": "Point", "coordinates": [ 25899.17989999987185, 42697.815500000491738 ] } },
{ "type": "Feature", "properties": { "BUS_STOP_N": "84561", "LOC_DESC": "BLK 53" }, "geometry": { "type": "Point", "coordinates": [ 37617.141099999658763, 34480.837600000202656 ] } },
{ "type": "Feature", "properties": { "BUS_STOP_N": "84551", "LOC_DESC": "BLK 51" }, "geometry": { "type": "Point", "coordinates": [ 37931.964100000448525, 34529.002399999648333 ] } },
{ "type": "Feature", "properties": { "BUS_STOP_N": "53331", "LOC_DESC": "BEF BRIGHT HILL TP" }, "geometry": { "type": "Point", "coordinates": [ 28409.947499999776483, 38320.970100000500679 ] } },
{ "type": "Feature", "properties": { "BUS_STOP_N": "17439", "LOC_DESC": "LP 36" }, "geometry": { "type": "Point", "coordinates": [ 20626.716199999675155, 34483.439699999988079 ] } },
{ "type": "Feature", "properties": { "BUS_STOP_N": "54091", "LOC_DESC": "BLK 331" }, "geometry": { "type": "Point", "coordinates": [ 29958.361299999989569, 38191.512099999934435 ] } },
{ "type": "Feature", "properties": { "BUS_STOP_N": "06151", "LOC_DESC": "HOTEL MIRAMAR" }, "geometry": { "type": "Point", "coordinates": [ 28444.677299999631941, 30126.046900000423193 ] } },
{ "type": "Feature", "properties": { "BUS_STOP_N": "25259", "LOC_DESC": "BEF TUAS WEST DR" }, "geometry": { "type": "Point", "coordinates": [ 6556.472599999979138, 36264.440600000321865 ] } },
{ "type": "Feature", "properties": { "BUS_STOP_N": "54291", "LOC_DESC": "BLK 564" }, "geometry": { "type": "Point", "coordinates": [ 30851.147300000302494, 39028.587500000372529 ] } },
{ "type": "Feature", "properties": { "BUS_STOP_N": "99089", "LOC_DESC": "BEF CRANWELL RD" }, "geometry": { "type": "Point", "coordinates": [ 44150.235600000247359, 41220.384899999946356 ] } },
{ "type": "Feature", "properties": { "BUS_STOP_N": "90079", "LOC_DESC": "OPP COSTA RHU CONDO" }, "geometry": { "type": "Point", "coordinates": [ 31784.155799999833107, 31102.66469999961555 ] } },
{ "type": "Feature", "properties": { "BUS_STOP_N": "52261", "LOC_DESC": "OPP BLK 73" }, "geometry": { "type": "Point", "coordinates": [ 29998.234299999661744, 35140.824300000444055 ] } },
{ "type": "Feature", "properties": { "BUS_STOP_N": "21201", "LOC_DESC": "OPP TAMAN JURONG GREENS" }, "geometry": { "type": "Point", "coordinates": [ 15139.814899999648333, 35449.555500000715256 ] } },
{ "type": "Feature", "properties": { "BUS_STOP_N": "29081", "LOC_DESC": "FRANKLIN OFFSHORE" }, "geometry": { "type": "Point", "coordinates": [ 19043.247000000439584, 31559.875199999660254 ] } },
{ "type": "Feature", "properties": { "BUS_STOP_N": "64409", "LOC_DESC": "BLK 477A" }, "geometry": { "type": "Point", "coordinates": [ 35813.063000000081956, 40014.310399999842048 ] } },
{ "type": "Feature", "properties": { "BUS_STOP_N": "51101", "LOC_DESC": "BEF THOMSON FLYOVER" }, "geometry": { "type": "Point", "coordinates": [ 28444.712199999950826, 34417.321299999952316 ] } },
{ "type": "Feature", "properties": { "BUS_STOP_N": "05059", "LOC_DESC": "HONG LIM PK" }, "geometry": { "type": "Point", "coordinates": [ 29387.127399999648333, 29908.881300000473857 ] } },
{ "type": "Feature", "properties": { "BUS_STOP_N": "17021", "LOC_DESC": "WASEDA S SNR HIGH SCH" }, "geometry": { "type": "Point", "coordinates": [ 20606.315899999812245, 30953.717800000682473 ] } },
{ "type": "Feature", "properties": { "BUS_STOP_N": "43271", "LOC_DESC": "GLENDALE PK CONDO" }, "geometry": { "type": "Point", "coordinates": [ 20502.738300000317395, 38253.709400000050664 ] } },
{ "type": "Feature", "properties": { "BUS_STOP_N": "93079", "LOC_DESC": "OPP SPRINGVALE" }, "geometry": { "type": "Point", "coordinates": [ 38202.621000000275671, 32755.861700000241399 ] } },
{ "type": "Feature", "properties": { "BUS_STOP_N": "92131", "LOC_DESC": "CALTEX STN" }, "geometry": { "type": "Point", "coordinates": [ 36632.51549999974668, 32343.35700000077486 ] } },
{ "type": "Feature", "properties": { "BUS_STOP_N": "21279", "LOC_DESC": "ASSYAKIRIN MQUE" }, "geometry": { "type": "Point", "coordinates": [ 15337.53870000038296, 35230.068900000303984 ] } },
{ "type": "Feature", "properties": { "BUS_STOP_N": "67191", "LOC_DESC": "BLK 223D" }, "geometry": { "type": "Point", "coordinates": [ 35098.104100000113249, 41221.285499999299645 ] } },
{ "type": "Feature", "properties": { "BUS_STOP_N": "55139", "LOC_DESC": "BLK 641" }, "geometry": { "type": "Point", "coordinates": [ 28742.210799999535084, 40092.793700000271201 ] } },
{ "type": "Feature", "properties": { "BUS_STOP_N": "92139", "LOC_DESC": "OPP CALTEX STN" }, "geometry": { "type": "Point", "coordinates": [ 36610.745400000363588, 32317.444499999284744 ] } },
{ "type": "Feature", "properties": { "BUS_STOP_N": "66401", "LOC_DESC": "GOLDEN HITS" }, "geometry": { "type": "Point", "coordinates": [ 31647.918999999761581, 36828.690799999982119 ] } },
{ "type": "Feature", "properties": { "BUS_STOP_N": "11521", "LOC_DESC": "ANCHORPOINT" }, "geometry": { "type": "Point", "coordinates": [ 24903.604899999685585, 30118.176999999210238 ] } },
{ "type": "Feature", "properties": { "BUS_STOP_N": "59171", "LOC_DESC": "BLK 309" }, "geometry": { "type": "Point", "coordinates": [ 28762.683699999935925, 45996.144899999722838 ] } },
{ "type": "Feature", "properties": { "BUS_STOP_N": "46379", "LOC_DESC": "BLK 409" }, "geometry": { "type": "Point", "coordinates": [ 21270.250799999572337, 45645.491800000891089 ] } },
{ "type": "Feature", "properties": { "BUS_STOP_N": "16209", "LOC_DESC": "HORIZON RESIDENCES" }, "geometry": { "type": "Point", "coordinates": [ 22577.719800000078976, 29288.540200000628829 ] } },
{ "type": "Feature", "properties": { "BUS_STOP_N": "59051", "LOC_DESC": "BLK 790" }, "geometry": { "type": "Point", "coordinates": [ 28110.305100000463426, 44611.292700000107288 ] } },
{ "type": "Feature", "properties": { "BUS_STOP_N": "10131", "LOC_DESC": "OPP BLK 2" }, "geometry": { "type": "Point", "coordinates": [ 25048.627000000327826, 29846.071699999272823 ] } },
{ "type": "Feature", "properties": { "BUS_STOP_N": "76399", "LOC_DESC": "BLK 417" }, "geometry": { "type": "Point", "coordinates": [ 40674.572700000368059, 37851.149100000038743 ] } },
{ "type": "Feature", "properties": { "BUS_STOP_N": "01521", "LOC_DESC": "OPP PLAZA PARKROYAL" }, "geometry": { "type": "Point", "coordinates": [ 31047.675499999895692, 31474.332900000736117 ] } },
{ "type": "Feature", "properties": { "BUS_STOP_N": "77261", "LOC_DESC": "BLK 717" }, "geometry": { "type": "Point", "coordinates": [ 39441.998499999754131, 40527.093699999153614 ] } },
{ "type": "Feature", "properties": { "BUS_STOP_N": "07329", "LOC_DESC": "HOA NAM BLDG" }, "geometry": { "type": "Point", "coordinates": [ 30954.867700000293553, 32787.3293999992311 ] } },
{ "type": "Feature", "properties": { "BUS_STOP_N": "17371", "LOC_DESC": "BLK 201" }, "geometry": { "type": "Point", "coordinates": [ 20231.347599999979138, 33638.734400000423193 ] } },
{ "type": "Feature", "properties": { "BUS_STOP_N": "20161", "LOC_DESC": "OPP BLKS 34/35" }, "geometry": { "type": "Point", "coordinates": [ 17847.51589999999851, 33501.945499999448657 ] } },
{ "type": "Feature", "properties": { "BUS_STOP_N": "65329", "LOC_DESC": "KADALOOR STN EXIT A" }, "geometry": { "type": "Point", "coordinates": [ 37237.99930000025779, 42413.596599999815226 ] } },
{ "type": "Feature", "properties": { "BUS_STOP_N": "84679", "LOC_DESC": "OPP BLK 156" }, "geometry": { "type": "Point", "coordinates": [ 40402.485100000165403, 33372.364199999719858 ] } },
{ "type": "Feature", "properties": { "BUS_STOP_N": "97121", "LOC_DESC": "BEF OLD TAMPINES RD" }, "geometry": { "type": "Point", "coordinates": [ 42950.485600000247359, 38536.1402000002563 ] } },
{ "type": "Feature", "properties": { "BUS_STOP_N": "58459", "LOC_DESC": "BEF HEAVY VEH PK" }, "geometry": { "type": "Point", "coordinates": [ 25977.836799999698997, 49061.572799999266863 ] } },
{ "type": "Feature", "properties": { "BUS_STOP_N": "55249", "LOC_DESC": "BEF YIO CHU KANG RD" }, "geometry": { "type": "Point", "coordinates": [ 28843.132699999958277, 41284.258600000292063 ] } },
{ "type": "Feature", "properties": { "BUS_STOP_N": "67129", "LOC_DESC": "BLK 137" }, "geometry": { "type": "Point", "coordinates": [ 35973.429700000211596, 41256.510900000110269 ] } },
{ "type": "Feature", "properties": { "BUS_STOP_N": "03391", "LOC_DESC": "MARINA BAY FINANCIAL CTR" }, "geometry": { "type": "Point", "coordinates": [ 30419.745000000111759, 29199.540599999949336 ] } },
{ "type": "Feature", "properties": { "BUS_STOP_N": "84361", "LOC_DESC": "BLK 547" }, "geometry": { "type": "Point", "coordinates": [ 38158.693099999800324, 34626.805500000715256 ] } },
{ "type": "Feature", "properties": { "BUS_STOP_N": "01231", "LOC_DESC": "OPP TEXTILE CTR" }, "geometry": { "type": "Point", "coordinates": [ 31087.547199999913573, 31743.546800000593066 ] } },
{ "type": "Feature", "properties": { "BUS_STOP_N": "55279", "LOC_DESC": "LENTOR FLYOVER" }, "geometry": { "type": "Point", "coordinates": [ 28107.038399999961257, 41788.957499999552965 ] } },
{ "type": "Feature", "properties": { "BUS_STOP_N": "68011", "LOC_DESC": "BEF JLN KAYU" }, "geometry": { "type": "Point", "coordinates": [ 32109.674899999983609, 41472.41499999910593 ] } },
{ "type": "Feature", "properties": { "BUS_STOP_N": "92151", "LOC_DESC": "CHRIST METH CH" }, "geometry": { "type": "Point", "coordinates": [ 37195.086799999698997, 32454.745200000703335 ] } },
{ "type": "Feature", "properties": { "BUS_STOP_N": "11079", "LOC_DESC": "OPP BLK 95" }, "geometry": { "type": "Point", "coordinates": [ 24505.992499999701977, 31991.707599999383092 ] } },
{ "type": "Feature", "properties": { "BUS_STOP_N": "91161", "LOC_DESC": "THE SEAFRONT" }, "geometry": { "type": "Point", "coordinates": [ 34163.363800000399351, 31099.007999999448657 ] } },
{ "type": "Feature", "properties": { "BUS_STOP_N": "50069", "LOC_DESC": "HOTEL ROYAL" }, "geometry": { "type": "Point", "coordinates": [ 28921.440100000239909, 33249.21680000051856 ] } },
{ "type": "Feature", "properties": { "BUS_STOP_N": "75349", "LOC_DESC": "THE CLEARWATER CONDO" }, "geometry": { "type": "Point", "coordinates": [ 39194.596199999563396, 35581.537399999797344 ] } },
{ "type": "Feature", "properties": { "BUS_STOP_N": "11161", "LOC_DESC": "C'WEALTH STN EXIT A / D" }, "geometry": { "type": "Point", "coordinates": [ 24107.823900000192225, 31603.923499999567866 ] } },
{ "type": "Feature", "properties": { "BUS_STOP_N": "27479", "LOC_DESC": "OPP CORPORATION PR SCH" }, "geometry": { "type": "Point", "coordinates": [ 14087.46059999987483, 37090.033900000154972 ] } },
{ "type": "Feature", "properties": { "BUS_STOP_N": "98059", "LOC_DESC": "AFT LOYANG WAY" }, "geometry": { "type": "Point", "coordinates": [ 43690.995799999684095, 39461.172900000587106 ] } },
{ "type": "Feature", "properties": { "BUS_STOP_N": "59049", "LOC_DESC": "Opp Khatib Stn" }, "geometry": { "type": "Point", "coordinates": [ 27997.583999999798834, 44296.903999999165535 ] } },
{ "type": "Feature", "properties": { "BUS_STOP_N": "09121", "LOC_DESC": "BEF TOMLINSON RD" }, "geometry": { "type": "Point", "coordinates": [ 27279.674499999731779, 31798.326400000602007 ] } },
{ "type": "Feature", "properties": { "BUS_STOP_N": "14329", "LOC_DESC": "BLK 67" }, "geometry": { "type": "Point", "coordinates": [ 25339.14809999987483, 28530.293700000271201 ] } },
{ "type": "Feature", "properties": { "BUS_STOP_N": "51059", "LOC_DESC": "AFT TOA PAYOH RISE" }, "geometry": { "type": "Point", "coordinates": [ 28458.360000000335276, 35483.36119999922812 ] } },
{ "type": "Feature", "properties": { "BUS_STOP_N": "98219", "LOC_DESC": "PRATT & WHITNEY CANADA" }, "geometry": { "type": "Point", "coordinates": [ 43588.49309999961406, 40246.840399999171495 ] } },
{ "type": "Feature", "properties": { "BUS_STOP_N": "64009", "LOC_DESC": "HOUGANG CTRL INT" }, "geometry": { "type": "Point", "coordinates": [ 34535.989400000311434, 39217.725600000470877 ] } },
{ "type": "Feature", "properties": { "BUS_STOP_N": "01621", "LOC_DESC": "OPP SHAW TWRS" }, "geometry": { "type": "Point", "coordinates": [ 30580.581600000150502, 31039.378599999472499 ] } },
{ "type": "Feature", "properties": { "BUS_STOP_N": "42129", "LOC_DESC": "SIXTH AVE VILLE" }, "geometry": { "type": "Point", "coordinates": [ 23748.775299999862909, 34698.534800000488758 ] } },
{ "type": "Feature", "properties": { "BUS_STOP_N": "27371", "LOC_DESC": "OPP BLK 755" }, "geometry": { "type": "Point", "coordinates": [ 13278.100499999709427, 36624.785099999979138 ] } },
{ "type": "Feature", "properties": { "BUS_STOP_N": "43449", "LOC_DESC": "BLK 258" }, "geometry": { "type": "Point", "coordinates": [ 19726.518199999816716, 37072.060799999162555 ] } },
{ "type": "Feature", "properties": { "BUS_STOP_N": "58311", "LOC_DESC": "BLK 354" }, "geometry": { "type": "Point", "coordinates": [ 26312.100599999539554, 47970.804700000211596 ] } },
{ "type": "Feature", "properties": { "BUS_STOP_N": "67051", "LOC_DESC": "OPP SELETAR HILL EST" }, "geometry": { "type": "Point", "coordinates": [ 32424.19539999961853, 41036.012199999764562 ] } },
{ "type": "Feature", "properties": { "BUS_STOP_N": "59559", "LOC_DESC": "OPP BLK 722" }, "geometry": { "type": "Point", "coordinates": [ 27427.475899999961257, 45211.322399999946356 ] } },
{ "type": "Feature", "properties": { "BUS_STOP_N": "17139", "LOC_DESC": "AFT CLEMENTI SWIM CPLX" }, "geometry": { "type": "Point", "coordinates": [ 20495.92879999987781, 32370.537000000476837 ] } },
{ "type": "Feature", "properties": { "BUS_STOP_N": "14369", "LOC_DESC": "THE INTERLACE" }, "geometry": { "type": "Point", "coordinates": [ 24678.138700000010431, 29317.432000000029802 ] } },
{ "type": "Feature", "properties": { "BUS_STOP_N": "83261", "LOC_DESC": "OPERA EST PR SCH" }, "geometry": { "type": "Point", "coordinates": [ 38125.856999999843538, 33478.578999999910593 ] } },
{ "type": "Feature", "properties": { "BUS_STOP_N": "44689", "LOC_DESC": "SUNSHINE PL" }, "geometry": { "type": "Point", "coordinates": [ 17445.758500000461936, 40008.073200000450015 ] } },
{ "type": "Feature", "properties": { "BUS_STOP_N": "11469", "LOC_DESC": "QUEENSWAY SEC SCH" }, "geometry": { "type": "Point", "coordinates": [ 24505.423999999649823, 31494.302200000733137 ] } },
{ "type": "Feature", "properties": { "BUS_STOP_N": "53261", "LOC_DESC": "OPP BISHAN STADIUM" }, "geometry": { "type": "Point", "coordinates": [ 30051.96889999974519, 37223.268200000748038 ] } },
{ "type": "Feature", "properties": { "BUS_STOP_N": "28441", "LOC_DESC": "SEVENTH-DAY ADVENT CH" }, "geometry": { "type": "Point", "coordinates": [ 17487.12390000000596, 35333.903300000354648 ] } },
{ "type": "Feature", "properties": { "BUS_STOP_N": "16009", "LOC_DESC": "KENT RIDGE TER" }, "geometry": { "type": "Point", "coordinates": [ 20936.03179999999702, 30729.283299999311566 ] } },
{ "type": "Feature", "properties": { "BUS_STOP_N": "52291", "LOC_DESC": "BLK 59" }, "geometry": { "type": "Point", "coordinates": [ 30102.423100000247359, 35466.464800000190735 ] } },
{ "type": "Feature", "properties": { "BUS_STOP_N": "25471", "LOC_DESC": "OPP S'PORE EPSON IND" }, "geometry": { "type": "Point", "coordinates": [ 6686.137900000438094, 35304.120500000193715 ] } },
{ "type": "Feature", "properties": { "BUS_STOP_N": "50051", "LOC_DESC": "THOMSON MED CTR" }, "geometry": { "type": "Point", "coordinates": [ 28948.633500000461936, 34214.733799999579787 ] } },
{ "type": "Feature", "properties": { "BUS_STOP_N": "28511", "LOC_DESC": "BLK 463" }, "geometry": { "type": "Point", "coordinates": [ 15792.05420000012964, 36976.494500000029802 ] } },
{ "type": "Feature", "properties": { "BUS_STOP_N": "91131", "LOC_DESC": "PEACH GDN" }, "geometry": { "type": "Point", "coordinates": [ 34913.243900000117719, 31195.654400000348687 ] } },
{ "type": "Feature", "properties": { "BUS_STOP_N": "93159", "LOC_DESC": "CABLE SKI PK" }, "geometry": { "type": "Point", "coordinates": [ 38899.435200000181794, 32232.346400000154972 ] } },
{ "type": "Feature", "properties": { "BUS_STOP_N": "10281", "LOC_DESC": "SIS BLDG" }, "geometry": { "type": "Point", "coordinates": [ 25906.409599999897182, 30436.349199999123812 ] } },
{ "type": "Feature", "properties": { "BUS_STOP_N": "70089", "LOC_DESC": "HDB CP" }, "geometry": { "type": "Point", "coordinates": [ 34791.248200000263751, 34894.961799999698997 ] } },
{ "type": "Feature", "properties": { "BUS_STOP_N": "17071", "LOC_DESC": "BLK 513" }, "geometry": { "type": "Point", "coordinates": [ 19887.426500000059605, 32363.133799999952316 ] } },
{ "type": "Feature", "properties": { "BUS_STOP_N": "70051", "LOC_DESC": "AFT JOO SENG RD" }, "geometry": { "type": "Point", "coordinates": [ 32952.286100000143051, 35372.531099999323487 ] } },
{ "type": "Feature", "properties": { "BUS_STOP_N": "14051", "LOC_DESC": "AFT TELOK BLANGAH HTS" }, "geometry": { "type": "Point", "coordinates": [ 25958.300499999895692, 28685.841499999165535 ] } },
{ "type": "Feature", "properties": { "BUS_STOP_N": "61049", "LOC_DESC": "AFT BARTLEY RD" }, "geometry": { "type": "Point", "coordinates": [ 32191.458800000138581, 36008.238700000569224 ] } },
{ "type": "Feature", "properties": { "BUS_STOP_N": "76431", "LOC_DESC": "BLK 333" }, "geometry": { "type": "Point", "coordinates": [ 42226.937400000169873, 37311.890900000929832 ] } },
{ "type": "Feature", "properties": { "BUS_STOP_N": "84139", "LOC_DESC": "PANASONIC" }, "geometry": { "type": "Point", "coordinates": [ 38519.099600000306964, 33726.419099999591708 ] } },
{ "type": "Feature", "properties": { "BUS_STOP_N": "59409", "LOC_DESC": "EVANGEL FAMILY CH" }, "geometry": { "type": "Point", "coordinates": [ 29457.467199999839067, 45370.882099999114871 ] } },
{ "type": "Feature", "properties": { "BUS_STOP_N": "76451", "LOC_DESC": "BLK 324" }, "geometry": { "type": "Point", "coordinates": [ 42041.887500000186265, 37147.478499999269843 ] } },
{ "type": "Feature", "properties": { "BUS_STOP_N": "85059", "LOC_DESC": "BEF JLN CHEMPAKA KUNING" }, "geometry": { "type": "Point", "coordinates": [ 40889.163399999961257, 34626.857200000435114 ] } },
{ "type": "Feature", "properties": { "BUS_STOP_N": "28149", "LOC_DESC": "OPP JURONG LODGE 1B" }, "geometry": { "type": "Point", "coordinates": [ 16409.481200000271201, 37346.043199999257922 ] } },
{ "type": "Feature", "properties": { "BUS_STOP_N": "71291", "LOC_DESC": "THE LEO" }, "geometry": { "type": "Point", "coordinates": [ 35848.581899999640882, 35470.114000000059605 ] } },
{ "type": "Feature", "properties": { "BUS_STOP_N": "62239", "LOC_DESC": "OPP S'PORE GIRLS' HOME" }, "geometry": { "type": "Point", "coordinates": [ 34302.653699999675155, 36645.273900000378489 ] } },
{ "type": "Feature", "properties": { "BUS_STOP_N": "81229", "LOC_DESC": "BLK 1015" }, "geometry": { "type": "Point", "coordinates": [ 34319.895499999634922, 33524.072799999266863 ] } },
{ "type": "Feature", "properties": { "BUS_STOP_N": "71299", "LOC_DESC": "EMPIRE TECHNOCENTRE" }, "geometry": { "type": "Point", "coordinates": [ 35867.473100000061095, 35431.987500000745058 ] } },
{ "type": "Feature", "properties": { "BUS_STOP_N": "21439", "LOC_DESC": "BOON LAY CC" }, "geometry": { "type": "Point", "coordinates": [ 14463.75650000013411, 36720.050899999216199 ] } },
{ "type": "Feature", "properties": { "BUS_STOP_N": "59331", "LOC_DESC": "BLK 773" }, "geometry": { "type": "Point", "coordinates": [ 27945.188799999654293, 44971.032700000330806 ] } },
{ "type": "Feature", "properties": { "BUS_STOP_N": "46369", "LOC_DESC": "BLK 413" }, "geometry": { "type": "Point", "coordinates": [ 21306.910000000149012, 45481.845799999311566 ] } },
{ "type": "Feature", "properties": { "BUS_STOP_N": "54529", "LOC_DESC": "OPP BLK 5043" }, "geometry": { "type": "Point", "coordinates": [ 31312.864500000141561, 39476.587400000542402 ] } },
{ "type": "Feature", "properties": { "BUS_STOP_N": "15091", "LOC_DESC": "OPP NATL LEADERSHIP INST" }, "geometry": { "type": "Point", "coordinates": [ 22934.510800000280142, 29488.702600000426173 ] } },
{ "type": "Feature", "properties": { "BUS_STOP_N": "13121", "LOC_DESC": "OPP GREAT WORLD CITY" }, "geometry": { "type": "Point", "coordinates": [ 27720.871899999678135, 30730.562100000679493 ] } },
{ "type": "Feature", "properties": { "BUS_STOP_N": "54419", "LOC_DESC": "OPP BLK 527" }, "geometry": { "type": "Point", "coordinates": [ 30392.98519999999553, 39341.378699999302626 ] } },
{ "type": "Feature", "properties": { "BUS_STOP_N": "40231", "LOC_DESC": "RAFFLES TOWN CLUB" }, "geometry": { "type": "Point", "coordinates": [ 27153.525500000454485, 33831.505300000309944 ] } },
{ "type": "Feature", "properties": { "BUS_STOP_N": "45149", "LOC_DESC": "BEF W'LANDS RD" }, "geometry": { "type": "Point", "coordinates": [ 19500.763199999928474, 45208.871400000527501 ] } },
{ "type": "Feature", "properties": { "BUS_STOP_N": "20329", "LOC_DESC": "S'PORE FOOD IND" }, "geometry": { "type": "Point", "coordinates": [ 18847.739299999549985, 33029.880699999630451 ] } },
{ "type": "Feature", "properties": { "BUS_STOP_N": "77089", "LOC_DESC": "BEF PASIR RIS DR 3" }, "geometry": { "type": "Point", "coordinates": [ 40183.464599999599159, 40229.950699999928474 ] } },
{ "type": "Feature", "properties": { "BUS_STOP_N": "44421", "LOC_DESC": "BLK 25" }, "geometry": { "type": "Point", "coordinates": [ 19293.61629999987781, 40017.432900000363588 ] } },
{ "type": "Feature", "properties": { "BUS_STOP_N": "59079", "LOC_DESC": "YISHUN STN" }, "geometry": { "type": "Point", "coordinates": [ 28205.678000000305474, 45675.567600000649691 ] } },
{ "type": "Feature", "properties": { "BUS_STOP_N": "31079", "LOC_DESC": "OPP CHINESE CEMY PATH 11" }, "geometry": { "type": "Point", "coordinates": [ 12753.994300000369549, 39955.468000000342727 ] } },
{ "type": "Feature", "properties": { "BUS_STOP_N": "57049", "LOC_DESC": "OPP NEE SOON HQ 22 SIB" }, "geometry": { "type": "Point", "coordinates": [ 26775.336500000208616, 43618.505999999120831 ] } },
{ "type": "Feature", "properties": { "BUS_STOP_N": "71079", "LOC_DESC": "COMFORT DRIVING CTR" }, "geometry": { "type": "Point", "coordinates": [ 35220.123999999836087, 35312.441999999806285 ] } },
{ "type": "Feature", "properties": { "BUS_STOP_N": "27169", "LOC_DESC": "BEF JLN BAHAR" }, "geometry": { "type": "Point", "coordinates": [ 12482.539599999785423, 37664.332499999552965 ] } },
{ "type": "Feature", "properties": { "BUS_STOP_N": "02149", "LOC_DESC": "SUNTEC TWR THREE" }, "geometry": { "type": "Point", "coordinates": [ 30915.814799999818206, 30878.731300000101328 ] } },
{ "type": "Feature", "properties": { "BUS_STOP_N": "97189", "LOC_DESC": "SATS MAINTENANCE CTR 2" }, "geometry": { "type": "Point", "coordinates": [ 43367.693199999630451, 36540.112600000575185 ] } },
{ "type": "Feature", "properties": { "BUS_STOP_N": "59221", "LOC_DESC": "OPP YISHUN IND PK A" }, "geometry": { "type": "Point", "coordinates": [ 28183.820700000040233, 46741.533800000324845 ] } },
{ "type": "Feature", "properties": { "BUS_STOP_N": "47821", "LOC_DESC": "OPP SUMITOMO BAKELITE S'PORE" }, "geometry": { "type": "Point", "coordinates": [ 24948.104399999603629, 49154.686000000685453 ] } },
{ "type": "Feature", "properties": { "BUS_STOP_N": "53081", "LOC_DESC": "OPP FABER GDN" }, "geometry": { "type": "Point", "coordinates": [ 27389.106399999931455, 38376.593699999153614 ] } },
{ "type": "Feature", "properties": { "BUS_STOP_N": "30019", "LOC_DESC": "OPP TENGAH AIR BASE" }, "geometry": { "type": "Point", "coordinates": [ 14608.162399999797344, 39456.679999999701977 ] } },
{ "type": "Feature", "properties": { "BUS_STOP_N": "28409", "LOC_DESC": "BLK 454" }, "geometry": { "type": "Point", "coordinates": [ 15170.274400000460446, 36992.673000000417233 ] } },
{ "type": "Feature", "properties": { "BUS_STOP_N": "64461", "LOC_DESC": "BLK 579" }, "geometry": { "type": "Point", "coordinates": [ 33904.47690000012517, 40152.692299999296665 ] } },
{ "type": "Feature", "properties": { "BUS_STOP_N": "07509", "LOC_DESC": "SMU" }, "geometry": { "type": "Point", "coordinates": [ 29755.210099999792874, 31076.235700000077486 ] } },
{ "type": "Feature", "properties": { "BUS_STOP_N": "17409", "LOC_DESC": "HSE NO 90" }, "geometry": { "type": "Point", "coordinates": [ 20489.260700000450015, 34149.941500000655651 ] } },
{ "type": "Feature", "properties": { "BUS_STOP_N": "83299", "LOC_DESC": "AFT LOR G TELOK KURAU" }, "geometry": { "type": "Point", "coordinates": [ 36078.447399999946356, 33100.564500000327826 ] } },
{ "type": "Feature", "properties": { "BUS_STOP_N": "62111", "LOC_DESC": "AFT SOMMERVILLE RD" }, "geometry": { "type": "Point", "coordinates": [ 32173.481700000353158, 36367.197799999266863 ] } },
{ "type": "Feature", "properties": { "BUS_STOP_N": "73041", "LOC_DESC": "ST AERO" }, "geometry": { "type": "Point", "coordinates": [ 35294.411999999545515, 36965.445000000298023 ] } },
{ "type": "Feature", "properties": { "BUS_STOP_N": "11081", "LOC_DESC": "VIZ HOLLAND" }, "geometry": { "type": "Point", "coordinates": [ 24574.462199999950826, 32321.812999999150634 ] } },
{ "type": "Feature", "properties": { "BUS_STOP_N": "41019", "LOC_DESC": "AFT KHEAM HOCK RD" }, "geometry": { "type": "Point", "coordinates": [ 26551.235000000335276, 33878.351800000295043 ] } },
{ "type": "Feature", "properties": { "BUS_STOP_N": "40171", "LOC_DESC": "OPP ENV BLDG" }, "geometry": { "type": "Point", "coordinates": [ 28284.783699999563396, 32589.067800000309944 ] } },
{ "type": "Feature", "properties": { "BUS_STOP_N": "14009", "LOC_DESC": "HARBOURFRONT INT" }, "geometry": { "type": "Point", "coordinates": [ 26419.226999999955297, 27742.352099999785423 ] } },
{ "type": "Feature", "properties": { "BUS_STOP_N": "43231", "LOC_DESC": "OPP THE PETALS CONDO" }, "geometry": { "type": "Point", "coordinates": [ 19850.761099999770522, 37342.138100000098348 ] } },
{ "type": "Feature", "properties": { "BUS_STOP_N": "22099", "LOC_DESC": "BEF JLN SAMULUN" }, "geometry": { "type": "Point", "coordinates": [ 12819.75, 32349.622999999672174 ] } },
{ "type": "Feature", "properties": { "BUS_STOP_N": "46811", "LOC_DESC": "BLK 726" }, "geometry": { "type": "Point", "coordinates": [ 24211.011500000022352, 47285.099500000476837 ] } },
{ "type": "Feature", "properties": { "BUS_STOP_N": "75209", "LOC_DESC": "BLK 882A" }, "geometry": { "type": "Point", "coordinates": [ 39165.586400000378489, 37051.226299999281764 ] } },
{ "type": "Feature", "properties": { "BUS_STOP_N": "14239", "LOC_DESC": "OPP KEPPEL DP BLK 519" }, "geometry": { "type": "Point", "coordinates": [ 27317.178999999538064, 28257.537200000137091 ] } },
{ "type": "Feature", "properties": { "BUS_STOP_N": "17131", "LOC_DESC": "CLEMENTI FLYOVER" }, "geometry": { "type": "Point", "coordinates": [ 20490.041400000452995, 32269.744899999350309 ] } },
{ "type": "Feature", "properties": { "BUS_STOP_N": "21449", "LOC_DESC": "BOON LAY SHOP CTR" }, "geometry": { "type": "Point", "coordinates": [ 14611.114699999801815, 36506.363800000399351 ] } },
{ "type": "Feature", "properties": { "BUS_STOP_N": "57071", "LOC_DESC": "OPP KHATIB CAMP" }, "geometry": { "type": "Point", "coordinates": [ 27131.798600000329316, 45203.427699999883771 ] } },
{ "type": "Feature", "properties": { "BUS_STOP_N": "81131", "LOC_DESC": "OPP GRANDLINK SQ" }, "geometry": { "type": "Point", "coordinates": [ 34550.362800000235438, 32945.532899999991059 ] } },
{ "type": "Feature", "properties": { "BUS_STOP_N": "33049", "LOC_DESC": "AFT LIM CHU KANG LANE 3" }, "geometry": { "type": "Point", "coordinates": [ 13762.739400000311434, 45318.009700000286102 ] } },
{ "type": "Feature", "properties": { "BUS_STOP_N": "40059", "LOC_DESC": "CHANCERY CT" }, "geometry": { "type": "Point", "coordinates": [ 28339.377799999900162, 33206.856300000101328 ] } },
{ "type": "Feature", "properties": { "BUS_STOP_N": "55089", "LOC_DESC": "AFT SUNRISE GDNS" }, "geometry": { "type": "Point", "coordinates": [ 30551.865299999713898, 41467.5625 ] } },
{ "type": "Feature", "properties": { "BUS_STOP_N": "93189", "LOC_DESC": "OPP VICTORIA JC" }, "geometry": { "type": "Point", "coordinates": [ 37597.397900000214577, 31780.42090000025928 ] } },
{ "type": "Feature", "properties": { "BUS_STOP_N": "44011", "LOC_DESC": "OPP THE LINEAR" }, "geometry": { "type": "Point", "coordinates": [ 20127.699500000104308, 39600.514399999752641 ] } },
{ "type": "Feature", "properties": { "BUS_STOP_N": "14519", "LOC_DESC": "RESORTS WORLD SENTOSA" }, "geometry": { "type": "Point", "coordinates": [ 26966.400799999944866, 26482.100700000301003 ] } },
{ "type": "Feature", "properties": { "BUS_STOP_N": "64231", "LOC_DESC": "BLK 316" }, "geometry": { "type": "Point", "coordinates": [ 35077.553199999965727, 38542.237800000235438 ] } },
{ "type": "Feature", "properties": { "BUS_STOP_N": "28561", "LOC_DESC": "BLK 402" }, "geometry": { "type": "Point", "coordinates": [ 15652.508799999952316, 37252.198499999940395 ] } },
{ "type": "Feature", "properties": { "BUS_STOP_N": "92179", "LOC_DESC": "AFT DUKU RD" }, "geometry": { "type": "Point", "coordinates": [ 35810.93640000000596, 32258.760500000789762 ] } },
{ "type": "Feature", "properties": { "BUS_STOP_N": "50239", "LOC_DESC": "S'PORE INDIAN ASSN" }, "geometry": { "type": "Point", "coordinates": [ 30424.074900000356138, 33399.616399999707937 ] } },
{ "type": "Feature", "properties": { "BUS_STOP_N": "66429", "LOC_DESC": "BLK 530" }, "geometry": { "type": "Point", "coordinates": [ 32345.792000000365078, 39500.471100000664592 ] } },
{ "type": "Feature", "properties": { "BUS_STOP_N": "98151", "LOC_DESC": "OPP LOYANG WAY 4" }, "geometry": { "type": "Point", "coordinates": [ 43864.401499999687076, 39971.627699999138713 ] } },
{ "type": "Feature", "properties": { "BUS_STOP_N": "68201", "LOC_DESC": "AFT SELETAR CAMP" }, "geometry": { "type": "Point", "coordinates": [ 32376.62430000025779, 43516.341399999335408 ] } },
{ "type": "Feature", "properties": { "BUS_STOP_N": "59199", "LOC_DESC": "BLK 250" }, "geometry": { "type": "Point", "coordinates": [ 28990.392500000074506, 46425.702199999243021 ] } },
{ "type": "Feature", "properties": { "BUS_STOP_N": "21711", "LOC_DESC": "BET BLKS 523/525" }, "geometry": { "type": "Point", "coordinates": [ 14919.109000000171363, 36560.841000000014901 ] } },
{ "type": "Feature", "properties": { "BUS_STOP_N": "31051", "LOC_DESC": "PUSARA AMAN MQUE" }, "geometry": { "type": "Point", "coordinates": [ 12547.712000000290573, 39369.785399999469519 ] } },
{ "type": "Feature", "properties": { "BUS_STOP_N": "14319", "LOC_DESC": "BLK 28" }, "geometry": { "type": "Point", "coordinates": [ 26603.248399999924004, 28427.389699999243021 ] } },
{ "type": "Feature", "properties": { "BUS_STOP_N": "32051", "LOC_DESC": "AFT TRACK 11" }, "geometry": { "type": "Point", "coordinates": [ 13272.034300000406802, 43463.863099999725819 ] } },
{ "type": "Feature", "properties": { "BUS_STOP_N": "13109", "LOC_DESC": "UE SQ/BEF MOHD SULTAN RD" }, "geometry": { "type": "Point", "coordinates": [ 29044.85219999961555, 30655.306800000369549 ] } },
{ "type": "Feature", "properties": { "BUS_STOP_N": "75019", "LOC_DESC": "TAMPINES CONCOURSE INT" }, "geometry": { "type": "Point", "coordinates": [ 40061.302299999631941, 37705.404100000858307 ] } },
{ "type": "Feature", "properties": { "BUS_STOP_N": "49031", "LOC_DESC": "OPP CROWN ALLIANCE INDUSTRIES" }, "geometry": { "type": "Point", "coordinates": [ 18865.002899999730289, 44239.943099999800324 ] } },
{ "type": "Feature", "properties": { "BUS_STOP_N": "15079", "LOC_DESC": "AFT LOR SARHAD" }, "geometry": { "type": "Point", "coordinates": [ 22821.438500000163913, 29236.865800000727177 ] } },
{ "type": "Feature", "properties": { "BUS_STOP_N": "54259", "LOC_DESC": "OPP GRANDEUR 8" }, "geometry": { "type": "Point", "coordinates": [ 29450.747700000181794, 39911.157500000670552 ] } },
{ "type": "Feature", "properties": { "BUS_STOP_N": "43211", "LOC_DESC": "SBST BT BATOK DEPOT" }, "geometry": { "type": "Point", "coordinates": [ 19290.744099999777973, 35892.894500000402331 ] } },
{ "type": "Feature", "properties": { "BUS_STOP_N": "44699", "LOC_DESC": "BLK 457" }, "geometry": { "type": "Point", "coordinates": [ 21066.64919999986887, 41143.771999999880791 ] } },
{ "type": "Feature", "properties": { "BUS_STOP_N": "66049", "LOC_DESC": "BLK 233" }, "geometry": { "type": "Point", "coordinates": [ 31962.492300000041723, 37492.624900000169873 ] } },
{ "type": "Feature", "properties": { "BUS_STOP_N": "56059", "LOC_DESC": "BEF TAGORE RD" }, "geometry": { "type": "Point", "coordinates": [ 27195.32799999974668, 40510.779999999329448 ] } },
{ "type": "Feature", "properties": { "BUS_STOP_N": "11331", "LOC_DESC": "OPP DYNASTY GDN II" }, "geometry": { "type": "Point", "coordinates": [ 23344.818799999542534, 33947.758500000461936 ] } },
{ "type": "Feature", "properties": { "BUS_STOP_N": "23121", "LOC_DESC": "OPP LEROY-SOMER" }, "geometry": { "type": "Point", "coordinates": [ 11561.115500000305474, 34085.447100000455976 ] } },
{ "type": "Feature", "properties": { "BUS_STOP_N": "66041", "LOC_DESC": "BLK 230" }, "geometry": { "type": "Point", "coordinates": [ 32054.673499999567866, 37535.861400000751019 ] } },
{ "type": "Feature", "properties": { "BUS_STOP_N": "94061", "LOC_DESC": "KEW GREEN CONDO" }, "geometry": { "type": "Point", "coordinates": [ 41137.202800000086427, 33413.056800000369549 ] } },
{ "type": "Feature", "properties": { "BUS_STOP_N": "66011", "LOC_DESC": "AFT BRADDELL RD" }, "geometry": { "type": "Point", "coordinates": [ 30964.902499999850988, 36599.67369999922812 ] } },
{ "type": "Feature", "properties": { "BUS_STOP_N": "11211", "LOC_DESC": "AFT PEIRCE RD" }, "geometry": { "type": "Point", "coordinates": [ 25345.136300000362098, 32294.661199999973178 ] } },
{ "type": "Feature", "properties": { "BUS_STOP_N": "75339", "LOC_DESC": "BLK 734" }, "geometry": { "type": "Point", "coordinates": [ 39220.211900000460446, 37837.397900000214577 ] } },
{ "type": "Feature", "properties": { "BUS_STOP_N": "49151", "LOC_DESC": "DAIYA ENGRG" }, "geometry": { "type": "Point", "coordinates": [ 18380.012900000438094, 46484.897299999371171 ] } },
{ "type": "Feature", "properties": { "BUS_STOP_N": "06189", "LOC_DESC": "CTRL SQ" }, "geometry": { "type": "Point", "coordinates": [ 29115.383500000461936, 30021.28070000000298 ] } },
{ "type": "Feature", "properties": { "BUS_STOP_N": "21381", "LOC_DESC": "ST JOSEPH'S HOME" }, "geometry": { "type": "Point", "coordinates": [ 14129.975599999539554, 36866.870799999684095 ] } },
{ "type": "Feature", "properties": { "BUS_STOP_N": "65809", "LOC_DESC": "ANCHOR GREEN PR SCH" }, "geometry": { "type": "Point", "coordinates": [ 33897.919499999843538, 41448.451199999079108 ] } },
{ "type": "Feature", "properties": { "BUS_STOP_N": "61089", "LOC_DESC": "BET BLKS 138/144" }, "geometry": { "type": "Point", "coordinates": [ 31559.749900000169873, 35020.450200000777841 ] } },
{ "type": "Feature", "properties": { "BUS_STOP_N": "59649", "LOC_DESC": "OPP BLK 333C" }, "geometry": { "type": "Point", "coordinates": [ 29378.984299999661744, 45902.018699999898672 ] } },
{ "type": "Feature", "properties": { "BUS_STOP_N": "82091", "LOC_DESC": "AFT QUEEN OF PEACE CH" }, "geometry": { "type": "Point", "coordinates": [ 34765.00800000037998, 32778.175899999216199 ] } },
{ "type": "Feature", "properties": { "BUS_STOP_N": "78059", "LOC_DESC": "BLK 210" }, "geometry": { "type": "Point", "coordinates": [ 42227.00690000038594, 38754.742799999192357 ] } },
{ "type": "Feature", "properties": { "BUS_STOP_N": "49049", "LOC_DESC": "SIM HUP CO" }, "geometry": { "type": "Point", "coordinates": [ 18812.00690000038594, 44642.127699999138713 ] } },
{ "type": "Feature", "properties": { "BUS_STOP_N": "11141", "LOC_DESC": "QUEENSTOWN STN EXIT A / D" }, "geometry": { "type": "Point", "coordinates": [ 24926.371199999935925, 30787.363099999725819 ] } },
{ "type": "Feature", "properties": { "BUS_STOP_N": "75379", "LOC_DESC": "BEF TAMPINES AVE 5" }, "geometry": { "type": "Point", "coordinates": [ 38867.531999999657273, 37933.07660000026226 ] } },
{ "type": "Feature", "properties": { "BUS_STOP_N": "28629", "LOC_DESC": "BLK 266" }, "geometry": { "type": "Point", "coordinates": [ 18082.279799999669194, 36009.025800000876188 ] } },
{ "type": "Feature", "properties": { "BUS_STOP_N": "54609", "LOC_DESC": "OPP TOWNSVILLE PRI SCH" }, "geometry": { "type": "Point", "coordinates": [ 30442.257299999706447, 37928.465600000694394 ] } },
{ "type": "Feature", "properties": { "BUS_STOP_N": "59351", "LOC_DESC": "OPP BLK 322" }, "geometry": { "type": "Point", "coordinates": [ 28765.304399999789894, 45613.810000000521541 ] } },
{ "type": "Feature", "properties": { "BUS_STOP_N": "53009", "LOC_DESC": "BISHAN INT" }, "geometry": { "type": "Point", "coordinates": [ 29834.834099999628961, 36953.434900000691414 ] } },
{ "type": "Feature", "properties": { "BUS_STOP_N": "63339", "LOC_DESC": "OPP BLK 615" }, "geometry": { "type": "Point", "coordinates": [ 33689.099999999627471, 38906.667999999597669 ] } },
{ "type": "Feature", "properties": { "BUS_STOP_N": "51051", "LOC_DESC": "AFT ANDREW RD" }, "geometry": { "type": "Point", "coordinates": [ 28411.587600000202656, 35391.679800000041723 ] } },
{ "type": "Feature", "properties": { "BUS_STOP_N": "18011", "LOC_DESC": "AFT HORTPARK" }, "geometry": { "type": "Point", "coordinates": [ 24517.009899999946356, 29263.990900000557303 ] } },
{ "type": "Feature", "properties": { "BUS_STOP_N": "13101", "LOC_DESC": "OPP MOHD SULTAN RD" }, "geometry": { "type": "Point", "coordinates": [ 29004.194199999794364, 30718.677200000733137 ] } },
{ "type": "Feature", "properties": { "BUS_STOP_N": "82151", "LOC_DESC": "BEF JOO CHIAT PL" }, "geometry": { "type": "Point", "coordinates": [ 35518.270700000226498, 32828.398199999704957 ] } },
{ "type": "Feature", "properties": { "BUS_STOP_N": "47071", "LOC_DESC": "BEF BRITISH AMERICAN TOBACCO" }, "geometry": { "type": "Point", "coordinates": [ 24537.679299999959767, 48805.493100000545382 ] } },
{ "type": "Feature", "properties": { "BUS_STOP_N": "01629", "LOC_DESC": "SHAW TWRS" }, "geometry": { "type": "Point", "coordinates": [ 30616.458399999886751, 31035.024000000208616 ] } },
{ "type": "Feature", "properties": { "BUS_STOP_N": "11519", "LOC_DESC": "OPP QUEENSWAY SHOP CTR" }, "geometry": { "type": "Point", "coordinates": [ 24657.48410000000149, 29892.89949999935925 ] } },
{ "type": "Feature", "properties": { "BUS_STOP_N": "66409", "LOC_DESC": "OPP GOLDEN HTS" }, "geometry": { "type": "Point", "coordinates": [ 31623.228799999691546, 36825.11460000090301 ] } },
{ "type": "Feature", "properties": { "BUS_STOP_N": "70171", "LOC_DESC": "BLK 77" }, "geometry": { "type": "Point", "coordinates": [ 33804.305399999953806, 34505.612299999222159 ] } },
{ "type": "Feature", "properties": { "BUS_STOP_N": "26451", "LOC_DESC": "BEF TUAS STH AVE 5" }, "geometry": { "type": "Point", "coordinates": [ 5338.657899999991059, 31035.558499999344349 ] } },
{ "type": "Feature", "properties": { "BUS_STOP_N": "66061", "LOC_DESC": "AFT LYNWOOD GR" }, "geometry": { "type": "Point", "coordinates": [ 31359.341400000266731, 36248.534099999815226 ] } },
{ "type": "Feature", "properties": { "BUS_STOP_N": "31029", "LOC_DESC": "OPP JLN BAHAR POWER STN" }, "geometry": { "type": "Point", "coordinates": [ 12384.222500000149012, 38336.007999999448657 ] } },
{ "type": "Feature", "properties": { "BUS_STOP_N": "46401", "LOC_DESC": "BLK 864" }, "geometry": { "type": "Point", "coordinates": [ 23785.754200000315905, 46960.22440000064671 ] } },
{ "type": "Feature", "properties": { "BUS_STOP_N": "98121", "LOC_DESC": "KRISLITE BLDG" }, "geometry": { "type": "Point", "coordinates": [ 43232.574199999682605, 39337.042999999597669 ] } },
{ "type": "Feature", "properties": { "BUS_STOP_N": "61079", "LOC_DESC": "BLK 121" }, "geometry": { "type": "Point", "coordinates": [ 31544.448200000450015, 35353.285399999469519 ] } },
{ "type": "Feature", "properties": { "BUS_STOP_N": "64139", "LOC_DESC": "BEF KPE" }, "geometry": { "type": "Point", "coordinates": [ 36166.981999999843538, 38362.763000000268221 ] } },
{ "type": "Feature", "properties": { "BUS_STOP_N": "83199", "LOC_DESC": "AFT FRANKEL DR" }, "geometry": { "type": "Point", "coordinates": [ 37233.778199999593198, 33292.837099999189377 ] } },
{ "type": "Feature", "properties": { "BUS_STOP_N": "25501", "LOC_DESC": "KEE WEE HUP KEE" }, "geometry": { "type": "Point", "coordinates": [ 6895.916600000113249, 35106.054099999368191 ] } },
{ "type": "Feature", "properties": { "BUS_STOP_N": "02141", "LOC_DESC": "SUNTEC TWR TWO" }, "geometry": { "type": "Point", "coordinates": [ 30898.606100000441074, 30913.127599999308586 ] } },
{ "type": "Feature", "properties": { "BUS_STOP_N": "63241", "LOC_DESC": "BLK 21" }, "geometry": { "type": "Point", "coordinates": [ 34541.247800000011921, 38468.084899999201298 ] } },
{ "type": "Feature", "properties": { "BUS_STOP_N": "75341", "LOC_DESC": "OPP THE CLEARWATER CONDO" }, "geometry": { "type": "Point", "coordinates": [ 39197.180700000375509, 35613.356200000271201 ] } },
{ "type": "Feature", "properties": { "BUS_STOP_N": "96171", "LOC_DESC": "BET BLKS 227/228" }, "geometry": { "type": "Point", "coordinates": [ 41636.684700000099838, 36045.274900000542402 ] } },
{ "type": "Feature", "properties": { "BUS_STOP_N": "65801", "LOC_DESC": "BLK 309D" }, "geometry": { "type": "Point", "coordinates": [ 33832.757100000046194, 41378.600999999791384 ] } },
{ "type": "Feature", "properties": { "BUS_STOP_N": "83231", "LOC_DESC": "BEF SIGLAP DR" }, "geometry": { "type": "Point", "coordinates": [ 37888.910899999551475, 33285.111800000071526 ] } },
{ "type": "Feature", "properties": { "BUS_STOP_N": "81129", "LOC_DESC": "PAYA LEBAR STN EXIT D" }, "geometry": { "type": "Point", "coordinates": [ 34550.260499999858439, 33187.234999999403954 ] } },
{ "type": "Feature", "properties": { "BUS_STOP_N": "14209", "LOC_DESC": "AFT HEWLETT PACKARD" }, "geometry": { "type": "Point", "coordinates": [ 25353.654900000430644, 29353.974899999797344 ] } },
{ "type": "Feature", "properties": { "BUS_STOP_N": "52319", "LOC_DESC": "BLK 25" }, "geometry": { "type": "Point", "coordinates": [ 30639.761900000274181, 35146.090900000184774 ] } },
{ "type": "Feature", "properties": { "BUS_STOP_N": "58399", "LOC_DESC": "Opp Blk 303" }, "geometry": { "type": "Point", "coordinates": [ 26801.475499999709427, 47293.615599999204278 ] } },
{ "type": "Feature", "properties": { "BUS_STOP_N": "09213", "LOC_DESC": "THONG TECK BLDG" }, "geometry": { "type": "Point", "coordinates": [ 27966.559999999590218, 32243.551999999210238 ] } },
{ "type": "Feature", "properties": { "BUS_STOP_N": "99091", "LOC_DESC": "BEF TURNHOUSE RD" }, "geometry": { "type": "Point", "coordinates": [ 44301.889499999582767, 41440.049499999731779 ] } },
{ "type": "Feature", "properties": { "BUS_STOP_N": "77219", "LOC_DESC": "OPP BLK 626" }, "geometry": { "type": "Point", "coordinates": [ 39950.603400000371039, 40280.756100000813603 ] } },
{ "type": "Feature", "properties": { "BUS_STOP_N": "67189", "LOC_DESC": "OPP BLK 241" }, "geometry": { "type": "Point", "coordinates": [ 35134.565899999812245, 41394.48369999974966 ] } },
{ "type": "Feature", "properties": { "BUS_STOP_N": "10411", "LOC_DESC": "OPP BLK 53" }, "geometry": { "type": "Point", "coordinates": [ 25721.571299999952316, 30179.112400000914931 ] } },
{ "type": "Feature", "properties": { "BUS_STOP_N": "14019", "LOC_DESC": "OPP MT FABER LODGE" }, "geometry": { "type": "Point", "coordinates": [ 27148.447599999606609, 27877.755599999800324 ] } },
{ "type": "Feature", "properties": { "BUS_STOP_N": "45239", "LOC_DESC": "BET BLKS 306/307" }, "geometry": { "type": "Point", "coordinates": [ 17886.426799999549985, 40776.5304000005126 ] } },
{ "type": "Feature", "properties": { "BUS_STOP_N": "78131", "LOC_DESC": "PASIR RIS PR SCH" }, "geometry": { "type": "Point", "coordinates": [ 42511.85190000012517, 39457.977700000628829 ] } },
{ "type": "Feature", "properties": { "BUS_STOP_N": "05421", "LOC_DESC": "AFT CRAIG RD" }, "geometry": { "type": "Point", "coordinates": [ 29137.29009999986738, 28930.381599999964237 ] } },
{ "type": "Feature", "properties": { "BUS_STOP_N": "97129", "LOC_DESC": "BEF LOYANG AVE" }, "geometry": { "type": "Point", "coordinates": [ 42946.765300000086427, 38519.510099999606609 ] } },
{ "type": "Feature", "properties": { "BUS_STOP_N": "54631", "LOC_DESC": "BEF ANG MO KIO IND PK 2A" }, "geometry": { "type": "Point", "coordinates": [ 31745.664499999955297, 39891.389000000432134 ] } },
{ "type": "Feature", "properties": { "BUS_STOP_N": "84591", "LOC_DESC": "SBST BEDOK NTH DEPOT" }, "geometry": { "type": "Point", "coordinates": [ 40644.523599999956787, 35552.980900000780821 ] } },
{ "type": "Feature", "properties": { "BUS_STOP_N": "05419", "LOC_DESC": "THE AMARA" }, "geometry": { "type": "Point", "coordinates": [ 29099.143899999558926, 28588.41609999909997 ] } },
{ "type": "Feature", "properties": { "BUS_STOP_N": "53361", "LOC_DESC": "BLK 454" }, "geometry": { "type": "Point", "coordinates": [ 27662.787800000049174, 37931.307399999350309 ] } },
{ "type": "Feature", "properties": { "BUS_STOP_N": "28311", "LOC_DESC": "BLK 209" }, "geometry": { "type": "Point", "coordinates": [ 17741.598799999803305, 35610.391200000420213 ] } },
{ "type": "Feature", "properties": { "BUS_STOP_N": "17219", "LOC_DESC": "BLK 376" }, "geometry": { "type": "Point", "coordinates": [ 20525.144799999892712, 33386.315300000831485 ] } },
{ "type": "Feature", "properties": { "BUS_STOP_N": "32119", "LOC_DESC": "AFT LP 96" }, "geometry": { "type": "Point", "coordinates": [ 13162.506599999964237, 42298.16609999909997 ] } },
{ "type": "Feature", "properties": { "BUS_STOP_N": "56269", "LOC_DESC": "BEF ANG MO KIO AVE 2" }, "geometry": { "type": "Point", "coordinates": [ 27882.332700000144541, 38830.729100000113249 ] } },
{ "type": "Feature", "properties": { "BUS_STOP_N": "24229", "LOC_DESC": "AFT GUL ST 3" }, "geometry": { "type": "Point", "coordinates": [ 9404.429299999959767, 33536.450500000268221 ] } },
{ "type": "Feature", "properties": { "BUS_STOP_N": "81221", "LOC_DESC": "OPP BLK 1015" }, "geometry": { "type": "Point", "coordinates": [ 34331.44400000013411, 33560.208799999207258 ] } },
{ "type": "Feature", "properties": { "BUS_STOP_N": "10181", "LOC_DESC": "BEF AR-RABITAH MQUE" }, "geometry": { "type": "Point", "coordinates": [ 26618.928100000135601, 30102.372300000861287 ] } },
{ "type": "Feature", "properties": { "BUS_STOP_N": "98161", "LOC_DESC": "COMPOSITE TECH" }, "geometry": { "type": "Point", "coordinates": [ 43866.78110000025481, 40215.892500000074506 ] } },
{ "type": "Feature", "properties": { "BUS_STOP_N": "22481", "LOC_DESC": "BLK 691A CP" }, "geometry": { "type": "Point", "coordinates": [ 13780.330000000074506, 36076.712799999862909 ] } },
{ "type": "Feature", "properties": { "BUS_STOP_N": "82109", "LOC_DESC": "CITY PLAZA" }, "geometry": { "type": "Point", "coordinates": [ 34669.250500000081956, 33050.534800000488758 ] } },
{ "type": "Feature", "properties": { "BUS_STOP_N": "09169", "LOC_DESC": "DELFI ORCHARD" }, "geometry": { "type": "Point", "coordinates": [ 27461.519799999892712, 32143.156300000846386 ] } },
{ "type": "Feature", "properties": { "BUS_STOP_N": "23141", "LOC_DESC": "OPP VARCO" }, "geometry": { "type": "Point", "coordinates": [ 11384.999499999918044, 34326.580299999564886 ] } },
{ "type": "Feature", "properties": { "BUS_STOP_N": "11499", "LOC_DESC": "QUEENSTOWN PR SCH" }, "geometry": { "type": "Point", "coordinates": [ 25162.178000000305474, 31026.321000000461936 ] } },
{ "type": "Feature", "properties": { "BUS_STOP_N": "11271", "LOC_DESC": "AFT EAST SUSSEX LANE" }, "geometry": { "type": "Point", "coordinates": [ 23181.786999999545515, 33003.419999999925494 ] } },
{ "type": "Feature", "properties": { "BUS_STOP_N": "97159", "LOC_DESC": "BEF VICOM" }, "geometry": { "type": "Point", "coordinates": [ 42959.31319999974221, 36938.497300000861287 ] } },
{ "type": "Feature", "properties": { "BUS_STOP_N": "66399", "LOC_DESC": "OPP LOR CHUAN STN EXIT B" }, "geometry": { "type": "Point", "coordinates": [ 31323.642900000326335, 37066.179800000041723 ] } },
{ "type": "Feature", "properties": { "BUS_STOP_N": "21621", "LOC_DESC": "BLK 354" }, "geometry": { "type": "Point", "coordinates": [ 15621.124900000169873, 35713.391699999570847 ] } },
{ "type": "Feature", "properties": { "BUS_STOP_N": "49019", "LOC_DESC": "KIM HOCK CORP PTE LTD" }, "geometry": { "type": "Point", "coordinates": [ 19000.11019999999553, 43601.761800000444055 ] } },
{ "type": "Feature", "properties": { "BUS_STOP_N": "49021", "LOC_DESC": "WHYE WAH DEVT & CONSTRN" }, "geometry": { "type": "Point", "coordinates": [ 18924.776499999687076, 43908.30599999986589 ] } },
{ "type": "Feature", "properties": { "BUS_STOP_N": "24169", "LOC_DESC": "BEF GUL CIRCLE" }, "geometry": { "type": "Point", "coordinates": [ 9456.179100000299513, 32529.103800000622869 ] } },
{ "type": "Feature", "properties": { "BUS_STOP_N": "28451", "LOC_DESC": "PARC OASIS" }, "geometry": { "type": "Point", "coordinates": [ 17016.297399999573827, 36235.915899999439716 ] } },
{ "type": "Feature", "properties": { "BUS_STOP_N": "44029", "LOC_DESC": "BT PANJANG STN EXIT A/ LRT" }, "geometry": { "type": "Point", "coordinates": [ 20073.885400000028312, 40060.727299999445677 ] } },
{ "type": "Feature", "properties": { "BUS_STOP_N": "64119", "LOC_DESC": "BLK 953" }, "geometry": { "type": "Point", "coordinates": [ 32875.155899999663234, 39851.730799999088049 ] } },
{ "type": "Feature", "properties": { "BUS_STOP_N": "27231", "LOC_DESC": "WEE KIM WEE SCH OF C&I" }, "geometry": { "type": "Point", "coordinates": [ 10833.132500000298023, 35933.883199999108911 ] } },
{ "type": "Feature", "properties": { "BUS_STOP_N": "64431", "LOC_DESC": "BLK 568" }, "geometry": { "type": "Point", "coordinates": [ 34228.511699999682605, 40016.328400000929832 ] } },
{ "type": "Feature", "properties": { "BUS_STOP_N": "23089", "LOC_DESC": "S'PORE DISCOVERY CTR" }, "geometry": { "type": "Point", "coordinates": [ 10793.07660000026226, 34737.860799999907613 ] } },
{ "type": "Feature", "properties": { "BUS_STOP_N": "32081", "LOC_DESC": "SG GEDONG CAMP" }, "geometry": { "type": "Point", "coordinates": [ 13298.654699999839067, 44363.217599999159575 ] } },
{ "type": "Feature", "properties": { "BUS_STOP_N": "64361", "LOC_DESC": "BLK 535" }, "geometry": { "type": "Point", "coordinates": [ 34367.370799999684095, 39814.929700000211596 ] } },
{ "type": "Feature", "properties": { "BUS_STOP_N": "28279", "LOC_DESC": "BLK 114" }, "geometry": { "type": "Point", "coordinates": [ 16973.88300000037998, 35734.523499999195337 ] } },
{ "type": "Feature", "properties": { "BUS_STOP_N": "02101", "LOC_DESC": "AFT S'PORE FLYER" }, "geometry": { "type": "Point", "coordinates": [ 31169.322300000116229, 30198.420499999076128 ] } },
{ "type": "Feature", "properties": { "BUS_STOP_N": "23251", "LOC_DESC": "AFT SHIPYARD RD" }, "geometry": { "type": "Point", "coordinates": [ 11365.708100000396371, 32672.421800000593066 ] } },
{ "type": "Feature", "properties": { "BUS_STOP_N": "11329", "LOC_DESC": "REGENT VILLA" }, "geometry": { "type": "Point", "coordinates": [ 23284.467799999751151, 33839.863199999555945 ] } },
{ "type": "Feature", "properties": { "BUS_STOP_N": "28291", "LOC_DESC": "BLK 303" }, "geometry": { "type": "Point", "coordinates": [ 17199.36780000012368, 36270.597999999299645 ] } },
{ "type": "Feature", "properties": { "BUS_STOP_N": "14081", "LOC_DESC": "TG PAGAR DP BLK F5" }, "geometry": { "type": "Point", "coordinates": [ 27693.248200000263751, 28122.674300000071526 ] } },
{ "type": "Feature", "properties": { "BUS_STOP_N": "59289", "LOC_DESC": "BLK 676 CP" }, "geometry": { "type": "Point", "coordinates": [ 28903.611600000411272, 44828.738700000569224 ] } },
{ "type": "Feature", "properties": { "BUS_STOP_N": "83049", "LOC_DESC": "BEF LOR 110 CHANGI" }, "geometry": { "type": "Point", "coordinates": [ 36545.068300000391901, 33420.578900000080466 ] } },
{ "type": "Feature", "properties": { "BUS_STOP_N": "64471", "LOC_DESC": "BLK 917" }, "geometry": { "type": "Point", "coordinates": [ 33633.117300000041723, 39619.402200000360608 ] } },
{ "type": "Feature", "properties": { "BUS_STOP_N": "28081", "LOC_DESC": "BLK 112" }, "geometry": { "type": "Point", "coordinates": [ 17232.935300000011921, 35749.823699999600649 ] } },
{ "type": "Feature", "properties": { "BUS_STOP_N": "49041", "LOC_DESC": "DHDECO PTE LTD" }, "geometry": { "type": "Point", "coordinates": [ 18808.857400000095367, 44554.158900000154972 ] } },
{ "type": "Feature", "properties": { "BUS_STOP_N": "21209", "LOC_DESC": "TAMAN JURONG GREENS" }, "geometry": { "type": "Point", "coordinates": [ 15178.379999999888241, 35444.64949999935925 ] } },
{ "type": "Feature", "properties": { "BUS_STOP_N": "75039", "LOC_DESC": "SPRINGFIELD SEC SCH" }, "geometry": { "type": "Point", "coordinates": [ 38709.013199999928474, 36972.377000000327826 ] } },
{ "type": "Feature", "properties": { "BUS_STOP_N": "33059", "LOC_DESC": "AFT LIM CHU KANG LANE 3A" }, "geometry": { "type": "Point", "coordinates": [ 13899.155500000342727, 45671.176599999889731 ] } },
{ "type": "Feature", "properties": { "BUS_STOP_N": "59291", "LOC_DESC": "BLK 666" }, "geometry": { "type": "Point", "coordinates": [ 28820.567499999888241, 44520.337200000882149 ] } },
{ "type": "Feature", "properties": { "BUS_STOP_N": "13181", "LOC_DESC": "AFT ONE TREE HILL" }, "geometry": { "type": "Point", "coordinates": [ 26960.369199999608099, 31401.561899999156594 ] } },
{ "type": "Feature", "properties": { "BUS_STOP_N": "21029", "LOC_DESC": "AFT CORPORATION PL" }, "geometry": { "type": "Point", "coordinates": [ 15589.385400000028312, 34065.086300000548363 ] } },
{ "type": "Feature", "properties": { "BUS_STOP_N": "54281", "LOC_DESC": "BLK 570" }, "geometry": { "type": "Point", "coordinates": [ 30528.588399999774992, 39055.0472999997437 ] } },
{ "type": "Feature", "properties": { "BUS_STOP_N": "17361", "LOC_DESC": "OPP WEST COAST LINK" }, "geometry": { "type": "Point", "coordinates": [ 20219.99280000012368, 31225.385999999940395 ] } },
{ "type": "Feature", "properties": { "BUS_STOP_N": "04179", "LOC_DESC": "AFT BRAS BASAH STN EXIT A" }, "geometry": { "type": "Point", "coordinates": [ 30026.940100000239909, 30974.29759999923408 ] } },
{ "type": "Feature", "properties": { "BUS_STOP_N": "15151", "LOC_DESC": "OPP MAPLETREE BIZ CITY" }, "geometry": { "type": "Point", "coordinates": [ 24078.344100000336766, 28491.87390000000596 ] } },
{ "type": "Feature", "properties": { "BUS_STOP_N": "64609", "LOC_DESC": "BLK 687" }, "geometry": { "type": "Point", "coordinates": [ 33718.739099999889731, 39767.278500000014901 ] } },
{ "type": "Feature", "properties": { "BUS_STOP_N": "03501", "LOC_DESC": "MARINA BAY SANDS THEATRE" }, "geometry": { "type": "Point", "coordinates": [ 31041.681499999947846, 29741.898499999195337 ] } },
{ "type": "Feature", "properties": { "BUS_STOP_N": "96121", "LOC_DESC": "METTA WELFARE ASSN" }, "geometry": { "type": "Point", "coordinates": [ 41847.378800000064075, 36599.800100000575185 ] } },
{ "type": "Feature", "properties": { "BUS_STOP_N": "43819", "LOC_DESC": "HILLVIEW GREEN" }, "geometry": { "type": "Point", "coordinates": [ 20404.895999999716878, 37810.061499999836087 ] } },
{ "type": "Feature", "properties": { "BUS_STOP_N": "49069", "LOC_DESC": "TROPICAL FURNITURE LTD" }, "geometry": { "type": "Point", "coordinates": [ 18608.699900000356138, 45348.221200000494719 ] } },
{ "type": "Feature", "properties": { "BUS_STOP_N": "18311", "LOC_DESC": "BLK S12" }, "geometry": { "type": "Point", "coordinates": [ 21829.11670000012964, 31094.825500000268221 ] } },
{ "type": "Feature", "properties": { "BUS_STOP_N": "62039", "LOC_DESC": "Raya Gdn" }, "geometry": { "type": "Point", "coordinates": [ 33298.559500000439584, 36539.824100000783801 ] } },
{ "type": "Feature", "properties": { "BUS_STOP_N": "29071", "LOC_DESC": "GAS SVC INTL" }, "geometry": { "type": "Point", "coordinates": [ 18928.536600000225008, 31831.755899999290705 ] } },
{ "type": "Feature", "properties": { "BUS_STOP_N": "41029", "LOC_DESC": "OPP BOTANIC GDNS STN" }, "geometry": { "type": "Point", "coordinates": [ 26111.764999999664724, 33955.137000000104308 ] } },
{ "type": "Feature", "properties": { "BUS_STOP_N": "02169", "LOC_DESC": "PROMENADE STN" }, "geometry": { "type": "Point", "coordinates": [ 31040.934000000357628, 30636.166799999773502 ] } },
{ "type": "Feature", "properties": { "BUS_STOP_N": "14471", "LOC_DESC": "BLK 114" }, "geometry": { "type": "Point", "coordinates": [ 25039.480200000107288, 29386.707599999383092 ] } },
{ "type": "Feature", "properties": { "BUS_STOP_N": "47549", "LOC_DESC": "OPP BLK 639" }, "geometry": { "type": "Point", "coordinates": [ 24687.021900000050664, 46622.055099999532104 ] } },
{ "type": "Feature", "properties": { "BUS_STOP_N": "16029", "LOC_DESC": "GLORIA MANSION" }, "geometry": { "type": "Point", "coordinates": [ 22092.782999999821186, 29836.217399999499321 ] } },
{ "type": "Feature", "properties": { "BUS_STOP_N": "46161", "LOC_DESC": "GES S'PORE" }, "geometry": { "type": "Point", "coordinates": [ 21578.40570000000298, 47441.833300000056624 ] } },
{ "type": "Feature", "properties": { "BUS_STOP_N": "03341", "LOC_DESC": "BEF GDNS BY THE BAY" }, "geometry": { "type": "Point", "coordinates": [ 31425.984899999573827, 28813.293500000610948 ] } },
{ "type": "Feature", "properties": { "BUS_STOP_N": "63039", "LOC_DESC": "KOVAN STN EXIT C" }, "geometry": { "type": "Point", "coordinates": [ 33799.217000000178814, 38029.064799999818206 ] } },
{ "type": "Feature", "properties": { "BUS_STOP_N": "66339", "LOC_DESC": "BLK 101" }, "geometry": { "type": "Point", "coordinates": [ 32118.409599999897182, 39257.215800000354648 ] } },
{ "type": "Feature", "properties": { "BUS_STOP_N": "75021", "LOC_DESC": "BLK 879B" }, "geometry": { "type": "Point", "coordinates": [ 38594.795300000347197, 37076.116100000217557 ] } },
{ "type": "Feature", "properties": { "BUS_STOP_N": "22411", "LOC_DESC": "BLK 676B" }, "geometry": { "type": "Point", "coordinates": [ 13594.177000000141561, 36493.788499999791384 ] } },
{ "type": "Feature", "properties": { "BUS_STOP_N": "44111", "LOC_DESC": "OPP BLK 203" }, "geometry": { "type": "Point", "coordinates": [ 18698.224600000306964, 40318.587600000202656 ] } },
{ "type": "Feature", "properties": { "BUS_STOP_N": "83201", "LOC_DESC": "BEF FRANKEL TERR" }, "geometry": { "type": "Point", "coordinates": [ 37027.849299999885261, 33429.137199999764562 ] } },
{ "type": "Feature", "properties": { "BUS_STOP_N": "59201", "LOC_DESC": "OPP CHONGFU PR SCH" }, "geometry": { "type": "Point", "coordinates": [ 28787.143199999816716, 46702.45299999974668 ] } },
{ "type": "Feature", "properties": { "BUS_STOP_N": "18221", "LOC_DESC": "NUH" }, "geometry": { "type": "Point", "coordinates": [ 22445.490199999883771, 30968.102900000289083 ] } },
{ "type": "Feature", "properties": { "BUS_STOP_N": "10211", "LOC_DESC": "PORSCHE CTR S'PORE" }, "geometry": { "type": "Point", "coordinates": [ 25550.352900000289083, 30358.824999999254942 ] } },
{ "type": "Feature", "properties": { "BUS_STOP_N": "18239", "LOC_DESC": "OPP NUH" }, "geometry": { "type": "Point", "coordinates": [ 22422.357499999925494, 31020.670800000429153 ] } },
{ "type": "Feature", "properties": { "BUS_STOP_N": "44509", "LOC_DESC": "BLK 442" }, "geometry": { "type": "Point", "coordinates": [ 17446.879499999806285, 40317.406199999153614 ] } },
{ "type": "Feature", "properties": { "BUS_STOP_N": "75151", "LOC_DESC": "OPP BLK 871A" }, "geometry": { "type": "Point", "coordinates": [ 38919.339399999938905, 37405.16330000013113 ] } },
{ "type": "Feature", "properties": { "BUS_STOP_N": "58349", "LOC_DESC": "BLK 478" }, "geometry": { "type": "Point", "coordinates": [ 26116.797600000165403, 48265.075799999758601 ] } },
{ "type": "Feature", "properties": { "BUS_STOP_N": "44151", "LOC_DESC": "OPP BT BATOK FIRE STN" }, "geometry": { "type": "Point", "coordinates": [ 18978.387400000356138, 39553.801999999210238 ] } },
{ "type": "Feature", "properties": { "BUS_STOP_N": "98029", "LOC_DESC": "OPP BLK 275" }, "geometry": { "type": "Point", "coordinates": [ 42702.928199999965727, 38488.440300000831485 ] } },
{ "type": "Feature", "properties": { "BUS_STOP_N": "17009", "LOC_DESC": "CLEMENTI INT" }, "geometry": { "type": "Point", "coordinates": [ 20186.324099999852479, 33329.88990000076592 ] } },
{ "type": "Feature", "properties": { "BUS_STOP_N": "14031", "LOC_DESC": "ST. THERESA'S CONVENT" }, "geometry": { "type": "Point", "coordinates": [ 26855.574300000444055, 28746.381100000813603 ] } },
{ "type": "Feature", "properties": { "BUS_STOP_N": "10451", "LOC_DESC": "OPP BLK 71" }, "geometry": { "type": "Point", "coordinates": [ 26212.027700000442564, 30005.794199999421835 ] } },
{ "type": "Feature", "properties": { "BUS_STOP_N": "31161", "LOC_DESC": "OPP TEEN CHALLENGE" }, "geometry": { "type": "Point", "coordinates": [ 13400.168300000019372, 39394.683800000697374 ] } },
{ "type": "Feature", "properties": { "BUS_STOP_N": "59459", "LOC_DESC": "OPP HUAMIN PR SCH" }, "geometry": { "type": "Point", "coordinates": [ 29034.921400000341237, 45346.188200000673532 ] } },
{ "type": "Feature", "properties": { "BUS_STOP_N": "28051", "LOC_DESC": "OPP NG TENG FONG GEN HOSP" }, "geometry": { "type": "Point", "coordinates": [ 18229.162499999627471, 34959.520199999213219 ] } },
{ "type": "Feature", "properties": { "BUS_STOP_N": "70151", "LOC_DESC": "AFT JLN ANGGEREK" }, "geometry": { "type": "Point", "coordinates": [ 33306.038399999961257, 34434.52559999935329 ] } },
{ "type": "Feature", "properties": { "BUS_STOP_N": "44359", "LOC_DESC": "BEF CHESTNUT AVE" }, "geometry": { "type": "Point", "coordinates": [ 21545.345599999651313, 38874.021800000220537 ] } },
{ "type": "Feature", "properties": { "BUS_STOP_N": "65019", "LOC_DESC": "THE RIVERVALE" }, "geometry": { "type": "Point", "coordinates": [ 35142.812699999660254, 40394.01410000026226 ] } },
{ "type": "Feature", "properties": { "BUS_STOP_N": "10071", "LOC_DESC": "BLK 111" }, "geometry": { "type": "Point", "coordinates": [ 27220.752899999730289, 29214.688300000503659 ] } },
{ "type": "Feature", "properties": { "BUS_STOP_N": "47041", "LOC_DESC": "OPP W'LANDS AUTO HUB" }, "geometry": { "type": "Point", "coordinates": [ 23371.623499999754131, 48247.030999999493361 ] } },
{ "type": "Feature", "properties": { "BUS_STOP_N": "55259", "LOC_DESC": "OPP COUNTRYSIDE EST" }, "geometry": { "type": "Point", "coordinates": [ 28604.809999999590218, 41480.27280000038445 ] } },
{ "type": "Feature", "properties": { "BUS_STOP_N": "05029", "LOC_DESC": "BOAT QUAY" }, "geometry": { "type": "Point", "coordinates": [ 29666.247399999760091, 29957.529799999669194 ] } },
{ "type": "Feature", "properties": { "BUS_STOP_N": "17091", "LOC_DESC": "AFT CLEMENTI AVE 1" }, "geometry": { "type": "Point", "coordinates": [ 21125.649000000208616, 32380.725999999791384 ] } },
{ "type": "Feature", "properties": { "BUS_STOP_N": "32049", "LOC_DESC": "AFT LP 161" }, "geometry": { "type": "Point", "coordinates": [ 13369.705699999816716, 42928.667300000786781 ] } },
{ "type": "Feature", "properties": { "BUS_STOP_N": "63299", "LOC_DESC": "BLK 115" }, "geometry": { "type": "Point", "coordinates": [ 34126.744900000281632, 37195.769899999722838 ] } },
{ "type": "Feature", "properties": { "BUS_STOP_N": "25069", "LOC_DESC": "OPP KYOCERA CHEMICAL" }, "geometry": { "type": "Point", "coordinates": [ 7103.205400000326335, 34411.25929999910295 ] } },
{ "type": "Feature", "properties": { "BUS_STOP_N": "96029", "LOC_DESC": "EXPO HALLS 1/2/3" }, "geometry": { "type": "Point", "coordinates": [ 41672.043499999679625, 35045.710999999195337 ] } },
{ "type": "Feature", "properties": { "BUS_STOP_N": "34011", "LOC_DESC": "OPP LIM CHU KANG LANE 4" }, "geometry": { "type": "Point", "coordinates": [ 14044.706500000320375, 46138.566299999132752 ] } },
{ "type": "Feature", "properties": { "BUS_STOP_N": "65239", "LOC_DESC": "RIVIERA STN EXIT A" }, "geometry": { "type": "Point", "coordinates": [ 37209.136599999852479, 41785.017599999904633 ] } },
{ "type": "Feature", "properties": { "BUS_STOP_N": "43691", "LOC_DESC": "BLK 190" }, "geometry": { "type": "Point", "coordinates": [ 18296.873499999754131, 36347.533800000324845 ] } },
{ "type": "Feature", "properties": { "BUS_STOP_N": "77009", "LOC_DESC": "PASIR RIS INT" }, "geometry": { "type": "Point", "coordinates": [ 40958.643299999646842, 39578.165699999779463 ] } },
{ "type": "Feature", "properties": { "BUS_STOP_N": "60089", "LOC_DESC": "OPP ST. ANDREW'S VILLAGE" }, "geometry": { "type": "Point", "coordinates": [ 31677.416199999861419, 34526.941099999472499 ] } },
{ "type": "Feature", "properties": { "BUS_STOP_N": "43169", "LOC_DESC": "BLK 254" }, "geometry": { "type": "Point", "coordinates": [ 19610.990199999883771, 36830.386700000613928 ] } },
{ "type": "Feature", "properties": { "BUS_STOP_N": "17041", "LOC_DESC": "BLK 726 CLEMENTI WEST MKT" }, "geometry": { "type": "Point", "coordinates": [ 20343.35149999987334, 31841.711300000548363 ] } },
{ "type": "Feature", "properties": { "BUS_STOP_N": "29019", "LOC_DESC": "SANMINA-SCI" }, "geometry": { "type": "Point", "coordinates": [ 16915.680900000035763, 32260.053600000217557 ] } },
{ "type": "Feature", "properties": { "BUS_STOP_N": "23159", "LOC_DESC": "AFT FIFTH LOK YANG RD" }, "geometry": { "type": "Point", "coordinates": [ 11554.025999999605119, 34429.592499999329448 ] } },
{ "type": "Feature", "properties": { "BUS_STOP_N": "06031", "LOC_DESC": "OPP BLK 13" }, "geometry": { "type": "Point", "coordinates": [ 28597.922600000165403, 29832.465399999171495 ] } },
{ "type": "Feature", "properties": { "BUS_STOP_N": "45099", "LOC_DESC": "AFT JLN BUMBONG" }, "geometry": { "type": "Point", "coordinates": [ 19388.892900000326335, 43907.569499999284744 ] } },
{ "type": "Feature", "properties": { "BUS_STOP_N": "24049", "LOC_DESC": "PASIR LABA CAMP" }, "geometry": { "type": "Point", "coordinates": [ 10252.497700000181794, 34797.795399999246001 ] } },
{ "type": "Feature", "properties": { "BUS_STOP_N": "52499", "LOC_DESC": "ST. MICHAEL'S TER" }, "geometry": { "type": "Point", "coordinates": [ 30500.090900000184774, 34210.200799999758601 ] } },
{ "type": "Feature", "properties": { "BUS_STOP_N": "17019", "LOC_DESC": "VARSITY PK" }, "geometry": { "type": "Point", "coordinates": [ 20623.629300000146031, 30693.346300000324845 ] } },
{ "type": "Feature", "properties": { "BUS_STOP_N": "84259", "LOC_DESC": "BLK 88" }, "geometry": { "type": "Point", "coordinates": [ 39765.459599999710917, 35053.370799999684095 ] } },
{ "type": "Feature", "properties": { "BUS_STOP_N": "47609", "LOC_DESC": "OPP BLK 793" }, "geometry": { "type": "Point", "coordinates": [ 24635.979700000025332, 47055.603700000792742 ] } },
{ "type": "Feature", "properties": { "BUS_STOP_N": "41071", "LOC_DESC": "OPP NATL JC" }, "geometry": { "type": "Point", "coordinates": [ 24577.750099999830127, 34577.289599999785423 ] } },
{ "type": "Feature", "properties": { "BUS_STOP_N": "64421", "LOC_DESC": "BLK 421" }, "geometry": { "type": "Point", "coordinates": [ 34882.117300000041723, 39675.731399999931455 ] } },
{ "type": "Feature", "properties": { "BUS_STOP_N": "56241", "LOC_DESC": "ST NICHOLAS GIRLS'" }, "geometry": { "type": "Point", "coordinates": [ 27988.517300000414252, 39342.571900000795722 ] } },
{ "type": "Feature", "properties": { "BUS_STOP_N": "78129", "LOC_DESC": "OPP BLK 233" }, "geometry": { "type": "Point", "coordinates": [ 42337.818699999712408, 39681.415999999269843 ] } },
{ "type": "Feature", "properties": { "BUS_STOP_N": "67201", "LOC_DESC": "BLK 206A" }, "geometry": { "type": "Point", "coordinates": [ 35007.99959999974817, 40957.502000000327826 ] } },
{ "type": "Feature", "properties": { "BUS_STOP_N": "41049", "LOC_DESC": "OPP CORONATION PLAZA" }, "geometry": { "type": "Point", "coordinates": [ 25427.814399999566376, 34110.278100000694394 ] } },
{ "type": "Feature", "properties": { "BUS_STOP_N": "98181", "LOC_DESC": "OPP LOYANG WAY 6" }, "geometry": { "type": "Point", "coordinates": [ 43592.170099999755621, 40701.05489999987185 ] } },
{ "type": "Feature", "properties": { "BUS_STOP_N": "44669", "LOC_DESC": "OPP BLK 532" }, "geometry": { "type": "Point", "coordinates": [ 20378.194500000216067, 40693.945900000631809 ] } },
{ "type": "Feature", "properties": { "BUS_STOP_N": "80151", "LOC_DESC": "OPP SUNTEC CITY" }, "geometry": { "type": "Point", "coordinates": [ 30604.776399999856949, 30793.329900000244379 ] } },
{ "type": "Feature", "properties": { "BUS_STOP_N": "92251", "LOC_DESC": "OPP PARKLAND GREEN" }, "geometry": { "type": "Point", "coordinates": [ 36113.897499999962747, 31379.127199999988079 ] } },
{ "type": "Feature", "properties": { "BUS_STOP_N": "52169", "LOC_DESC": "BLK 117" }, "geometry": { "type": "Point", "coordinates": [ 29261.853600000031292, 35811.679099999368191 ] } },
{ "type": "Feature", "properties": { "BUS_STOP_N": "58281", "LOC_DESC": "SEMBAWANG SEC SCH" }, "geometry": { "type": "Point", "coordinates": [ 26101.13980000000447, 47408.254399999976158 ] } },
{ "type": "Feature", "properties": { "BUS_STOP_N": "50049", "LOC_DESC": "OPP NOVENA LODGE" }, "geometry": { "type": "Point", "coordinates": [ 28952.560100000351667, 33968.035700000822544 ] } },
{ "type": "Feature", "properties": { "BUS_STOP_N": "22341", "LOC_DESC": "BLK 673C" }, "geometry": { "type": "Point", "coordinates": [ 13270.035799999721348, 36336.278400000184774 ] } },
{ "type": "Feature", "properties": { "BUS_STOP_N": "57129", "LOC_DESC": "BLK 114" }, "geometry": { "type": "Point", "coordinates": [ 27230.029299999587238, 46220.283900000154972 ] } },
{ "type": "Feature", "properties": { "BUS_STOP_N": "28331", "LOC_DESC": "BLK 229" }, "geometry": { "type": "Point", "coordinates": [ 17392.249900000169873, 36026.542199999094009 ] } },
{ "type": "Feature", "properties": { "BUS_STOP_N": "32109", "LOC_DESC": "BEF LOR SERAMBI" }, "geometry": { "type": "Point", "coordinates": [ 12911.938299999572337, 40836.823899999260902 ] } },
{ "type": "Feature", "properties": { "BUS_STOP_N": "43239", "LOC_DESC": "THE PETALS CONDO" }, "geometry": { "type": "Point", "coordinates": [ 19843.090800000354648, 37237.475199999287724 ] } },
{ "type": "Feature", "properties": { "BUS_STOP_N": "43761", "LOC_DESC": "OPP DULWICH COLL" }, "geometry": { "type": "Point", "coordinates": [ 17351.465200000442564, 36997.470100000500679 ] } },
{ "type": "Feature", "properties": { "BUS_STOP_N": "65559", "LOC_DESC": "OPP BLK 227A" }, "geometry": { "type": "Point", "coordinates": [ 34589.07839999999851, 42887.725700000301003 ] } },
{ "type": "Feature", "properties": { "BUS_STOP_N": "93101", "LOC_DESC": "AFT COLDSTREAM AVE" }, "geometry": { "type": "Point", "coordinates": [ 37629.89879999961704, 32771.347300000488758 ] } },
{ "type": "Feature", "properties": { "BUS_STOP_N": "65611", "LOC_DESC": "NIBONG STN EXIT B" }, "geometry": { "type": "Point", "coordinates": [ 35452.252100000157952, 43679.661100000143051 ] } },
{ "type": "Feature", "properties": { "BUS_STOP_N": "65619", "LOC_DESC": "NIBONG STN EXIT A" }, "geometry": { "type": "Point", "coordinates": [ 35420.607900000177324, 43711.781600000336766 ] } },
{ "type": "Feature", "properties": { "BUS_STOP_N": "14179", "LOC_DESC": "YEO'S BLDG" }, "geometry": { "type": "Point", "coordinates": [ 25003.901300000026822, 28265.557099999859929 ] } },
{ "type": "Feature", "properties": { "BUS_STOP_N": "46201", "LOC_DESC": "BLK 10" }, "geometry": { "type": "Point", "coordinates": [ 21714.355600000359118, 46930.951400000602007 ] } },
{ "type": "Feature", "properties": { "BUS_STOP_N": "65629", "LOC_DESC": "SAMUDERA STN EXIT A" }, "geometry": { "type": "Point", "coordinates": [ 35697.469200000166893, 44258.373500000685453 ] } },
{ "type": "Feature", "properties": { "BUS_STOP_N": "46159", "LOC_DESC": "BLK 206" }, "geometry": { "type": "Point", "coordinates": [ 21320.358199999667704, 47479.288799999281764 ] } },
{ "type": "Feature", "properties": { "BUS_STOP_N": "59341", "LOC_DESC": "KHOO TECK PUAT HOSP" }, "geometry": { "type": "Point", "coordinates": [ 28611.565000000409782, 45061.187100000679493 ] } },
{ "type": "Feature", "properties": { "BUS_STOP_N": "65621", "LOC_DESC": "SAMUDERA STN EXIT B" }, "geometry": { "type": "Point", "coordinates": [ 35713.82039999961853, 44220.114700000733137 ] } },
{ "type": "Feature", "properties": { "BUS_STOP_N": "65631", "LOC_DESC": "AFT PUNGGOL PT STN" }, "geometry": { "type": "Point", "coordinates": [ 36014.758100000210106, 44335.843699999153614 ] } },
{ "type": "Feature", "properties": { "BUS_STOP_N": "59591", "LOC_DESC": "BET BLKS 405/406" }, "geometry": { "type": "Point", "coordinates": [ 29797.692200000397861, 45365.413100000470877 ] } },
{ "type": "Feature", "properties": { "BUS_STOP_N": "25071", "LOC_DESC": "OPP NISSIN TPT" }, "geometry": { "type": "Point", "coordinates": [ 6839.702100000344217, 34641.051699999719858 ] } },
{ "type": "Feature", "properties": { "BUS_STOP_N": "12101", "LOC_DESC": "NGEE ANN POLY" }, "geometry": { "type": "Point", "coordinates": [ 21809.408300000242889, 34968.994599999859929 ] } },
{ "type": "Feature", "properties": { "BUS_STOP_N": "84241", "LOC_DESC": "BLK 81" }, "geometry": { "type": "Point", "coordinates": [ 39875.35840000025928, 34527.909199999645352 ] } },
{ "type": "Feature", "properties": { "BUS_STOP_N": "33041", "LOC_DESC": "OPP LIM CHU KANG LANE 3" }, "geometry": { "type": "Point", "coordinates": [ 13826.410799999721348, 45489.494200000539422 ] } },
{ "type": "Feature", "properties": { "BUS_STOP_N": "77111", "LOC_DESC": "BEF PASIR RIS WAY" }, "geometry": { "type": "Point", "coordinates": [ 40577.542299999855459, 40466.915200000628829 ] } },
{ "type": "Feature", "properties": { "BUS_STOP_N": "49121", "LOC_DESC": "AFT SMRT BUSES KRANJI DEPOT" }, "geometry": { "type": "Point", "coordinates": [ 19276.970999999903142, 46338.576999999582767 ] } },
{ "type": "Feature", "properties": { "BUS_STOP_N": "76389", "LOC_DESC": "BLK 442" }, "geometry": { "type": "Point", "coordinates": [ 41244.444899999536574, 37940.677400000393391 ] } },
{ "type": "Feature", "properties": { "BUS_STOP_N": "23019", "LOC_DESC": "NIPPON PAINT" }, "geometry": { "type": "Point", "coordinates": [ 12345.502799999900162, 33922.30599999986589 ] } },
{ "type": "Feature", "properties": { "BUS_STOP_N": "44341", "LOC_DESC": "BLK 401A CP" }, "geometry": { "type": "Point", "coordinates": [ 20861.927699999883771, 40352.453999999910593 ] } },
{ "type": "Feature", "properties": { "BUS_STOP_N": "09037", "LOC_DESC": "OPP MANDARIN ORCHARD" }, "geometry": { "type": "Point", "coordinates": [ 28406.087500000372529, 31632.878900000825524 ] } },
{ "type": "Feature", "properties": { "BUS_STOP_N": "53069", "LOC_DESC": "AFT WINDSOR PK RD" }, "geometry": { "type": "Point", "coordinates": [ 27513.972500000149012, 37766.088400000706315 ] } },
{ "type": "Feature", "properties": { "BUS_STOP_N": "58099", "LOC_DESC": "OPP SEMBAWANG PK" }, "geometry": { "type": "Point", "coordinates": [ 28472.220599999651313, 49228.471000000834465 ] } },
{ "type": "Feature", "properties": { "BUS_STOP_N": "34051", "LOC_DESC": "AFT LIM CHU KANG LANE 8" }, "geometry": { "type": "Point", "coordinates": [ 14025.923100000247359, 47160.654799999669194 ] } },
{ "type": "Feature", "properties": { "BUS_STOP_N": "18171", "LOC_DESC": "BEF WEYHILL CL" }, "geometry": { "type": "Point", "coordinates": [ 23637.158900000154972, 31260.568600000813603 ] } },
{ "type": "Feature", "properties": { "BUS_STOP_N": "52229", "LOC_DESC": "JACKSON SQ" }, "geometry": { "type": "Point", "coordinates": [ 29709.98450000025332, 35545.876199999824166 ] } },
{ "type": "Feature", "properties": { "BUS_STOP_N": "77008", "LOC_DESC": "PASIR RIS INT" }, "geometry": { "type": "Point", "coordinates": [ 40905.060100000351667, 39551.634199999272823 ] } },
{ "type": "Feature", "properties": { "BUS_STOP_N": "10091", "LOC_DESC": "BT MERAH TOWN CTR" }, "geometry": { "type": "Point", "coordinates": [ 26270.535000000149012, 29595.779400000348687 ] } },
{ "type": "Feature", "properties": { "BUS_STOP_N": "02099", "LOC_DESC": "MARINA CTR TER" }, "geometry": { "type": "Point", "coordinates": [ 31125.314500000327826, 30420.177300000563264 ] } },
{ "type": "Feature", "properties": { "BUS_STOP_N": "50038", "LOC_DESC": "NOVENA STN" }, "geometry": { "type": "Point", "coordinates": [ 29133.381199999712408, 33533.635999999940395 ] } },
{ "type": "Feature", "properties": { "BUS_STOP_N": "75221", "LOC_DESC": "OPP TEMASEK POLY EAST G" }, "geometry": { "type": "Point", "coordinates": [ 39431.370099999941885, 36422.7331000007689 ] } },
{ "type": "Feature", "properties": { "BUS_STOP_N": "30051", "LOC_DESC": "AFT TRACK 14" }, "geometry": { "type": "Point", "coordinates": [ 15992.840200000442564, 39616.601700000464916 ] } },
{ "type": "Feature", "properties": { "BUS_STOP_N": "50079", "LOC_DESC": "OPP CARLISLE RD" }, "geometry": { "type": "Point", "coordinates": [ 29523.309999999590218, 33127.723500000312924 ] } },
{ "type": "Feature", "properties": { "BUS_STOP_N": "84239", "LOC_DESC": "OPP BLK 85" }, "geometry": { "type": "Point", "coordinates": [ 39685.231499999761581, 34861.578199999406934 ] } },
{ "type": "Feature", "properties": { "BUS_STOP_N": "84469", "LOC_DESC": "BLK 703" }, "geometry": { "type": "Point", "coordinates": [ 37607.775999999605119, 35529.444900000467896 ] } },
{ "type": "Feature", "properties": { "BUS_STOP_N": "67151", "LOC_DESC": "KANGKAR STN EXIT B" }, "geometry": { "type": "Point", "coordinates": [ 35657.510499999858439, 40603.425599999725819 ] } },
{ "type": "Feature", "properties": { "BUS_STOP_N": "90059", "LOC_DESC": "S'PORE SWIM CLUB" }, "geometry": { "type": "Point", "coordinates": [ 33206.393000000156462, 31111.198100000619888 ] } },
{ "type": "Feature", "properties": { "BUS_STOP_N": "43519", "LOC_DESC": "OPP BT BATOK SWIM CPLX" }, "geometry": { "type": "Point", "coordinates": [ 18551.716799999587238, 36378.255899999290705 ] } },
{ "type": "Feature", "properties": { "BUS_STOP_N": "24431", "LOC_DESC": "AFT PIONEER SECTOR 2" }, "geometry": { "type": "Point", "coordinates": [ 8458.145299999974668, 32184.398700000718236 ] } },
{ "type": "Feature", "properties": { "BUS_STOP_N": "66491", "LOC_DESC": "OPP BLK 910" }, "geometry": { "type": "Point", "coordinates": [ 33490.285400000400841, 40153.488600000739098 ] } },
{ "type": "Feature", "properties": { "BUS_STOP_N": "90029", "LOC_DESC": "OPP PEBBLE BAY" }, "geometry": { "type": "Point", "coordinates": [ 32355.61089999973774, 31044.027100000530481 ] } },
{ "type": "Feature", "properties": { "BUS_STOP_N": "06051", "LOC_DESC": "BLK 55" }, "geometry": { "type": "Point", "coordinates": [ 28078.661000000312924, 29694.965099999681115 ] } },
{ "type": "Feature", "properties": { "BUS_STOP_N": "15229", "LOC_DESC": "BEF STH BUONA VISTA RD" }, "geometry": { "type": "Point", "coordinates": [ 22704.08559999987483, 29087.60869999974966 ] } },
{ "type": "Feature", "properties": { "BUS_STOP_N": "28069", "LOC_DESC": "BLK 203" }, "geometry": { "type": "Point", "coordinates": [ 17889.18680000025779, 35406.973799999803305 ] } },
{ "type": "Feature", "properties": { "BUS_STOP_N": "10271", "LOC_DESC": "OPP TANGLIN VIEW" }, "geometry": { "type": "Point", "coordinates": [ 26233.486200000159442, 30398.670800000429153 ] } },
{ "type": "Feature", "properties": { "BUS_STOP_N": "65229", "LOC_DESC": "BLK 298" }, "geometry": { "type": "Point", "coordinates": [ 36028.722099999897182, 42790.436499999836087 ] } },
{ "type": "Feature", "properties": { "BUS_STOP_N": "62031", "LOC_DESC": "BEF HOW SUN RD" }, "geometry": { "type": "Point", "coordinates": [ 33374.681300000287592, 36384.59940000064671 ] } },
{ "type": "Feature", "properties": { "BUS_STOP_N": "11301", "LOC_DESC": "HSE NO. 578" }, "geometry": { "type": "Point", "coordinates": [ 22949.736399999819696, 33372.7972999997437 ] } },
{ "type": "Feature", "properties": { "BUS_STOP_N": "65221", "LOC_DESC": "BLK 303D" }, "geometry": { "type": "Point", "coordinates": [ 35961.002999999560416, 42873.943199999630451 ] } },
{ "type": "Feature", "properties": { "BUS_STOP_N": "44301", "LOC_DESC": "OPP BLK 271" }, "geometry": { "type": "Point", "coordinates": [ 21395.183799999766052, 39954.200300000607967 ] } },
{ "type": "Feature", "properties": { "BUS_STOP_N": "28319", "LOC_DESC": "BLK 207" }, "geometry": { "type": "Point", "coordinates": [ 17804.037499999627471, 35635.007500000298023 ] } },
{ "type": "Feature", "properties": { "BUS_STOP_N": "76471", "LOC_DESC": "BLK 444" }, "geometry": { "type": "Point", "coordinates": [ 41115.175499999895692, 37846.061499999836087 ] } },
{ "type": "Feature", "properties": { "BUS_STOP_N": "66431", "LOC_DESC": "OPP BLK 506A" }, "geometry": { "type": "Point", "coordinates": [ 32668.509999999776483, 39450.659199999645352 ] } },
{ "type": "Feature", "properties": { "BUS_STOP_N": "78179", "LOC_DESC": "OPP BLK 108" }, "geometry": { "type": "Point", "coordinates": [ 41711.343999999575317, 38872.479900000616908 ] } },
{ "type": "Feature", "properties": { "BUS_STOP_N": "21411", "LOC_DESC": "OPP BLK 188" }, "geometry": { "type": "Point", "coordinates": [ 14306.175400000065565, 36238.44649999961257 ] } },
{ "type": "Feature", "properties": { "BUS_STOP_N": "28131", "LOC_DESC": "BEF JURONG LODGE 1B" }, "geometry": { "type": "Point", "coordinates": [ 16551.018400000408292, 37221.204500000923872 ] } },
{ "type": "Feature", "properties": { "BUS_STOP_N": "28449", "LOC_DESC": "BEF SEVENTH-DAY ADVENT CH" }, "geometry": { "type": "Point", "coordinates": [ 17580.946999999694526, 35403.313999999314547 ] } },
{ "type": "Feature", "properties": { "BUS_STOP_N": "63149", "LOC_DESC": "S'GOON STADIUM" }, "geometry": { "type": "Point", "coordinates": [ 32589.900399999693036, 37445.404500000178814 ] } },
{ "type": "Feature", "properties": { "BUS_STOP_N": "59391", "LOC_DESC": "BLK 342B" }, "geometry": { "type": "Point", "coordinates": [ 29320.767500000074506, 45772.963800000026822 ] } },
{ "type": "Feature", "properties": { "BUS_STOP_N": "28601", "LOC_DESC": "YUHUA SEC SCH" }, "geometry": { "type": "Point", "coordinates": [ 15740.90610000025481, 36627.781300000846386 ] } },
{ "type": "Feature", "properties": { "BUS_STOP_N": "59139", "LOC_DESC": "AFT CHONG PANG CC" }, "geometry": { "type": "Point", "coordinates": [ 27580.713499999605119, 45908.875800000503659 ] } },
{ "type": "Feature", "properties": { "BUS_STOP_N": "27221", "LOC_DESC": "SCH OF CEE" }, "geometry": { "type": "Point", "coordinates": [ 10770.72620000038296, 36496.9054000005126 ] } },
{ "type": "Feature", "properties": { "BUS_STOP_N": "99031", "LOC_DESC": "OPP MARANATHA B-P CH" }, "geometry": { "type": "Point", "coordinates": [ 44532.260900000110269, 41096.634800000116229 ] } },
{ "type": "Feature", "properties": { "BUS_STOP_N": "24681", "LOC_DESC": "OPP JURONG INSP CTR" }, "geometry": { "type": "Point", "coordinates": [ 8567.131400000303984, 32697.230499999597669 ] } },
{ "type": "Feature", "properties": { "BUS_STOP_N": "98139", "LOC_DESC": "AFT LOYANG WAY 1" }, "geometry": { "type": "Point", "coordinates": [ 43485.798000000417233, 39562.361700000241399 ] } },
{ "type": "Feature", "properties": { "BUS_STOP_N": "58351", "LOC_DESC": "Blk 483" }, "geometry": { "type": "Point", "coordinates": [ 25955.206000000238419, 48609.842199999839067 ] } },
{ "type": "Feature", "properties": { "BUS_STOP_N": "13159", "LOC_DESC": "BEF ZION FULL GOSPEL CH" }, "geometry": { "type": "Point", "coordinates": [ 27690.133799999952316, 31147.205800000578165 ] } },
{ "type": "Feature", "properties": { "BUS_STOP_N": "63261", "LOC_DESC": "OPP BLK 232" }, "geometry": { "type": "Point", "coordinates": [ 34215.014999999664724, 37893.399399999529123 ] } },
{ "type": "Feature", "properties": { "BUS_STOP_N": "11579", "LOC_DESC": "BLK 158" }, "geometry": { "type": "Point", "coordinates": [ 24637.564000000245869, 30549.614299999549985 ] } },
{ "type": "Feature", "properties": { "BUS_STOP_N": "44511", "LOC_DESC": "BLK 289" }, "geometry": { "type": "Point", "coordinates": [ 17673.357499999925494, 40157.824899999424815 ] } },
{ "type": "Feature", "properties": { "BUS_STOP_N": "28391", "LOC_DESC": "BLK 501" }, "geometry": { "type": "Point", "coordinates": [ 15316.689199999906123, 36885.628599999472499 ] } },
{ "type": "Feature", "properties": { "BUS_STOP_N": "71099", "LOC_DESC": "BLK 311" }, "geometry": { "type": "Point", "coordinates": [ 35843.287499999627471, 34708.964900000020862 ] } },
{ "type": "Feature", "properties": { "BUS_STOP_N": "52181", "LOC_DESC": "OPP TOA PAYOH STN" }, "geometry": { "type": "Point", "coordinates": [ 29470.203099999576807, 35020.009800000116229 ] } },
{ "type": "Feature", "properties": { "BUS_STOP_N": "54429", "LOC_DESC": "BLK 561" }, "geometry": { "type": "Point", "coordinates": [ 30774.248499999754131, 39153.767400000244379 ] } },
{ "type": "Feature", "properties": { "BUS_STOP_N": "84191", "LOC_DESC": "BLK 220 CP" }, "geometry": { "type": "Point", "coordinates": [ 39351.396900000050664, 34220.097699999809265 ] } },
{ "type": "Feature", "properties": { "BUS_STOP_N": "28339", "LOC_DESC": "BLK 252" }, "geometry": { "type": "Point", "coordinates": [ 17329.404799999669194, 36090.364099999889731 ] } },
{ "type": "Feature", "properties": { "BUS_STOP_N": "14101", "LOC_DESC": "OPP KEPPEL DP BLK 517" }, "geometry": { "type": "Point", "coordinates": [ 27434.002899999730289, 27869.991900000721216 ] } },
{ "type": "Feature", "properties": { "BUS_STOP_N": "48039", "LOC_DESC": "LP 159" }, "geometry": { "type": "Point", "coordinates": [ 22415.03940000012517, 43617.463600000366569 ] } },
{ "type": "Feature", "properties": { "BUS_STOP_N": "41041", "LOC_DESC": "CORONATION PLAZA" }, "geometry": { "type": "Point", "coordinates": [ 25428.427299999631941, 34027.025100000202656 ] } },
{ "type": "Feature", "properties": { "BUS_STOP_N": "46331", "LOC_DESC": "BLK 511" }, "geometry": { "type": "Point", "coordinates": [ 22974.2972999997437, 46093.719000000506639 ] } },
{ "type": "Feature", "properties": { "BUS_STOP_N": "43319", "LOC_DESC": "OPP MIDVIEW BLDG" }, "geometry": { "type": "Point", "coordinates": [ 19591.939799999818206, 35754.002100000157952 ] } },
{ "type": "Feature", "properties": { "BUS_STOP_N": "29091", "LOC_DESC": "OPP SIA HUAT" }, "geometry": { "type": "Point", "coordinates": [ 19012.900500000454485, 31310.624399999156594 ] } },
{ "type": "Feature", "properties": { "BUS_STOP_N": "21311", "LOC_DESC": "BEF TRACTOR RD" }, "geometry": { "type": "Point", "coordinates": [ 14227.459999999962747, 33946.039100000634789 ] } },
{ "type": "Feature", "properties": { "BUS_STOP_N": "75009", "LOC_DESC": "TAMPINES INT" }, "geometry": { "type": "Point", "coordinates": [ 40277.987499999813735, 37432.905300000682473 ] } },
{ "type": "Feature", "properties": { "BUS_STOP_N": "68091", "LOC_DESC": "AFT BAKER ST" }, "geometry": { "type": "Point", "coordinates": [ 32164.112800000235438, 42695.983899999409914 ] } },
{ "type": "Feature", "properties": { "BUS_STOP_N": "52071", "LOC_DESC": "TRELLIS TWRS" }, "geometry": { "type": "Point", "coordinates": [ 29178.113599999807775, 34682.4527000002563 ] } },
{ "type": "Feature", "properties": { "BUS_STOP_N": "84339", "LOC_DESC": "BLK 416" }, "geometry": { "type": "Point", "coordinates": [ 38847.995600000023842, 34558.814899999648333 ] } },
{ "type": "Feature", "properties": { "BUS_STOP_N": "45141", "LOC_DESC": "AFT W'LANDS RD" }, "geometry": { "type": "Point", "coordinates": [ 19488.58530000038445, 45180.300000000745058 ] } },
{ "type": "Feature", "properties": { "BUS_STOP_N": "44399", "LOC_DESC": "OPP BLK 210" }, "geometry": { "type": "Point", "coordinates": [ 18571.127500000409782, 40553.70890000090003 ] } },
{ "type": "Feature", "properties": { "BUS_STOP_N": "27439", "LOC_DESC": "BLK 861" }, "geometry": { "type": "Point", "coordinates": [ 12841.558199999853969, 36845.905500000342727 ] } },
{ "type": "Feature", "properties": { "BUS_STOP_N": "27441", "LOC_DESC": "BET BLKS 757 / 758" }, "geometry": { "type": "Point", "coordinates": [ 13246.534199999645352, 36939.702500000596046 ] } },
{ "type": "Feature", "properties": { "BUS_STOP_N": "54441", "LOC_DESC": "BLK 507" }, "geometry": { "type": "Point", "coordinates": [ 29941.078700000420213, 39582.747500000521541 ] } },
{ "type": "Feature", "properties": { "BUS_STOP_N": "31129", "LOC_DESC": "AFT NIRVANA MEMORIAL GDN" }, "geometry": { "type": "Point", "coordinates": [ 11757.105999999679625, 39109.047100000083447 ] } },
{ "type": "Feature", "properties": { "BUS_STOP_N": "51039", "LOC_DESC": "OPP S'PORE POLO CLUB" }, "geometry": { "type": "Point", "coordinates": [ 28621.905399999581277, 34864.629000000655651 ] } },
{ "type": "Feature", "properties": { "BUS_STOP_N": "25321", "LOC_DESC": "YCH DISTRIPK" }, "geometry": { "type": "Point", "coordinates": [ 8312.507500000298023, 33326.953400000929832 ] } },
{ "type": "Feature", "properties": { "BUS_STOP_N": "75241", "LOC_DESC": "OPP TEMASEK POLY WEST G" }, "geometry": { "type": "Point", "coordinates": [ 38739.747399999760091, 36729.275399999693036 ] } },
{ "type": "Feature", "properties": { "BUS_STOP_N": "43481", "LOC_DESC": "BLK 315" }, "geometry": { "type": "Point", "coordinates": [ 18330.458800000138581, 37995.604499999433756 ] } },
{ "type": "Feature", "properties": { "BUS_STOP_N": "55181", "LOC_DESC": "OPP YIO CHU KANG STN" }, "geometry": { "type": "Point", "coordinates": [ 29174.448900000192225, 40386.900499999523163 ] } },
{ "type": "Feature", "properties": { "BUS_STOP_N": "01012", "LOC_DESC": "HOTEL GRAND PACIFIC" }, "geometry": { "type": "Point", "coordinates": [ 30140.80420000012964, 31031.951400000602007 ] } },
{ "type": "Feature", "properties": { "BUS_STOP_N": "98049", "LOC_DESC": "LOYANG VALLEY" }, "geometry": { "type": "Point", "coordinates": [ 43276.996100000105798, 39059.854499999433756 ] } },
{ "type": "Feature", "properties": { "BUS_STOP_N": "44559", "LOC_DESC": "BLK 483" }, "geometry": { "type": "Point", "coordinates": [ 17376.547100000083447, 39801.880100000649691 ] } },
{ "type": "Feature", "properties": { "BUS_STOP_N": "13119", "LOC_DESC": "OPP GREAT WORLD CITY" }, "geometry": { "type": "Point", "coordinates": [ 27947.468399999663234, 30664.53940000012517 ] } },
{ "type": "Feature", "properties": { "BUS_STOP_N": "49129", "LOC_DESC": "LIP GUAN IND" }, "geometry": { "type": "Point", "coordinates": [ 19308.401899999938905, 46284.671099999919534 ] } },
{ "type": "Feature", "properties": { "BUS_STOP_N": "55281", "LOC_DESC": "AFT SLE" }, "geometry": { "type": "Point", "coordinates": [ 27498.597299999557436, 42221.267300000414252 ] } },
{ "type": "Feature", "properties": { "BUS_STOP_N": "54471", "LOC_DESC": "OPP BLK 538" }, "geometry": { "type": "Point", "coordinates": [ 30228.060200000181794, 39792.27930000051856 ] } },
{ "type": "Feature", "properties": { "BUS_STOP_N": "07589", "LOC_DESC": "CH OF OUR LADY OF LOURDER" }, "geometry": { "type": "Point", "coordinates": [ 30460.025000000372529, 31731.187899999320507 ] } },
{ "type": "Feature", "properties": { "BUS_STOP_N": "52129", "LOC_DESC": "BLK 29" }, "geometry": { "type": "Point", "coordinates": [ 30900.614299999549985, 34184.866800000891089 ] } },
{ "type": "Feature", "properties": { "BUS_STOP_N": "55269", "LOC_DESC": "OPP BULLION PK" }, "geometry": { "type": "Point", "coordinates": [ 28394.094499999657273, 41608.688999999314547 ] } },
{ "type": "Feature", "properties": { "BUS_STOP_N": "77201", "LOC_DESC": "PASIR RIS ELIAS CC" }, "geometry": { "type": "Point", "coordinates": [ 40171.222799999639392, 40074.2972999997437 ] } },
{ "type": "Feature", "properties": { "BUS_STOP_N": "13099", "LOC_DESC": "BEF KIM YAM RD" }, "geometry": { "type": "Point", "coordinates": [ 28696.201899999752641, 30905.644799999892712 ] } },
{ "type": "Feature", "properties": { "BUS_STOP_N": "46999", "LOC_DESC": "Opp Blk 589" }, "geometry": { "type": "Point", "coordinates": [ 23815.814699999988079, 45456.028000000864267 ] } },
{ "type": "Feature", "properties": { "BUS_STOP_N": "45249", "LOC_DESC": "BLK 511A" }, "geometry": { "type": "Point", "coordinates": [ 17711.864799999631941, 41158.976800000295043 ] } },
{ "type": "Feature", "properties": { "BUS_STOP_N": "58389", "LOC_DESC": "OPP BLK 469B" }, "geometry": { "type": "Point", "coordinates": [ 25804.296900000423193, 47710.136700000613928 ] } },
{ "type": "Feature", "properties": { "BUS_STOP_N": "78229", "LOC_DESC": "BLK 485" }, "geometry": { "type": "Point", "coordinates": [ 42206.485600000247359, 39570.20890000090003 ] } },
{ "type": "Feature", "properties": { "BUS_STOP_N": "43389", "LOC_DESC": "OPP BLK 102" }, "geometry": { "type": "Point", "coordinates": [ 18537.119500000029802, 36622.935599999502301 ] } },
{ "type": "Feature", "properties": { "BUS_STOP_N": "43869", "LOC_DESC": "BEF DAIRY FARM EST NTH GATE" }, "geometry": { "type": "Point", "coordinates": [ 20791.520200000144541, 38551.90679999999702 ] } },
{ "type": "Feature", "properties": { "BUS_STOP_N": "53221", "LOC_DESC": "BLK 115" }, "geometry": { "type": "Point", "coordinates": [ 29685.076700000092387, 36697.861400000751019 ] } },
{ "type": "Feature", "properties": { "BUS_STOP_N": "78079", "LOC_DESC": "BLK 429" }, "geometry": { "type": "Point", "coordinates": [ 41753.561200000345707, 39117.737700000405312 ] } },
{ "type": "Feature", "properties": { "BUS_STOP_N": "44051", "LOC_DESC": "OPP BLK 632 CP" }, "geometry": { "type": "Point", "coordinates": [ 19592.606599999591708, 40732.504799999296665 ] } },
{ "type": "Feature", "properties": { "BUS_STOP_N": "29069", "LOC_DESC": "AFT PANDAN RD" }, "geometry": { "type": "Point", "coordinates": [ 18277.540400000289083, 31704.377199999988079 ] } },
{ "type": "Feature", "properties": { "BUS_STOP_N": "44791", "LOC_DESC": "WEST VIEW PRI SCH" }, "geometry": { "type": "Point", "coordinates": [ 19917.864500000141561, 40633.28179999999702 ] } },
{ "type": "Feature", "properties": { "BUS_STOP_N": "45109", "LOC_DESC": "BEF JLN BUMBONG" }, "geometry": { "type": "Point", "coordinates": [ 19260.399000000208616, 44399.596999999135733 ] } },
{ "type": "Feature", "properties": { "BUS_STOP_N": "97181", "LOC_DESC": "SEAMAP" }, "geometry": { "type": "Point", "coordinates": [ 43448.185800000093877, 36655.957900000736117 ] } },
{ "type": "Feature", "properties": { "BUS_STOP_N": "17121", "LOC_DESC": "BLK 610" }, "geometry": { "type": "Point", "coordinates": [ 20882.639000000432134, 31904.183000000193715 ] } },
{ "type": "Feature", "properties": { "BUS_STOP_N": "63019", "LOC_DESC": "AFT UPP S'GOON SHOP CTR" }, "geometry": { "type": "Point", "coordinates": [ 32966.396200000308454, 37282.167799999937415 ] } },
{ "type": "Feature", "properties": { "BUS_STOP_N": "68049", "LOC_DESC": "OPP JLN TARI LILIN" }, "geometry": { "type": "Point", "coordinates": [ 32413.246500000357628, 42264.094799999147654 ] } },
{ "type": "Feature", "properties": { "BUS_STOP_N": "59111", "LOC_DESC": "BLK 701" }, "geometry": { "type": "Point", "coordinates": [ 27495.973199999891222, 45765.46680000051856 ] } },
{ "type": "Feature", "properties": { "BUS_STOP_N": "54351", "LOC_DESC": "NANYANG POLY" }, "geometry": { "type": "Point", "coordinates": [ 29866.155500000342727, 39830.226700000464916 ] } },
{ "type": "Feature", "properties": { "BUS_STOP_N": "84071", "LOC_DESC": "BLK 71" }, "geometry": { "type": "Point", "coordinates": [ 40171.12569999974221, 33661.471499999985099 ] } },
{ "type": "Feature", "properties": { "BUS_STOP_N": "65119", "LOC_DESC": "OPP PUNGGOL 17TH AVE" }, "geometry": { "type": "Point", "coordinates": [ 36469.192800000309944, 44004.670099999755621 ] } },
{ "type": "Feature", "properties": { "BUS_STOP_N": "49011", "LOC_DESC": "OPP KIM HOCK CORP PTE LTD" }, "geometry": { "type": "Point", "coordinates": [ 18981.431800000369549, 43594.986400000751019 ] } },
{ "type": "Feature", "properties": { "BUS_STOP_N": "42209", "LOC_DESC": "AFT TOH TUCK RISE" }, "geometry": { "type": "Point", "coordinates": [ 20238.093500000424683, 35702.275800000876188 ] } },
{ "type": "Feature", "properties": { "BUS_STOP_N": "42201", "LOC_DESC": "BEF TOH TUCK RISE" }, "geometry": { "type": "Point", "coordinates": [ 20275.086600000038743, 35729.788399999961257 ] } },
{ "type": "Feature", "properties": { "BUS_STOP_N": "45411", "LOC_DESC": "OPP BLK 670" }, "geometry": { "type": "Point", "coordinates": [ 18475.050699999555945, 42817.773700000718236 ] } },
{ "type": "Feature", "properties": { "BUS_STOP_N": "84501", "LOC_DESC": "CHRIST CH" }, "geometry": { "type": "Point", "coordinates": [ 37201.165400000289083, 35034.848300000652671 ] } },
{ "type": "Feature", "properties": { "BUS_STOP_N": "11071", "LOC_DESC": "BLK 97" }, "geometry": { "type": "Point", "coordinates": [ 24485.557199999690056, 32069.513599999248981 ] } },
{ "type": "Feature", "properties": { "BUS_STOP_N": "46399", "LOC_DESC": "AFT 888 PLAZA" }, "geometry": { "type": "Point", "coordinates": [ 23639.140800000168383, 46737.005100000649691 ] } },
{ "type": "Feature", "properties": { "BUS_STOP_N": "52221", "LOC_DESC": "OPP JACKSON SQ" }, "geometry": { "type": "Point", "coordinates": [ 29664.021599999628961, 35575.919700000435114 ] } },
{ "type": "Feature", "properties": { "BUS_STOP_N": "71141", "LOC_DESC": "BLK 3023" }, "geometry": { "type": "Point", "coordinates": [ 35093.911399999633431, 34598.761299999430776 ] } },
{ "type": "Feature", "properties": { "BUS_STOP_N": "75131", "LOC_DESC": "BET BLKS 701/702" }, "geometry": { "type": "Point", "coordinates": [ 39558.250599999912083, 37559.574100000783801 ] } },
{ "type": "Feature", "properties": { "BUS_STOP_N": "53389", "LOC_DESC": "OPP BISHAN NTH SHOP MALL" }, "geometry": { "type": "Point", "coordinates": [ 29319.207200000062585, 37780.907299999147654 ] } },
{ "type": "Feature", "properties": { "BUS_STOP_N": "21171", "LOC_DESC": "OPP CORPORATION PL" }, "geometry": { "type": "Point", "coordinates": [ 15285.387699999846518, 34235.973999999463558 ] } },
{ "type": "Feature", "properties": { "BUS_STOP_N": "44291", "LOC_DESC": "OPP CCK POLYCLINIC" }, "geometry": { "type": "Point", "coordinates": [ 18881.289099999703467, 40389.007999999448657 ] } },
{ "type": "Feature", "properties": { "BUS_STOP_N": "40121", "LOC_DESC": "OPP NEWTON LIFE CH" }, "geometry": { "type": "Point", "coordinates": [ 28808.77350000012666, 32992.28969999961555 ] } },
{ "type": "Feature", "properties": { "BUS_STOP_N": "49171", "LOC_DESC": "OPP SHINGDA CONSTRUCTION" }, "geometry": { "type": "Point", "coordinates": [ 18827.420800000429153, 46268.519500000402331 ] } },
{ "type": "Feature", "properties": { "BUS_STOP_N": "22231", "LOC_DESC": "BLK 639" }, "geometry": { "type": "Point", "coordinates": [ 12845.600200000219047, 35891.312599999830127 ] } },
{ "type": "Feature", "properties": { "BUS_STOP_N": "66439", "LOC_DESC": "BLK 504A CP" }, "geometry": { "type": "Point", "coordinates": [ 32696.185899999924004, 39543.465299999341369 ] } },
{ "type": "Feature", "properties": { "BUS_STOP_N": "76291", "LOC_DESC": "ANGSANA PR SCH" }, "geometry": { "type": "Point", "coordinates": [ 41118.57050000037998, 36769.830800000578165 ] } },
{ "type": "Feature", "properties": { "BUS_STOP_N": "13171", "LOC_DESC": "GRAMERCY PK" }, "geometry": { "type": "Point", "coordinates": [ 27269.770399999804795, 31266.67989999987185 ] } },
{ "type": "Feature", "properties": { "BUS_STOP_N": "78209", "LOC_DESC": "BLK 242" }, "geometry": { "type": "Point", "coordinates": [ 42341.786000000312924, 39253.54700000025332 ] } },
{ "type": "Feature", "properties": { "BUS_STOP_N": "46769", "LOC_DESC": "BLK 666" }, "geometry": { "type": "Point", "coordinates": [ 24043.35910000000149, 46796.493200000375509 ] } },
{ "type": "Feature", "properties": { "BUS_STOP_N": "55371", "LOC_DESC": "AFT LENTOR ST" }, "geometry": { "type": "Point", "coordinates": [ 28122.52350000012666, 41177.204199999570847 ] } },
{ "type": "Feature", "properties": { "BUS_STOP_N": "23249", "LOC_DESC": "BEF BENOI RD" }, "geometry": { "type": "Point", "coordinates": [ 10848.425099999643862, 32457.797499999403954 ] } },
{ "type": "Feature", "properties": { "BUS_STOP_N": "82129", "LOC_DESC": "TG KATONG SEC SCH" }, "geometry": { "type": "Point", "coordinates": [ 35037.629499999806285, 32416.929099999368191 ] } },
{ "type": "Feature", "properties": { "BUS_STOP_N": "52399", "LOC_DESC": "BLK 231" }, "geometry": { "type": "Point", "coordinates": [ 30938.172100000083447, 35466.276900000870228 ] } },
{ "type": "Feature", "properties": { "BUS_STOP_N": "28111", "LOC_DESC": "AFT BT BATOK RD" }, "geometry": { "type": "Point", "coordinates": [ 17150.296900000423193, 36669.5456000007689 ] } },
{ "type": "Feature", "properties": { "BUS_STOP_N": "66309", "LOC_DESC": "BLK 112" }, "geometry": { "type": "Point", "coordinates": [ 32295.296400000341237, 39037.798599999397993 ] } },
{ "type": "Feature", "properties": { "BUS_STOP_N": "64549", "LOC_DESC": "OPP HOUGANG CTRL INT" }, "geometry": { "type": "Point", "coordinates": [ 34500.29619999974966, 39268.107100000604987 ] } },
{ "type": "Feature", "properties": { "BUS_STOP_N": "14129", "LOC_DESC": "HARBOURFRONT STN EXIT A" }, "geometry": { "type": "Point", "coordinates": [ 26527.923000000417233, 27608.761099999770522 ] } },
{ "type": "Feature", "properties": { "BUS_STOP_N": "46239", "LOC_DESC": "LARKIN TER" }, "geometry": { "type": "Point", "coordinates": [ 17969.1402000002563, 52983.816500000655651 ] } },
{ "type": "Feature", "properties": { "BUS_STOP_N": "23169", "LOC_DESC": "BEF KIAN TECK RD" }, "geometry": { "type": "Point", "coordinates": [ 11891.29700000025332, 34432.28179999999702 ] } },
{ "type": "Feature", "properties": { "BUS_STOP_N": "10139", "LOC_DESC": "BLK 1" }, "geometry": { "type": "Point", "coordinates": [ 25213.809600000269711, 29858.097699999809265 ] } },
{ "type": "Feature", "properties": { "BUS_STOP_N": "46851", "LOC_DESC": "BLK 664" }, "geometry": { "type": "Point", "coordinates": [ 24026.763000000268221, 46417.381699999794364 ] } },
{ "type": "Feature", "properties": { "BUS_STOP_N": "58051", "LOC_DESC": "BLK 592C" }, "geometry": { "type": "Point", "coordinates": [ 27459.830900000408292, 48059.703199999406934 ] } },
{ "type": "Feature", "properties": { "BUS_STOP_N": "10021", "LOC_DESC": "BLK 3" }, "geometry": { "type": "Point", "coordinates": [ 28558.40749999973923, 28880.876299999654293 ] } },
{ "type": "Feature", "properties": { "BUS_STOP_N": "97179", "LOC_DESC": "SATS CATERING" }, "geometry": { "type": "Point", "coordinates": [ 43207.591799999587238, 36404.573899999260902 ] } },
{ "type": "Feature", "properties": { "BUS_STOP_N": "22049", "LOC_DESC": "BEF TG KLING RD" }, "geometry": { "type": "Point", "coordinates": [ 13298.996299999766052, 32878.838800000026822 ] } },
{ "type": "Feature", "properties": { "BUS_STOP_N": "11321", "LOC_DESC": "OPP REGENT VILLA" }, "geometry": { "type": "Point", "coordinates": [ 23189.703700000420213, 33722.735799999907613 ] } },
{ "type": "Feature", "properties": { "BUS_STOP_N": "52191", "LOC_DESC": "BLK 138B" }, "geometry": { "type": "Point", "coordinates": [ 29417.734600000083447, 35400.362600000575185 ] } },
{ "type": "Feature", "properties": { "BUS_STOP_N": "25231", "LOC_DESC": "OPP ASIA-PACIFIC BREWERY" }, "geometry": { "type": "Point", "coordinates": [ 7315.820299999788404, 35643.642300000414252 ] } },
{ "type": "Feature", "properties": { "BUS_STOP_N": "64079", "LOC_DESC": "PUNGGOL PK" }, "geometry": { "type": "Point", "coordinates": [ 35176.323400000110269, 39663.997500000521541 ] } },
{ "type": "Feature", "properties": { "BUS_STOP_N": "67141", "LOC_DESC": "BLK 119D" }, "geometry": { "type": "Point", "coordinates": [ 35811.557000000029802, 40880.970399999991059 ] } },
{ "type": "Feature", "properties": { "BUS_STOP_N": "10349", "LOC_DESC": "BLK 116" }, "geometry": { "type": "Point", "coordinates": [ 26628.542999999597669, 29705.152300000190735 ] } },
{ "type": "Feature", "properties": { "BUS_STOP_N": "43709", "LOC_DESC": "BLK 644" }, "geometry": { "type": "Point", "coordinates": [ 18963.416299999691546, 36762.801400000229478 ] } },
{ "type": "Feature", "properties": { "BUS_STOP_N": "14061", "LOC_DESC": "OPP FORMER RAILWAY STN" }, "geometry": { "type": "Point", "coordinates": [ 28579.216000000014901, 28316.454700000584126 ] } },
{ "type": "Feature", "properties": { "BUS_STOP_N": "28389", "LOC_DESC": "OPP BLK 515" }, "geometry": { "type": "Point", "coordinates": [ 15552.286000000312924, 36512.901100000366569 ] } },
{ "type": "Feature", "properties": { "BUS_STOP_N": "62049", "LOC_DESC": "AFT PAYA LEBAR CRES" }, "geometry": { "type": "Point", "coordinates": [ 33244.376500000245869, 36748.203199999406934 ] } },
{ "type": "Feature", "properties": { "BUS_STOP_N": "14509", "LOC_DESC": "BLK 92B" }, "geometry": { "type": "Point", "coordinates": [ 25051.621899999678135, 28681.58420000039041 ] } },
{ "type": "Feature", "properties": { "BUS_STOP_N": "22421", "LOC_DESC": "NATL OXYGEN PTE LTD" }, "geometry": { "type": "Point", "coordinates": [ 13012.782599999569356, 32234.577500000596046 ] } },
{ "type": "Feature", "properties": { "BUS_STOP_N": "17419", "LOC_DESC": "SUNSET WAY P/G" }, "geometry": { "type": "Point", "coordinates": [ 20499.535000000149012, 34262.958300000056624 ] } },
{ "type": "Feature", "properties": { "BUS_STOP_N": "54339", "LOC_DESC": "BLK 422" }, "geometry": { "type": "Point", "coordinates": [ 29923.597000000067055, 38870.544199999421835 ] } },
{ "type": "Feature", "properties": { "BUS_STOP_N": "45591", "LOC_DESC": "FUCHUN CC" }, "geometry": { "type": "Point", "coordinates": [ 21520.936200000345707, 45667.00760000012815 ] } },
{ "type": "Feature", "properties": { "BUS_STOP_N": "67451", "LOC_DESC": "BEF BUANGKOK DR" }, "geometry": { "type": "Point", "coordinates": [ 34261.608900000341237, 40549.81359999999404 ] } },
{ "type": "Feature", "properties": { "BUS_STOP_N": "03071", "LOC_DESC": "OPP SO SOFITEL S'PORE" }, "geometry": { "type": "Point", "coordinates": [ 29805.26659999974072, 29183.209400000050664 ] } },
{ "type": "Feature", "properties": { "BUS_STOP_N": "14071", "LOC_DESC": "KEPPEL WORKSHOP" }, "geometry": { "type": "Point", "coordinates": [ 28068.22829999960959, 28296.97440000064671 ] } },
{ "type": "Feature", "properties": { "BUS_STOP_N": "67269", "LOC_DESC": "OPP BLK 203A" }, "geometry": { "type": "Point", "coordinates": [ 34871.779900000430644, 40890.848200000822544 ] } },
{ "type": "Feature", "properties": { "BUS_STOP_N": "67489", "LOC_DESC": "OPP FERNVALE STN" }, "geometry": { "type": "Point", "coordinates": [ 32859.400999999605119, 41433.542999999597669 ] } },
{ "type": "Feature", "properties": { "BUS_STOP_N": "78089", "LOC_DESC": "BLK 405" }, "geometry": { "type": "Point", "coordinates": [ 41664.762199999764562, 39519.491699999198318 ] } },
{ "type": "Feature", "properties": { "BUS_STOP_N": "21131", "LOC_DESC": "BEF JURONG PORT RD" }, "geometry": { "type": "Point", "coordinates": [ 15170.906600000336766, 33001.759700000286102 ] } },
{ "type": "Feature", "properties": { "BUS_STOP_N": "28039", "LOC_DESC": "AFT BOON LAY SUB STN" }, "geometry": { "type": "Point", "coordinates": [ 18890.105000000447035, 34475.101700000464916 ] } },
{ "type": "Feature", "properties": { "BUS_STOP_N": "48089", "LOC_DESC": "UPP SELETAR RESVR" }, "geometry": { "type": "Point", "coordinates": [ 25180.529400000348687, 43047.673100000247359 ] } },
{ "type": "Feature", "properties": { "BUS_STOP_N": "65269", "LOC_DESC": "BLK 162B" }, "geometry": { "type": "Point", "coordinates": [ 37051.049899999983609, 42068.021800000220537 ] } },
{ "type": "Feature", "properties": { "BUS_STOP_N": "65151", "LOC_DESC": "COVE STN EXIT B" }, "geometry": { "type": "Point", "coordinates": [ 36173.825799999758601, 42307.302799999713898 ] } },
{ "type": "Feature", "properties": { "BUS_STOP_N": "46901", "LOC_DESC": "BLK 15" }, "geometry": { "type": "Point", "coordinates": [ 25355.67879999987781, 47738.633899999782443 ] } },
{ "type": "Feature", "properties": { "BUS_STOP_N": "16169", "LOC_DESC": "NUS RAFFLES HALL" }, "geometry": { "type": "Point", "coordinates": [ 21250.67920000012964, 31478.704500000923872 ] } },
{ "type": "Feature", "properties": { "BUS_STOP_N": "21659", "LOC_DESC": "CHINESE GDN" }, "geometry": { "type": "Point", "coordinates": [ 15849.545699999667704, 35671.773900000378489 ] } },
{ "type": "Feature", "properties": { "BUS_STOP_N": "26409", "LOC_DESC": "MULTICO" }, "geometry": { "type": "Point", "coordinates": [ 5398.730200000107288, 30173.141200000420213 ] } },
{ "type": "Feature", "properties": { "BUS_STOP_N": "43171", "LOC_DESC": "BLK 229" }, "geometry": { "type": "Point", "coordinates": [ 19233.755900000222027, 36745.554700000211596 ] } },
{ "type": "Feature", "properties": { "BUS_STOP_N": "22039", "LOC_DESC": "MARKONO HOLDINGS" }, "geometry": { "type": "Point", "coordinates": [ 13018.764700000174344, 33898.862400000914931 ] } },
{ "type": "Feature", "properties": { "BUS_STOP_N": "09111", "LOC_DESC": "OPP FOUR SEASONS HOTEL" }, "geometry": { "type": "Point", "coordinates": [ 27511.144600000232458, 31875.425599999725819 ] } },
{ "type": "Feature", "properties": { "BUS_STOP_N": "84681", "LOC_DESC": "BLK 163" }, "geometry": { "type": "Point", "coordinates": [ 40654.656499999575317, 33613.445299999788404 ] } },
{ "type": "Feature", "properties": { "BUS_STOP_N": "12209", "LOC_DESC": "OPP LOGISHUB @ CLEMENTI" }, "geometry": { "type": "Point", "coordinates": [ 20322.783999999985099, 34284.241900000721216 ] } },
{ "type": "Feature", "properties": { "BUS_STOP_N": "16891", "LOC_DESC": "OPP BLK 420A" }, "geometry": { "type": "Point", "coordinates": [ 20749.141099999658763, 32464.338400000706315 ] } },
{ "type": "Feature", "properties": { "BUS_STOP_N": "26031", "LOC_DESC": "HIAP SENG ENGRG LTD" }, "geometry": { "type": "Point", "coordinates": [ 7066.044200000353158, 33080.843699999153614 ] } },
{ "type": "Feature", "properties": { "BUS_STOP_N": "78189", "LOC_DESC": "OPP BLK 187" }, "geometry": { "type": "Point", "coordinates": [ 41985.367600000463426, 38513.412900000810623 ] } },
{ "type": "Feature", "properties": { "BUS_STOP_N": "11151", "LOC_DESC": "BLK 42" }, "geometry": { "type": "Point", "coordinates": [ 24555.57050000037998, 31215.755100000649691 ] } },
{ "type": "Feature", "properties": { "BUS_STOP_N": "75299", "LOC_DESC": "BEF TAMPINES AVE 9" }, "geometry": { "type": "Point", "coordinates": [ 38877.96100000012666, 38284.918600000441074 ] } },
{ "type": "Feature", "properties": { "BUS_STOP_N": "78199", "LOC_DESC": "OPP WHITE SANDS PRI SCH" }, "geometry": { "type": "Point", "coordinates": [ 42305.522199999541044, 38525.218000000342727 ] } },
{ "type": "Feature", "properties": { "BUS_STOP_N": "32061", "LOC_DESC": "OPP LP 173" }, "geometry": { "type": "Point", "coordinates": [ 13170.031700000166893, 43701.210500000044703 ] } },
{ "type": "Feature", "properties": { "BUS_STOP_N": "84429", "LOC_DESC": "BKJ 515" }, "geometry": { "type": "Point", "coordinates": [ 38774.407599999569356, 34944.831399999558926 ] } },
{ "type": "Feature", "properties": { "BUS_STOP_N": "28661", "LOC_DESC": "OPP JURONG EAST WAREHSE" }, "geometry": { "type": "Point", "coordinates": [ 18661.662200000137091, 35426.365399999544024 ] } },
{ "type": "Feature", "properties": { "BUS_STOP_N": "58329", "LOC_DESC": "BLK 474" }, "geometry": { "type": "Point", "coordinates": [ 26141.099799999967217, 48016.79079999960959 ] } },
{ "type": "Feature", "properties": { "BUS_STOP_N": "43249", "LOC_DESC": "HILLVIEW APTS" }, "geometry": { "type": "Point", "coordinates": [ 20060.917399999685585, 37519.549000000581145 ] } },
{ "type": "Feature", "properties": { "BUS_STOP_N": "21409", "LOC_DESC": "BLK 191" }, "geometry": { "type": "Point", "coordinates": [ 14513.77309999987483, 36172.67339999973774 ] } },
{ "type": "Feature", "properties": { "BUS_STOP_N": "77341", "LOC_DESC": "OPP BLK 569" }, "geometry": { "type": "Point", "coordinates": [ 40815.280299999751151, 39079.516400000080466 ] } },
{ "type": "Feature", "properties": { "BUS_STOP_N": "93041", "LOC_DESC": "HUA XIN CT" }, "geometry": { "type": "Point", "coordinates": [ 39142.162999999709427, 32619.017899999395013 ] } },
{ "type": "Feature", "properties": { "BUS_STOP_N": "94019", "LOC_DESC": "OPP EVERGREEN AVE" }, "geometry": { "type": "Point", "coordinates": [ 39401.639200000092387, 32955.215800000354648 ] } },
{ "type": "Feature", "properties": { "BUS_STOP_N": "59121", "LOC_DESC": "BLK 121" }, "geometry": { "type": "Point", "coordinates": [ 27626.162200000137091, 46246.619000000879169 ] } },
{ "type": "Feature", "properties": { "BUS_STOP_N": "99079", "LOC_DESC": "OPP OLD PIER ROAD" }, "geometry": { "type": "Point", "coordinates": [ 44238.583599999547005, 41055.642699999734759 ] } },
{ "type": "Feature", "properties": { "BUS_STOP_N": "99071", "LOC_DESC": "AFT OLD PIER RD" }, "geometry": { "type": "Point", "coordinates": [ 44142.015999999828637, 41066.255000000819564 ] } },
{ "type": "Feature", "properties": { "BUS_STOP_N": "66559", "LOC_DESC": "OPP BLK 984A" }, "geometry": { "type": "Point", "coordinates": [ 33391.370199999772012, 40426.986700000241399 ] } },
{ "type": "Feature", "properties": { "BUS_STOP_N": "66561", "LOC_DESC": "BLK 991B" }, "geometry": { "type": "Point", "coordinates": [ 33472.332899999804795, 40602.246999999508262 ] } },
{ "type": "Feature", "properties": { "BUS_STOP_N": "75381", "LOC_DESC": "T5@TAMPINES" }, "geometry": { "type": "Point", "coordinates": [ 38377.985500000417233, 39461.986800000071526 ] } },
{ "type": "Feature", "properties": { "BUS_STOP_N": "84161", "LOC_DESC": "BLK 3" }, "geometry": { "type": "Point", "coordinates": [ 39025.12390000000596, 33771.542500000447035 ] } },
{ "type": "Feature", "properties": { "BUS_STOP_N": "10519", "LOC_DESC": "BLK 4" }, "geometry": { "type": "Point", "coordinates": [ 27201.305700000375509, 30451.661199999973178 ] } },
{ "type": "Feature", "properties": { "BUS_STOP_N": "84251", "LOC_DESC": "BLK 99" }, "geometry": { "type": "Point", "coordinates": [ 39747.520999999716878, 35074.17119999974966 ] } },
{ "type": "Feature", "properties": { "BUS_STOP_N": "24149", "LOC_DESC": "AFT JOO KOON CRES" }, "geometry": { "type": "Point", "coordinates": [ 10335.216300000436604, 34418.527599999681115 ] } },
{ "type": "Feature", "properties": { "BUS_STOP_N": "43129", "LOC_DESC": "CASHEW PK CONDO" }, "geometry": { "type": "Point", "coordinates": [ 20684.60190000012517, 39291.796599999070168 ] } },
{ "type": "Feature", "properties": { "BUS_STOP_N": "50159", "LOC_DESC": "BEF KIM KEAT LANE" }, "geometry": { "type": "Point", "coordinates": [ 30217.513600000180304, 34092.234699999913573 ] } },
{ "type": "Feature", "properties": { "BUS_STOP_N": "63319", "LOC_DESC": "OPP BLK 634" }, "geometry": { "type": "Point", "coordinates": [ 32974.57730000000447, 39027.153799999505281 ] } },
{ "type": "Feature", "properties": { "BUS_STOP_N": "27291", "LOC_DESC": "OPP HALL 6" }, "geometry": { "type": "Point", "coordinates": [ 11661.114599999971688, 36657.872999999672174 ] } },
{ "type": "Feature", "properties": { "BUS_STOP_N": "96109", "LOC_DESC": "OPP BLK 3012" }, "geometry": { "type": "Point", "coordinates": [ 41061.753399999812245, 35500.136600000783801 ] } },
{ "type": "Feature", "properties": { "BUS_STOP_N": "26251", "LOC_DESC": "BEF TUAS STH AVE 2" }, "geometry": { "type": "Point", "coordinates": [ 5342.846199999563396, 33307.2043999992311 ] } },
{ "type": "Feature", "properties": { "BUS_STOP_N": "63099", "LOC_DESC": "BLK 106" }, "geometry": { "type": "Point", "coordinates": [ 34419.533400000073016, 37306.347500000149012 ] } },
{ "type": "Feature", "properties": { "BUS_STOP_N": "28269", "LOC_DESC": "BLK 118" }, "geometry": { "type": "Point", "coordinates": [ 17060.099399999715388, 35403.111400000751019 ] } },
{ "type": "Feature", "properties": { "BUS_STOP_N": "84449", "LOC_DESC": "BLK 509" }, "geometry": { "type": "Point", "coordinates": [ 38931.410799999721348, 35054.366800000891089 ] } },
{ "type": "Feature", "properties": { "BUS_STOP_N": "64051", "LOC_DESC": "BLK 465A" }, "geometry": { "type": "Point", "coordinates": [ 35165.492200000211596, 39371.273399999365211 ] } },
{ "type": "Feature", "properties": { "BUS_STOP_N": "84459", "LOC_DESC": "BET BLKS 705/706" }, "geometry": { "type": "Point", "coordinates": [ 37459.277800000272691, 35395.106000000610948 ] } },
{ "type": "Feature", "properties": { "BUS_STOP_N": "12051", "LOC_DESC": "PINE GR CONDO" }, "geometry": { "type": "Point", "coordinates": [ 21356.517400000244379, 33557.347699999809265 ] } },
{ "type": "Feature", "properties": { "BUS_STOP_N": "82089", "LOC_DESC": "AFT IPOH LANE" }, "geometry": { "type": "Point", "coordinates": [ 34784.535899999551475, 32575.001900000497699 ] } },
{ "type": "Feature", "properties": { "BUS_STOP_N": "64339", "LOC_DESC": "BLK 602" }, "geometry": { "type": "Point", "coordinates": [ 33972.979399999603629, 39268.173599999397993 ] } },
{ "type": "Feature", "properties": { "BUS_STOP_N": "44241", "LOC_DESC": "OPP LOMPANG RD" }, "geometry": { "type": "Point", "coordinates": [ 20498.098799999803305, 40346.440199999138713 ] } },
{ "type": "Feature", "properties": { "BUS_STOP_N": "82079", "LOC_DESC": "TG KATONG GIRLS' SCH" }, "geometry": { "type": "Point", "coordinates": [ 34888.616399999707937, 32255.782400000840425 ] } },
{ "type": "Feature", "properties": { "BUS_STOP_N": "28699", "LOC_DESC": "OPP UNI-TECH CTR" }, "geometry": { "type": "Point", "coordinates": [ 19524.336500000208616, 35323.022299999371171 ] } },
{ "type": "Feature", "properties": { "BUS_STOP_N": "44159", "LOC_DESC": "BT BATOK FIRE STN" }, "geometry": { "type": "Point", "coordinates": [ 19014.172100000083447, 39549.02930000051856 ] } },
{ "type": "Feature", "properties": { "BUS_STOP_N": "63131", "LOC_DESC": "THE TEMBUSU" }, "geometry": { "type": "Point", "coordinates": [ 34342.455099999904633, 38150.150699999183416 ] } },
{ "type": "Feature", "properties": { "BUS_STOP_N": "62041", "LOC_DESC": "OPP BETHANY PRESBY CH" }, "geometry": { "type": "Point", "coordinates": [ 33215.435499999672174, 36704.006400000303984 ] } },
{ "type": "Feature", "properties": { "BUS_STOP_N": "78091", "LOC_DESC": "OPP DOWNTOWN EAST" }, "geometry": { "type": "Point", "coordinates": [ 41680.15500000026077, 39860.029999999329448 ] } },
{ "type": "Feature", "properties": { "BUS_STOP_N": "52349", "LOC_DESC": "UNITED MEDICARE CTR" }, "geometry": { "type": "Point", "coordinates": [ 30452.356900000013411, 35377.790500000119209 ] } },
{ "type": "Feature", "properties": { "BUS_STOP_N": "59059", "LOC_DESC": "BLK 608" }, "geometry": { "type": "Point", "coordinates": [ 28184.088399999774992, 44696.232599999755621 ] } },
{ "type": "Feature", "properties": { "BUS_STOP_N": "11061", "LOC_DESC": "OPP QUEENSWAY SEC SCH" }, "geometry": { "type": "Point", "coordinates": [ 24428.309000000357628, 31681.974500000476837 ] } },
{ "type": "Feature", "properties": { "BUS_STOP_N": "11491", "LOC_DESC": "OPP QUEENSTOWN PR SCH" }, "geometry": { "type": "Point", "coordinates": [ 25146.781299999915063, 31050.677200000733137 ] } },
{ "type": "Feature", "properties": { "BUS_STOP_N": "75159", "LOC_DESC": "BLK 874" }, "geometry": { "type": "Point", "coordinates": [ 38920.201299999840558, 37350.682900000363588 ] } },
{ "type": "Feature", "properties": { "BUS_STOP_N": "44661", "LOC_DESC": "BLK 532" }, "geometry": { "type": "Point", "coordinates": [ 20402.081500000320375, 40714.794399999082088 ] } },
{ "type": "Feature", "properties": { "BUS_STOP_N": "95131", "LOC_DESC": "POLICE PASS OFF" }, "geometry": { "type": "Point", "coordinates": [ 46523.564000000245869, 40790.935300000011921 ] } },
{ "type": "Feature", "properties": { "BUS_STOP_N": "43139", "LOC_DESC": "OPP BT PANJANG PR SCH" }, "geometry": { "type": "Point", "coordinates": [ 20981.919099999591708, 39468.150699999183416 ] } },
{ "type": "Feature", "properties": { "BUS_STOP_N": "24529", "LOC_DESC": "AFT TUAS AVE 5" }, "geometry": { "type": "Point", "coordinates": [ 8514.673100000247359, 33285.134899999946356 ] } },
{ "type": "Feature", "properties": { "BUS_STOP_N": "55219", "LOC_DESC": "BEF ANG MO KIO AVE 9" }, "geometry": { "type": "Point", "coordinates": [ 29404.720700000412762, 40840.958399999886751 ] } },
{ "type": "Feature", "properties": { "BUS_STOP_N": "58089", "LOC_DESC": "AFT ANDREWS AVE" }, "geometry": { "type": "Point", "coordinates": [ 28360.051400000229478, 48925.541600000113249 ] } },
{ "type": "Feature", "properties": { "BUS_STOP_N": "44579", "LOC_DESC": "AFT BLK 272" }, "geometry": { "type": "Point", "coordinates": [ 18006.109000000171363, 40054.73340000025928 ] } },
{ "type": "Feature", "properties": { "BUS_STOP_N": "51011", "LOC_DESC": "OPP TAN TONG MENG TWR" }, "geometry": { "type": "Point", "coordinates": [ 28843.449000000022352, 34442.764299999922514 ] } },
{ "type": "Feature", "properties": { "BUS_STOP_N": "55119", "LOC_DESC": "BLK 617" }, "geometry": { "type": "Point", "coordinates": [ 28511.437599999830127, 39918.178600000217557 ] } },
{ "type": "Feature", "properties": { "BUS_STOP_N": "62179", "LOC_DESC": "BLK 421" }, "geometry": { "type": "Point", "coordinates": [ 32620.000300000421703, 36743.477399999275804 ] } },
{ "type": "Feature", "properties": { "BUS_STOP_N": "10051", "LOC_DESC": "BLK 149" }, "geometry": { "type": "Point", "coordinates": [ 27870.852900000289083, 28876.357899999246001 ] } },
{ "type": "Feature", "properties": { "BUS_STOP_N": "64439", "LOC_DESC": "BLK 537" }, "geometry": { "type": "Point", "coordinates": [ 34257.762299999594688, 40003.369100000709295 ] } },
{ "type": "Feature", "properties": { "BUS_STOP_N": "54599", "LOC_DESC": "BLK 5056" }, "geometry": { "type": "Point", "coordinates": [ 31164.622399999760091, 39661.234899999573827 ] } },
{ "type": "Feature", "properties": { "BUS_STOP_N": "55321", "LOC_DESC": "OPP NANYANG POLY" }, "geometry": { "type": "Point", "coordinates": [ 29545.413200000301003, 40033.839400000870228 ] } },
{ "type": "Feature", "properties": { "BUS_STOP_N": "55241", "LOC_DESC": "AFT YIO CHU KANG RD" }, "geometry": { "type": "Point", "coordinates": [ 28818.599899999797344, 41256.301200000569224 ] } },
{ "type": "Feature", "properties": { "BUS_STOP_N": "44379", "LOC_DESC": "OPP BLK 219" }, "geometry": { "type": "Point", "coordinates": [ 21277.169499999843538, 39507.270600000396371 ] } },
{ "type": "Feature", "properties": { "BUS_STOP_N": "57079", "LOC_DESC": "KHATIB CAMP" }, "geometry": { "type": "Point", "coordinates": [ 27146.214800000190735, 45122.196100000292063 ] } },
{ "type": "Feature", "properties": { "BUS_STOP_N": "42029", "LOC_DESC": "AFT SWISS CLUB RD" }, "geometry": { "type": "Point", "coordinates": [ 23419.090200000442564, 35050.629699999466538 ] } },
{ "type": "Feature", "properties": { "BUS_STOP_N": "48031", "LOC_DESC": "LP 162" }, "geometry": { "type": "Point", "coordinates": [ 22427.369699999690056, 43659.280300000682473 ] } },
{ "type": "Feature", "properties": { "BUS_STOP_N": "93131", "LOC_DESC": "OPP EASTERN LAGOON II" }, "geometry": { "type": "Point", "coordinates": [ 39221.661000000312924, 32779.297399999573827 ] } },
{ "type": "Feature", "properties": { "BUS_STOP_N": "67021", "LOC_DESC": "OPP DEDAP RD" }, "geometry": { "type": "Point", "coordinates": [ 31588.969800000078976, 41247.986899999901652 ] } },
{ "type": "Feature", "properties": { "BUS_STOP_N": "45299", "LOC_DESC": "BLK 702" }, "geometry": { "type": "Point", "coordinates": [ 18189.834499999880791, 41476.949599999934435 ] } },
{ "type": "Feature", "properties": { "BUS_STOP_N": "23469", "LOC_DESC": "OPP TANOTO SHIPYARD" }, "geometry": { "type": "Point", "coordinates": [ 12813.909900000318885, 31929.683299999684095 ] } },
{ "type": "Feature", "properties": { "BUS_STOP_N": "64241", "LOC_DESC": "BLK 308" }, "geometry": { "type": "Point", "coordinates": [ 35016.179399999789894, 38799.106100000441074 ] } },
{ "type": "Feature", "properties": { "BUS_STOP_N": "59241", "LOC_DESC": "BLK 236" }, "geometry": { "type": "Point", "coordinates": [ 28654.324000000022352, 46222.18640000000596 ] } },
{ "type": "Feature", "properties": { "BUS_STOP_N": "53141", "LOC_DESC": "OPP WHITLEY SEC SCH" }, "geometry": { "type": "Point", "coordinates": [ 28892.661000000312924, 37537.126000000163913 ] } },
{ "type": "Feature", "properties": { "BUS_STOP_N": "52021", "LOC_DESC": "OPP BLK 1004" }, "geometry": { "type": "Point", "coordinates": [ 29610.59360000025481, 36268.608500000089407 ] } },
{ "type": "Feature", "properties": { "BUS_STOP_N": "47499", "LOC_DESC": "OPP TWINS FOUNTAIN" }, "geometry": { "type": "Point", "coordinates": [ 24356.181300000287592, 45839.892300000414252 ] } },
{ "type": "Feature", "properties": { "BUS_STOP_N": "47491", "LOC_DESC": "TWINS FOUNTAIN" }, "geometry": { "type": "Point", "coordinates": [ 24347.225899999961257, 45864.6418999992311 ] } },
{ "type": "Feature", "properties": { "BUS_STOP_N": "96071", "LOC_DESC": "OPP ITE COLL EAST TEC BLK" }, "geometry": { "type": "Point", "coordinates": [ 41342.674300000071526, 35298.609300000593066 ] } },
{ "type": "Feature", "properties": { "BUS_STOP_N": "47509", "LOC_DESC": "BLK 583" }, "geometry": { "type": "Point", "coordinates": [ 23719.345499999821186, 45784.359400000423193 ] } },
{ "type": "Feature", "properties": { "BUS_STOP_N": "44071", "LOC_DESC": "BLK 464" }, "geometry": { "type": "Point", "coordinates": [ 17201.654400000348687, 39869.69510000012815 ] } },
{ "type": "Feature", "properties": { "BUS_STOP_N": "83171", "LOC_DESC": "BEF ROSEBURN AVE" }, "geometry": { "type": "Point", "coordinates": [ 37532.092799999751151, 33002.050100000575185 ] } },
{ "type": "Feature", "properties": { "BUS_STOP_N": "34039", "LOC_DESC": "BEF LIM CHU KANG LANE 6" }, "geometry": { "type": "Point", "coordinates": [ 14067.238099999725819, 46475.791200000792742 ] } },
{ "type": "Feature", "properties": { "BUS_STOP_N": "59129", "LOC_DESC": "OPP BLK 121" }, "geometry": { "type": "Point", "coordinates": [ 27664.784500000067055, 46292.806500000879169 ] } },
{ "type": "Feature", "properties": { "BUS_STOP_N": "49039", "LOC_DESC": "ASIA RATTAN" }, "geometry": { "type": "Point", "coordinates": [ 18881.036600000225008, 44261.994300000369549 ] } },
{ "type": "Feature", "properties": { "BUS_STOP_N": "66009", "LOC_DESC": "SERANGOON INT" }, "geometry": { "type": "Point", "coordinates": [ 32275.824400000274181, 36952.438100000843406 ] } },
{ "type": "Feature", "properties": { "BUS_STOP_N": "98291", "LOC_DESC": "OPP PALM ISLES" }, "geometry": { "type": "Point", "coordinates": [ 42674.005599999800324, 37689.405099999159575 ] } },
{ "type": "Feature", "properties": { "BUS_STOP_N": "26299", "LOC_DESC": "BEF TUAS STH AVE 6" }, "geometry": { "type": "Point", "coordinates": [ 4879.489400000311434, 31948.933900000527501 ] } },
{ "type": "Feature", "properties": { "BUS_STOP_N": "22549", "LOC_DESC": "OPP BLK 655 CP" }, "geometry": { "type": "Point", "coordinates": [ 12928.739000000059605, 35205.230399999767542 ] } },
{ "type": "Feature", "properties": { "BUS_STOP_N": "67049", "LOC_DESC": "THE GREENWICH" }, "geometry": { "type": "Point", "coordinates": [ 32071.207700000144541, 41076.496799999848008 ] } },
{ "type": "Feature", "properties": { "BUS_STOP_N": "32101", "LOC_DESC": "AFT MURAI FARMWAY" }, "geometry": { "type": "Point", "coordinates": [ 12878.396399999968708, 40816.706199999898672 ] } },
{ "type": "Feature", "properties": { "BUS_STOP_N": "50111", "LOC_DESC": "REVIVAL CTR CH" }, "geometry": { "type": "Point", "coordinates": [ 29464.374800000339746, 33447.186899999156594 ] } },
{ "type": "Feature", "properties": { "BUS_STOP_N": "81049", "LOC_DESC": "AFT LOR 34 GEYLANG" }, "geometry": { "type": "Point", "coordinates": [ 34012.698400000110269, 32925.297100000083447 ] } },
{ "type": "Feature", "properties": { "BUS_STOP_N": "56019", "LOC_DESC": "BEF ANG MO KIO AVE 1" }, "geometry": { "type": "Point", "coordinates": [ 27477.477400000207126, 39051.479800000786781 ] } },
{ "type": "Feature", "properties": { "BUS_STOP_N": "75231", "LOC_DESC": "OPP TEMASEK POLY" }, "geometry": { "type": "Point", "coordinates": [ 39073.018899999558926, 36572.471599999815226 ] } },
{ "type": "Feature", "properties": { "BUS_STOP_N": "76401", "LOC_DESC": "BLK 230B" }, "geometry": { "type": "Point", "coordinates": [ 41088.377100000157952, 37449.239900000393391 ] } },
{ "type": "Feature", "properties": { "BUS_STOP_N": "43569", "LOC_DESC": "BT GOMBAK STADIUM" }, "geometry": { "type": "Point", "coordinates": [ 19076.513500000350177, 37715.951700000092387 ] } },
{ "type": "Feature", "properties": { "BUS_STOP_N": "67459", "LOC_DESC": "AFT BUANGKOK DR" }, "geometry": { "type": "Point", "coordinates": [ 34208.364099999889731, 40543.291799999773502 ] } },
{ "type": "Feature", "properties": { "BUS_STOP_N": "75089", "LOC_DESC": "BLK 827" }, "geometry": { "type": "Point", "coordinates": [ 39218.042600000277162, 36874.623999999836087 ] } },
{ "type": "Feature", "properties": { "BUS_STOP_N": "67511", "LOC_DESC": "BLK 121E" }, "geometry": { "type": "Point", "coordinates": [ 36123.248700000345707, 40887.087200000882149 ] } },
{ "type": "Feature", "properties": { "BUS_STOP_N": "92191", "LOC_DESC": "OPP CP C3" }, "geometry": { "type": "Point", "coordinates": [ 37066.087299999780953, 31646.263399999588728 ] } },
{ "type": "Feature", "properties": { "BUS_STOP_N": "28671", "LOC_DESC": "ALLIANCE BLDG" }, "geometry": { "type": "Point", "coordinates": [ 18982.67339999973774, 35487.051400000229478 ] } },
{ "type": "Feature", "properties": { "BUS_STOP_N": "58541", "LOC_DESC": "OPP CANBERRA STN" }, "geometry": { "type": "Point", "coordinates": [ 27677.339999999850988, 47159.026399999856949 ] } },
{ "type": "Feature", "properties": { "BUS_STOP_N": "60181", "LOC_DESC": "AFT MOONSTONE LANE" }, "geometry": { "type": "Point", "coordinates": [ 31786.548999999649823, 34360.589999999850988 ] } },
{ "type": "Feature", "properties": { "BUS_STOP_N": "43521", "LOC_DESC": "BT BATOK DRIVING CTR" }, "geometry": { "type": "Point", "coordinates": [ 18741.301199999637902, 38846.418400000780821 ] } },
{ "type": "Feature", "properties": { "BUS_STOP_N": "47521", "LOC_DESC": "AFT WOODLANDS DR 53" }, "geometry": { "type": "Point", "coordinates": [ 24090.491499999538064, 45930.336899999529123 ] } },
{ "type": "Feature", "properties": { "BUS_STOP_N": "23239", "LOC_DESC": "OPP KEPPEL LOGISTICS" }, "geometry": { "type": "Point", "coordinates": [ 10379.583499999716878, 32382.230299999937415 ] } },
{ "type": "Feature", "properties": { "BUS_STOP_N": "80009", "LOC_DESC": "LOR 1 GEYLANG TER" }, "geometry": { "type": "Point", "coordinates": [ 32282.20920000039041, 32522.442199999466538 ] } },
{ "type": "Feature", "properties": { "BUS_STOP_N": "32111", "LOC_DESC": "AFT LP 93" }, "geometry": { "type": "Point", "coordinates": [ 13126.36600000038743, 42269.892500000074506 ] } },
{ "type": "Feature", "properties": { "BUS_STOP_N": "45209", "LOC_DESC": "POLICE TACTICAL TRG CAMP" }, "geometry": { "type": "Point", "coordinates": [ 20559.525700000114739, 43536.656899999827147 ] } },
{ "type": "Feature", "properties": { "BUS_STOP_N": "25781", "LOC_DESC": "OPP SLS" }, "geometry": { "type": "Point", "coordinates": [ 6010.561499999836087, 28768.991900000721216 ] } },
{ "type": "Feature", "properties": { "BUS_STOP_N": "62229", "LOC_DESC": "THE MINTON" }, "geometry": { "type": "Point", "coordinates": [ 33432.738199999555945, 37022.3429000005126 ] } },
{ "type": "Feature", "properties": { "BUS_STOP_N": "58549", "LOC_DESC": "CANBERRA STN" }, "geometry": { "type": "Point", "coordinates": [ 27647.558799999766052, 47142.070699999108911 ] } },
{ "type": "Feature", "properties": { "BUS_STOP_N": "67559", "LOC_DESC": "OPP BLK 471A" }, "geometry": { "type": "Point", "coordinates": [ 33303.049499999731779, 41924.397199999541044 ] } },
{ "type": "Feature", "properties": { "BUS_STOP_N": "56261", "LOC_DESC": "AFT ANG MO KIO AVE 2" }, "geometry": { "type": "Point", "coordinates": [ 27831.317800000309944, 38876.610400000587106 ] } },
{ "type": "Feature", "properties": { "BUS_STOP_N": "77361", "LOC_DESC": "BLK 555" }, "geometry": { "type": "Point", "coordinates": [ 41175.686499999836087, 38886.085200000554323 ] } },
{ "type": "Feature", "properties": { "BUS_STOP_N": "47529", "LOC_DESC": "BLK 573A" }, "geometry": { "type": "Point", "coordinates": [ 24080.740600000135601, 45917.008600000292063 ] } },
{ "type": "Feature", "properties": { "BUS_STOP_N": "67099", "LOC_DESC": "BLK 459B" }, "geometry": { "type": "Point", "coordinates": [ 32004.625799999572337, 41744.522900000214577 ] } },
{ "type": "Feature", "properties": { "BUS_STOP_N": "67091", "LOC_DESC": "OPP BLK 459B" }, "geometry": { "type": "Point", "coordinates": [ 31968.166199999861419, 41642.737500000745058 ] } },
{ "type": "Feature", "properties": { "BUS_STOP_N": "16039", "LOC_DESC": "S'PORE SCIENCE PK II" }, "geometry": { "type": "Point", "coordinates": [ 21927.359000000171363, 30041.655600000172853 ] } },
{ "type": "Feature", "properties": { "BUS_STOP_N": "46911", "LOC_DESC": "OPP BLK 20" }, "geometry": { "type": "Point", "coordinates": [ 25433.74210000038147, 48037.758600000292063 ] } },
{ "type": "Feature", "properties": { "BUS_STOP_N": "10391", "LOC_DESC": "OPP MELATI BLK 2" }, "geometry": { "type": "Point", "coordinates": [ 27771.727300000376999, 28752.357799999415874 ] } },
{ "type": "Feature", "properties": { "BUS_STOP_N": "49079", "LOC_DESC": "WASON WOOD IND" }, "geometry": { "type": "Point", "coordinates": [ 18420.091199999675155, 45674.775499999523163 ] } },
{ "type": "Feature", "properties": { "BUS_STOP_N": "54299", "LOC_DESC": "OPP BLK 565" }, "geometry": { "type": "Point", "coordinates": [ 30776.25650000013411, 38991.86119999922812 ] } },
{ "type": "Feature", "properties": { "BUS_STOP_N": "47539", "LOC_DESC": "OPP WOODGROVE SEC SCH" }, "geometry": { "type": "Point", "coordinates": [ 24067.286600000225008, 45666.418400000780821 ] } },
{ "type": "Feature", "properties": { "BUS_STOP_N": "78191", "LOC_DESC": "AFT BLK 182" }, "geometry": { "type": "Point", "coordinates": [ 42301.611299999989569, 38556.268200000748038 ] } },
{ "type": "Feature", "properties": { "BUS_STOP_N": "66489", "LOC_DESC": "BLK 969" }, "geometry": { "type": "Point", "coordinates": [ 33074.026999999769032, 40096.292400000616908 ] } },
{ "type": "Feature", "properties": { "BUS_STOP_N": "47119", "LOC_DESC": "AFT SENOKO WAY" }, "geometry": { "type": "Point", "coordinates": [ 25482.012199999764562, 49776.190899999812245 ] } },
{ "type": "Feature", "properties": { "BUS_STOP_N": "18179", "LOC_DESC": "OPP WEYHILL CL" }, "geometry": { "type": "Point", "coordinates": [ 23514.443400000222027, 31359.962899999693036 ] } },
{ "type": "Feature", "properties": { "BUS_STOP_N": "72011", "LOC_DESC": "BLK 322" }, "geometry": { "type": "Point", "coordinates": [ 36020.24100000038743, 34495.261399999260902 ] } },
{ "type": "Feature", "properties": { "BUS_STOP_N": "75109", "LOC_DESC": "BLK 888" }, "geometry": { "type": "Point", "coordinates": [ 38866.632000000216067, 37034.35249999910593 ] } },
{ "type": "Feature", "properties": { "BUS_STOP_N": "75081", "LOC_DESC": "BLK 831" }, "geometry": { "type": "Point", "coordinates": [ 39243.068699999712408, 36884.449500000104308 ] } },
{ "type": "Feature", "properties": { "BUS_STOP_N": "43649", "LOC_DESC": "HOMETEAMNS" }, "geometry": { "type": "Point", "coordinates": [ 18797.813900000415742, 38611.463199999183416 ] } },
{ "type": "Feature", "properties": { "BUS_STOP_N": "54081", "LOC_DESC": "TECK GHEE CT" }, "geometry": { "type": "Point", "coordinates": [ 29626.777099999599159, 38403.26659999974072 ] } },
{ "type": "Feature", "properties": { "BUS_STOP_N": "98199", "LOC_DESC": "AFT LOYANG WAY" }, "geometry": { "type": "Point", "coordinates": [ 43416.988699999637902, 40767.340900000184774 ] } },
{ "type": "Feature", "properties": { "BUS_STOP_N": "01139", "LOC_DESC": "PARKVIEW SQ" }, "geometry": { "type": "Point", "coordinates": [ 30657.969800000078976, 31414.269099999219179 ] } },
{ "type": "Feature", "properties": { "BUS_STOP_N": "49059", "LOC_DESC": "AFT LCS OPTIROC PTE LTD" }, "geometry": { "type": "Point", "coordinates": [ 18749.146599999628961, 44995.559800000861287 ] } },
{ "type": "Feature", "properties": { "BUS_STOP_N": "49029", "LOC_DESC": "SIT LEY TIMBER" }, "geometry": { "type": "Point", "coordinates": [ 18939.134800000116229, 43931.701999999582767 ] } },
{ "type": "Feature", "properties": { "BUS_STOP_N": "46511", "LOC_DESC": "MARSILING PR SCH" }, "geometry": { "type": "Point", "coordinates": [ 21239.938799999654293, 46230.162000000476837 ] } },
{ "type": "Feature", "properties": { "BUS_STOP_N": "99139", "LOC_DESC": "BLK 5" }, "geometry": { "type": "Point", "coordinates": [ 45127.547399999573827, 41132.858999999240041 ] } },
{ "type": "Feature", "properties": { "BUS_STOP_N": "06039", "LOC_DESC": "BLK 8" }, "geometry": { "type": "Point", "coordinates": [ 28719.0, 29948.652300000190735 ] } },
{ "type": "Feature", "properties": { "BUS_STOP_N": "30011", "LOC_DESC": "TENGAH AIR BASE" }, "geometry": { "type": "Point", "coordinates": [ 14753.364099999889731, 39522.172199999913573 ] } },
{ "type": "Feature", "properties": { "BUS_STOP_N": "10079", "LOC_DESC": "BLK 201" }, "geometry": { "type": "Point", "coordinates": [ 27313.004700000397861, 29202.146099999547005 ] } },
{ "type": "Feature", "properties": { "BUS_STOP_N": "54489", "LOC_DESC": "OPP ITE COLLEGE CTRL" }, "geometry": { "type": "Point", "coordinates": [ 30499.789599999785423, 39737.79590000025928 ] } },
{ "type": "Feature", "properties": { "BUS_STOP_N": "29051", "LOC_DESC": "OPP CALTEX S'PORE" }, "geometry": { "type": "Point", "coordinates": [ 17937.7652000002563, 31875.984300000593066 ] } },
{ "type": "Feature", "properties": { "BUS_STOP_N": "23061", "LOC_DESC": "AFT KIAN TECK RD" }, "geometry": { "type": "Point", "coordinates": [ 11660.19579999987036, 34636.63399999961257 ] } },
{ "type": "Feature", "properties": { "BUS_STOP_N": "83169", "LOC_DESC": "BEF STILL RD" }, "geometry": { "type": "Point", "coordinates": [ 36189.793399999849498, 32956.193600000813603 ] } },
{ "type": "Feature", "properties": { "BUS_STOP_N": "33019", "LOC_DESC": "B20 LIM CHU KANG RD" }, "geometry": { "type": "Point", "coordinates": [ 13402.410000000149012, 44550.413599999621511 ] } },
{ "type": "Feature", "properties": { "BUS_STOP_N": "22419", "LOC_DESC": "JURONG WEST SUB-STN" }, "geometry": { "type": "Point", "coordinates": [ 13489.138700000010431, 36485.699699999764562 ] } },
{ "type": "Feature", "properties": { "BUS_STOP_N": "14139", "LOC_DESC": "BEF SEAH IM RD" }, "geometry": { "type": "Point", "coordinates": [ 26100.126400000415742, 27878.350400000810623 ] } },
{ "type": "Feature", "properties": { "BUS_STOP_N": "83271", "LOC_DESC": "AFT SWAN LAKE AVE" }, "geometry": { "type": "Point", "coordinates": [ 38308.537399999797344, 33506.643899999558926 ] } },
{ "type": "Feature", "properties": { "BUS_STOP_N": "25061", "LOC_DESC": "KYOCERA CHEMICAL" }, "geometry": { "type": "Point", "coordinates": [ 7071.399600000120699, 34423.339900000020862 ] } },
{ "type": "Feature", "properties": { "BUS_STOP_N": "65079", "LOC_DESC": "BLK 102C" }, "geometry": { "type": "Point", "coordinates": [ 35949.442200000397861, 42307.671900000423193 ] } },
{ "type": "Feature", "properties": { "BUS_STOP_N": "25389", "LOC_DESC": "AFT TUAS AVE 8" }, "geometry": { "type": "Point", "coordinates": [ 7290.586500000208616, 34240.051000000908971 ] } },
{ "type": "Feature", "properties": { "BUS_STOP_N": "68101", "LOC_DESC": "ROLLS ROYCE PTE LTD" }, "geometry": { "type": "Point", "coordinates": [ 31584.822900000028312, 42903.675200000405312 ] } },
{ "type": "Feature", "properties": { "BUS_STOP_N": "77041", "LOC_DESC": "BLK 541" }, "geometry": { "type": "Point", "coordinates": [ 41122.452100000344217, 39056.852800000458956 ] } },
{ "type": "Feature", "properties": { "BUS_STOP_N": "96239", "LOC_DESC": "CEVA FREIGHT" }, "geometry": { "type": "Point", "coordinates": [ 42322.554700000211596, 34695.810499999672174 ] } },
{ "type": "Feature", "properties": { "BUS_STOP_N": "71151", "LOC_DESC": "BLK 3021" }, "geometry": { "type": "Point", "coordinates": [ 34812.135200000368059, 34488.300400000065565 ] } },
{ "type": "Feature", "properties": { "BUS_STOP_N": "98041", "LOC_DESC": "OPP LOYANG VALLEY" }, "geometry": { "type": "Point", "coordinates": [ 43183.294599999673665, 39018.70549999922514 ] } },
{ "type": "Feature", "properties": { "BUS_STOP_N": "44121", "LOC_DESC": "BLK 113" }, "geometry": { "type": "Point", "coordinates": [ 18839.119800000451505, 39963.049699999392033 ] } },
{ "type": "Feature", "properties": { "BUS_STOP_N": "76419", "LOC_DESC": "BLK 307A" }, "geometry": { "type": "Point", "coordinates": [ 41701.581000000238419, 37308.296599999070168 ] } },
{ "type": "Feature", "properties": { "BUS_STOP_N": "24041", "LOC_DESC": "OPP PASIR LABA CAMP" }, "geometry": { "type": "Point", "coordinates": [ 10373.616399999707937, 34728.246600000187755 ] } },
{ "type": "Feature", "properties": { "BUS_STOP_N": "45091", "LOC_DESC": "OPP JLN BUMBONG" }, "geometry": { "type": "Point", "coordinates": [ 19304.412200000137091, 44008.247899999842048 ] } },
{ "type": "Feature", "properties": { "BUS_STOP_N": "77181", "LOC_DESC": "BLK 638" }, "geometry": { "type": "Point", "coordinates": [ 39991.015800000168383, 39773.391799999400973 ] } },
{ "type": "Feature", "properties": { "BUS_STOP_N": "21581", "LOC_DESC": "BLK 65" }, "geometry": { "type": "Point", "coordinates": [ 15751.144100000150502, 34972.605699999257922 ] } },
{ "type": "Feature", "properties": { "BUS_STOP_N": "56259", "LOC_DESC": "HORIZON GDNS" }, "geometry": { "type": "Point", "coordinates": [ 28168.704800000414252, 39870.463300000876188 ] } },
{ "type": "Feature", "properties": { "BUS_STOP_N": "11609", "LOC_DESC": "BLK 163" }, "geometry": { "type": "Point", "coordinates": [ 24526.387199999764562, 30465.209699999541044 ] } },
{ "type": "Feature", "properties": { "BUS_STOP_N": "47829", "LOC_DESC": "SUMITOMO BAKELITE S'PORE" }, "geometry": { "type": "Point", "coordinates": [ 24972.20920000039041, 49120.443900000303984 ] } },
{ "type": "Feature", "properties": { "BUS_STOP_N": "84461", "LOC_DESC": "OPP BLK 701" }, "geometry": { "type": "Point", "coordinates": [ 37578.393199999816716, 35587.805700000375509 ] } },
{ "type": "Feature", "properties": { "BUS_STOP_N": "25189", "LOC_DESC": "SOON HENG GLASS" }, "geometry": { "type": "Point", "coordinates": [ 8557.075100000016391, 34012.065999999642372 ] } },
{ "type": "Feature", "properties": { "BUS_STOP_N": "96011", "LOC_DESC": "BEF SIMEI AVE" }, "geometry": { "type": "Point", "coordinates": [ 41381.661999999545515, 34881.041600000113249 ] } },
{ "type": "Feature", "properties": { "BUS_STOP_N": "44321", "LOC_DESC": "OPP BANGKIT STN" }, "geometry": { "type": "Point", "coordinates": [ 21211.197100000455976, 40217.440600000321865 ] } },
{ "type": "Feature", "properties": { "BUS_STOP_N": "83149", "LOC_DESC": "AFT CHANGI RD" }, "geometry": { "type": "Point", "coordinates": [ 36397.525299999862909, 33294.408900000154972 ] } },
{ "type": "Feature", "properties": { "BUS_STOP_N": "10179", "LOC_DESC": "TIONG BAHRU PK" }, "geometry": { "type": "Point", "coordinates": [ 26961.485000000335276, 29954.690500000491738 ] } },
{ "type": "Feature", "properties": { "BUS_STOP_N": "27069", "LOC_DESC": "BLK 41" }, "geometry": { "type": "Point", "coordinates": [ 11363.50870000012219, 36903.392300000414252 ] } },
{ "type": "Feature", "properties": { "BUS_STOP_N": "76089", "LOC_DESC": "THE HOLY TRINITY CH" }, "geometry": { "type": "Point", "coordinates": [ 40890.156999999657273, 36804.316600000485778 ] } },
{ "type": "Feature", "properties": { "BUS_STOP_N": "44101", "LOC_DESC": "AFT HONG SAN TERR" }, "geometry": { "type": "Point", "coordinates": [ 18383.011699999682605, 39907.1418999992311 ] } },
{ "type": "Feature", "properties": { "BUS_STOP_N": "10309", "LOC_DESC": "BLK 118" }, "geometry": { "type": "Point", "coordinates": [ 25491.394600000232458, 30969.636600000783801 ] } },
{ "type": "Feature", "properties": { "BUS_STOP_N": "59419", "LOC_DESC": "BLK 413" }, "geometry": { "type": "Point", "coordinates": [ 29406.580500000156462, 45221.703600000590086 ] } },
{ "type": "Feature", "properties": { "BUS_STOP_N": "65031", "LOC_DESC": "BLK 227D" }, "geometry": { "type": "Point", "coordinates": [ 35603.303399999625981, 41014.512199999764562 ] } },
{ "type": "Feature", "properties": { "BUS_STOP_N": "44679", "LOC_DESC": "OPP BLK 502" }, "geometry": { "type": "Point", "coordinates": [ 20505.704900000244379, 40614.600600000470877 ] } },
{ "type": "Feature", "properties": { "BUS_STOP_N": "54039", "LOC_DESC": "BEF AL-MUTTAQIN MQUE" }, "geometry": { "type": "Point", "coordinates": [ 29373.23340000025928, 39200.909099999815226 ] } },
{ "type": "Feature", "properties": { "BUS_STOP_N": "66121", "LOC_DESC": "CHUAN TERR" }, "geometry": { "type": "Point", "coordinates": [ 31831.661000000312924, 38277.740399999544024 ] } },
{ "type": "Feature", "properties": { "BUS_STOP_N": "76071", "LOC_DESC": "BLK 141" }, "geometry": { "type": "Point", "coordinates": [ 40448.914800000376999, 36689.207800000905991 ] } },
{ "type": "Feature", "properties": { "BUS_STOP_N": "05521", "LOC_DESC": "MARITIME HSE" }, "geometry": { "type": "Point", "coordinates": [ 28806.799100000411272, 28806.330299999564886 ] } },
{ "type": "Feature", "properties": { "BUS_STOP_N": "26119", "LOC_DESC": "OPP TRUSSCO PTE LTD" }, "geometry": { "type": "Point", "coordinates": [ 8019.809899999760091, 33027.101700000464916 ] } },
{ "type": "Feature", "properties": { "BUS_STOP_N": "21689", "LOC_DESC": "BLK 200" }, "geometry": { "type": "Point", "coordinates": [ 14764.786899999715388, 36070.148299999535084 ] } },
{ "type": "Feature", "properties": { "BUS_STOP_N": "63179", "LOC_DESC": "BEF TAI SENG CHR CH" }, "geometry": { "type": "Point", "coordinates": [ 32520.872600000351667, 38003.198999999091029 ] } },
{ "type": "Feature", "properties": { "BUS_STOP_N": "28369", "LOC_DESC": "OPP JURONG LAKE" }, "geometry": { "type": "Point", "coordinates": [ 16218.89740000013262, 36290.703500000759959 ] } },
{ "type": "Feature", "properties": { "BUS_STOP_N": "63041", "LOC_DESC": "OPP GLAD TIDINGS CH" }, "geometry": { "type": "Point", "coordinates": [ 34043.16509999986738, 38306.092100000008941 ] } },
{ "type": "Feature", "properties": { "BUS_STOP_N": "59431", "LOC_DESC": "BLK 630" }, "geometry": { "type": "Point", "coordinates": [ 28489.766900000162423, 44399.375199999660254 ] } },
{ "type": "Feature", "properties": { "BUS_STOP_N": "23391", "LOC_DESC": "FAR EAST LEVINGSTON" }, "geometry": { "type": "Point", "coordinates": [ 12289.119699999690056, 31905.648700000718236 ] } },
{ "type": "Feature", "properties": { "BUS_STOP_N": "56069", "LOC_DESC": "BEF TAGORE DR" }, "geometry": { "type": "Point", "coordinates": [ 26879.745099999941885, 40803.93889999948442 ] } },
{ "type": "Feature", "properties": { "BUS_STOP_N": "98299", "LOC_DESC": "PARC OLYMPIA" }, "geometry": { "type": "Point", "coordinates": [ 42707.687300000339746, 37576.149100000038743 ] } },
{ "type": "Feature", "properties": { "BUS_STOP_N": "46921", "LOC_DESC": "OPP BLK 22" }, "geometry": { "type": "Point", "coordinates": [ 25503.270899999886751, 48326.94480000063777 ] } },
{ "type": "Feature", "properties": { "BUS_STOP_N": "14201", "LOC_DESC": "BLK 110" }, "geometry": { "type": "Point", "coordinates": [ 25319.906899999827147, 29343.265399999916553 ] } },
{ "type": "Feature", "properties": { "BUS_STOP_N": "22559", "LOC_DESC": "OPP BLK 657 CP" }, "geometry": { "type": "Point", "coordinates": [ 13270.66399999987334, 35206.053300000727177 ] } },
{ "type": "Feature", "properties": { "BUS_STOP_N": "59301", "LOC_DESC": "BLK 731" }, "geometry": { "type": "Point", "coordinates": [ 27694.010499999858439, 45587.794099999591708 ] } },
{ "type": "Feature", "properties": { "BUS_STOP_N": "10241", "LOC_DESC": "GAN ENG SENG SEC SCH" }, "geometry": { "type": "Point", "coordinates": [ 26910.853000000119209, 30336.375399999320507 ] } },
{ "type": "Feature", "properties": { "BUS_STOP_N": "65169", "LOC_DESC": "MERDIAN STN EXIT A" }, "geometry": { "type": "Point", "coordinates": [ 36446.229000000283122, 42042.3902000002563 ] } },
{ "type": "Feature", "properties": { "BUS_STOP_N": "50209", "LOC_DESC": "AFT PEGU RD" }, "geometry": { "type": "Point", "coordinates": [ 30028.51410000026226, 34020.310499999672174 ] } },
{ "type": "Feature", "properties": { "BUS_STOP_N": "23509", "LOC_DESC": "HOE KENG MOTOR" }, "geometry": { "type": "Point", "coordinates": [ 12680.388299999758601, 34101.120300000533462 ] } },
{ "type": "Feature", "properties": { "BUS_STOP_N": "83341", "LOC_DESC": "BLK 102" }, "geometry": { "type": "Point", "coordinates": [ 36657.542399999685585, 34188.515300000086427 ] } },
{ "type": "Feature", "properties": { "BUS_STOP_N": "81029", "LOC_DESC": "AFT LOR 28 GEYLANG" }, "geometry": { "type": "Point", "coordinates": [ 33732.963600000366569, 32869.979699999094009 ] } },
{ "type": "Feature", "properties": { "BUS_STOP_N": "55039", "LOC_DESC": "NCS HUB" }, "geometry": { "type": "Point", "coordinates": [ 29162.288099999539554, 41225.528400000184774 ] } },
{ "type": "Feature", "properties": { "BUS_STOP_N": "61029", "LOC_DESC": "OPP WOODLEIGH PK" }, "geometry": { "type": "Point", "coordinates": [ 32138.63329999987036, 35342.589999999850988 ] } },
{ "type": "Feature", "properties": { "BUS_STOP_N": "22529", "LOC_DESC": "PIONEER STN EXIT B" }, "geometry": { "type": "Point", "coordinates": [ 12845.822900000028312, 35550.562300000339746 ] } },
{ "type": "Feature", "properties": { "BUS_STOP_N": "59011", "LOC_DESC": "BEF SG SELETAR BRIDGE" }, "geometry": { "type": "Point", "coordinates": [ 27337.636099999770522, 42661.4679000005126 ] } },
{ "type": "Feature", "properties": { "BUS_STOP_N": "99011", "LOC_DESC": "BEF SCH OF COMMANDO" }, "geometry": { "type": "Point", "coordinates": [ 44120.214100000448525, 40592.784900000318885 ] } },
{ "type": "Feature", "properties": { "BUS_STOP_N": "50201", "LOC_DESC": "SHAW PLAZA" }, "geometry": { "type": "Point", "coordinates": [ 29961.654000000096858, 34125.438200000673532 ] } },
{ "type": "Feature", "properties": { "BUS_STOP_N": "58091", "LOC_DESC": "SEMBAWANG PK" }, "geometry": { "type": "Point", "coordinates": [ 28513.358599999919534, 49300.824300000444055 ] } },
{ "type": "Feature", "properties": { "BUS_STOP_N": "21309", "LOC_DESC": "AFT JLN PESAWAT" }, "geometry": { "type": "Point", "coordinates": [ 14334.320199999958277, 33484.150499999523163 ] } },
{ "type": "Feature", "properties": { "BUS_STOP_N": "90061", "LOC_DESC": "DUNMAN HIGH SCH" }, "geometry": { "type": "Point", "coordinates": [ 33461.473699999973178, 31165.925000000745058 ] } },
{ "type": "Feature", "properties": { "BUS_STOP_N": "05023", "LOC_DESC": "OPP HONG LIM PK" }, "geometry": { "type": "Point", "coordinates": [ 29346.464100000448525, 29932.765900000929832 ] } },
{ "type": "Feature", "properties": { "BUS_STOP_N": "05131", "LOC_DESC": "OPP HONG LIM CPLX" }, "geometry": { "type": "Point", "coordinates": [ 29329.033099999651313, 29607.614299999549985 ] } },
{ "type": "Feature", "properties": { "BUS_STOP_N": "28481", "LOC_DESC": "BLK 306" }, "geometry": { "type": "Point", "coordinates": [ 16970.414800000376999, 36469.683000000193715 ] } },
{ "type": "Feature", "properties": { "BUS_STOP_N": "56201", "LOC_DESC": "AFT MUNSHI ADULLAH AVE" }, "geometry": { "type": "Point", "coordinates": [ 27886.944500000216067, 40288.739499999210238 ] } },
{ "type": "Feature", "properties": { "BUS_STOP_N": "14299", "LOC_DESC": "OPP BLK 27" }, "geometry": { "type": "Point", "coordinates": [ 26669.461099999956787, 28595.636800000444055 ] } },
{ "type": "Feature", "properties": { "BUS_STOP_N": "67509", "LOC_DESC": "OPP BLK 119A" }, "geometry": { "type": "Point", "coordinates": [ 35897.901899999938905, 40665.958100000396371 ] } },
{ "type": "Feature", "properties": { "BUS_STOP_N": "28401", "LOC_DESC": "BLK 502" }, "geometry": { "type": "Point", "coordinates": [ 15224.958100000396371, 36975.567399999126792 ] } },
{ "type": "Feature", "properties": { "BUS_STOP_N": "46361", "LOC_DESC": "BLK 425" }, "geometry": { "type": "Point", "coordinates": [ 21376.510200000368059, 45468.675799999386072 ] } },
{ "type": "Feature", "properties": { "BUS_STOP_N": "84541", "LOC_DESC": "BLK 42" }, "geometry": { "type": "Point", "coordinates": [ 38225.496899999678135, 34420.314899999648333 ] } },
{ "type": "Feature", "properties": { "BUS_STOP_N": "17149", "LOC_DESC": "BLK 426" }, "geometry": { "type": "Point", "coordinates": [ 20232.209999999962747, 32654.311000000685453 ] } },
{ "type": "Feature", "properties": { "BUS_STOP_N": "28381", "LOC_DESC": "BLK 515" }, "geometry": { "type": "Point", "coordinates": [ 15530.233799999579787, 36497.066700000315905 ] } },
{ "type": "Feature", "properties": { "BUS_STOP_N": "32079", "LOC_DESC": "OPP TRACK 13" }, "geometry": { "type": "Point", "coordinates": [ 13190.942400000058115, 44100.990299999713898 ] } },
{ "type": "Feature", "properties": { "BUS_STOP_N": "21419", "LOC_DESC": "BLK 188" }, "geometry": { "type": "Point", "coordinates": [ 14343.345300000160933, 36217.546700000762939 ] } },
{ "type": "Feature", "properties": { "BUS_STOP_N": "70321", "LOC_DESC": "AFT KALLANG WAY 1" }, "geometry": { "type": "Point", "coordinates": [ 32845.082100000232458, 33860.440199999138713 ] } },
{ "type": "Feature", "properties": { "BUS_STOP_N": "07319", "LOC_DESC": "AFT ALLENBY RD" }, "geometry": { "type": "Point", "coordinates": [ 30813.21059999987483, 32514.45380000025034 ] } },
{ "type": "Feature", "properties": { "BUS_STOP_N": "28019", "LOC_DESC": "AFT TOH TUCK AVE" }, "geometry": { "type": "Point", "coordinates": [ 19727.051799999549985, 34128.301799999549985 ] } },
{ "type": "Feature", "properties": { "BUS_STOP_N": "55329", "LOC_DESC": "NANYANG POLY" }, "geometry": { "type": "Point", "coordinates": [ 29552.283999999985099, 40104.835200000554323 ] } },
{ "type": "Feature", "properties": { "BUS_STOP_N": "51041", "LOC_DESC": "OPP SLF CPLX" }, "geometry": { "type": "Point", "coordinates": [ 28507.157200000248849, 35077.108999999240041 ] } },
{ "type": "Feature", "properties": { "BUS_STOP_N": "29031", "LOC_DESC": "AFT PENJURU PL" }, "geometry": { "type": "Point", "coordinates": [ 17101.662399999797344, 33205.953400000929832 ] } },
{ "type": "Feature", "properties": { "BUS_STOP_N": "70081", "LOC_DESC": "OPP HDB CP" }, "geometry": { "type": "Point", "coordinates": [ 34872.643600000068545, 34946.858999999240041 ] } },
{ "type": "Feature", "properties": { "BUS_STOP_N": "05319", "LOC_DESC": "OCBC CTR" }, "geometry": { "type": "Point", "coordinates": [ 29765.405100000090897, 29652.870100000873208 ] } },
{ "type": "Feature", "properties": { "BUS_STOP_N": "77321", "LOC_DESC": "AFT PASIR RIS ST 53" }, "geometry": { "type": "Point", "coordinates": [ 40804.041100000031292, 39463.912000000476837 ] } },
{ "type": "Feature", "properties": { "BUS_STOP_N": "59089", "LOC_DESC": "OPP BLK 774" }, "geometry": { "type": "Point", "coordinates": [ 27807.08600000012666, 45090.26549999974668 ] } },
{ "type": "Feature", "properties": { "BUS_STOP_N": "55009", "LOC_DESC": "ANG MO KIO DEPOT" }, "geometry": { "type": "Point", "coordinates": [ 29597.857400000095367, 40870.237800000235438 ] } },
{ "type": "Feature", "properties": { "BUS_STOP_N": "44659", "LOC_DESC": "BLK 537A CP" }, "geometry": { "type": "Point", "coordinates": [ 20161.288800000213087, 40758.994599999859929 ] } },
{ "type": "Feature", "properties": { "BUS_STOP_N": "59211", "LOC_DESC": "BLK 289" }, "geometry": { "type": "Point", "coordinates": [ 28537.28179999999702, 46892.456199999898672 ] } },
{ "type": "Feature", "properties": { "BUS_STOP_N": "16081", "LOC_DESC": "AFT PALM GREEN CONDO" }, "geometry": { "type": "Point", "coordinates": [ 20797.875599999912083, 30485.473400000482798 ] } },
{ "type": "Feature", "properties": { "BUS_STOP_N": "26259", "LOC_DESC": "AFT TUAS STH AVE 2" }, "geometry": { "type": "Point", "coordinates": [ 5382.727099999785423, 33306.665400000289083 ] } },
{ "type": "Feature", "properties": { "BUS_STOP_N": "47089", "LOC_DESC": "AFT SENOKO DR" }, "geometry": { "type": "Point", "coordinates": [ 24725.608000000007451, 49314.20130000077188 ] } },
{ "type": "Feature", "properties": { "BUS_STOP_N": "20159", "LOC_DESC": "BLK 411" }, "geometry": { "type": "Point", "coordinates": [ 18347.502500000409782, 33414.349199999123812 ] } },
{ "type": "Feature", "properties": { "BUS_STOP_N": "46008", "LOC_DESC": "WOODLANDS REG INT" }, "geometry": { "type": "Point", "coordinates": [ 22702.230700000189245, 46512.912000000476837 ] } },
{ "type": "Feature", "properties": { "BUS_STOP_N": "24269", "LOC_DESC": "SING HUAT HARDWARE" }, "geometry": { "type": "Point", "coordinates": [ 10557.89879999961704, 33366.529200000688434 ] } },
{ "type": "Feature", "properties": { "BUS_STOP_N": "66109", "LOC_DESC": "BLK 151" }, "geometry": { "type": "Point", "coordinates": [ 32587.358000000007451, 39115.687999999150634 ] } },
{ "type": "Feature", "properties": { "BUS_STOP_N": "81231", "LOC_DESC": "OPP KH PLAZA" }, "geometry": { "type": "Point", "coordinates": [ 33403.632699999958277, 32910.836600000038743 ] } },
{ "type": "Feature", "properties": { "BUS_STOP_N": "76099", "LOC_DESC": "BLK 285" }, "geometry": { "type": "Point", "coordinates": [ 41252.541799999773502, 36928.858899999409914 ] } },
{ "type": "Feature", "properties": { "BUS_STOP_N": "14379", "LOC_DESC": "BLK 40" }, "geometry": { "type": "Point", "coordinates": [ 26937.738099999725819, 28327.509400000795722 ] } },
{ "type": "Feature", "properties": { "BUS_STOP_N": "23171", "LOC_DESC": "SKK (S) PTE LTD" }, "geometry": { "type": "Point", "coordinates": [ 12172.304700000211596, 34458.952099999412894 ] } },
{ "type": "Feature", "properties": { "BUS_STOP_N": "83059", "LOC_DESC": "MJD KASSIM" }, "geometry": { "type": "Point", "coordinates": [ 36787.664900000207126, 33466.045099999755621 ] } },
{ "type": "Feature", "properties": { "BUS_STOP_N": "77319", "LOC_DESC": "OPP BLKS 771/772" }, "geometry": { "type": "Point", "coordinates": [ 39604.7652000002563, 39724.217800000682473 ] } },
{ "type": "Feature", "properties": { "BUS_STOP_N": "59639", "LOC_DESC": "BET BLKS 445/449" }, "geometry": { "type": "Point", "coordinates": [ 29201.449000000022352, 44994.444700000807643 ] } },
{ "type": "Feature", "properties": { "BUS_STOP_N": "26399", "LOC_DESC": "AFT TUAS VIEW CRES" }, "geometry": { "type": "Point", "coordinates": [ 5079.509700000286102, 30214.416300000622869 ] } },
{ "type": "Feature", "properties": { "BUS_STOP_N": "83331", "LOC_DESC": "KG KEMBANGAN CC" }, "geometry": { "type": "Point", "coordinates": [ 36831.908200000412762, 33974.667799999937415 ] } },
{ "type": "Feature", "properties": { "BUS_STOP_N": "43841", "LOC_DESC": "BLK 324" }, "geometry": { "type": "Point", "coordinates": [ 18444.019000000320375, 38224.945199999958277 ] } },
{ "type": "Feature", "properties": { "BUS_STOP_N": "27381", "LOC_DESC": "BLK 749" }, "geometry": { "type": "Point", "coordinates": [ 13006.103099999949336, 36699.614399999380112 ] } },
{ "type": "Feature", "properties": { "BUS_STOP_N": "85049", "LOC_DESC": "OPP MAN FATT LAM TP" }, "geometry": { "type": "Point", "coordinates": [ 41130.391999999992549, 34320.114099999889731 ] } },
{ "type": "Feature", "properties": { "BUS_STOP_N": "07241", "LOC_DESC": "BEF S'GOON RD" }, "geometry": { "type": "Point", "coordinates": [ 30853.42160000000149, 33100.409900000318885 ] } },
{ "type": "Feature", "properties": { "BUS_STOP_N": "99131", "LOC_DESC": "BLK 4" }, "geometry": { "type": "Point", "coordinates": [ 45142.69550000037998, 41203.299300000071526 ] } },
{ "type": "Feature", "properties": { "BUS_STOP_N": "24359", "LOC_DESC": "S'PORE TAKADA IND" }, "geometry": { "type": "Point", "coordinates": [ 9664.574099999852479, 31168.999600000679493 ] } },
{ "type": "Feature", "properties": { "BUS_STOP_N": "43619", "LOC_DESC": "BLK 289E" }, "geometry": { "type": "Point", "coordinates": [ 19694.233799999579787, 36232.359200000762939 ] } },
{ "type": "Feature", "properties": { "BUS_STOP_N": "66221", "LOC_DESC": "OPP PORTCHESTER AVE" }, "geometry": { "type": "Point", "coordinates": [ 31261.278500000014901, 38932.621300000697374 ] } },
{ "type": "Feature", "properties": { "BUS_STOP_N": "75139", "LOC_DESC": "BLK 863" }, "geometry": { "type": "Point", "coordinates": [ 39427.995299999602139, 37525.817500000819564 ] } },
{ "type": "Feature", "properties": { "BUS_STOP_N": "45221", "LOC_DESC": "AFT W'LANDS RD" }, "geometry": { "type": "Point", "coordinates": [ 19607.24890000000596, 43746.701099999248981 ] } },
{ "type": "Feature", "properties": { "BUS_STOP_N": "75008", "LOC_DESC": "TAMPINES INT" }, "geometry": { "type": "Point", "coordinates": [ 40268.393199999816716, 37444.005400000140071 ] } },
{ "type": "Feature", "properties": { "BUS_STOP_N": "12039", "LOC_DESC": "OPP PANDAN VALLEY CONDO" }, "geometry": { "type": "Point", "coordinates": [ 22097.924399999901652, 33698.919900000095367 ] } },
{ "type": "Feature", "properties": { "BUS_STOP_N": "64021", "LOC_DESC": "BLK 458" }, "geometry": { "type": "Point", "coordinates": [ 35046.362900000065565, 39993.856499999761581 ] } },
{ "type": "Feature", "properties": { "BUS_STOP_N": "18199", "LOC_DESC": "AFT WHITCHURCH RD" }, "geometry": { "type": "Point", "coordinates": [ 23638.955599999986589, 30889.339800000190735 ] } },
{ "type": "Feature", "properties": { "BUS_STOP_N": "59461", "LOC_DESC": "OPP BLK 419" }, "geometry": { "type": "Point", "coordinates": [ 29512.97620000038296, 45012.871600000187755 ] } },
{ "type": "Feature", "properties": { "BUS_STOP_N": "70181", "LOC_DESC": "BLK 36" }, "geometry": { "type": "Point", "coordinates": [ 33970.686900000087917, 34559.237099999561906 ] } },
{ "type": "Feature", "properties": { "BUS_STOP_N": "67159", "LOC_DESC": "KANGKAR STN EXIT A" }, "geometry": { "type": "Point", "coordinates": [ 35676.343700000084937, 40708.854299999773502 ] } },
{ "type": "Feature", "properties": { "BUS_STOP_N": "97061", "LOC_DESC": "CHANGI BAPTIST CH" }, "geometry": { "type": "Point", "coordinates": [ 43808.393500000238419, 38656.286100000143051 ] } },
{ "type": "Feature", "properties": { "BUS_STOP_N": "46521", "LOC_DESC": "MARSILING STN" }, "geometry": { "type": "Point", "coordinates": [ 21453.234699999913573, 46014.694499999284744 ] } },
{ "type": "Feature", "properties": { "BUS_STOP_N": "62119", "LOC_DESC": "AFT SUNSHINE LODGE" }, "geometry": { "type": "Point", "coordinates": [ 32191.904400000348687, 36324.117799999192357 ] } },
{ "type": "Feature", "properties": { "BUS_STOP_N": "84529", "LOC_DESC": "BLK 109" }, "geometry": { "type": "Point", "coordinates": [ 39239.585799999535084, 34920.66499999910593 ] } },
{ "type": "Feature", "properties": { "BUS_STOP_N": "17289", "LOC_DESC": "WEST COAST CC" }, "geometry": { "type": "Point", "coordinates": [ 20373.864900000393391, 31632.081199999898672 ] } },
{ "type": "Feature", "properties": { "BUS_STOP_N": "24019", "LOC_DESC": "LIANG HUAT IND CPLX" }, "geometry": { "type": "Point", "coordinates": [ 10642.667899999767542, 33906.496400000527501 ] } },
{ "type": "Feature", "properties": { "BUS_STOP_N": "23501", "LOC_DESC": "AFT PIONEER RD NTH" }, "geometry": { "type": "Point", "coordinates": [ 12691.894600000232458, 34085.274000000208616 ] } },
{ "type": "Feature", "properties": { "BUS_STOP_N": "97149", "LOC_DESC": "AFT VICOM" }, "geometry": { "type": "Point", "coordinates": [ 42982.543999999761581, 37106.941400000825524 ] } },
{ "type": "Feature", "properties": { "BUS_STOP_N": "10249", "LOC_DESC": "OPP GAN ENG SENG SEC SCH" }, "geometry": { "type": "Point", "coordinates": [ 26975.093700000084937, 30367.821399999782443 ] } },
{ "type": "Feature", "properties": { "BUS_STOP_N": "64091", "LOC_DESC": "HOUGANG PR SCH" }, "geometry": { "type": "Point", "coordinates": [ 33360.074000000022352, 39945.85700000077486 ] } },
{ "type": "Feature", "properties": { "BUS_STOP_N": "97141", "LOC_DESC": "AFT UPP CHANGI RD NTH" }, "geometry": { "type": "Point", "coordinates": [ 42982.016800000332296, 37149.177400000393391 ] } },
{ "type": "Feature", "properties": { "BUS_STOP_N": "28399", "LOC_DESC": "BLK 458" }, "geometry": { "type": "Point", "coordinates": [ 15352.449199999682605, 36866.695800000801682 ] } },
{ "type": "Feature", "properties": { "BUS_STOP_N": "02119", "LOC_DESC": "OPP WAR MEMORIAL PK" }, "geometry": { "type": "Point", "coordinates": [ 30443.997999999672174, 30464.507999999448657 ] } },
{ "type": "Feature", "properties": { "BUS_STOP_N": "56081", "LOC_DESC": "BEF SLE" }, "geometry": { "type": "Point", "coordinates": [ 26320.092799999751151, 41517.535900000482798 ] } },
{ "type": "Feature", "properties": { "BUS_STOP_N": "21119", "LOC_DESC": "BEF JURONG PIER RD" }, "geometry": { "type": "Point", "coordinates": [ 14490.827100000344217, 32919.962300000712276 ] } },
{ "type": "Feature", "properties": { "BUS_STOP_N": "18319", "LOC_DESC": "OPP UNIVERSITY HALL" }, "geometry": { "type": "Point", "coordinates": [ 21843.865699999965727, 31101.760199999436736 ] } },
{ "type": "Feature", "properties": { "BUS_STOP_N": "46359", "LOC_DESC": "AFT BLK 336" }, "geometry": { "type": "Point", "coordinates": [ 22375.692900000140071, 45819.763599999248981 ] } },
{ "type": "Feature", "properties": { "BUS_STOP_N": "81031", "LOC_DESC": "BLK 134" }, "geometry": { "type": "Point", "coordinates": [ 33878.187199999578297, 33122.620999999344349 ] } },
{ "type": "Feature", "properties": { "BUS_STOP_N": "64469", "LOC_DESC": "OPP BLK 579" }, "geometry": { "type": "Point", "coordinates": [ 33818.706500000320375, 40168.771299999207258 ] } },
{ "type": "Feature", "properties": { "BUS_STOP_N": "01211", "LOC_DESC": "OPP BLK 461" }, "geometry": { "type": "Point", "coordinates": [ 31032.697599999606609, 31986.515799999237061 ] } },
{ "type": "Feature", "properties": { "BUS_STOP_N": "13021", "LOC_DESC": "AFT MIN OF FOREIGN AFFAIRS" }, "geometry": { "type": "Point", "coordinates": [ 25889.015999999828637, 32073.603000000119209 ] } },
{ "type": "Feature", "properties": { "BUS_STOP_N": "98069", "LOC_DESC": "AFT ENGINE TEST FACILITY" }, "geometry": { "type": "Point", "coordinates": [ 43959.63289999961853, 39737.935799999162555 ] } },
{ "type": "Feature", "properties": { "BUS_STOP_N": "23129", "LOC_DESC": "LEROY-SOMER" }, "geometry": { "type": "Point", "coordinates": [ 11564.82149999961257, 34102.635199999436736 ] } },
{ "type": "Feature", "properties": { "BUS_STOP_N": "10501", "LOC_DESC": "BLK 104" }, "geometry": { "type": "Point", "coordinates": [ 27098.910299999639392, 29282.971499999985099 ] } },
{ "type": "Feature", "properties": { "BUS_STOP_N": "63219", "LOC_DESC": "BEF YIO CHU KANG CHAPEL" }, "geometry": { "type": "Point", "coordinates": [ 32774.797199999913573, 38942.753499999642372 ] } },
{ "type": "Feature", "properties": { "BUS_STOP_N": "42199", "LOC_DESC": "AFT BT BATOK EAST AVE 6" }, "geometry": { "type": "Point", "coordinates": [ 20694.296299999579787, 36463.997500000521541 ] } },
{ "type": "Feature", "properties": { "BUS_STOP_N": "05411", "LOC_DESC": "TG PAGAR PLAZA" }, "geometry": { "type": "Point", "coordinates": [ 29091.544700000435114, 28642.799300000071526 ] } },
{ "type": "Feature", "properties": { "BUS_STOP_N": "94099", "LOC_DESC": "AFT E.C. SEA SPORTS CLUB" }, "geometry": { "type": "Point", "coordinates": [ 41027.370699999853969, 32644.039799999445677 ] } },
{ "type": "Feature", "properties": { "BUS_STOP_N": "65149", "LOC_DESC": "BEF SOO TECK STN" }, "geometry": { "type": "Point", "coordinates": [ 35084.976099999621511, 42980.220300000160933 ] } },
{ "type": "Feature", "properties": { "BUS_STOP_N": "18041", "LOC_DESC": "NORMANTON PK" }, "geometry": { "type": "Point", "coordinates": [ 23530.098600000143051, 30087.271600000560284 ] } },
{ "type": "Feature", "properties": { "BUS_STOP_N": "26129", "LOC_DESC": "BEF PENGUIN INT'L LTD" }, "geometry": { "type": "Point", "coordinates": [ 7702.752199999988079, 33326.939400000497699 ] } },
{ "type": "Feature", "properties": { "BUS_STOP_N": "46109", "LOC_DESC": "W'LANDS CHECKPT" }, "geometry": { "type": "Point", "coordinates": [ 20871.988900000229478, 47629.893100000917912 ] } },
{ "type": "Feature", "properties": { "BUS_STOP_N": "45449", "LOC_DESC": "ENG HUA FURNITURE MFG PTE LTD" }, "geometry": { "type": "Point", "coordinates": [ 18460.843299999833107, 45952.738099999725819 ] } },
{ "type": "Feature", "properties": { "BUS_STOP_N": "65141", "LOC_DESC": "AFT SOO TECK STN" }, "geometry": { "type": "Point", "coordinates": [ 35112.739099999889731, 42931.958100000396371 ] } },
{ "type": "Feature", "properties": { "BUS_STOP_N": "21191", "LOC_DESC": "OPP BLK 178" }, "geometry": { "type": "Point", "coordinates": [ 15435.749200000427663, 35019.330900000408292 ] } },
{ "type": "Feature", "properties": { "BUS_STOP_N": "21199", "LOC_DESC": "BLK 178" }, "geometry": { "type": "Point", "coordinates": [ 15450.910400000400841, 35050.58500000089407 ] } },
{ "type": "Feature", "properties": { "BUS_STOP_N": "16151", "LOC_DESC": "THE JAPANESE PR SCH" }, "geometry": { "type": "Point", "coordinates": [ 20943.424999999813735, 31461.463199999183416 ] } },
{ "type": "Feature", "properties": { "BUS_STOP_N": "66579", "LOC_DESC": "BLK 998B" }, "geometry": { "type": "Point", "coordinates": [ 33273.530799999833107, 40672.642799999564886 ] } },
{ "type": "Feature", "properties": { "BUS_STOP_N": "45309", "LOC_DESC": "BLK 754" }, "geometry": { "type": "Point", "coordinates": [ 18365.883100000210106, 41546.1570999994874 ] } },
{ "type": "Feature", "properties": { "BUS_STOP_N": "75329", "LOC_DESC": "POI CHING SCH" }, "geometry": { "type": "Point", "coordinates": [ 39457.652099999599159, 37753.706700000911951 ] } },
{ "type": "Feature", "properties": { "BUS_STOP_N": "43859", "LOC_DESC": "OPP DAIRY FARM EST STH GATE" }, "geometry": { "type": "Point", "coordinates": [ 20795.183000000193715, 38582.836600000038743 ] } },
{ "type": "Feature", "properties": { "BUS_STOP_N": "58439", "LOC_DESC": "OPP BLK 567B" }, "geometry": { "type": "Point", "coordinates": [ 22994.428899999707937, 45596.854499999433756 ] } },
{ "type": "Feature", "properties": { "BUS_STOP_N": "01511", "LOC_DESC": "OPP THE GATEWAY" }, "geometry": { "type": "Point", "coordinates": [ 30821.441300000064075, 31288.403000000864267 ] } },
{ "type": "Feature", "properties": { "BUS_STOP_N": "10171", "LOC_DESC": "OPP TIONG BAHRU PK" }, "geometry": { "type": "Point", "coordinates": [ 26897.205500000156462, 29981.17369999922812 ] } },
{ "type": "Feature", "properties": { "BUS_STOP_N": "54449", "LOC_DESC": "OPP BLK 507" }, "geometry": { "type": "Point", "coordinates": [ 29956.751699999906123, 39613.935200000181794 ] } },
{ "type": "Feature", "properties": { "BUS_STOP_N": "60211", "LOC_DESC": "AFT TAI THONG CRES" }, "geometry": { "type": "Point", "coordinates": [ 32138.798999999649823, 34528.708499999716878 ] } },
{ "type": "Feature", "properties": { "BUS_STOP_N": "13209", "LOC_DESC": "OPP BRITISH HIGH COMSN" }, "geometry": { "type": "Point", "coordinates": [ 26746.900999999605119, 31817.368599999696016 ] } },
{ "type": "Feature", "properties": { "BUS_STOP_N": "64109", "LOC_DESC": "GRACEHAVEN S ARMY" }, "geometry": { "type": "Point", "coordinates": [ 32849.541899999603629, 39332.410199999809265 ] } },
{ "type": "Feature", "properties": { "BUS_STOP_N": "21151", "LOC_DESC": "CWT DISTRIPARK" }, "geometry": { "type": "Point", "coordinates": [ 15380.234000000171363, 33262.81110000051558 ] } },
{ "type": "Feature", "properties": { "BUS_STOP_N": "52079", "LOC_DESC": "OPP TRELLIS TWRS" }, "geometry": { "type": "Point", "coordinates": [ 29162.652099999599159, 34614.552300000563264 ] } },
{ "type": "Feature", "properties": { "BUS_STOP_N": "66531", "LOC_DESC": "OPP BLK 531" }, "geometry": { "type": "Point", "coordinates": [ 32608.651600000448525, 39686.788899999111891 ] } },
{ "type": "Feature", "properties": { "BUS_STOP_N": "68039", "LOC_DESC": "AFT ABUNDANT GRACE CH" }, "geometry": { "type": "Point", "coordinates": [ 32430.85219999961555, 42044.024100000038743 ] } },
{ "type": "Feature", "properties": { "BUS_STOP_N": "92111", "LOC_DESC": "OPP ROXY SQ" }, "geometry": { "type": "Point", "coordinates": [ 35743.037200000137091, 31899.607599999755621 ] } },
{ "type": "Feature", "properties": { "BUS_STOP_N": "84559", "LOC_DESC": "OPP BLKS 50/51" }, "geometry": { "type": "Point", "coordinates": [ 37958.844700000248849, 34505.93779999949038 ] } },
{ "type": "Feature", "properties": { "BUS_STOP_N": "67609", "LOC_DESC": "BUANGKOK STN EXIT A" }, "geometry": { "type": "Point", "coordinates": [ 34646.314000000245869, 40662.424000000581145 ] } },
{ "type": "Feature", "properties": { "BUS_STOP_N": "45259", "LOC_DESC": "BLK 523" }, "geometry": { "type": "Point", "coordinates": [ 17671.580500000156462, 41504.803999999538064 ] } },
{ "type": "Feature", "properties": { "BUS_STOP_N": "11539", "LOC_DESC": "LEA HIN HARDWARE FTY" }, "geometry": { "type": "Point", "coordinates": [ 25165.86600000038743, 30390.278999999165535 ] } },
{ "type": "Feature", "properties": { "BUS_STOP_N": "02161", "LOC_DESC": "PROMENADE STN" }, "geometry": { "type": "Point", "coordinates": [ 31073.504800000227988, 30565.234999999403954 ] } },
{ "type": "Feature", "properties": { "BUS_STOP_N": "14169", "LOC_DESC": "OPP TELOK BLANGAH STN" }, "geometry": { "type": "Point", "coordinates": [ 25351.245000000111759, 28184.56110000051558 ] } },
{ "type": "Feature", "properties": { "BUS_STOP_N": "93109", "LOC_DESC": "BEF FRANKEL PL" }, "geometry": { "type": "Point", "coordinates": [ 37646.614799999631941, 32790.133400000631809 ] } },
{ "type": "Feature", "properties": { "BUS_STOP_N": "20081", "LOC_DESC": "CARRIER S'PORE" }, "geometry": { "type": "Point", "coordinates": [ 17475.627700000070035, 34315.763399999588728 ] } },
{ "type": "Feature", "properties": { "BUS_STOP_N": "64509", "LOC_DESC": "BLK 941A" }, "geometry": { "type": "Point", "coordinates": [ 33063.623499999754131, 39575.584100000560284 ] } },
{ "type": "Feature", "properties": { "BUS_STOP_N": "14349", "LOC_DESC": "BLK 59" }, "geometry": { "type": "Point", "coordinates": [ 25785.042999999597669, 28692.586400000378489 ] } },
{ "type": "Feature", "properties": { "BUS_STOP_N": "59311", "LOC_DESC": "BLK 760" }, "geometry": { "type": "Point", "coordinates": [ 27873.391200000420213, 45305.809000000357628 ] } },
{ "type": "Feature", "properties": { "BUS_STOP_N": "29101", "LOC_DESC": "PPL SHIPYARD" }, "geometry": { "type": "Point", "coordinates": [ 18731.560999999754131, 31217.635600000619888 ] } },
{ "type": "Feature", "properties": { "BUS_STOP_N": "21441", "LOC_DESC": "BLK 207" }, "geometry": { "type": "Point", "coordinates": [ 14642.902700000442564, 36497.767899999395013 ] } },
{ "type": "Feature", "properties": { "BUS_STOP_N": "67301", "LOC_DESC": "BLK 305D" }, "geometry": { "type": "Point", "coordinates": [ 33974.088999999687076, 41197.054999999701977 ] } },
{ "type": "Feature", "properties": { "BUS_STOP_N": "44239", "LOC_DESC": "OPP ZHENGHUA PR SCH" }, "geometry": { "type": "Point", "coordinates": [ 20929.447900000028312, 40049.665599999949336 ] } },
{ "type": "Feature", "properties": { "BUS_STOP_N": "58331", "LOC_DESC": "BLK 589D" }, "geometry": { "type": "Point", "coordinates": [ 26969.457100000232458, 47933.458499999716878 ] } },
{ "type": "Feature", "properties": { "BUS_STOP_N": "43267", "LOC_DESC": "HILLVIEW HTS" }, "geometry": { "type": "Point", "coordinates": [ 20342.545099999755621, 38149.044399999082088 ] } },
{ "type": "Feature", "properties": { "BUS_STOP_N": "57059", "LOC_DESC": "OPP SEMBAWANG AIR BASE" }, "geometry": { "type": "Point", "coordinates": [ 26913.49239999987185, 44050.517000000923872 ] } },
{ "type": "Feature", "properties": { "BUS_STOP_N": "67199", "LOC_DESC": "OPP BLK 223D" }, "geometry": { "type": "Point", "coordinates": [ 35064.912800000049174, 41190.859099999070168 ] } },
{ "type": "Feature", "properties": { "BUS_STOP_N": "44389", "LOC_DESC": "OPP BLK 201" }, "geometry": { "type": "Point", "coordinates": [ 21464.775299999862909, 39286.888699999079108 ] } },
{ "type": "Feature", "properties": { "BUS_STOP_N": "84549", "LOC_DESC": "OPP BLK 42" }, "geometry": { "type": "Point", "coordinates": [ 38211.608500000089407, 34388.045199999585748 ] } },
{ "type": "Feature", "properties": { "BUS_STOP_N": "63181", "LOC_DESC": "BEF ST HELIER'S AVE" }, "geometry": { "type": "Point", "coordinates": [ 32463.444500000216067, 38098.854499999433756 ] } },
{ "type": "Feature", "properties": { "BUS_STOP_N": "44269", "LOC_DESC": "BLK 223" }, "geometry": { "type": "Point", "coordinates": [ 21415.423100000247359, 39752.028599999845028 ] } },
{ "type": "Feature", "properties": { "BUS_STOP_N": "63351", "LOC_DESC": "OPP HOUGANG SWIM CPLX" }, "geometry": { "type": "Point", "coordinates": [ 34060.526200000196695, 39016.314300000667572 ] } },
{ "type": "Feature", "properties": { "BUS_STOP_N": "44139", "LOC_DESC": "OPP BLK 26" }, "geometry": { "type": "Point", "coordinates": [ 19320.208700000308454, 39865.801699999719858 ] } },
{ "type": "Feature", "properties": { "BUS_STOP_N": "97171", "LOC_DESC": "OPP SATS CATERING" }, "geometry": { "type": "Point", "coordinates": [ 43210.933899999596179, 36424.699699999764562 ] } },
{ "type": "Feature", "properties": { "BUS_STOP_N": "26349", "LOC_DESC": "TUAS TECHNOLOGY PK" }, "geometry": { "type": "Point", "coordinates": [ 5360.241399999707937, 32695.700600000098348 ] } },
{ "type": "Feature", "properties": { "BUS_STOP_N": "70299", "LOC_DESC": "OPP ASIAWIDE IND BLDG" }, "geometry": { "type": "Point", "coordinates": [ 34033.587000000290573, 35520.915999999269843 ] } },
{ "type": "Feature", "properties": { "BUS_STOP_N": "53149", "LOC_DESC": "WHITLEY SEC SCH" }, "geometry": { "type": "Point", "coordinates": [ 28926.485999999567866, 37520.331000000238419 ] } },
{ "type": "Feature", "properties": { "BUS_STOP_N": "63331", "LOC_DESC": "BLK 615" }, "geometry": { "type": "Point", "coordinates": [ 33751.157999999821186, 38934.136099999770522 ] } },
{ "type": "Feature", "properties": { "BUS_STOP_N": "77161", "LOC_DESC": "BLK 741" }, "geometry": { "type": "Point", "coordinates": [ 39490.784199999645352, 39941.565199999138713 ] } },
{ "type": "Feature", "properties": { "BUS_STOP_N": "16069", "LOC_DESC": "HENG MUI KENG TERR" }, "geometry": { "type": "Point", "coordinates": [ 21313.485299999825656, 30354.676899999380112 ] } },
{ "type": "Feature", "properties": { "BUS_STOP_N": "45441", "LOC_DESC": "OPP ENG HUA FURNITURE MFG PTE LTD" }, "geometry": { "type": "Point", "coordinates": [ 18444.974899999797344, 45959.198400000110269 ] } },
{ "type": "Feature", "properties": { "BUS_STOP_N": "59339", "LOC_DESC": "BLK 776" }, "geometry": { "type": "Point", "coordinates": [ 28043.601999999955297, 44945.041899999603629 ] } },
{ "type": "Feature", "properties": { "BUS_STOP_N": "84089", "LOC_DESC": "BLK 40" }, "geometry": { "type": "Point", "coordinates": [ 39885.331899999640882, 33661.741599999368191 ] } },
{ "type": "Feature", "properties": { "BUS_STOP_N": "46341", "LOC_DESC": "ROSEWOOD" }, "geometry": { "type": "Point", "coordinates": [ 22761.686499999836087, 45936.969200000166893 ] } },
{ "type": "Feature", "properties": { "BUS_STOP_N": "09179", "LOC_DESC": "ROYAL THAI EMBASSY" }, "geometry": { "type": "Point", "coordinates": [ 27689.532599999569356, 32022.871200000867248 ] } },
{ "type": "Feature", "properties": { "BUS_STOP_N": "97059", "LOC_DESC": "CHANGI WOMEN'S PRISON" }, "geometry": { "type": "Point", "coordinates": [ 43312.120600000023842, 38084.350700000301003 ] } },
{ "type": "Feature", "properties": { "BUS_STOP_N": "58421", "LOC_DESC": "Blk 353" }, "geometry": { "type": "Point", "coordinates": [ 26406.71929999999702, 48100.125700000673532 ] } },
{ "type": "Feature", "properties": { "BUS_STOP_N": "98051", "LOC_DESC": "BEF LOYANG WAY" }, "geometry": { "type": "Point", "coordinates": [ 43632.682300000451505, 39456.768100000917912 ] } },
{ "type": "Feature", "properties": { "BUS_STOP_N": "54331", "LOC_DESC": "BLK 346" }, "geometry": { "type": "Point", "coordinates": [ 29918.368800000287592, 38807.069499999284744 ] } },
{ "type": "Feature", "properties": { "BUS_STOP_N": "75161", "LOC_DESC": "BLK 855" }, "geometry": { "type": "Point", "coordinates": [ 39264.544900000095367, 37255.676300000399351 ] } },
{ "type": "Feature", "properties": { "BUS_STOP_N": "59019", "LOC_DESC": "AFT SG SELETAR BRIDGE" }, "geometry": { "type": "Point", "coordinates": [ 27367.391499999910593, 42664.816700000315905 ] } },
{ "type": "Feature", "properties": { "BUS_STOP_N": "67631", "LOC_DESC": "Blk 441D" }, "geometry": { "type": "Point", "coordinates": [ 32705.216300000436604, 41584.90059999935329 ] } },
{ "type": "Feature", "properties": { "BUS_STOP_N": "82221", "LOC_DESC": "Blk 3A" }, "geometry": { "type": "Point", "coordinates": [ 35308.742600000463426, 33335.173800000920892 ] } },
{ "type": "Feature", "properties": { "BUS_STOP_N": "50161", "LOC_DESC": "BEF JLN DUSUN" }, "geometry": { "type": "Point", "coordinates": [ 29159.643299999646842, 34322.717199999839067 ] } },
{ "type": "Feature", "properties": { "BUS_STOP_N": "84129", "LOC_DESC": "FUJITEC S'PORE LTD" }, "geometry": { "type": "Point", "coordinates": [ 38939.543399999849498, 33449.367799999192357 ] } },
{ "type": "Feature", "properties": { "BUS_STOP_N": "97079", "LOC_DESC": "OPP ST. JOHN'S CRES" }, "geometry": { "type": "Point", "coordinates": [ 44055.752100000157952, 38908.503399999812245 ] } },
{ "type": "Feature", "properties": { "BUS_STOP_N": "97071", "LOC_DESC": "AFT ST. JOHN'S CRES" }, "geometry": { "type": "Point", "coordinates": [ 44129.313400000333786, 38993.854499999433756 ] } },
{ "type": "Feature", "properties": { "BUS_STOP_N": "25191", "LOC_DESC": "ASIATIC ENGRG" }, "geometry": { "type": "Point", "coordinates": [ 8672.559200000017881, 33727.691199999302626 ] } },
{ "type": "Feature", "properties": { "BUS_STOP_N": "58111", "LOC_DESC": "BLK 351 CP" }, "geometry": { "type": "Point", "coordinates": [ 26595.183000000193715, 48071.933399999514222 ] } },
{ "type": "Feature", "properties": { "BUS_STOP_N": "43259", "LOC_DESC": "OPP HILLBROOKS" }, "geometry": { "type": "Point", "coordinates": [ 20137.36600000038743, 37734.97829999960959 ] } },
{ "type": "Feature", "properties": { "BUS_STOP_N": "83281", "LOC_DESC": "BEF TOSCA ST" }, "geometry": { "type": "Point", "coordinates": [ 38421.454199999570847, 33546.352099999785423 ] } },
{ "type": "Feature", "properties": { "BUS_STOP_N": "85069", "LOC_DESC": "BEDOK MKT PL" }, "geometry": { "type": "Point", "coordinates": [ 40702.950100000016391, 34876.731499999761581 ] } },
{ "type": "Feature", "properties": { "BUS_STOP_N": "75219", "LOC_DESC": "BLK 889" }, "geometry": { "type": "Point", "coordinates": [ 39001.081799999810755, 36877.765300000086427 ] } },
{ "type": "Feature", "properties": { "BUS_STOP_N": "67279", "LOC_DESC": "BLK 301D" }, "geometry": { "type": "Point", "coordinates": [ 34496.510200000368059, 41122.546000000089407 ] } },
{ "type": "Feature", "properties": { "BUS_STOP_N": "13069", "LOC_DESC": "RV RESIDENCES" }, "geometry": { "type": "Point", "coordinates": [ 27497.148000000044703, 30802.45890000090003 ] } },
{ "type": "Feature", "properties": { "BUS_STOP_N": "53111", "LOC_DESC": "BEF MARYMOUNT LANE" }, "geometry": { "type": "Point", "coordinates": [ 28620.242600000463426, 36406.555800000205636 ] } },
{ "type": "Feature", "properties": { "BUS_STOP_N": "43879", "LOC_DESC": "OPP HSE NO 42" }, "geometry": { "type": "Point", "coordinates": [ 20844.174399999901652, 38932.961799999698997 ] } },
{ "type": "Feature", "properties": { "BUS_STOP_N": "96129", "LOC_DESC": "MELVILLE PK" }, "geometry": { "type": "Point", "coordinates": [ 41873.716599999926984, 36610.932700000703335 ] } },
{ "type": "Feature", "properties": { "BUS_STOP_N": "28329", "LOC_DESC": "BLK 246" }, "geometry": { "type": "Point", "coordinates": [ 17673.769399999640882, 35957.598799999803305 ] } },
{ "type": "Feature", "properties": { "BUS_STOP_N": "45179", "LOC_DESC": "SRI ARASAKESARI SIVAN TP" }, "geometry": { "type": "Point", "coordinates": [ 19307.168899999931455, 43103.888199999928474 ] } },
{ "type": "Feature", "properties": { "BUS_STOP_N": "58041", "LOC_DESC": "BLK 590C" }, "geometry": { "type": "Point", "coordinates": [ 27281.916100000031292, 47894.925499999895692 ] } },
{ "type": "Feature", "properties": { "BUS_STOP_N": "76359", "LOC_DESC": "BLK 493B" }, "geometry": { "type": "Point", "coordinates": [ 41234.391499999910593, 38243.44510000012815 ] } },
{ "type": "Feature", "properties": { "BUS_STOP_N": "58491", "LOC_DESC": "OPP BLK 507A" }, "geometry": { "type": "Point", "coordinates": [ 26997.601599999703467, 48257.321000000461936 ] } },
{ "type": "Feature", "properties": { "BUS_STOP_N": "77279", "LOC_DESC": "AFT PASIR RIS IND DR 1" }, "geometry": { "type": "Point", "coordinates": [ 39281.674999999813735, 40314.25650000013411 ] } },
{ "type": "Feature", "properties": { "BUS_STOP_N": "42139", "LOC_DESC": "AVENUE VILLA" }, "geometry": { "type": "Point", "coordinates": [ 23670.428600000217557, 34545.75899999961257 ] } },
{ "type": "Feature", "properties": { "BUS_STOP_N": "59231", "LOC_DESC": "BLK 227" }, "geometry": { "type": "Point", "coordinates": [ 28385.252199999988079, 46341.549300000071526 ] } },
{ "type": "Feature", "properties": { "BUS_STOP_N": "53419", "LOC_DESC": "OPP GUANGYANG PRI SCH" }, "geometry": { "type": "Point", "coordinates": [ 29837.142699999734759, 36498.296099999919534 ] } },
{ "type": "Feature", "properties": { "BUS_STOP_N": "84691", "LOC_DESC": "BLK 171" }, "geometry": { "type": "Point", "coordinates": [ 40530.686700000427663, 33710.403899999335408 ] } },
{ "type": "Feature", "properties": { "BUS_STOP_N": "14161", "LOC_DESC": "TELOK BLANGAH STN" }, "geometry": { "type": "Point", "coordinates": [ 25427.095399999991059, 28136.987700000405312 ] } },
{ "type": "Feature", "properties": { "BUS_STOP_N": "18019", "LOC_DESC": "BEF TELOK BLANGAH HILL PK" }, "geometry": { "type": "Point", "coordinates": [ 24568.071100000292063, 29257.40679999999702 ] } },
{ "type": "Feature", "properties": { "BUS_STOP_N": "18189", "LOC_DESC": "TANGLIN TRUST SCH" }, "geometry": { "type": "Point", "coordinates": [ 23616.49280000012368, 31200.036800000816584 ] } },
{ "type": "Feature", "properties": { "BUS_STOP_N": "54509", "LOC_DESC": "AFT BLK 5000" }, "geometry": { "type": "Point", "coordinates": [ 31250.015399999916553, 39950.654799999669194 ] } },
{ "type": "Feature", "properties": { "BUS_STOP_N": "51139", "LOC_DESC": "BRADDELL VIEW" }, "geometry": { "type": "Point", "coordinates": [ 28770.944600000046194, 36278.10700000077486 ] } },
{ "type": "Feature", "properties": { "BUS_STOP_N": "97151", "LOC_DESC": "AFT CHANGI NTH ST 2" }, "geometry": { "type": "Point", "coordinates": [ 42874.663800000213087, 36853.003299999982119 ] } },
{ "type": "Feature", "properties": { "BUS_STOP_N": "21249", "LOC_DESC": "BLK 213" }, "geometry": { "type": "Point", "coordinates": [ 14546.12430000025779, 36853.079299999400973 ] } },
{ "type": "Feature", "properties": { "BUS_STOP_N": "46779", "LOC_DESC": "ADMIRALTY STN" }, "geometry": { "type": "Point", "coordinates": [ 24352.940200000070035, 46924.421000000089407 ] } },
{ "type": "Feature", "properties": { "BUS_STOP_N": "21129", "LOC_DESC": "OPP SPC SVC STN" }, "geometry": { "type": "Point", "coordinates": [ 14816.622399999760091, 32946.532199999317527 ] } },
{ "type": "Feature", "properties": { "BUS_STOP_N": "46251", "LOC_DESC": "RIVERSIDE SEC SCH" }, "geometry": { "type": "Point", "coordinates": [ 23067.751000000163913, 46932.739000000059605 ] } },
{ "type": "Feature", "properties": { "BUS_STOP_N": "11111", "LOC_DESC": "FARRER RD STN EXIT B" }, "geometry": { "type": "Point", "coordinates": [ 25152.185999999754131, 33340.878000000491738 ] } },
{ "type": "Feature", "properties": { "BUS_STOP_N": "65261", "LOC_DESC": "BLK 649" }, "geometry": { "type": "Point", "coordinates": [ 37070.260999999940395, 42091.386700000613928 ] } },
{ "type": "Feature", "properties": { "BUS_STOP_N": "28071", "LOC_DESC": "BLK 105" }, "geometry": { "type": "Point", "coordinates": [ 17501.804800000041723, 35538.160399999469519 ] } },
{ "type": "Feature", "properties": { "BUS_STOP_N": "84511", "LOC_DESC": "BLK 608" }, "geometry": { "type": "Point", "coordinates": [ 36894.974200000055134, 34919.415500000119209 ] } },
{ "type": "Feature", "properties": { "BUS_STOP_N": "63379", "LOC_DESC": "BLK 608" }, "geometry": { "type": "Point", "coordinates": [ 33783.428100000135601, 39211.018699999898672 ] } },
{ "type": "Feature", "properties": { "BUS_STOP_N": "67039", "LOC_DESC": "AFT SELETAR RD" }, "geometry": { "type": "Point", "coordinates": [ 31852.456500000320375, 41138.340600000694394 ] } },
{ "type": "Feature", "properties": { "BUS_STOP_N": "43401", "LOC_DESC": "BT BATOK POLYCLINIC" }, "geometry": { "type": "Point", "coordinates": [ 18369.342799999751151, 37151.167899999767542 ] } },
{ "type": "Feature", "properties": { "BUS_STOP_N": "25459", "LOC_DESC": "OPP TUAS WEST ST" }, "geometry": { "type": "Point", "coordinates": [ 5832.351800000295043, 35004.8293999992311 ] } },
{ "type": "Feature", "properties": { "BUS_STOP_N": "02159", "LOC_DESC": "OPP SUNTEC CONVENTION CTR" }, "geometry": { "type": "Point", "coordinates": [ 30785.716400000266731, 30655.394300000742078 ] } },
{ "type": "Feature", "properties": { "BUS_STOP_N": "93151", "LOC_DESC": "OPP CABLE SKI PK" }, "geometry": { "type": "Point", "coordinates": [ 39184.294700000435114, 32242.857400000095367 ] } },
{ "type": "Feature", "properties": { "BUS_STOP_N": "27411", "LOC_DESC": "BLK 844A CP" }, "geometry": { "type": "Point", "coordinates": [ 12355.08530000038445, 36453.048900000751019 ] } },
{ "type": "Feature", "properties": { "BUS_STOP_N": "77101", "LOC_DESC": "BEF PASIR RIS RD" }, "geometry": { "type": "Point", "coordinates": [ 40796.446800000034273, 40309.357699999585748 ] } },
{ "type": "Feature", "properties": { "BUS_STOP_N": "84131", "LOC_DESC": "OPP PANASONIC" }, "geometry": { "type": "Point", "coordinates": [ 38491.189399999566376, 33734.61629999987781 ] } },
{ "type": "Feature", "properties": { "BUS_STOP_N": "62221", "LOC_DESC": "OPP THE MINTON" }, "geometry": { "type": "Point", "coordinates": [ 33473.251899999566376, 36999.659399999305606 ] } },
{ "type": "Feature", "properties": { "BUS_STOP_N": "49179", "LOC_DESC": "AFT KRANJI CRES" }, "geometry": { "type": "Point", "coordinates": [ 18781.03070000000298, 46267.687300000339746 ] } },
{ "type": "Feature", "properties": { "BUS_STOP_N": "18301", "LOC_DESC": "LIM SENG TJOE (LT 27)" }, "geometry": { "type": "Point", "coordinates": [ 22202.256000000052154, 31089.270999999716878 ] } },
{ "type": "Feature", "properties": { "BUS_STOP_N": "21691", "LOC_DESC": "OPP SUMMERDALE" }, "geometry": { "type": "Point", "coordinates": [ 14517.274699999950826, 35942.139699999243021 ] } },
{ "type": "Feature", "properties": { "BUS_STOP_N": "43041", "LOC_DESC": "HUME PK CONDO" }, "geometry": { "type": "Point", "coordinates": [ 20786.02170000039041, 37536.811200000345707 ] } },
{ "type": "Feature", "properties": { "BUS_STOP_N": "48059", "LOC_DESC": "OPP MANDAI AGROTECH PK" }, "geometry": { "type": "Point", "coordinates": [ 24016.918899999931455, 44087.284199999645352 ] } },
{ "type": "Feature", "properties": { "BUS_STOP_N": "94069", "LOC_DESC": "OPP KEW GREEN CONDO" }, "geometry": { "type": "Point", "coordinates": [ 41075.017300000414252, 33370.744500000029802 ] } },
{ "type": "Feature", "properties": { "BUS_STOP_N": "64411", "LOC_DESC": "BLK 670" }, "geometry": { "type": "Point", "coordinates": [ 33757.78870000038296, 39512.713199999183416 ] } },
{ "type": "Feature", "properties": { "BUS_STOP_N": "59369", "LOC_DESC": "BLK 647" }, "geometry": { "type": "Point", "coordinates": [ 28391.553700000047684, 44875.143500000238419 ] } },
{ "type": "Feature", "properties": { "BUS_STOP_N": "48081", "LOC_DESC": "OPP UPP SELETAR RESVR" }, "geometry": { "type": "Point", "coordinates": [ 25293.370400000363588, 43027.052999999374151 ] } },
{ "type": "Feature", "properties": { "BUS_STOP_N": "66329", "LOC_DESC": "BLK 126" }, "geometry": { "type": "Point", "coordinates": [ 32340.270999999716878, 38679.351800000295043 ] } },
{ "type": "Feature", "properties": { "BUS_STOP_N": "75361", "LOC_DESC": "BEF TAMPINES IND AVE 5" }, "geometry": { "type": "Point", "coordinates": [ 38789.180499999783933, 39200.540400000289083 ] } },
{ "type": "Feature", "properties": { "BUS_STOP_N": "68159", "LOC_DESC": "AFT SHELL AVIATION" }, "geometry": { "type": "Point", "coordinates": [ 31631.455000000074506, 44916.265300000086427 ] } },
{ "type": "Feature", "properties": { "BUS_STOP_N": "33051", "LOC_DESC": "BEF LIM CHU KANG LANE 3A" }, "geometry": { "type": "Point", "coordinates": [ 13927.042500000447035, 45782.38150000013411 ] } },
{ "type": "Feature", "properties": { "BUS_STOP_N": "70049", "LOC_DESC": "AFT BLK 4" }, "geometry": { "type": "Point", "coordinates": [ 33055.739900000393391, 35006.519799999892712 ] } },
{ "type": "Feature", "properties": { "BUS_STOP_N": "83079", "LOC_DESC": "BEF SIGLAP PLAIN" }, "geometry": { "type": "Point", "coordinates": [ 37092.713800000026822, 33556.620899999514222 ] } },
{ "type": "Feature", "properties": { "BUS_STOP_N": "98141", "LOC_DESC": "GE AIRCRAFT ENGINES" }, "geometry": { "type": "Point", "coordinates": [ 43676.723299999721348, 39782.708200000226498 ] } },
{ "type": "Feature", "properties": { "BUS_STOP_N": "67501", "LOC_DESC": "BLK 117C" }, "geometry": { "type": "Point", "coordinates": [ 35828.858900000341237, 40620.471699999645352 ] } },
{ "type": "Feature", "properties": { "BUS_STOP_N": "11089", "LOC_DESC": "OPP HOLLAND HILL LODGE" }, "geometry": { "type": "Point", "coordinates": [ 24661.531700000166893, 32411.080399999395013 ] } },
{ "type": "Feature", "properties": { "BUS_STOP_N": "97079", "LOC_DESC": "OPP ST. JOHN'S CRES" }, "geometry": { "type": "Point", "coordinates": [ 44144.574199999682605, 38980.252199999988079 ] } },
{ "type": "Feature", "properties": { "BUS_STOP_N": "76131", "LOC_DESC": "UOB TAMPINES CTR" }, "geometry": { "type": "Point", "coordinates": [ 40162.296400000341237, 37108.387099999934435 ] } },
{ "type": "Feature", "properties": { "BUS_STOP_N": "81119", "LOC_DESC": "PAYA LEBAR STN EXIT C" }, "geometry": { "type": "Point", "coordinates": [ 34496.480000000447035, 33446.337999999523163 ] } },
{ "type": "Feature", "properties": { "BUS_STOP_N": "47629", "LOC_DESC": "SEAGATE" }, "geometry": { "type": "Point", "coordinates": [ 25391.541600000113249, 47592.646900000050664 ] } },
{ "type": "Feature", "properties": { "BUS_STOP_N": "99029", "LOC_DESC": "AFT CRANWELL RD" }, "geometry": { "type": "Point", "coordinates": [ 44270.606700000353158, 40946.791699999943376 ] } },
{ "type": "Feature", "properties": { "BUS_STOP_N": "41101", "LOC_DESC": "ST. MARGARET'S SEC SCH" }, "geometry": { "type": "Point", "coordinates": [ 25324.213399999774992, 33490.230499999597669 ] } },
{ "type": "Feature", "properties": { "BUS_STOP_N": "42161", "LOC_DESC": "BLK 18" }, "geometry": { "type": "Point", "coordinates": [ 21239.214800000190735, 35829.085899999365211 ] } },
{ "type": "Feature", "properties": { "BUS_STOP_N": "23479", "LOC_DESC": "BEF BENOI RD" }, "geometry": { "type": "Point", "coordinates": [ 11018.513000000268221, 33531.984600000083447 ] } },
{ "type": "Feature", "properties": { "BUS_STOP_N": "44491", "LOC_DESC": "BLK 416" }, "geometry": { "type": "Point", "coordinates": [ 17809.308899999596179, 40612.335200000554323 ] } },
{ "type": "Feature", "properties": { "BUS_STOP_N": "84381", "LOC_DESC": "BLK 544" }, "geometry": { "type": "Point", "coordinates": [ 38124.422799999825656, 34777.463300000876188 ] } },
{ "type": "Feature", "properties": { "BUS_STOP_N": "16231", "LOC_DESC": "WHOLESALE CTR" }, "geometry": { "type": "Point", "coordinates": [ 21898.863800000399351, 29870.801000000908971 ] } },
{ "type": "Feature", "properties": { "BUS_STOP_N": "12189", "LOC_DESC": "BEF MT SINAI DR" }, "geometry": { "type": "Point", "coordinates": [ 22082.489299999549985, 33185.078500000759959 ] } },
{ "type": "Feature", "properties": { "BUS_STOP_N": "45301", "LOC_DESC": "BLK 708" }, "geometry": { "type": "Point", "coordinates": [ 18343.716900000348687, 41528.479900000616908 ] } },
{ "type": "Feature", "properties": { "BUS_STOP_N": "92061", "LOC_DESC": "CHIJ KATONG CON (PR)" }, "geometry": { "type": "Point", "coordinates": [ 36590.639600000344217, 32019.563200000673532 ] } },
{ "type": "Feature", "properties": { "BUS_STOP_N": "96141", "LOC_DESC": "BLK 120/OPP SIMEI STN" }, "geometry": { "type": "Point", "coordinates": [ 41351.192400000058115, 36315.687599999830127 ] } },
{ "type": "Feature", "properties": { "BUS_STOP_N": "68119", "LOC_DESC": "AFT SELETAR CAMP G" }, "geometry": { "type": "Point", "coordinates": [ 32330.610000000335276, 42666.17710000090301 ] } },
{ "type": "Feature", "properties": { "BUS_STOP_N": "24021", "LOC_DESC": "MERITOR HEAVY VEH SYSTEMS" }, "geometry": { "type": "Point", "coordinates": [ 9932.721800000406802, 33789.916799999773502 ] } },
{ "type": "Feature", "properties": { "BUS_STOP_N": "22229", "LOC_DESC": "BEF PIONEER RD NTH" }, "geometry": { "type": "Point", "coordinates": [ 13031.496199999935925, 34432.057399999350309 ] } },
{ "type": "Feature", "properties": { "BUS_STOP_N": "55121", "LOC_DESC": "OPP BLK 604" }, "geometry": { "type": "Point", "coordinates": [ 28205.588800000026822, 40155.339999999850988 ] } },
{ "type": "Feature", "properties": { "BUS_STOP_N": "31201", "LOC_DESC": "AFT CHINESE CEMY PATH 13" }, "geometry": { "type": "Point", "coordinates": [ 12783.363099999725819, 40263.840299999341369 ] } },
{ "type": "Feature", "properties": { "BUS_STOP_N": "82071", "LOC_DESC": "OPP TG KATONG GIRLS' SCH" }, "geometry": { "type": "Point", "coordinates": [ 34907.31359999999404, 32183.515900000929832 ] } },
{ "type": "Feature", "properties": { "BUS_STOP_N": "24029", "LOC_DESC": "MAZAK S'PORE" }, "geometry": { "type": "Point", "coordinates": [ 9977.234400000423193, 33858.859999999403954 ] } },
{ "type": "Feature", "properties": { "BUS_STOP_N": "07221", "LOC_DESC": "SRI VADAPATHIRA K TP" }, "geometry": { "type": "Point", "coordinates": [ 30732.999900000169873, 33036.732599999755621 ] } },
{ "type": "Feature", "properties": { "BUS_STOP_N": "50171", "LOC_DESC": "ZHONGSHAN MALL" }, "geometry": { "type": "Point", "coordinates": [ 29460.328700000420213, 34319.695000000298023 ] } },
{ "type": "Feature", "properties": { "BUS_STOP_N": "77211", "LOC_DESC": "BLK 626" }, "geometry": { "type": "Point", "coordinates": [ 39971.43790000025183, 40221.253699999302626 ] } },
{ "type": "Feature", "properties": { "BUS_STOP_N": "58081", "LOC_DESC": "OPP JLN JANGGUS" }, "geometry": { "type": "Point", "coordinates": [ 28293.764000000432134, 48875.748800000175834 ] } },
{ "type": "Feature", "properties": { "BUS_STOP_N": "27051", "LOC_DESC": "NIE LIB" }, "geometry": { "type": "Point", "coordinates": [ 10562.871899999678135, 36736.878699999302626 ] } },
{ "type": "Feature", "properties": { "BUS_STOP_N": "83159", "LOC_DESC": "OPP PARKWAY EAST HOSP" }, "geometry": { "type": "Point", "coordinates": [ 36469.749499999918044, 33011.639599999412894 ] } },
{ "type": "Feature", "properties": { "BUS_STOP_N": "32039", "LOC_DESC": "AFT AMA KENG RD" }, "geometry": { "type": "Point", "coordinates": [ 13252.327200000174344, 42705.30210000090301 ] } },
{ "type": "Feature", "properties": { "BUS_STOP_N": "61009", "LOC_DESC": "BLK 122" }, "geometry": { "type": "Point", "coordinates": [ 31703.556900000199676, 35266.851299999281764 ] } },
{ "type": "Feature", "properties": { "BUS_STOP_N": "85079", "LOC_DESC": "FLEXTRONIC" }, "geometry": { "type": "Point", "coordinates": [ 40991.189699999988079, 35122.52419999986887 ] } },
{ "type": "Feature", "properties": { "BUS_STOP_N": "76251", "LOC_DESC": "BLK 487B" }, "geometry": { "type": "Point", "coordinates": [ 41906.812699999660254, 37978.016499999910593 ] } },
{ "type": "Feature", "properties": { "BUS_STOP_N": "63249", "LOC_DESC": "BLK 1" }, "geometry": { "type": "Point", "coordinates": [ 34592.343500000424683, 38458.809200000017881 ] } },
{ "type": "Feature", "properties": { "BUS_STOP_N": "55331", "LOC_DESC": "AFT LENTOR GR" }, "geometry": { "type": "Point", "coordinates": [ 28424.576399999670684, 40983.714600000530481 ] } },
{ "type": "Feature", "properties": { "BUS_STOP_N": "70271", "LOC_DESC": "LE CRESCENDO" }, "geometry": { "type": "Point", "coordinates": [ 34226.140300000086427, 34776.218499999493361 ] } },
{ "type": "Feature", "properties": { "BUS_STOP_N": "70289", "LOC_DESC": "AFT TAI SENG STN EXIT C" }, "geometry": { "type": "Point", "coordinates": [ 34162.276899999938905, 35243.58500000089407 ] } },
{ "type": "Feature", "properties": { "BUS_STOP_N": "78269", "LOC_DESC": "RIPPLE BAY" }, "geometry": { "type": "Point", "coordinates": [ 42199.650700000114739, 40067.208000000566244 ] } },
{ "type": "Feature", "properties": { "BUS_STOP_N": "52341", "LOC_DESC": "PEI CHUN PUBLIC SCH" }, "geometry": { "type": "Point", "coordinates": [ 30485.706600000150502, 35378.530600000172853 ] } },
{ "type": "Feature", "properties": { "BUS_STOP_N": "52381", "LOC_DESC": "BRADDELL TECH BLDG" }, "geometry": { "type": "Point", "coordinates": [ 30784.677400000393391, 35783.646199999377131 ] } },
{ "type": "Feature", "properties": { "BUS_STOP_N": "84019", "LOC_DESC": "OPP CHAI CHEE IND PK" }, "geometry": { "type": "Point", "coordinates": [ 37931.773199999704957, 33827.002699999138713 ] } },
{ "type": "Feature", "properties": { "BUS_STOP_N": "67061", "LOC_DESC": "AFT JLN SELASEH" }, "geometry": { "type": "Point", "coordinates": [ 32678.491100000217557, 40859.898900000378489 ] } },
{ "type": "Feature", "properties": { "BUS_STOP_N": "55171", "LOC_DESC": "CASTLE GREEN" }, "geometry": { "type": "Point", "coordinates": [ 28993.799599999561906, 40851.939300000667572 ] } },
{ "type": "Feature", "properties": { "BUS_STOP_N": "84281", "LOC_DESC": "BLK 180" }, "geometry": { "type": "Point", "coordinates": [ 39915.012900000438094, 34313.651599999517202 ] } },
{ "type": "Feature", "properties": { "BUS_STOP_N": "04229", "LOC_DESC": "HIGH ST CTR" }, "geometry": { "type": "Point", "coordinates": [ 29711.834300000220537, 30309.045099999755621 ] } },
{ "type": "Feature", "properties": { "BUS_STOP_N": "99019", "LOC_DESC": "AFT SCH OF COMMANDO" }, "geometry": { "type": "Point", "coordinates": [ 44150.872100000269711, 40621.33530000038445 ] } },
{ "type": "Feature", "properties": { "BUS_STOP_N": "49051", "LOC_DESC": "BEF SG KADUT ST 5" }, "geometry": { "type": "Point", "coordinates": [ 18739.281000000424683, 44943.456900000572205 ] } },
{ "type": "Feature", "properties": { "BUS_STOP_N": "25169", "LOC_DESC": "OPP GALMON S'PORE" }, "geometry": { "type": "Point", "coordinates": [ 8098.638600000180304, 34445.340700000524521 ] } },
{ "type": "Feature", "properties": { "BUS_STOP_N": "14231", "LOC_DESC": "KEPPEL DP BLK 519" }, "geometry": { "type": "Point", "coordinates": [ 27257.417299999855459, 28159.610700000077486 ] } },
{ "type": "Feature", "properties": { "BUS_STOP_N": "58211", "LOC_DESC": "SEMBAWANG STN" }, "geometry": { "type": "Point", "coordinates": [ 26483.269399999640882, 47875.449500000104308 ] } },
{ "type": "Feature", "properties": { "BUS_STOP_N": "43191", "LOC_DESC": "BLK 288C" }, "geometry": { "type": "Point", "coordinates": [ 19754.751500000245869, 36499.213500000536442 ] } },
{ "type": "Feature", "properties": { "BUS_STOP_N": "26171", "LOC_DESC": "RICHEE ENGRG" }, "geometry": { "type": "Point", "coordinates": [ 7285.282999999821186, 33595.857499999925494 ] } },
{ "type": "Feature", "properties": { "BUS_STOP_N": "18089", "LOC_DESC": "S'PORE POST" }, "geometry": { "type": "Point", "coordinates": [ 22913.525500000454485, 30787.442900000140071 ] } },
{ "type": "Feature", "properties": { "BUS_STOP_N": "50037", "LOC_DESC": "NOVENA STN EXIT B" }, "geometry": { "type": "Point", "coordinates": [ 28997.497700000181794, 33699.967800000682473 ] } },
{ "type": "Feature", "properties": { "BUS_STOP_N": "59601", "LOC_DESC": "BLK 391" }, "geometry": { "type": "Point", "coordinates": [ 29786.648699999786913, 45660.207499999552965 ] } },
{ "type": "Feature", "properties": { "BUS_STOP_N": "22579", "LOC_DESC": "BOON LAY MRT STN" }, "geometry": { "type": "Point", "coordinates": [ 13905.530399999581277, 35592.540500000119209 ] } },
{ "type": "Feature", "properties": { "BUS_STOP_N": "50029", "LOC_DESC": "OPP UNITED SQ" }, "geometry": { "type": "Point", "coordinates": [ 29283.399000000208616, 33189.246999999508262 ] } },
{ "type": "Feature", "properties": { "BUS_STOP_N": "54079", "LOC_DESC": "OPP BLK 315" }, "geometry": { "type": "Point", "coordinates": [ 29406.320000000298023, 38436.230499999597669 ] } },
{ "type": "Feature", "properties": { "BUS_STOP_N": "06161", "LOC_DESC": "BLK 2" }, "geometry": { "type": "Point", "coordinates": [ 28743.276800000108778, 30156.740499999374151 ] } },
{ "type": "Feature", "properties": { "BUS_STOP_N": "22181", "LOC_DESC": "S'PORE POST" }, "geometry": { "type": "Point", "coordinates": [ 12758.166600000113249, 35036.063699999824166 ] } },
{ "type": "Feature", "properties": { "BUS_STOP_N": "70311", "LOC_DESC": "AFT GENTING LANE" }, "geometry": { "type": "Point", "coordinates": [ 33093.702899999916553, 33957.89809999987483 ] } },
{ "type": "Feature", "properties": { "BUS_STOP_N": "66539", "LOC_DESC": "BLK 531" }, "geometry": { "type": "Point", "coordinates": [ 32620.828599999658763, 39673.078400000929832 ] } },
{ "type": "Feature", "properties": { "BUS_STOP_N": "44609", "LOC_DESC": "BLK 408" }, "geometry": { "type": "Point", "coordinates": [ 20747.335699999704957, 40442.503200000151992 ] } },
{ "type": "Feature", "properties": { "BUS_STOP_N": "64071", "LOC_DESC": "OPP PUNGGOL PK" }, "geometry": { "type": "Point", "coordinates": [ 35107.486600000411272, 39686.683900000527501 ] } },
{ "type": "Feature", "properties": { "BUS_STOP_N": "60139", "LOC_DESC": "BLK 44" }, "geometry": { "type": "Point", "coordinates": [ 31672.528800000436604, 33818.455800000578165 ] } },
{ "type": "Feature", "properties": { "BUS_STOP_N": "77331", "LOC_DESC": "BLK 747A" }, "geometry": { "type": "Point", "coordinates": [ 39143.510200000368059, 40041.42200000025332 ] } },
{ "type": "Feature", "properties": { "BUS_STOP_N": "84491", "LOC_DESC": "BLK 629" }, "geometry": { "type": "Point", "coordinates": [ 36998.414599999785423, 35189.175100000575185 ] } },
{ "type": "Feature", "properties": { "BUS_STOP_N": "93111", "LOC_DESC": "BEF ELITE PK AVE" }, "geometry": { "type": "Point", "coordinates": [ 37957.957399999722838, 32971.98509999923408 ] } },
{ "type": "Feature", "properties": { "BUS_STOP_N": "41139", "LOC_DESC": "AFT THE JAPANESE ASSN" }, "geometry": { "type": "Point", "coordinates": [ 25939.207999999634922, 34637.278699999675155 ] } },
{ "type": "Feature", "properties": { "BUS_STOP_N": "28529", "LOC_DESC": "BLK 441" }, "geometry": { "type": "Point", "coordinates": [ 15465.57799999974668, 37032.914899999275804 ] } },
{ "type": "Feature", "properties": { "BUS_STOP_N": "40019", "LOC_DESC": "LITTLE INDIA STN" }, "geometry": { "type": "Point", "coordinates": [ 29775.10010000038892, 32094.676000000908971 ] } },
{ "type": "Feature", "properties": { "BUS_STOP_N": "27031", "LOC_DESC": "HALL 12" }, "geometry": { "type": "Point", "coordinates": [ 10998.314199999906123, 37114.595899999141693 ] } },
{ "type": "Feature", "properties": { "BUS_STOP_N": "54539", "LOC_DESC": "BISHAN PK" }, "geometry": { "type": "Point", "coordinates": [ 29972.423499999567866, 37854.559499999508262 ] } },
{ "type": "Feature", "properties": { "BUS_STOP_N": "76349", "LOC_DESC": "DUNMAN SEC SCH" }, "geometry": { "type": "Point", "coordinates": [ 41605.784699999727309, 38058.106100000441074 ] } },
{ "type": "Feature", "properties": { "BUS_STOP_N": "29021", "LOC_DESC": "AFT JLN BUROH" }, "geometry": { "type": "Point", "coordinates": [ 17002.731800000183284, 32778.959799999371171 ] } },
{ "type": "Feature", "properties": { "BUS_STOP_N": "04121", "LOC_DESC": "SMU" }, "geometry": { "type": "Point", "coordinates": [ 29811.331000000238419, 30951.445000000298023 ] } },
{ "type": "Feature", "properties": { "BUS_STOP_N": "07021", "LOC_DESC": "SELEGIE CTR" }, "geometry": { "type": "Point", "coordinates": [ 29853.522099999710917, 31727.119300000369549 ] } },
{ "type": "Feature", "properties": { "BUS_STOP_N": "45291", "LOC_DESC": "OPP BLK 704" }, "geometry": { "type": "Point", "coordinates": [ 18165.560499999672174, 41433.480299999937415 ] } },
{ "type": "Feature", "properties": { "BUS_STOP_N": "11589", "LOC_DESC": "BLK 157" }, "geometry": { "type": "Point", "coordinates": [ 24741.642400000244379, 30603.309200000017881 ] } },
{ "type": "Feature", "properties": { "BUS_STOP_N": "68051", "LOC_DESC": "BEF TPE" }, "geometry": { "type": "Point", "coordinates": [ 32338.553700000047684, 42382.345100000500679 ] } },
{ "type": "Feature", "properties": { "BUS_STOP_N": "80229", "LOC_DESC": "BLK 45" }, "geometry": { "type": "Point", "coordinates": [ 32983.135200000368059, 33274.922199999913573 ] } },
{ "type": "Feature", "properties": { "BUS_STOP_N": "58409", "LOC_DESC": "Blk 491" }, "geometry": { "type": "Point", "coordinates": [ 26308.996000000275671, 48637.741499999538064 ] } },
{ "type": "Feature", "properties": { "BUS_STOP_N": "16211", "LOC_DESC": "WHARVES BLDG" }, "geometry": { "type": "Point", "coordinates": [ 22460.017699999734759, 29100.584100000560284 ] } },
{ "type": "Feature", "properties": { "BUS_STOP_N": "17379", "LOC_DESC": "BLK 304" }, "geometry": { "type": "Point", "coordinates": [ 20274.195299999788404, 33634.3125 ] } },
{ "type": "Feature", "properties": { "BUS_STOP_N": "64499", "LOC_DESC": "REGENTVILLE" }, "geometry": { "type": "Point", "coordinates": [ 32989.76480000000447, 39653.078400000929832 ] } },
{ "type": "Feature", "properties": { "BUS_STOP_N": "75239", "LOC_DESC": "TEMASEK POLY" }, "geometry": { "type": "Point", "coordinates": [ 39021.932900000363588, 36550.972200000658631 ] } },
{ "type": "Feature", "properties": { "BUS_STOP_N": "10101", "LOC_DESC": "OPP BT MERAH SEC SCH" }, "geometry": { "type": "Point", "coordinates": [ 25807.269500000402331, 29718.63429999910295 ] } },
{ "type": "Feature", "properties": { "BUS_STOP_N": "48021", "LOC_DESC": "AFT MANDAI LAKE RD" }, "geometry": { "type": "Point", "coordinates": [ 22011.950500000268221, 43638.151900000870228 ] } },
{ "type": "Feature", "properties": { "BUS_STOP_N": "28119", "LOC_DESC": "BEF BT BATOK RD" }, "geometry": { "type": "Point", "coordinates": [ 17178.942200000397861, 36658.864299999549985 ] } },
{ "type": "Feature", "properties": { "BUS_STOP_N": "59581", "LOC_DESC": "BLK 432C" }, "geometry": { "type": "Point", "coordinates": [ 29417.262799999676645, 44549.750199999660254 ] } },
{ "type": "Feature", "properties": { "BUS_STOP_N": "60141", "LOC_DESC": "OPP BENDEMEER PR SCH" }, "geometry": { "type": "Point", "coordinates": [ 31404.044499999843538, 33877.316199999302626 ] } },
{ "type": "Feature", "properties": { "BUS_STOP_N": "21109", "LOC_DESC": "CTRL FISH PROC FTY" }, "geometry": { "type": "Point", "coordinates": [ 15518.195299999788404, 32574.33699999935925 ] } },
{ "type": "Feature", "properties": { "BUS_STOP_N": "46969", "LOC_DESC": "BLK 532" }, "geometry": { "type": "Point", "coordinates": [ 23472.32660000026226, 45808.950200000777841 ] } },
{ "type": "Feature", "properties": { "BUS_STOP_N": "11201", "LOC_DESC": "CSC DEMPSEY CLUBHSE" }, "geometry": { "type": "Point", "coordinates": [ 25597.897699999623001, 32146.033800000324845 ] } },
{ "type": "Feature", "properties": { "BUS_STOP_N": "49061", "LOC_DESC": "POH CHEONG CONCRETE PRODUCTS" }, "geometry": { "type": "Point", "coordinates": [ 18605.145899999886751, 45325.175400000065565 ] } },
{ "type": "Feature", "properties": { "BUS_STOP_N": "52139", "LOC_DESC": "OLEANDER TWRS" }, "geometry": { "type": "Point", "coordinates": [ 29191.96929999999702, 34990.639799999073148 ] } },
{ "type": "Feature", "properties": { "BUS_STOP_N": "53171", "LOC_DESC": "BLK 23" }, "geometry": { "type": "Point", "coordinates": [ 28333.357900000177324, 37421.6097999997437 ] } },
{ "type": "Feature", "properties": { "BUS_STOP_N": "55111", "LOC_DESC": "BLK 180" }, "geometry": { "type": "Point", "coordinates": [ 28484.546799999661744, 39883.968399999663234 ] } },
{ "type": "Feature", "properties": { "BUS_STOP_N": "27131", "LOC_DESC": "BLK 932" }, "geometry": { "type": "Point", "coordinates": [ 11879.00719999987632, 36013.674499999731779 ] } },
{ "type": "Feature", "properties": { "BUS_STOP_N": "46681", "LOC_DESC": "BLK 899A" }, "geometry": { "type": "Point", "coordinates": [ 23822.172500000335276, 46382.068199999630451 ] } },
{ "type": "Feature", "properties": { "BUS_STOP_N": "98131", "LOC_DESC": "BEF LOYANG WAY 1" }, "geometry": { "type": "Point", "coordinates": [ 43470.329199999570847, 39575.96059999987483 ] } },
{ "type": "Feature", "properties": { "BUS_STOP_N": "76351", "LOC_DESC": "BLK 484" }, "geometry": { "type": "Point", "coordinates": [ 41317.955000000074506, 38244.384500000625849 ] } },
{ "type": "Feature", "properties": { "BUS_STOP_N": "43011", "LOC_DESC": "BT REGENCY" }, "geometry": { "type": "Point", "coordinates": [ 21090.323300000280142, 36602.559699999168515 ] } },
{ "type": "Feature", "properties": { "BUS_STOP_N": "76079", "LOC_DESC": "BLK 101" }, "geometry": { "type": "Point", "coordinates": [ 40489.962100000120699, 36666.628299999982119 ] } },
{ "type": "Feature", "properties": { "BUS_STOP_N": "27099", "LOC_DESC": "BLK 271 CP" }, "geometry": { "type": "Point", "coordinates": [ 13567.873599999584258, 36923.335799999535084 ] } },
{ "type": "Feature", "properties": { "BUS_STOP_N": "29159", "LOC_DESC": "AFT TEBAN GDNS CRES" }, "geometry": { "type": "Point", "coordinates": [ 17338.979500000365078, 34172.048299999907613 ] } },
{ "type": "Feature", "properties": { "BUS_STOP_N": "04167", "LOC_DESC": "CITY HALL STN EXIT B" }, "geometry": { "type": "Point", "coordinates": [ 30039.969700000248849, 30577.093399999663234 ] } },
{ "type": "Feature", "properties": { "BUS_STOP_N": "63369", "LOC_DESC": "S'GOON SPORTS CPLX" }, "geometry": { "type": "Point", "coordinates": [ 32542.906600000336766, 37630.109300000593066 ] } },
{ "type": "Feature", "properties": { "BUS_STOP_N": "70261", "LOC_DESC": "OPP ORION @ PAYA LEBAR" }, "geometry": { "type": "Point", "coordinates": [ 34265.269600000232458, 34580.725999999791384 ] } },
{ "type": "Feature", "properties": { "BUS_STOP_N": "21459", "LOC_DESC": "BLK 209" }, "geometry": { "type": "Point", "coordinates": [ 14828.598000000230968, 36419.890699999406934 ] } },
{ "type": "Feature", "properties": { "BUS_STOP_N": "52099", "LOC_DESC": "OPP NKF" }, "geometry": { "type": "Point", "coordinates": [ 30403.179800000041723, 34313.523900000378489 ] } },
{ "type": "Feature", "properties": { "BUS_STOP_N": "21069", "LOC_DESC": "BEF JLN TEPONG" }, "geometry": { "type": "Point", "coordinates": [ 15297.583899999968708, 32732.989800000563264 ] } },
{ "type": "Feature", "properties": { "BUS_STOP_N": "21011", "LOC_DESC": "AFT JURONG LAKE" }, "geometry": { "type": "Point", "coordinates": [ 16342.217100000008941, 34168.753699999302626 ] } },
{ "type": "Feature", "properties": { "BUS_STOP_N": "58179", "LOC_DESC": "OPP SEMBAWANG CORP INDUSTRIES" }, "geometry": { "type": "Point", "coordinates": [ 26897.730800000019372, 48906.572599999606609 ] } },
{ "type": "Feature", "properties": { "BUS_STOP_N": "84051", "LOC_DESC": "BEDOK SPORTS CPLX" }, "geometry": { "type": "Point", "coordinates": [ 39830.486299999989569, 34172.629399999976158 ] } },
{ "type": "Feature", "properties": { "BUS_STOP_N": "46739", "LOC_DESC": "BLK 782" }, "geometry": { "type": "Point", "coordinates": [ 24737.478199999779463, 47781.604199999943376 ] } },
{ "type": "Feature", "properties": { "BUS_STOP_N": "93119", "LOC_DESC": "AFT ELITE PK AVE" }, "geometry": { "type": "Point", "coordinates": [ 37977.882399999536574, 32948.002199999988079 ] } },
{ "type": "Feature", "properties": { "BUS_STOP_N": "18159", "LOC_DESC": "ONE-NORTH STN / GALAXIS" }, "geometry": { "type": "Point", "coordinates": [ 23013.311300000175834, 31413.407600000500679 ] } },
{ "type": "Feature", "properties": { "BUS_STOP_N": "27389", "LOC_DESC": "GEK POH SHOP CTR" }, "geometry": { "type": "Point", "coordinates": [ 12957.278500000014901, 36732.256100000813603 ] } },
{ "type": "Feature", "properties": { "BUS_STOP_N": "80239", "LOC_DESC": "BEF BLK 53" }, "geometry": { "type": "Point", "coordinates": [ 33242.370400000363588, 33413.377100000157952 ] } },
{ "type": "Feature", "properties": { "BUS_STOP_N": "46181", "LOC_DESC": "OPP BLK 12" }, "geometry": { "type": "Point", "coordinates": [ 21938.332200000062585, 46869.392599999904633 ] } },
{ "type": "Feature", "properties": { "BUS_STOP_N": "62251", "LOC_DESC": "BEF BLK 471B" }, "geometry": { "type": "Point", "coordinates": [ 35500.35869999974966, 39943.337899999693036 ] } },
{ "type": "Feature", "properties": { "BUS_STOP_N": "25269", "LOC_DESC": "TUAS CHECKPT" }, "geometry": { "type": "Point", "coordinates": [ 6202.672100000083447, 36658.03070000000298 ] } },
{ "type": "Feature", "properties": { "BUS_STOP_N": "14279", "LOC_DESC": "BLK 25" }, "geometry": { "type": "Point", "coordinates": [ 26436.138399999588728, 28705.297199999913573 ] } },
{ "type": "Feature", "properties": { "BUS_STOP_N": "43331", "LOC_DESC": "OPP BT BATOK PRESBY CH" }, "geometry": { "type": "Point", "coordinates": [ 17965.738400000147521, 36782.0168999992311 ] } },
{ "type": "Feature", "properties": { "BUS_STOP_N": "28649", "LOC_DESC": "BLK 286A" }, "geometry": { "type": "Point", "coordinates": [ 18278.082200000062585, 35691.350099999457598 ] } },
{ "type": "Feature", "properties": { "BUS_STOP_N": "61069", "LOC_DESC": "POTONG PASIR STN EXIT A" }, "geometry": { "type": "Point", "coordinates": [ 31908.274299999698997, 34991.17369999922812 ] } },
{ "type": "Feature", "properties": { "BUS_STOP_N": "60269", "LOC_DESC": "POTONG PASIR STN EXIT B" }, "geometry": { "type": "Point", "coordinates": [ 31991.280100000090897, 34793.410399999469519 ] } },
{ "type": "Feature", "properties": { "BUS_STOP_N": "05429", "LOC_DESC": "BEF CRAIG RD" }, "geometry": { "type": "Point", "coordinates": [ 29155.496500000357628, 28898.495899999514222 ] } },
{ "type": "Feature", "properties": { "BUS_STOP_N": "05049", "LOC_DESC": "CHINATOWN STN EXIT E" }, "geometry": { "type": "Point", "coordinates": [ 29242.464499999769032, 29741.043700000271201 ] } },
{ "type": "Feature", "properties": { "BUS_STOP_N": "05129", "LOC_DESC": "OPP ONE UPPER PICKERING" }, "geometry": { "type": "Point", "coordinates": [ 29449.001600000075996, 29830.694900000467896 ] } },
{ "type": "Feature", "properties": { "BUS_STOP_N": "46941", "LOC_DESC": "OPP NYLECT ENGRG" }, "geometry": { "type": "Point", "coordinates": [ 24892.618400000035763, 48140.713500000536442 ] } },
{ "type": "Feature", "properties": { "BUS_STOP_N": "95179", "LOC_DESC": "DHL" }, "geometry": { "type": "Point", "coordinates": [ 46799.200899999588728, 39825.19539999961853 ] } },
{ "type": "Feature", "properties": { "BUS_STOP_N": "22081", "LOC_DESC": "OPP NATSTEEL" }, "geometry": { "type": "Point", "coordinates": [ 13209.391699999570847, 32033.846000000834465 ] } },
{ "type": "Feature", "properties": { "BUS_STOP_N": "92101", "LOC_DESC": "KATONG SHOP CTR" }, "geometry": { "type": "Point", "coordinates": [ 35572.441399999894202, 31786.415300000458956 ] } },
{ "type": "Feature", "properties": { "BUS_STOP_N": "02089", "LOC_DESC": "PROMENADE STN/PAN PACIFIC" }, "geometry": { "type": "Point", "coordinates": [ 30894.447999999858439, 30438.186499999836087 ] } },
{ "type": "Feature", "properties": { "BUS_STOP_N": "21641", "LOC_DESC": "OPP LAKESIDE APT" }, "geometry": { "type": "Point", "coordinates": [ 15946.148199999704957, 35396.065899999812245 ] } },
{ "type": "Feature", "properties": { "BUS_STOP_N": "77301", "LOC_DESC": "BLK 778" }, "geometry": { "type": "Point", "coordinates": [ 39719.171500000171363, 39584.111099999397993 ] } },
{ "type": "Feature", "properties": { "BUS_STOP_N": "46659", "LOC_DESC": "OPP BLK 550" }, "geometry": { "type": "Point", "coordinates": [ 23643.444799999706447, 46050.64159999974072 ] } },
{ "type": "Feature", "properties": { "BUS_STOP_N": "40051", "LOC_DESC": "BALMORAL PLAZA" }, "geometry": { "type": "Point", "coordinates": [ 28256.78760000038892, 33210.487400000914931 ] } },
{ "type": "Feature", "properties": { "BUS_STOP_N": "26269", "LOC_DESC": "BEF TUAS STH AVE 4" }, "geometry": { "type": "Point", "coordinates": [ 5253.364599999971688, 32958.51630000025034 ] } },
{ "type": "Feature", "properties": { "BUS_STOP_N": "65039", "LOC_DESC": "BLK 124" }, "geometry": { "type": "Point", "coordinates": [ 35634.849700000137091, 41020.005200000479817 ] } },
{ "type": "Feature", "properties": { "BUS_STOP_N": "27129", "LOC_DESC": "OPP NANYANG AVE" }, "geometry": { "type": "Point", "coordinates": [ 12629.590699999593198, 37708.00139999948442 ] } },
{ "type": "Feature", "properties": { "BUS_STOP_N": "70319", "LOC_DESC": "AFT KALLANG WAY 4" }, "geometry": { "type": "Point", "coordinates": [ 33092.292399999685585, 33940.283500000834465 ] } },
{ "type": "Feature", "properties": { "BUS_STOP_N": "94059", "LOC_DESC": "TEMASEK SEC SCH" }, "geometry": { "type": "Point", "coordinates": [ 40753.139299999922514, 33258.71000000089407 ] } },
{ "type": "Feature", "properties": { "BUS_STOP_N": "90011", "LOC_DESC": "BEF TG RHU VIEW" }, "geometry": { "type": "Point", "coordinates": [ 32006.919599999673665, 31054.567299999296665 ] } },
{ "type": "Feature", "properties": { "BUS_STOP_N": "70121", "LOC_DESC": "AFT JLN MUHIBBAH" }, "geometry": { "type": "Point", "coordinates": [ 33328.919999999925494, 34903.008099999278784 ] } },
{ "type": "Feature", "properties": { "BUS_STOP_N": "95051", "LOC_DESC": "3RD CARGO AGENTS" }, "geometry": { "type": "Point", "coordinates": [ 46122.308600000105798, 39692.064799999818206 ] } },
{ "type": "Feature", "properties": { "BUS_STOP_N": "63321", "LOC_DESC": "BLK 627" }, "geometry": { "type": "Point", "coordinates": [ 33349.11629999987781, 39018.523499999195337 ] } },
{ "type": "Feature", "properties": { "BUS_STOP_N": "55141", "LOC_DESC": "OPP BLK 622" }, "geometry": { "type": "Point", "coordinates": [ 28638.264299999922514, 40375.098600000143051 ] } },
{ "type": "Feature", "properties": { "BUS_STOP_N": "07529", "LOC_DESC": "JLN BESAR STN EXIT A" }, "geometry": { "type": "Point", "coordinates": [ 30389.905199999921024, 31866.056500000879169 ] } },
{ "type": "Feature", "properties": { "BUS_STOP_N": "92149", "LOC_DESC": "ST. PATRICK'S GREEN" }, "geometry": { "type": "Point", "coordinates": [ 37002.498399999924004, 32399.487199999392033 ] } },
{ "type": "Feature", "properties": { "BUS_STOP_N": "04029", "LOC_DESC": "BEF BENCOOLEN STN EXIT A" }, "geometry": { "type": "Point", "coordinates": [ 29972.381199999712408, 31335.648600000888109 ] } },
{ "type": "Feature", "properties": { "BUS_STOP_N": "28519", "LOC_DESC": "BLK 425" }, "geometry": { "type": "Point", "coordinates": [ 15898.691599999554455, 36965.634700000286102 ] } },
{ "type": "Feature", "properties": { "BUS_STOP_N": "59381", "LOC_DESC": "BLK 314" }, "geometry": { "type": "Point", "coordinates": [ 28954.924100000411272, 45953.630899999290705 ] } },
{ "type": "Feature", "properties": { "BUS_STOP_N": "21681", "LOC_DESC": "OPP BLK 200" }, "geometry": { "type": "Point", "coordinates": [ 14781.900500000454485, 36040.373999999836087 ] } },
{ "type": "Feature", "properties": { "BUS_STOP_N": "28201", "LOC_DESC": "OPP THE JTC SUMMIT" }, "geometry": { "type": "Point", "coordinates": [ 17829.085099999792874, 34919.824100000783801 ] } },
{ "type": "Feature", "properties": { "BUS_STOP_N": "46031", "LOC_DESC": "KRANJI LODGE 1" }, "geometry": { "type": "Point", "coordinates": [ 20054.01589999999851, 46148.616499999538064 ] } },
{ "type": "Feature", "properties": { "BUS_STOP_N": "60261", "LOC_DESC": "POTONG PASIR STN EXIT C" }, "geometry": { "type": "Point", "coordinates": [ 31964.934500000439584, 34853.795499999076128 ] } },
{ "type": "Feature", "properties": { "BUS_STOP_N": "53251", "LOC_DESC": "BLK 125" }, "geometry": { "type": "Point", "coordinates": [ 30073.611499999649823, 36553.379399999976158 ] } },
{ "type": "Feature", "properties": { "BUS_STOP_N": "46039", "LOC_DESC": "OPP KRANJI LODGE 1" }, "geometry": { "type": "Point", "coordinates": [ 20066.043600000441074, 46085.394400000572205 ] } },
{ "type": "Feature", "properties": { "BUS_STOP_N": "21339", "LOC_DESC": "PREMIER MILK PTE LTD" }, "geometry": { "type": "Point", "coordinates": [ 14086.664099999703467, 34735.515599999576807 ] } },
{ "type": "Feature", "properties": { "BUS_STOP_N": "11229", "LOC_DESC": "SOMMERVILLE PK" }, "geometry": { "type": "Point", "coordinates": [ 24881.155299999751151, 32540.17119999974966 ] } },
{ "type": "Feature", "properties": { "BUS_STOP_N": "58009", "LOC_DESC": "Sembawang Int" }, "geometry": { "type": "Point", "coordinates": [ 26534.38399999961257, 47695.625399999320507 ] } },
{ "type": "Feature", "properties": { "BUS_STOP_N": "67549", "LOC_DESC": "OPP HOCKEY STADIUM" }, "geometry": { "type": "Point", "coordinates": [ 33910.130499999970198, 41819.902300000190735 ] } },
{ "type": "Feature", "properties": { "BUS_STOP_N": "08138", "LOC_DESC": "CONCORDE HOTEL S'PORE" }, "geometry": { "type": "Point", "coordinates": [ 28960.939399999566376, 31421.528400000184774 ] } },
{ "type": "Feature", "properties": { "BUS_STOP_N": "76261", "LOC_DESC": "BLK 489B" }, "geometry": { "type": "Point", "coordinates": [ 41810.651499999687076, 38190.984699999913573 ] } },
{ "type": "Feature", "properties": { "BUS_STOP_N": "25519", "LOC_DESC": "OPP MICHELMAN" }, "geometry": { "type": "Point", "coordinates": [ 6591.760900000110269, 34663.219699999317527 ] } },
{ "type": "Feature", "properties": { "BUS_STOP_N": "46371", "LOC_DESC": "BLK 406" }, "geometry": { "type": "Point", "coordinates": [ 21237.754099999554455, 45655.292400000616908 ] } },
{ "type": "Feature", "properties": { "BUS_STOP_N": "10009", "LOC_DESC": "BT MERAH INT" }, "geometry": { "type": "Point", "coordinates": [ 26233.70409999974072, 29393.687100000679493 ] } },
{ "type": "Feature", "properties": { "BUS_STOP_N": "19069", "LOC_DESC": "OPP AYER RAJAH TELECOMS" }, "geometry": { "type": "Point", "coordinates": [ 21692.044800000265241, 32238.535000000149012 ] } },
{ "type": "Feature", "properties": { "BUS_STOP_N": "22501", "LOC_DESC": "BLK 662A" }, "geometry": { "type": "Point", "coordinates": [ 13488.021900000050664, 35537.877199999988079 ] } },
{ "type": "Feature", "properties": { "BUS_STOP_N": "84231", "LOC_DESC": "BLK 85" }, "geometry": { "type": "Point", "coordinates": [ 39715.357599999755621, 34881.281700000166893 ] } },
{ "type": "Feature", "properties": { "BUS_STOP_N": "44649", "LOC_DESC": "BLK 541A CP" }, "geometry": { "type": "Point", "coordinates": [ 20173.393699999898672, 40441.444900000467896 ] } },
{ "type": "Feature", "properties": { "BUS_STOP_N": "59371", "LOC_DESC": "CHUNG CHENG HIGH SCH" }, "geometry": { "type": "Point", "coordinates": [ 28505.041600000113249, 44651.2668999992311 ] } },
{ "type": "Feature", "properties": { "BUS_STOP_N": "77269", "LOC_DESC": "OPP BLK 717" }, "geometry": { "type": "Point", "coordinates": [ 39406.212799999862909, 40546.418999999761581 ] } },
{ "type": "Feature", "properties": { "BUS_STOP_N": "84579", "LOC_DESC": "AFT CHAI CHEE ST" }, "geometry": { "type": "Point", "coordinates": [ 37590.033999999985099, 34225.842700000852346 ] } },
{ "type": "Feature", "properties": { "BUS_STOP_N": "44079", "LOC_DESC": "OPP BLK 464" }, "geometry": { "type": "Point", "coordinates": [ 17201.234299999661744, 39837.066899999976158 ] } },
{ "type": "Feature", "properties": { "BUS_STOP_N": "10381", "LOC_DESC": "OPP BLK 48" }, "geometry": { "type": "Point", "coordinates": [ 27142.084699999541044, 30171.086300000548363 ] } },
{ "type": "Feature", "properties": { "BUS_STOP_N": "24531", "LOC_DESC": "UTRACON CORP" }, "geometry": { "type": "Point", "coordinates": [ 8361.719499999657273, 32056.446699999272823 ] } },
{ "type": "Feature", "properties": { "BUS_STOP_N": "17279", "LOC_DESC": "BLK 723" }, "geometry": { "type": "Point", "coordinates": [ 20200.052299999631941, 31682.815600000321865 ] } },
{ "type": "Feature", "properties": { "BUS_STOP_N": "66341", "LOC_DESC": "DAIKIN S'PORE" }, "geometry": { "type": "Point", "coordinates": [ 31557.197599999606609, 39244.259800000116229 ] } },
{ "type": "Feature", "properties": { "BUS_STOP_N": "66099", "LOC_DESC": "OPP GOLDEN HILL EST" }, "geometry": { "type": "Point", "coordinates": [ 31124.24349999986589, 37376.760999999940395 ] } },
{ "type": "Feature", "properties": { "BUS_STOP_N": "46841", "LOC_DESC": "OPP BLK 739A CP" }, "geometry": { "type": "Point", "coordinates": [ 23949.447900000028312, 47405.614199999719858 ] } },
{ "type": "Feature", "properties": { "BUS_STOP_N": "75141", "LOC_DESC": "BLK 730" }, "geometry": { "type": "Point", "coordinates": [ 39189.518799999728799, 37588.00139999948442 ] } },
{ "type": "Feature", "properties": { "BUS_STOP_N": "84599", "LOC_DESC": "OPP SBST BEDOK NTH DEPOT" }, "geometry": { "type": "Point", "coordinates": [ 40601.583599999547005, 35541.782899999991059 ] } },
{ "type": "Feature", "properties": { "BUS_STOP_N": "52471", "LOC_DESC": "EASB" }, "geometry": { "type": "Point", "coordinates": [ 29365.233000000007451, 34427.334899999201298 ] } },
{ "type": "Feature", "properties": { "BUS_STOP_N": "76161", "LOC_DESC": "OPP BLK 248" }, "geometry": { "type": "Point", "coordinates": [ 40715.176400000229478, 37179.482400000095367 ] } },
{ "type": "Feature", "properties": { "BUS_STOP_N": "46609", "LOC_DESC": "KOTARAYA II TER" }, "geometry": { "type": "Point", "coordinates": [ 20025.458800000138581, 49261.602399999275804 ] } },
{ "type": "Feature", "properties": { "BUS_STOP_N": "97049", "LOC_DESC": "CHANGI PRISON" }, "geometry": { "type": "Point", "coordinates": [ 43178.483099999837577, 37799.244000000879169 ] } },
{ "type": "Feature", "properties": { "BUS_STOP_N": "47601", "LOC_DESC": "BLK 793" }, "geometry": { "type": "Point", "coordinates": [ 24668.014899999834597, 47104.528300000354648 ] } },
{ "type": "Feature", "properties": { "BUS_STOP_N": "63161", "LOC_DESC": "S'GOON SWIM CPLX" }, "geometry": { "type": "Point", "coordinates": [ 32669.097599999979138, 37700.892500000074506 ] } },
{ "type": "Feature", "properties": { "BUS_STOP_N": "70269", "LOC_DESC": "CITIPOINT IND CPLX" }, "geometry": { "type": "Point", "coordinates": [ 34326.104899999685585, 34489.565099999308586 ] } },
{ "type": "Feature", "properties": { "BUS_STOP_N": "42169", "LOC_DESC": "OPP BLK 19" }, "geometry": { "type": "Point", "coordinates": [ 21366.90570000000298, 35839.305099999532104 ] } },
{ "type": "Feature", "properties": { "BUS_STOP_N": "14291", "LOC_DESC": "BLK 27" }, "geometry": { "type": "Point", "coordinates": [ 26658.768600000068545, 28577.338500000536442 ] } },
{ "type": "Feature", "properties": { "BUS_STOP_N": "21601", "LOC_DESC": "BLK 357" }, "geometry": { "type": "Point", "coordinates": [ 15506.827100000344217, 35502.6706000007689 ] } },
{ "type": "Feature", "properties": { "BUS_STOP_N": "49229", "LOC_DESC": "LONG KUAN HUNG CROCODILE FARM" }, "geometry": { "type": "Point", "coordinates": [ 16736.462700000032783, 46887.794099999591708 ] } },
{ "type": "Feature", "properties": { "BUS_STOP_N": "04168", "LOC_DESC": "AFT CITY HALL STN EXIT B" }, "geometry": { "type": "Point", "coordinates": [ 29992.739000000059605, 30496.364000000059605 ] } },
{ "type": "Feature", "properties": { "BUS_STOP_N": "62139", "LOC_DESC": "S'GOON STN EXIT A / BLK 413" }, "geometry": { "type": "Point", "coordinates": [ 32450.953200000338256, 36787.312599999830127 ] } },
{ "type": "Feature", "properties": { "BUS_STOP_N": "46211", "LOC_DESC": "JOHOR BAHRU CHECKPT" }, "geometry": { "type": "Point", "coordinates": [ 20623.180100000463426, 49199.987700000405312 ] } },
{ "type": "Feature", "properties": { "BUS_STOP_N": "22441", "LOC_DESC": "BLK 669 CP" }, "geometry": { "type": "Point", "coordinates": [ 13565.960400000214577, 36097.786299999803305 ] } },
{ "type": "Feature", "properties": { "BUS_STOP_N": "57119", "LOC_DESC": "BLK 101" }, "geometry": { "type": "Point", "coordinates": [ 27284.039599999785423, 45882.930299999192357 ] } },
{ "type": "Feature", "properties": { "BUS_STOP_N": "84641", "LOC_DESC": "BLK 24" }, "geometry": { "type": "Point", "coordinates": [ 37981.398400000296533, 34101.844799999147654 ] } },
{ "type": "Feature", "properties": { "BUS_STOP_N": "12031", "LOC_DESC": "PANDAN VALLEY CONDO" }, "geometry": { "type": "Point", "coordinates": [ 22035.113900000229478, 33670.696000000461936 ] } },
{ "type": "Feature", "properties": { "BUS_STOP_N": "43789", "LOC_DESC": "BLK 436A" }, "geometry": { "type": "Point", "coordinates": [ 17548.598899999633431, 37903.291200000792742 ] } },
{ "type": "Feature", "properties": { "BUS_STOP_N": "53181", "LOC_DESC": "AMTECH BLDG" }, "geometry": { "type": "Point", "coordinates": [ 28502.689500000327826, 37579.43859999999404 ] } },
{ "type": "Feature", "properties": { "BUS_STOP_N": "51109", "LOC_DESC": "OPP OLD POLICE ACAD" }, "geometry": { "type": "Point", "coordinates": [ 28711.371100000105798, 34366.073999999091029 ] } },
{ "type": "Feature", "properties": { "BUS_STOP_N": "63169", "LOC_DESC": "OPP S'GOON SWIM CPLX" }, "geometry": { "type": "Point", "coordinates": [ 32714.588700000196695, 37674.088199999183416 ] } },
{ "type": "Feature", "properties": { "BUS_STOP_N": "46241", "LOC_DESC": "OPP BLK 15" }, "geometry": { "type": "Point", "coordinates": [ 21951.580900000408292, 47084.859099999070168 ] } },
{ "type": "Feature", "properties": { "BUS_STOP_N": "11311", "LOC_DESC": "HSE NO. 532" }, "geometry": { "type": "Point", "coordinates": [ 23090.421099999919534, 33577.540300000458956 ] } },
{ "type": "Feature", "properties": { "BUS_STOP_N": "45311", "LOC_DESC": "BLK 547" }, "geometry": { "type": "Point", "coordinates": [ 17855.398000000044703, 41668.06870000064373 ] } },
{ "type": "Feature", "properties": { "BUS_STOP_N": "56079", "LOC_DESC": "AFT OLD UPP THOMSON RD" }, "geometry": { "type": "Point", "coordinates": [ 26480.737900000065565, 41051.988500000908971 ] } },
{ "type": "Feature", "properties": { "BUS_STOP_N": "14121", "LOC_DESC": "OPP HARBOURFRONT INT" }, "geometry": { "type": "Point", "coordinates": [ 26423.918300000019372, 27609.182800000533462 ] } },
{ "type": "Feature", "properties": { "BUS_STOP_N": "44459", "LOC_DESC": "OPP SOUTH VIEW STN" }, "geometry": { "type": "Point", "coordinates": [ 18117.192699999548495, 40253.408299999311566 ] } },
{ "type": "Feature", "properties": { "BUS_STOP_N": "22309", "LOC_DESC": "AFT FAN YOONG RD" }, "geometry": { "type": "Point", "coordinates": [ 13535.928299999795854, 35049.781099999323487 ] } },
{ "type": "Feature", "properties": { "BUS_STOP_N": "32069", "LOC_DESC": "B26 LIM CHU KANG RD" }, "geometry": { "type": "Point", "coordinates": [ 13206.995500000193715, 43647.120600000023842 ] } },
{ "type": "Feature", "properties": { "BUS_STOP_N": "85039", "LOC_DESC": "OPP EXCELSIOR GDNS" }, "geometry": { "type": "Point", "coordinates": [ 41322.741100000217557, 34067.442600000649691 ] } },
{ "type": "Feature", "properties": { "BUS_STOP_N": "64031", "LOC_DESC": "BLK 436" }, "geometry": { "type": "Point", "coordinates": [ 34705.216300000436604, 39886.341000000014901 ] } },
{ "type": "Feature", "properties": { "BUS_STOP_N": "46269", "LOC_DESC": "REPUBLIC POLY" }, "geometry": { "type": "Point", "coordinates": [ 22724.607699999585748, 47107.788899999111891 ] } },
{ "type": "Feature", "properties": { "BUS_STOP_N": "44451", "LOC_DESC": "BEF SOUTH VIEW STN" }, "geometry": { "type": "Point", "coordinates": [ 18096.32010000012815, 40299.086600000038743 ] } },
{ "type": "Feature", "properties": { "BUS_STOP_N": "75351", "LOC_DESC": "TAMPINES WAFER FAB PK" }, "geometry": { "type": "Point", "coordinates": [ 38846.072399999946356, 39525.036599999293685 ] } },
{ "type": "Feature", "properties": { "BUS_STOP_N": "59081", "LOC_DESC": "BLK 774" }, "geometry": { "type": "Point", "coordinates": [ 27810.627799999900162, 45047.8445999994874 ] } },
{ "type": "Feature", "properties": { "BUS_STOP_N": "59361", "LOC_DESC": "BLK 602" }, "geometry": { "type": "Point", "coordinates": [ 28376.718399999663234, 44924.317399999126792 ] } },
{ "type": "Feature", "properties": { "BUS_STOP_N": "46731", "LOC_DESC": "YEW HUAT SCAFFOLDING  WORK" }, "geometry": { "type": "Point", "coordinates": [ 24771.21999999973923, 47793.539000000804663 ] } },
{ "type": "Feature", "properties": { "BUS_STOP_N": "05241", "LOC_DESC": "OPP BLK 333" }, "geometry": { "type": "Point", "coordinates": [ 28992.146300000138581, 29250.157600000500679 ] } },
{ "type": "Feature", "properties": { "BUS_STOP_N": "09212", "LOC_DESC": "ROYAL PLAZA ON SCOTTS" }, "geometry": { "type": "Point", "coordinates": [ 27934.368400000035763, 32164.426599999889731 ] } },
{ "type": "Feature", "properties": { "BUS_STOP_N": "47559", "LOC_DESC": "OPP BLK 630" }, "geometry": { "type": "Point", "coordinates": [ 24506.857800000347197, 46239.943299999460578 ] } },
{ "type": "Feature", "properties": { "BUS_STOP_N": "44629", "LOC_DESC": "BLK 457" }, "geometry": { "type": "Point", "coordinates": [ 17218.361700000241399, 40064.591299999505281 ] } },
{ "type": "Feature", "properties": { "BUS_STOP_N": "21019", "LOC_DESC": "AFT YUAN CHING RD" }, "geometry": { "type": "Point", "coordinates": [ 16187.677400000393391, 34202.624199999496341 ] } },
{ "type": "Feature", "properties": { "BUS_STOP_N": "11191", "LOC_DESC": "THE STAR VISTA" }, "geometry": { "type": "Point", "coordinates": [ 22990.314000000245869, 32256.468000000342727 ] } },
{ "type": "Feature", "properties": { "BUS_STOP_N": "84391", "LOC_DESC": "BLK 534" }, "geometry": { "type": "Point", "coordinates": [ 38154.961500000208616, 34995.125900000333786 ] } },
{ "type": "Feature", "properties": { "BUS_STOP_N": "47569", "LOC_DESC": "OPP BLK 620" }, "geometry": { "type": "Point", "coordinates": [ 24150.871899999678135, 46070.943399999290705 ] } },
{ "type": "Feature", "properties": { "BUS_STOP_N": "14259", "LOC_DESC": "BLK 11" }, "geometry": { "type": "Point", "coordinates": [ 26363.187699999660254, 28920.042899999767542 ] } },
{ "type": "Feature", "properties": { "BUS_STOP_N": "80169", "LOC_DESC": "Nicoll Highway Stn" }, "geometry": { "type": "Point", "coordinates": [ 31288.546000000089407, 31387.106000000610948 ] } },
{ "type": "Feature", "properties": { "BUS_STOP_N": "54301", "LOC_DESC": "BLK 5022" }, "geometry": { "type": "Point", "coordinates": [ 31293.536000000312924, 39136.702500000596046 ] } },
{ "type": "Feature", "properties": { "BUS_STOP_N": "15121", "LOC_DESC": "SCI PK 2 / THE GEMINI" }, "geometry": { "type": "Point", "coordinates": [ 22487.42960000038147, 30153.28690000064671 ] } },
{ "type": "Feature", "properties": { "BUS_STOP_N": "53259", "LOC_DESC": "OPP BLK 125" }, "geometry": { "type": "Point", "coordinates": [ 30080.642500000074506, 36576.866200000047684 ] } },
{ "type": "Feature", "properties": { "BUS_STOP_N": "66131", "LOC_DESC": "TRINITY METH CH" }, "geometry": { "type": "Point", "coordinates": [ 32110.940700000151992, 38390.394600000232458 ] } },
{ "type": "Feature", "properties": { "BUS_STOP_N": "76459", "LOC_DESC": "BLK 323" }, "geometry": { "type": "Point", "coordinates": [ 41949.809399999678135, 37134.402699999511242 ] } },
{ "type": "Feature", "properties": { "BUS_STOP_N": "11279", "LOC_DESC": "AFT CORONATION RD WEST" }, "geometry": { "type": "Point", "coordinates": [ 23258.843000000342727, 32990.33699999935925 ] } },
{ "type": "Feature", "properties": { "BUS_STOP_N": "85019", "LOC_DESC": "EASTWOOD CTR" }, "geometry": { "type": "Point", "coordinates": [ 41582.347000000067055, 33728.089199999347329 ] } },
{ "type": "Feature", "properties": { "BUS_STOP_N": "49139", "LOC_DESC": "BEF SG. KADUT WAY" }, "geometry": { "type": "Point", "coordinates": [ 19116.626299999654293, 43313.292500000447035 ] } },
{ "type": "Feature", "properties": { "BUS_STOP_N": "64379", "LOC_DESC": "PUNGGOL CC" }, "geometry": { "type": "Point", "coordinates": [ 34603.103199999779463, 39637.111999999731779 ] } },
{ "type": "Feature", "properties": { "BUS_STOP_N": "57031", "LOC_DESC": "NEE SOON DRICLAD CTR" }, "geometry": { "type": "Point", "coordinates": [ 26534.251400000415742, 43216.945499999448657 ] } },
{ "type": "Feature", "properties": { "BUS_STOP_N": "96111", "LOC_DESC": "OPP ITE COLL EAST ADM BLK" }, "geometry": { "type": "Point", "coordinates": [ 41354.903300000354648, 35100.628000000491738 ] } },
{ "type": "Feature", "properties": { "BUS_STOP_N": "25469", "LOC_DESC": "BEF TUAS WEST AVE" }, "geometry": { "type": "Point", "coordinates": [ 5673.759200000204146, 34616.019799999892712 ] } },
{ "type": "Feature", "properties": { "BUS_STOP_N": "47579", "LOC_DESC": "BLK 556" }, "geometry": { "type": "Point", "coordinates": [ 23838.776300000026822, 46114.302600000053644 ] } },
{ "type": "Feature", "properties": { "BUS_STOP_N": "52259", "LOC_DESC": "OPP CHUNG HWA FREE CLINIC" }, "geometry": { "type": "Point", "coordinates": [ 30040.759700000286102, 34992.071399999782443 ] } },
{ "type": "Feature", "properties": { "BUS_STOP_N": "10361", "LOC_DESC": "CENDEX CTR" }, "geometry": { "type": "Point", "coordinates": [ 26913.206000000238419, 29206.653000000864267 ] } },
{ "type": "Feature", "properties": { "BUS_STOP_N": "16161", "LOC_DESC": "NUS MUSEUMS" }, "geometry": { "type": "Point", "coordinates": [ 21363.861700000241399, 31492.639799999073148 ] } },
{ "type": "Feature", "properties": { "BUS_STOP_N": "46539", "LOC_DESC": "BLK 320" }, "geometry": { "type": "Point", "coordinates": [ 21860.365199999883771, 45978.463600000366569 ] } },
{ "type": "Feature", "properties": { "BUS_STOP_N": "46009", "LOC_DESC": "WOODLANDS REG INT" }, "geometry": { "type": "Point", "coordinates": [ 22836.279500000178814, 46567.630200000479817 ] } },
{ "type": "Feature", "properties": { "BUS_STOP_N": "59119", "LOC_DESC": "OPP BLK 701A" }, "geometry": { "type": "Point", "coordinates": [ 27413.683500000275671, 45789.086200000718236 ] } },
{ "type": "Feature", "properties": { "BUS_STOP_N": "97209", "LOC_DESC": "CHANGI CHAPEL MUSEUM" }, "geometry": { "type": "Point", "coordinates": [ 43568.381199999712408, 38256.91950000077486 ] } },
{ "type": "Feature", "properties": { "BUS_STOP_N": "96191", "LOC_DESC": "BLK 224" }, "geometry": { "type": "Point", "coordinates": [ 41845.447900000028312, 36114.114499999210238 ] } },
{ "type": "Feature", "properties": { "BUS_STOP_N": "77119", "LOC_DESC": "AFT PASIR RIS WAY" }, "geometry": { "type": "Point", "coordinates": [ 40599.143799999728799, 40465.825400000438094 ] } },
{ "type": "Feature", "properties": { "BUS_STOP_N": "43251", "LOC_DESC": "HILLBROOKS" }, "geometry": { "type": "Point", "coordinates": [ 20202.058500000275671, 37859.189300000667572 ] } },
{ "type": "Feature", "properties": { "BUS_STOP_N": "54319", "LOC_DESC": "OPP CHRIST THE KING CH" }, "geometry": { "type": "Point", "coordinates": [ 30190.611800000071526, 38219.681600000709295 ] } },
{ "type": "Feature", "properties": { "BUS_STOP_N": "56251", "LOC_DESC": "OPP HORIZON GDNS" }, "geometry": { "type": "Point", "coordinates": [ 28122.096300000324845, 39809.417999999597669 ] } },
{ "type": "Feature", "properties": { "BUS_STOP_N": "53339", "LOC_DESC": "OPP BRIGHT HILL TP" }, "geometry": { "type": "Point", "coordinates": [ 28390.018699999898672, 38351.087799999862909 ] } },
{ "type": "Feature", "properties": { "BUS_STOP_N": "46059", "LOC_DESC": "GLOBALFOUNDRIES / AFT BKE" }, "geometry": { "type": "Point", "coordinates": [ 20564.604899999685585, 46708.511600000783801 ] } },
{ "type": "Feature", "properties": { "BUS_STOP_N": "23401", "LOC_DESC": "OPP MOBIL MARINE TER" }, "geometry": { "type": "Point", "coordinates": [ 11992.09499999973923, 31751.677400000393391 ] } },
{ "type": "Feature", "properties": { "BUS_STOP_N": "81189", "LOC_DESC": "DAKOTA STN EXIT B / BLK 60" }, "geometry": { "type": "Point", "coordinates": [ 34133.220900000073016, 32280.792999999597669 ] } },
{ "type": "Feature", "properties": { "BUS_STOP_N": "84269", "LOC_DESC": "BLK 95" }, "geometry": { "type": "Point", "coordinates": [ 40079.951399999670684, 35135.501599999144673 ] } },
{ "type": "Feature", "properties": { "BUS_STOP_N": "46821", "LOC_DESC": "BET BLKS 712/713" }, "geometry": { "type": "Point", "coordinates": [ 24016.305900000035763, 47091.12639999948442 ] } },
{ "type": "Feature", "properties": { "BUS_STOP_N": "84379", "LOC_DESC": "OPP BLK 546" }, "geometry": { "type": "Point", "coordinates": [ 38363.615299999713898, 34730.914100000634789 ] } },
{ "type": "Feature", "properties": { "BUS_STOP_N": "12109", "LOC_DESC": "OPP NGEE ANN POLY" }, "geometry": { "type": "Point", "coordinates": [ 21840.565499999560416, 34808.426599999889731 ] } },
{ "type": "Feature", "properties": { "BUS_STOP_N": "84121", "LOC_DESC": "AFT BEDOK STH AVE 1" }, "geometry": { "type": "Point", "coordinates": [ 38938.583999999798834, 33419.252900000661612 ] } },
{ "type": "Feature", "properties": { "BUS_STOP_N": "84299", "LOC_DESC": "BEDOK NTH DEPOT" }, "geometry": { "type": "Point", "coordinates": [ 40742.440700000151992, 35623.558499999344349 ] } },
{ "type": "Feature", "properties": { "BUS_STOP_N": "50199", "LOC_DESC": "OPP SHAW PLAZA" }, "geometry": { "type": "Point", "coordinates": [ 29916.735999999567866, 34131.538200000301003 ] } },
{ "type": "Feature", "properties": { "BUS_STOP_N": "14109", "LOC_DESC": "KEPPEL DP BLK 517" }, "geometry": { "type": "Point", "coordinates": [ 27320.395999999716878, 27845.068499999120831 ] } },
{ "type": "Feature", "properties": { "BUS_STOP_N": "10269", "LOC_DESC": "OPP DELTA SPORTS HALL" }, "geometry": { "type": "Point", "coordinates": [ 26574.176699999719858, 30404.386700000613928 ] } },
{ "type": "Feature", "properties": { "BUS_STOP_N": "43241", "LOC_DESC": "OPP HILLVIEW APTS" }, "geometry": { "type": "Point", "coordinates": [ 20055.724299999885261, 37555.655799999833107 ] } },
{ "type": "Feature", "properties": { "BUS_STOP_N": "40129", "LOC_DESC": "NEWTON LIFE CH" }, "geometry": { "type": "Point", "coordinates": [ 28831.161199999973178, 32976.333100000396371 ] } },
{ "type": "Feature", "properties": { "BUS_STOP_N": "24279", "LOC_DESC": "CAMERON IRON WORKS" }, "geometry": { "type": "Point", "coordinates": [ 10575.057099999859929, 33020.148800000548363 ] } },
{ "type": "Feature", "properties": { "BUS_STOP_N": "10089", "LOC_DESC": "BLK 119" }, "geometry": { "type": "Point", "coordinates": [ 26711.71860000025481, 29483.273199999704957 ] } },
{ "type": "Feature", "properties": { "BUS_STOP_N": "21361", "LOC_DESC": "BLK 695" }, "geometry": { "type": "Point", "coordinates": [ 14007.483900000341237, 36142.175200000405312 ] } },
{ "type": "Feature", "properties": { "BUS_STOP_N": "47081", "LOC_DESC": "AFT SENOKO CRES" }, "geometry": { "type": "Point", "coordinates": [ 24717.882100000046194, 49290.975400000810623 ] } },
{ "type": "Feature", "properties": { "BUS_STOP_N": "92171", "LOC_DESC": "MARSHALL LANE" }, "geometry": { "type": "Point", "coordinates": [ 35764.724000000394881, 32296.424499999731779 ] } },
{ "type": "Feature", "properties": { "BUS_STOP_N": "03059", "LOC_DESC": "ONE RAFFLES QUAY" }, "geometry": { "type": "Point", "coordinates": [ 30011.702200000174344, 29279.59320000000298 ] } },
{ "type": "Feature", "properties": { "BUS_STOP_N": "95171", "LOC_DESC": "PROLOGIS" }, "geometry": { "type": "Point", "coordinates": [ 46784.538800000213087, 39623.433100000023842 ] } },
{ "type": "Feature", "properties": { "BUS_STOP_N": "54459", "LOC_DESC": "BLK 151" }, "geometry": { "type": "Point", "coordinates": [ 28869.728600000031292, 39879.606399999931455 ] } },
{ "type": "Feature", "properties": { "BUS_STOP_N": "55021", "LOC_DESC": "OPP SEASONS PK" }, "geometry": { "type": "Point", "coordinates": [ 28604.433600000105798, 40854.299399999901652 ] } },
{ "type": "Feature", "properties": { "BUS_STOP_N": "49181", "LOC_DESC": "DAPOLITE IND" }, "geometry": { "type": "Point", "coordinates": [ 19182.486600000411272, 46511.428600000217557 ] } },
{ "type": "Feature", "properties": { "BUS_STOP_N": "12119", "LOC_DESC": "POLICE KINS TRG CAMP" }, "geometry": { "type": "Point", "coordinates": [ 21192.942900000140071, 33520.048800000920892 ] } },
{ "type": "Feature", "properties": { "BUS_STOP_N": "43059", "LOC_DESC": "THE RAIL MALL" }, "geometry": { "type": "Point", "coordinates": [ 20669.34429999999702, 37937.676400000229478 ] } },
{ "type": "Feature", "properties": { "BUS_STOP_N": "21291", "LOC_DESC": "AFT JLN BUROH" }, "geometry": { "type": "Point", "coordinates": [ 14213.213000000454485, 33140.583399999886751 ] } },
{ "type": "Feature", "properties": { "BUS_STOP_N": "43489", "LOC_DESC": "OPP BLK 315" }, "geometry": { "type": "Point", "coordinates": [ 18326.525100000202656, 37972.541999999433756 ] } },
{ "type": "Feature", "properties": { "BUS_STOP_N": "67131", "LOC_DESC": "BAKAU STN / BLK 122F" }, "geometry": { "type": "Point", "coordinates": [ 36004.521200000308454, 41061.496999999508262 ] } },
{ "type": "Feature", "properties": { "BUS_STOP_N": "23149", "LOC_DESC": "VARCO" }, "geometry": { "type": "Point", "coordinates": [ 11400.448400000110269, 34336.365599999204278 ] } },
{ "type": "Feature", "properties": { "BUS_STOP_N": "62219", "LOC_DESC": "BLK 158" }, "geometry": { "type": "Point", "coordinates": [ 33223.299200000241399, 37114.503000000491738 ] } },
{ "type": "Feature", "properties": { "BUS_STOP_N": "77309", "LOC_DESC": "OPP BLK 778" }, "geometry": { "type": "Point", "coordinates": [ 39737.051099999807775, 39590.204600000753999 ] } },
{ "type": "Feature", "properties": { "BUS_STOP_N": "49109", "LOC_DESC": "KRANJI WTR RECLAM PLT" }, "geometry": { "type": "Point", "coordinates": [ 19422.463899999856949, 45611.586400000378489 ] } },
{ "type": "Feature", "properties": { "BUS_STOP_N": "14401", "LOC_DESC": "OPP THE FURNITURE WAREHSE" }, "geometry": { "type": "Point", "coordinates": [ 24528.693799999542534, 28298.546499999240041 ] } },
{ "type": "Feature", "properties": { "BUS_STOP_N": "43839", "LOC_DESC": "OPP BLK 336" }, "geometry": { "type": "Point", "coordinates": [ 18539.859899999573827, 38591.122500000521541 ] } },
{ "type": "Feature", "properties": { "BUS_STOP_N": "23139", "LOC_DESC": "BEF LOK YANG WAY" }, "geometry": { "type": "Point", "coordinates": [ 11400.125500000081956, 34153.011399999260902 ] } },
{ "type": "Feature", "properties": { "BUS_STOP_N": "66201", "LOC_DESC": "OPP BROCKHAMPTON DR" }, "geometry": { "type": "Point", "coordinates": [ 30932.506400000303984, 38251.279799999669194 ] } },
{ "type": "Feature", "properties": { "BUS_STOP_N": "15141", "LOC_DESC": "LABRADOR PK STN" }, "geometry": { "type": "Point", "coordinates": [ 24387.477900000289083, 28366.087400000542402 ] } },
{ "type": "Feature", "properties": { "BUS_STOP_N": "12049", "LOC_DESC": "OPP PANDAN VALLEY" }, "geometry": { "type": "Point", "coordinates": [ 21693.381699999794364, 33689.207800000905991 ] } },
{ "type": "Feature", "properties": { "BUS_STOP_N": "64331", "LOC_DESC": "BLK 508" }, "geometry": { "type": "Point", "coordinates": [ 34099.332100000232458, 39268.935000000521541 ] } },
{ "type": "Feature", "properties": { "BUS_STOP_N": "15209", "LOC_DESC": "BEF PASIR PANJANG STN" }, "geometry": { "type": "Point", "coordinates": [ 23212.795599999837577, 28834.783900000154972 ] } },
{ "type": "Feature", "properties": { "BUS_STOP_N": "80161", "LOC_DESC": "OPP NICOLL HIGHWAY STN" }, "geometry": { "type": "Point", "coordinates": [ 31236.819500000216067, 31404.753499999642372 ] } },
{ "type": "Feature", "properties": { "BUS_STOP_N": "22071", "LOC_DESC": "BEF JURONG PIER RD" }, "geometry": { "type": "Point", "coordinates": [ 13941.696100000292063, 32958.343900000676513 ] } },
{ "type": "Feature", "properties": { "BUS_STOP_N": "58429", "LOC_DESC": "Bet Blks 415/416" }, "geometry": { "type": "Point", "coordinates": [ 26405.724000000394881, 48130.075799999758601 ] } },
{ "type": "Feature", "properties": { "BUS_STOP_N": "98091", "LOC_DESC": "BLK 156" }, "geometry": { "type": "Point", "coordinates": [ 42441.155600000172853, 38491.237500000745058 ] } },
{ "type": "Feature", "properties": { "BUS_STOP_N": "01529", "LOC_DESC": "PLAZA PARKROYAL" }, "geometry": { "type": "Point", "coordinates": [ 31012.498700000345707, 31415.41950000077486 ] } },
{ "type": "Feature", "properties": { "BUS_STOP_N": "96231", "LOC_DESC": "DB SCHENKER" }, "geometry": { "type": "Point", "coordinates": [ 42186.232800000347197, 34696.118000000715256 ] } },
{ "type": "Feature", "properties": { "BUS_STOP_N": "57121", "LOC_DESC": "OPP BLK 115B" }, "geometry": { "type": "Point", "coordinates": [ 27221.291699999943376, 46123.64949999935925 ] } },
{ "type": "Feature", "properties": { "BUS_STOP_N": "25439", "LOC_DESC": "OPP SUPER CONTINENTAL" }, "geometry": { "type": "Point", "coordinates": [ 6091.791600000113249, 35707.870200000703335 ] } },
{ "type": "Feature", "properties": { "BUS_STOP_N": "27189", "LOC_DESC": "OPP PUB SUB-STN" }, "geometry": { "type": "Point", "coordinates": [ 11950.75899999961257, 37575.312300000339746 ] } },
{ "type": "Feature", "properties": { "BUS_STOP_N": "93161", "LOC_DESC": "BEF CP E1" }, "geometry": { "type": "Point", "coordinates": [ 38530.224299999885261, 32096.776900000870228 ] } },
{ "type": "Feature", "properties": { "BUS_STOP_N": "44299", "LOC_DESC": "CCK POLYCLINIC" }, "geometry": { "type": "Point", "coordinates": [ 18880.875900000333786, 40414.519700000062585 ] } },
{ "type": "Feature", "properties": { "BUS_STOP_N": "58339", "LOC_DESC": "OPP BLK 589D" }, "geometry": { "type": "Point", "coordinates": [ 26992.214200000278652, 47890.417999999597669 ] } },
{ "type": "Feature", "properties": { "BUS_STOP_N": "64219", "LOC_DESC": "AFT DEFU AVE 2" }, "geometry": { "type": "Point", "coordinates": [ 35231.616399999707937, 38221.574699999764562 ] } },
{ "type": "Feature", "properties": { "BUS_STOP_N": "70381", "LOC_DESC": "Kong Hwa Sch" }, "geometry": { "type": "Point", "coordinates": [ 34017.872899999842048, 34483.311899999156594 ] } },
{ "type": "Feature", "properties": { "BUS_STOP_N": "76429", "LOC_DESC": "BLK 331" }, "geometry": { "type": "Point", "coordinates": [ 42047.121199999935925, 37313.191999999806285 ] } },
{ "type": "Feature", "properties": { "BUS_STOP_N": "66369", "LOC_DESC": "BLK 238" }, "geometry": { "type": "Point", "coordinates": [ 31884.148699999786913, 37295.540899999439716 ] } },
{ "type": "Feature", "properties": { "BUS_STOP_N": "13062", "LOC_DESC": "STELLAR RV" }, "geometry": { "type": "Point", "coordinates": [ 27462.05350000038743, 30800.870899999514222 ] } },
{ "type": "Feature", "properties": { "BUS_STOP_N": "47031", "LOC_DESC": "BEF KERAMAT RD" }, "geometry": { "type": "Point", "coordinates": [ 22979.669300000183284, 48156.57799999974668 ] } },
{ "type": "Feature", "properties": { "BUS_STOP_N": "42249", "LOC_DESC": "BEF ENG KONG PL" }, "geometry": { "type": "Point", "coordinates": [ 20611.956500000320375, 35463.620699999853969 ] } },
{ "type": "Feature", "properties": { "BUS_STOP_N": "46489", "LOC_DESC": "AFT GAMBAS AVE" }, "geometry": { "type": "Point", "coordinates": [ 24461.242300000041723, 47901.854000000283122 ] } },
{ "type": "Feature", "properties": { "BUS_STOP_N": "12201", "LOC_DESC": "LOGISHUB @ CLEMENTI" }, "geometry": { "type": "Point", "coordinates": [ 20282.887500000186265, 34324.641799999400973 ] } },
{ "type": "Feature", "properties": { "BUS_STOP_N": "21299", "LOC_DESC": "BEF JLN BUROH" }, "geometry": { "type": "Point", "coordinates": [ 14268.854600000195205, 33117.973899999633431 ] } },
{ "type": "Feature", "properties": { "BUS_STOP_N": "67639", "LOC_DESC": "Blk 436A" }, "geometry": { "type": "Point", "coordinates": [ 32744.586400000378489, 41648.877000000327826 ] } },
{ "type": "Feature", "properties": { "BUS_STOP_N": "17181", "LOC_DESC": "OPP BLK 317" }, "geometry": { "type": "Point", "coordinates": [ 20280.4375, 33290.789100000634789 ] } },
{ "type": "Feature", "properties": { "BUS_STOP_N": "54451", "LOC_DESC": "BLK 643" }, "geometry": { "type": "Point", "coordinates": [ 28818.356999999843538, 39914.75139999948442 ] } },
{ "type": "Feature", "properties": { "BUS_STOP_N": "67231", "LOC_DESC": "RIVERVALE PR SCH" }, "geometry": { "type": "Point", "coordinates": [ 35865.699599999934435, 41680.490000000223517 ] } },
{ "type": "Feature", "properties": { "BUS_STOP_N": "82081", "LOC_DESC": "AFT DUNMAN RD" }, "geometry": { "type": "Point", "coordinates": [ 34767.800400000065565, 32526.666799999773502 ] } },
{ "type": "Feature", "properties": { "BUS_STOP_N": "22329", "LOC_DESC": "OPP SAM MCCOY ENGRG" }, "geometry": { "type": "Point", "coordinates": [ 13725.183199999853969, 34718.260999999940395 ] } },
{ "type": "Feature", "properties": { "BUS_STOP_N": "67179", "LOC_DESC": "OPP BLK 225A" }, "geometry": { "type": "Point", "coordinates": [ 35190.116100000217557, 41040.253100000321865 ] } },
{ "type": "Feature", "properties": { "BUS_STOP_N": "56071", "LOC_DESC": "BEF OLD UPP THOMSON RD" }, "geometry": { "type": "Point", "coordinates": [ 26474.13910000026226, 41015.603900000452995 ] } },
{ "type": "Feature", "properties": { "BUS_STOP_N": "59149", "LOC_DESC": "BLK 145" }, "geometry": { "type": "Point", "coordinates": [ 27881.17949999962002, 45817.936499999836087 ] } },
{ "type": "Feature", "properties": { "BUS_STOP_N": "45241", "LOC_DESC": "OPP BLK 511A" }, "geometry": { "type": "Point", "coordinates": [ 17667.262600000016391, 41164.492300000041723 ] } },
{ "type": "Feature", "properties": { "BUS_STOP_N": "65111", "LOC_DESC": "BEF PUNGGOL 17TH AVE" }, "geometry": { "type": "Point", "coordinates": [ 36451.521300000138581, 43909.241499999538064 ] } },
{ "type": "Feature", "properties": { "BUS_STOP_N": "91061", "LOC_DESC": "BET HSE NO. 767/767A" }, "geometry": { "type": "Point", "coordinates": [ 34592.455199999734759, 31443.091900000348687 ] } },
{ "type": "Feature", "properties": { "BUS_STOP_N": "49159", "LOC_DESC": "ECON GROUP" }, "geometry": { "type": "Point", "coordinates": [ 18253.109199999831617, 46529.641100000590086 ] } },
{ "type": "Feature", "properties": { "BUS_STOP_N": "81099", "LOC_DESC": "BLK 102" }, "geometry": { "type": "Point", "coordinates": [ 33413.370299999602139, 33558.368400000035763 ] } },
{ "type": "Feature", "properties": { "BUS_STOP_N": "40091", "LOC_DESC": "BEF LEWIS RD" }, "geometry": { "type": "Point", "coordinates": [ 26904.460099999792874, 33696.625 ] } },
{ "type": "Feature", "properties": { "BUS_STOP_N": "53169", "LOC_DESC": "BLK 254" }, "geometry": { "type": "Point", "coordinates": [ 29013.855800000019372, 38228.327500000596046 ] } },
{ "type": "Feature", "properties": { "BUS_STOP_N": "97161", "LOC_DESC": "EDWARDS LIFESCIENCE" }, "geometry": { "type": "Point", "coordinates": [ 42962.620799999684095, 36556.970300000160933 ] } },
{ "type": "Feature", "properties": { "BUS_STOP_N": "49141", "LOC_DESC": "CTRL GRANITE IND" }, "geometry": { "type": "Point", "coordinates": [ 18022.155899999663234, 46666.216299999505281 ] } },
{ "type": "Feature", "properties": { "BUS_STOP_N": "44231", "LOC_DESC": "ZHENGHUA PR SCH" }, "geometry": { "type": "Point", "coordinates": [ 20883.917999999597669, 40123.596499999985099 ] } },
{ "type": "Feature", "properties": { "BUS_STOP_N": "42061", "LOC_DESC": "KING ALBERT PK" }, "geometry": { "type": "Point", "coordinates": [ 22103.055700000375509, 35452.494200000539422 ] } },
{ "type": "Feature", "properties": { "BUS_STOP_N": "46459", "LOC_DESC": "BLK 872" }, "geometry": { "type": "Point", "coordinates": [ 23105.154799999669194, 47311.385900000110269 ] } },
{ "type": "Feature", "properties": { "BUS_STOP_N": "45161", "LOC_DESC": "EUROKARS CTR" }, "geometry": { "type": "Point", "coordinates": [ 19248.038599999621511, 42729.984300000593066 ] } },
{ "type": "Feature", "properties": { "BUS_STOP_N": "84349", "LOC_DESC": "FENGSHAN PR SCH" }, "geometry": { "type": "Point", "coordinates": [ 39010.678000000305474, 34789.198300000280142 ] } },
{ "type": "Feature", "properties": { "BUS_STOP_N": "99099", "LOC_DESC": "AFT TURNHOUSE RD" }, "geometry": { "type": "Point", "coordinates": [ 44309.590900000184774, 41407.02250000089407 ] } },
{ "type": "Feature", "properties": { "BUS_STOP_N": "56209", "LOC_DESC": "BEF THOMSON HILLS DR" }, "geometry": { "type": "Point", "coordinates": [ 27892.621100000105798, 40249.237900000065565 ] } },
{ "type": "Feature", "properties": { "BUS_STOP_N": "59031", "LOC_DESC": "OPP YISHUN SPORTS HALL" }, "geometry": { "type": "Point", "coordinates": [ 27726.389000000432134, 43849.558000000193715 ] } },
{ "type": "Feature", "properties": { "BUS_STOP_N": "54069", "LOC_DESC": "OPP BLK 244" }, "geometry": { "type": "Point", "coordinates": [ 28072.893199999816716, 38776.222300000488758 ] } },
{ "type": "Feature", "properties": { "BUS_STOP_N": "06169", "LOC_DESC": "RIVER PL CONDO" }, "geometry": { "type": "Point", "coordinates": [ 28751.526899999938905, 30196.229000000283122 ] } },
{ "type": "Feature", "properties": { "BUS_STOP_N": "11339", "LOC_DESC": "DYNASTY LODGE" }, "geometry": { "type": "Point", "coordinates": [ 23410.183899999596179, 34026.72580000013113 ] } },
{ "type": "Feature", "properties": { "BUS_STOP_N": "44861", "LOC_DESC": "BLK 636A" }, "geometry": { "type": "Point", "coordinates": [ 19704.033400000073016, 40967.671499999240041 ] } },
{ "type": "Feature", "properties": { "BUS_STOP_N": "44799", "LOC_DESC": "BLK 610" }, "geometry": { "type": "Point", "coordinates": [ 19943.778599999845028, 40602.097400000318885 ] } },
{ "type": "Feature", "properties": { "BUS_STOP_N": "28261", "LOC_DESC": "AFT S'PORE SCIENCE CTR" }, "geometry": { "type": "Point", "coordinates": [ 17042.527300000190735, 35376.11769999936223 ] } },
{ "type": "Feature", "properties": { "BUS_STOP_N": "13169", "LOC_DESC": "GRANGE 80 CONDO" }, "geometry": { "type": "Point", "coordinates": [ 27456.494500000029802, 31275.210699999704957 ] } },
{ "type": "Feature", "properties": { "BUS_STOP_N": "25239", "LOC_DESC": "ASIA-PACIFIC BREWERY" }, "geometry": { "type": "Point", "coordinates": [ 7364.347799999639392, 35511.940799999982119 ] } },
{ "type": "Feature", "properties": { "BUS_STOP_N": "30039", "LOC_DESC": "ARMY LOGISTICS BASE" }, "geometry": { "type": "Point", "coordinates": [ 15360.740600000135601, 39592.791999999433756 ] } },
{ "type": "Feature", "properties": { "BUS_STOP_N": "46431", "LOC_DESC": "BLK 840" }, "geometry": { "type": "Point", "coordinates": [ 23427.366899999789894, 47293.752299999818206 ] } },
{ "type": "Feature", "properties": { "BUS_STOP_N": "67619", "LOC_DESC": "BLK 201C" }, "geometry": { "type": "Point", "coordinates": [ 34753.114699999801815, 41077.838300000876188 ] } },
{ "type": "Feature", "properties": { "BUS_STOP_N": "82149", "LOC_DESC": "BEF KOON SENG RD" }, "geometry": { "type": "Point", "coordinates": [ 35578.333999999798834, 32580.801100000739098 ] } },
{ "type": "Feature", "properties": { "BUS_STOP_N": "44149", "LOC_DESC": "OPP PHOENIX STN" }, "geometry": { "type": "Point", "coordinates": [ 19585.509700000286102, 39994.338600000366569 ] } },
{ "type": "Feature", "properties": { "BUS_STOP_N": "43229", "LOC_DESC": "OPP BLK 266" }, "geometry": { "type": "Point", "coordinates": [ 19946.685200000181794, 36787.050699999555945 ] } },
{ "type": "Feature", "properties": { "BUS_STOP_N": "99039", "LOC_DESC": "ST. GEORGE CHAPEL" }, "geometry": { "type": "Point", "coordinates": [ 44537.82660000026226, 41067.02309999987483 ] } },
{ "type": "Feature", "properties": { "BUS_STOP_N": "23079", "LOC_DESC": "SAFTI MILITARY INST" }, "geometry": { "type": "Point", "coordinates": [ 11143.395999999716878, 34711.094699999317527 ] } },
{ "type": "Feature", "properties": { "BUS_STOP_N": "92069", "LOC_DESC": "TAO NAN SCH" }, "geometry": { "type": "Point", "coordinates": [ 36652.905199999921024, 31999.178899999707937 ] } },
{ "type": "Feature", "properties": { "BUS_STOP_N": "84649", "LOC_DESC": "OPP BLK 24" }, "geometry": { "type": "Point", "coordinates": [ 37996.713899999856949, 34108.156099999323487 ] } },
{ "type": "Feature", "properties": { "BUS_STOP_N": "98031", "LOC_DESC": "AFT PASIR RIS DR 3" }, "geometry": { "type": "Point", "coordinates": [ 42974.557699999772012, 38807.443399999290705 ] } },
{ "type": "Feature", "properties": { "BUS_STOP_N": "67241", "LOC_DESC": "BLK 248A" }, "geometry": { "type": "Point", "coordinates": [ 35247.969200000166893, 41644.450699999928474 ] } },
{ "type": "Feature", "properties": { "BUS_STOP_N": "76091", "LOC_DESC": "BLK 206" }, "geometry": { "type": "Point", "coordinates": [ 41298.415900000371039, 36986.05489999987185 ] } },
{ "type": "Feature", "properties": { "BUS_STOP_N": "58391", "LOC_DESC": "Blk 303" }, "geometry": { "type": "Point", "coordinates": [ 26795.844899999909103, 47331.090600000694394 ] } },
{ "type": "Feature", "properties": { "BUS_STOP_N": "53201", "LOC_DESC": "OPP NEA REG OFF" }, "geometry": { "type": "Point", "coordinates": [ 28579.138299999758601, 38154.958499999716878 ] } },
{ "type": "Feature", "properties": { "BUS_STOP_N": "16139", "LOC_DESC": "BEF KENT RIDGE TER" }, "geometry": { "type": "Point", "coordinates": [ 20925.376199999824166, 30847.136700000613928 ] } },
{ "type": "Feature", "properties": { "BUS_STOP_N": "34059", "LOC_DESC": "YISHUN DAIRY FARM" }, "geometry": { "type": "Point", "coordinates": [ 14038.990500000305474, 47108.374600000679493 ] } },
{ "type": "Feature", "properties": { "BUS_STOP_N": "50179", "LOC_DESC": "OPP ZHONGSHAN MALL" }, "geometry": { "type": "Point", "coordinates": [ 29459.690200000070035, 34294.482599999755621 ] } },
{ "type": "Feature", "properties": { "BUS_STOP_N": "43499", "LOC_DESC": "BLK 419" }, "geometry": { "type": "Point", "coordinates": [ 18379.641099999658763, 38298.740399999544024 ] } },
{ "type": "Feature", "properties": { "BUS_STOP_N": "43781", "LOC_DESC": "OPP BLK 437A" }, "geometry": { "type": "Point", "coordinates": [ 17472.534400000236928, 37892.562999999150634 ] } },
{ "type": "Feature", "properties": { "BUS_STOP_N": "46559", "LOC_DESC": "OPP BLK 101" }, "geometry": { "type": "Point", "coordinates": [ 22206.853000000119209, 46356.88880000077188 ] } },
{ "type": "Feature", "properties": { "BUS_STOP_N": "96089", "LOC_DESC": "OPP GRACE INDEPENDENT CH" }, "geometry": { "type": "Point", "coordinates": [ 41636.793999999761581, 35400.53999999910593 ] } },
{ "type": "Feature", "properties": { "BUS_STOP_N": "41089", "LOC_DESC": "AFT JLN NAGA SARI" }, "geometry": { "type": "Point", "coordinates": [ 24287.75899999961257, 34738.706000000238419 ] } },
{ "type": "Feature", "properties": { "BUS_STOP_N": "17159", "LOC_DESC": "BLK 365" }, "geometry": { "type": "Point", "coordinates": [ 20930.76659999974072, 32702.394200000911951 ] } },
{ "type": "Feature", "properties": { "BUS_STOP_N": "77139", "LOC_DESC": "BLK 582" }, "geometry": { "type": "Point", "coordinates": [ 40591.642400000244379, 39679.346899999305606 ] } },
{ "type": "Feature", "properties": { "BUS_STOP_N": "51111", "LOC_DESC": "OPP ANDREW RD" }, "geometry": { "type": "Point", "coordinates": [ 27951.298299999907613, 35869.92710000090301 ] } },
{ "type": "Feature", "properties": { "BUS_STOP_N": "64561", "LOC_DESC": "BLK 574" }, "geometry": { "type": "Point", "coordinates": [ 33974.533599999733269, 39904.387000000104308 ] } },
{ "type": "Feature", "properties": { "BUS_STOP_N": "59359", "LOC_DESC": "BLK 322" }, "geometry": { "type": "Point", "coordinates": [ 28826.378399999812245, 45570.307399999350309 ] } },
{ "type": "Feature", "properties": { "BUS_STOP_N": "66359", "LOC_DESC": "S'GOON STN EXIT C / BLK 201" }, "geometry": { "type": "Point", "coordinates": [ 32454.228400000371039, 36985.177500000223517 ] } },
{ "type": "Feature", "properties": { "BUS_STOP_N": "12071", "LOC_DESC": "BLK 116" }, "geometry": { "type": "Point", "coordinates": [ 21198.091699999757111, 34032.725700000301003 ] } },
{ "type": "Feature", "properties": { "BUS_STOP_N": "21509", "LOC_DESC": "OPP MEIJI SEIKA" }, "geometry": { "type": "Point", "coordinates": [ 14275.561499999836087, 34810.55489999987185 ] } },
{ "type": "Feature", "properties": { "BUS_STOP_N": "46869", "LOC_DESC": "BLK 628A" }, "geometry": { "type": "Point", "coordinates": [ 24341.207999999634922, 46303.764000000432134 ] } },
{ "type": "Feature", "properties": { "BUS_STOP_N": "84279", "LOC_DESC": "AFT BEDOK NTH ST 5" }, "geometry": { "type": "Point", "coordinates": [ 40359.170400000177324, 35422.102800000458956 ] } },
{ "type": "Feature", "properties": { "BUS_STOP_N": "16189", "LOC_DESC": "INFORMATION TECHNOLOGY" }, "geometry": { "type": "Point", "coordinates": [ 21272.932199999690056, 31088.394600000232458 ] } },
{ "type": "Feature", "properties": { "BUS_STOP_N": "28289", "LOC_DESC": "BLK 228" }, "geometry": { "type": "Point", "coordinates": [ 17140.073900000192225, 36008.109099999070168 ] } },
{ "type": "Feature", "properties": { "BUS_STOP_N": "84149", "LOC_DESC": "LION HOME FOR ELDERS" }, "geometry": { "type": "Point", "coordinates": [ 39676.208300000056624, 33637.434800000861287 ] } },
{ "type": "Feature", "properties": { "BUS_STOP_N": "45199", "LOC_DESC": "MANDAI POLICE TRG CAMP" }, "geometry": { "type": "Point", "coordinates": [ 20192.013299999758601, 43576.46030000038445 ] } },
{ "type": "Feature", "properties": { "BUS_STOP_N": "43291", "LOC_DESC": "AFT JLN REMAJA" }, "geometry": { "type": "Point", "coordinates": [ 19998.387199999764562, 37790.858599999919534 ] } },
{ "type": "Feature", "properties": { "BUS_STOP_N": "11281", "LOC_DESC": "AFT TAN BOON CHONG AVE" }, "geometry": { "type": "Point", "coordinates": [ 23009.129900000058115, 33168.541899999603629 ] } },
{ "type": "Feature", "properties": { "BUS_STOP_N": "58451", "LOC_DESC": "AFT HEAVY VEH PK" }, "geometry": { "type": "Point", "coordinates": [ 26001.481300000101328, 49066.020400000736117 ] } },
{ "type": "Feature", "properties": { "BUS_STOP_N": "44371", "LOC_DESC": "BLK 219" }, "geometry": { "type": "Point", "coordinates": [ 21252.110999999567866, 39554.757999999448657 ] } },
{ "type": "Feature", "properties": { "BUS_STOP_N": "21679", "LOC_DESC": "BLK 329" }, "geometry": { "type": "Point", "coordinates": [ 15782.611600000411272, 35545.619400000199676 ] } },
{ "type": "Feature", "properties": { "BUS_STOP_N": "04223", "LOC_DESC": "OLD HILL ST POLICE STN" }, "geometry": { "type": "Point", "coordinates": [ 29695.35869999974966, 30355.794199999421835 ] } },
{ "type": "Feature", "properties": { "BUS_STOP_N": "64601", "LOC_DESC": "BLK 919" }, "geometry": { "type": "Point", "coordinates": [ 33702.898699999786913, 39721.738900000229478 ] } },
{ "type": "Feature", "properties": { "BUS_STOP_N": "83361", "LOC_DESC": "HUA YU MANSIONS" }, "geometry": { "type": "Point", "coordinates": [ 37030.513600000180304, 34519.674699999392033 ] } },
{ "type": "Feature", "properties": { "BUS_STOP_N": "11309", "LOC_DESC": "HSE NO. 589" }, "geometry": { "type": "Point", "coordinates": [ 23001.655399999581277, 33428.122600000351667 ] } },
{ "type": "Feature", "properties": { "BUS_STOP_N": "84151", "LOC_DESC": "CASAFINA" }, "geometry": { "type": "Point", "coordinates": [ 39130.129300000146031, 33198.716700000688434 ] } },
{ "type": "Feature", "properties": { "BUS_STOP_N": "83189", "LOC_DESC": "BEF BETHESDA FRANKEL CH" }, "geometry": { "type": "Point", "coordinates": [ 37366.845700000412762, 33238.207100000232458 ] } },
{ "type": "Feature", "properties": { "BUS_STOP_N": "97081", "LOC_DESC": "SELARANG PK DRUG REH." }, "geometry": { "type": "Point", "coordinates": [ 44314.045400000177324, 39258.047100000083447 ] } },
{ "type": "Feature", "properties": { "BUS_STOP_N": "67219", "LOC_DESC": "RANGGUNG STN EXIT B" }, "geometry": { "type": "Point", "coordinates": [ 35138.138500000350177, 40632.334899999201298 ] } },
{ "type": "Feature", "properties": { "BUS_STOP_N": "14021", "LOC_DESC": "THE PEARL /@ MT FABER" }, "geometry": { "type": "Point", "coordinates": [ 27045.14989999961108, 28205.434100000187755 ] } },
{ "type": "Feature", "properties": { "BUS_STOP_N": "09038", "LOC_DESC": "OPP SOMERSET STN" }, "geometry": { "type": "Point", "coordinates": [ 28589.30460000038147, 31539.650200000032783 ] } },
{ "type": "Feature", "properties": { "BUS_STOP_N": "65049", "LOC_DESC": "BLK 126A" }, "geometry": { "type": "Point", "coordinates": [ 35630.588700000196695, 41307.987299999222159 ] } },
{ "type": "Feature", "properties": { "BUS_STOP_N": "05009", "LOC_DESC": "OPP OCBC CTR" }, "geometry": { "type": "Point", "coordinates": [ 29782.940299999900162, 29810.89919999986887 ] } },
{ "type": "Feature", "properties": { "BUS_STOP_N": "28541", "LOC_DESC": "BLK 551" }, "geometry": { "type": "Point", "coordinates": [ 15088.415199999697506, 37163.176300000399351 ] } },
{ "type": "Feature", "properties": { "BUS_STOP_N": "14399", "LOC_DESC": "BLK 88" }, "geometry": { "type": "Point", "coordinates": [ 25239.8125, 28904.004200000315905 ] } },
{ "type": "Feature", "properties": { "BUS_STOP_N": "84609", "LOC_DESC": "WATERFRONT KEY" }, "geometry": { "type": "Point", "coordinates": [ 38903.00040000025183, 35564.832299999892712 ] } },
{ "type": "Feature", "properties": { "BUS_STOP_N": "70099", "LOC_DESC": "TRAFFIC POLICE" }, "geometry": { "type": "Point", "coordinates": [ 34416.058000000193715, 34748.143799999728799 ] } },
{ "type": "Feature", "properties": { "BUS_STOP_N": "77021", "LOC_DESC": "OPP BLK 571" }, "geometry": { "type": "Point", "coordinates": [ 40537.671299999579787, 39387.640900000929832 ] } },
{ "type": "Feature", "properties": { "BUS_STOP_N": "96189", "LOC_DESC": "BLK 166" }, "geometry": { "type": "Point", "coordinates": [ 41866.495699999853969, 36386.512399999424815 ] } },
{ "type": "Feature", "properties": { "BUS_STOP_N": "84049", "LOC_DESC": "BLK 27" }, "geometry": { "type": "Point", "coordinates": [ 39277.71750000026077, 34062.801899999380112 ] } },
{ "type": "Feature", "properties": { "BUS_STOP_N": "92159", "LOC_DESC": "ST. PATRICK'S SCH" }, "geometry": { "type": "Point", "coordinates": [ 37259.775000000372529, 32452.021999999880791 ] } },
{ "type": "Feature", "properties": { "BUS_STOP_N": "66481", "LOC_DESC": "OPP BLK 968" }, "geometry": { "type": "Point", "coordinates": [ 33011.961199999786913, 40129.307499999180436 ] } },
{ "type": "Feature", "properties": { "BUS_STOP_N": "23331", "LOC_DESC": "OPP JP NELSON" }, "geometry": { "type": "Point", "coordinates": [ 10470.489299999549985, 32137.337099999189377 ] } },
{ "type": "Feature", "properties": { "BUS_STOP_N": "03219", "LOC_DESC": "AFT SHENTON WAY" }, "geometry": { "type": "Point", "coordinates": [ 29518.459699999541044, 28407.236800000071526 ] } },
{ "type": "Feature", "properties": { "BUS_STOP_N": "22521", "LOC_DESC": "PIONEER STN EXIT A" }, "geometry": { "type": "Point", "coordinates": [ 12901.368200000375509, 35510.637900000438094 ] } },
{ "type": "Feature", "properties": { "BUS_STOP_N": "98319", "LOC_DESC": "AFT BALLOTA PK" }, "geometry": { "type": "Point", "coordinates": [ 43033.673700000159442, 37918.135500000789762 ] } },
{ "type": "Feature", "properties": { "BUS_STOP_N": "65289", "LOC_DESC": "OPP PUNGGOL SEC SCH / BLK 195E" }, "geometry": { "type": "Point", "coordinates": [ 36266.589100000448525, 42624.977800000458956 ] } },
{ "type": "Feature", "properties": { "BUS_STOP_N": "97099", "LOC_DESC": "AFT LOYANG AVE" }, "geometry": { "type": "Point", "coordinates": [ 43927.338499999605119, 39460.741200000047684 ] } },
{ "type": "Feature", "properties": { "BUS_STOP_N": "34041", "LOC_DESC": "B03 LIM CHU KANG RD" }, "geometry": { "type": "Point", "coordinates": [ 14043.431599999777973, 46732.617499999701977 ] } },
{ "type": "Feature", "properties": { "BUS_STOP_N": "59069", "LOC_DESC": "OPP BLK 757" }, "geometry": { "type": "Point", "coordinates": [ 28226.803999999538064, 45361.039000000804663 ] } },
{ "type": "Feature", "properties": { "BUS_STOP_N": "46591", "LOC_DESC": "BLK 303" }, "geometry": { "type": "Point", "coordinates": [ 21313.882399999536574, 45816.542799999937415 ] } },
{ "type": "Feature", "properties": { "BUS_STOP_N": "41149", "LOC_DESC": "OPP SICC" }, "geometry": { "type": "Point", "coordinates": [ 26334.414499999955297, 35229.226299999281764 ] } },
{ "type": "Feature", "properties": { "BUS_STOP_N": "24599", "LOC_DESC": "BEF JOO KOON WAY" }, "geometry": { "type": "Point", "coordinates": [ 9734.987800000235438, 34206.32660000026226 ] } },
{ "type": "Feature", "properties": { "BUS_STOP_N": "21239", "LOC_DESC": "OPP BLK 203" }, "geometry": { "type": "Point", "coordinates": [ 14981.25789999961853, 36301.955399999395013 ] } },
{ "type": "Feature", "properties": { "BUS_STOP_N": "44439", "LOC_DESC": "BLK 9" }, "geometry": { "type": "Point", "coordinates": [ 19208.007399999536574, 40199.919099999591708 ] } },
{ "type": "Feature", "properties": { "BUS_STOP_N": "17191", "LOC_DESC": "NUS HIGH SCH" }, "geometry": { "type": "Point", "coordinates": [ 20950.72510000038892, 31999.736500000581145 ] } },
{ "type": "Feature", "properties": { "BUS_STOP_N": "47581", "LOC_DESC": "OPP BLK 521" }, "geometry": { "type": "Point", "coordinates": [ 23593.849899999797344, 46247.787299999967217 ] } },
{ "type": "Feature", "properties": { "BUS_STOP_N": "27179", "LOC_DESC": "AFT LOR DANAU" }, "geometry": { "type": "Point", "coordinates": [ 12239.784099999815226, 37597.32740000076592 ] } },
{ "type": "Feature", "properties": { "BUS_STOP_N": "26369", "LOC_DESC": "SEE HUP SENG" }, "geometry": { "type": "Point", "coordinates": [ 4604.362800000235438, 31212.960200000554323 ] } },
{ "type": "Feature", "properties": { "BUS_STOP_N": "76439", "LOC_DESC": "BLK 351" }, "geometry": { "type": "Point", "coordinates": [ 42384.053999999538064, 37222.678600000217557 ] } },
{ "type": "Feature", "properties": { "BUS_STOP_N": "16249", "LOC_DESC": "BEF WHOLESALE CTR" }, "geometry": { "type": "Point", "coordinates": [ 21405.914200000464916, 30186.473099999129772 ] } },
{ "type": "Feature", "properties": { "BUS_STOP_N": "17201", "LOC_DESC": "BLK 308" }, "geometry": { "type": "Point", "coordinates": [ 20662.381000000052154, 33659.809200000017881 ] } },
{ "type": "Feature", "properties": { "BUS_STOP_N": "10321", "LOC_DESC": "AFT MARGARET DR" }, "geometry": { "type": "Point", "coordinates": [ 26063.615199999883771, 30754.452199999243021 ] } },
{ "type": "Feature", "properties": { "BUS_STOP_N": "65041", "LOC_DESC": "BLK 231" }, "geometry": { "type": "Point", "coordinates": [ 35599.285899999551475, 41317.990399999544024 ] } },
{ "type": "Feature", "properties": { "BUS_STOP_N": "16239", "LOC_DESC": "OPP WHOLESALE CTR" }, "geometry": { "type": "Point", "coordinates": [ 21952.010900000110269, 29873.613800000399351 ] } },
{ "type": "Feature", "properties": { "BUS_STOP_N": "62231", "LOC_DESC": "BEF S'PORE GIRLS' HOME" }, "geometry": { "type": "Point", "coordinates": [ 34345.892199999652803, 36649.289300000295043 ] } },
{ "type": "Feature", "properties": { "BUS_STOP_N": "20151", "LOC_DESC": "OPP BLK 411" }, "geometry": { "type": "Point", "coordinates": [ 18300.311599999666214, 33397.987099999561906 ] } },
{ "type": "Feature", "properties": { "BUS_STOP_N": "78139", "LOC_DESC": "OPP PASIR RIS PR SCH" }, "geometry": { "type": "Point", "coordinates": [ 42543.335400000214577, 39464.682800000533462 ] } },
{ "type": "Feature", "properties": { "BUS_STOP_N": "70341", "LOC_DESC": "TANNERY BLK" }, "geometry": { "type": "Point", "coordinates": [ 32584.735000000335276, 34251.310300000011921 ] } },
{ "type": "Feature", "properties": { "BUS_STOP_N": "03223", "LOC_DESC": "TANJONG PAGAR STN EXIT C" }, "geometry": { "type": "Point", "coordinates": [ 29454.54590000025928, 28698.992200000211596 ] } },
{ "type": "Feature", "properties": { "BUS_STOP_N": "67529", "LOC_DESC": "OPP BLK 157A" }, "geometry": { "type": "Point", "coordinates": [ 36455.358900000341237, 41024.014499999582767 ] } },
{ "type": "Feature", "properties": { "BUS_STOP_N": "76139", "LOC_DESC": "OPP CENTURY SQ" }, "geometry": { "type": "Point", "coordinates": [ 40295.841500000096858, 37078.368899999186397 ] } },
{ "type": "Feature", "properties": { "BUS_STOP_N": "58509", "LOC_DESC": "BLK 590A" }, "geometry": { "type": "Point", "coordinates": [ 27289.887400000356138, 48028.563100000843406 ] } },
{ "type": "Feature", "properties": { "BUS_STOP_N": "64161", "LOC_DESC": "SCHENKER" }, "geometry": { "type": "Point", "coordinates": [ 36692.339399999938905, 39333.901799999177456 ] } },
{ "type": "Feature", "properties": { "BUS_STOP_N": "64039", "LOC_DESC": "BLK 434" }, "geometry": { "type": "Point", "coordinates": [ 34734.466099999845028, 39853.042999999597669 ] } },
{ "type": "Feature", "properties": { "BUS_STOP_N": "11219", "LOC_DESC": "GREAT EASTERN MANS" }, "geometry": { "type": "Point", "coordinates": [ 25101.715599999763072, 32462.57149999961257 ] } },
{ "type": "Feature", "properties": { "BUS_STOP_N": "67109", "LOC_DESC": "BLK 235" }, "geometry": { "type": "Point", "coordinates": [ 35412.431800000369549, 41439.457100000232458 ] } },
{ "type": "Feature", "properties": { "BUS_STOP_N": "46209", "LOC_DESC": "BLK 2" }, "geometry": { "type": "Point", "coordinates": [ 21758.519100000150502, 46884.907600000500679 ] } },
{ "type": "Feature", "properties": { "BUS_STOP_N": "49211", "LOC_DESC": "PUB QUARTER" }, "geometry": { "type": "Point", "coordinates": [ 17047.741899999789894, 46707.362299999222159 ] } },
{ "type": "Feature", "properties": { "BUS_STOP_N": "15191", "LOC_DESC": "PASIR PANJANG STN / FC" }, "geometry": { "type": "Point", "coordinates": [ 23449.559500000439584, 28712.329299999400973 ] } },
{ "type": "Feature", "properties": { "BUS_STOP_N": "20331", "LOC_DESC": "VEJOIL PTE LTD" }, "geometry": { "type": "Point", "coordinates": [ 18646.742700000293553, 32842.755000000819564 ] } },
{ "type": "Feature", "properties": { "BUS_STOP_N": "21769", "LOC_DESC": "OPP BLK 138B" }, "geometry": { "type": "Point", "coordinates": [ 15933.757799999788404, 34515.877800000831485 ] } },
{ "type": "Feature", "properties": { "BUS_STOP_N": "96151", "LOC_DESC": "BLK 106" }, "geometry": { "type": "Point", "coordinates": [ 41124.350200000219047, 36053.240599999204278 ] } },
{ "type": "Feature", "properties": { "BUS_STOP_N": "63089", "LOC_DESC": "BLK 241" }, "geometry": { "type": "Point", "coordinates": [ 34547.871299999766052, 37629.905899999663234 ] } },
{ "type": "Feature", "properties": { "BUS_STOP_N": "16219", "LOC_DESC": "OPP WHARVES BLDG" }, "geometry": { "type": "Point", "coordinates": [ 22479.366600000299513, 29167.715199999511242 ] } },
{ "type": "Feature", "properties": { "BUS_STOP_N": "54248", "LOC_DESC": "BLK 324" }, "geometry": { "type": "Point", "coordinates": [ 29469.586799999698997, 38979.56980000063777 ] } },
{ "type": "Feature", "properties": { "BUS_STOP_N": "42171", "LOC_DESC": "SIGNATURE PK CONDO" }, "geometry": { "type": "Point", "coordinates": [ 20984.867899999953806, 36078.853700000792742 ] } },
{ "type": "Feature", "properties": { "BUS_STOP_N": "29139", "LOC_DESC": "OPP FOH FOH PTE LTD" }, "geometry": { "type": "Point", "coordinates": [ 18879.653800000436604, 31704.265599999576807 ] } },
{ "type": "Feature", "properties": { "BUS_STOP_N": "03369", "LOC_DESC": "MARINA BARRAGE" }, "geometry": { "type": "Point", "coordinates": [ 32012.487099999561906, 29151.969200000166893 ] } },
{ "type": "Feature", "properties": { "BUS_STOP_N": "81219", "LOC_DESC": "OPP GEYLANG POLYCLINIC" }, "geometry": { "type": "Point", "coordinates": [ 33932.416199999861419, 33447.154600000008941 ] } },
{ "type": "Feature", "properties": { "BUS_STOP_N": "27199", "LOC_DESC": "HALL 11" }, "geometry": { "type": "Point", "coordinates": [ 11697.612599999643862, 37375.671099999919534 ] } },
{ "type": "Feature", "properties": { "BUS_STOP_N": "59131", "LOC_DESC": "BLK 137" }, "geometry": { "type": "Point", "coordinates": [ 27596.236899999901652, 45955.792400000616908 ] } },
{ "type": "Feature", "properties": { "BUS_STOP_N": "73019", "LOC_DESC": "BEF ROUNDABOUT" }, "geometry": { "type": "Point", "coordinates": [ 35361.108599999919534, 37127.820199999958277 ] } },
{ "type": "Feature", "properties": { "BUS_STOP_N": "67541", "LOC_DESC": "HOCKEY STADIUM" }, "geometry": { "type": "Point", "coordinates": [ 33929.038800000213087, 41853.81980000063777 ] } },
{ "type": "Feature", "properties": { "BUS_STOP_N": "21071", "LOC_DESC": "JURONG ABATTOIR" }, "geometry": { "type": "Point", "coordinates": [ 15654.694099999964237, 32910.679199999198318 ] } },
{ "type": "Feature", "properties": { "BUS_STOP_N": "17311", "LOC_DESC": "OPP BLK 801C" }, "geometry": { "type": "Point", "coordinates": [ 20091.794300000183284, 31501.296399999409914 ] } },
{ "type": "Feature", "properties": { "BUS_STOP_N": "59421", "LOC_DESC": "BLK 624" }, "geometry": { "type": "Point", "coordinates": [ 28194.382000000216067, 44385.606000000610948 ] } },
{ "type": "Feature", "properties": { "BUS_STOP_N": "83291", "LOC_DESC": "AFT JOO CHIAT PL" }, "geometry": { "type": "Point", "coordinates": [ 36081.688000000081956, 32995.981100000441074 ] } },
{ "type": "Feature", "properties": { "BUS_STOP_N": "59429", "LOC_DESC": "BLK 846" }, "geometry": { "type": "Point", "coordinates": [ 28184.948800000362098, 44359.935200000181794 ] } },
{ "type": "Feature", "properties": { "BUS_STOP_N": "75071", "LOC_DESC": "OPP BLK 819" }, "geometry": { "type": "Point", "coordinates": [ 39481.158599999733269, 36786.56980000063777 ] } },
{ "type": "Feature", "properties": { "BUS_STOP_N": "59609", "LOC_DESC": "OPP BLK 392" }, "geometry": { "type": "Point", "coordinates": [ 29805.858599999919534, 45608.941600000485778 ] } },
{ "type": "Feature", "properties": { "BUS_STOP_N": "18059", "LOC_DESC": "OPP ONE-NORTH STN" }, "geometry": { "type": "Point", "coordinates": [ 22867.561499999836087, 31205.836200000718236 ] } },
{ "type": "Feature", "properties": { "BUS_STOP_N": "22009", "LOC_DESC": "BOON LAY INT" }, "geometry": { "type": "Point", "coordinates": [ 13794.425099999643862, 35780.972899999469519 ] } },
{ "type": "Feature", "properties": { "BUS_STOP_N": "30081", "LOC_DESC": "OPP HAI INN SEE TP" }, "geometry": { "type": "Point", "coordinates": [ 16984.701000000350177, 39915.842100000008941 ] } },
{ "type": "Feature", "properties": { "BUS_STOP_N": "71161", "LOC_DESC": "BLK 3019" }, "geometry": { "type": "Point", "coordinates": [ 34547.658999999985099, 34398.115599999204278 ] } },
{ "type": "Feature", "properties": { "BUS_STOP_N": "41141", "LOC_DESC": "AFT ADAM DR" }, "geometry": { "type": "Point", "coordinates": [ 26296.563699999824166, 35242.034700000658631 ] } },
{ "type": "Feature", "properties": { "BUS_STOP_N": "66069", "LOC_DESC": "BEF BRADDELL FLYOVER" }, "geometry": { "type": "Point", "coordinates": [ 31268.676400000229478, 36186.904500000178814 ] } },
{ "type": "Feature", "properties": { "BUS_STOP_N": "01549", "LOC_DESC": "OPP DUO RESIDENCES" }, "geometry": { "type": "Point", "coordinates": [ 30831.261699999682605, 31448.845200000330806 ] } },
{ "type": "Feature", "properties": { "BUS_STOP_N": "52299", "LOC_DESC": "BLK 50" }, "geometry": { "type": "Point", "coordinates": [ 30119.078900000080466, 35476.609099999070168 ] } },
{ "type": "Feature", "properties": { "BUS_STOP_N": "58131", "LOC_DESC": "AFT ASSYAFAAH MQUE" }, "geometry": { "type": "Point", "coordinates": [ 26568.281299999915063, 48651.616699999198318 ] } },
{ "type": "Feature", "properties": { "BUS_STOP_N": "58181", "LOC_DESC": "POLICE DRV CIRCUIT" }, "geometry": { "type": "Point", "coordinates": [ 27222.175300000235438, 49029.005400000140071 ] } },
{ "type": "Feature", "properties": { "BUS_STOP_N": "54391", "LOC_DESC": "AFT ANG MO KIO INT" }, "geometry": { "type": "Point", "coordinates": [ 29661.21820000000298, 39289.274800000712276 ] } },
{ "type": "Feature", "properties": { "BUS_STOP_N": "43719", "LOC_DESC": "MINDEF CP" }, "geometry": { "type": "Point", "coordinates": [ 19928.450199999846518, 38971.845599999651313 ] } },
{ "type": "Feature", "properties": { "BUS_STOP_N": "84639", "LOC_DESC": "AFT WATERFRONT WAVES" }, "geometry": { "type": "Point", "coordinates": [ 38688.491399999707937, 35640.354199999943376 ] } },
{ "type": "Feature", "properties": { "BUS_STOP_N": "98171", "LOC_DESC": "OPP SIA SUPPLIES CTR" }, "geometry": { "type": "Point", "coordinates": [ 43732.361200000159442, 40454.592100000008941 ] } },
{ "type": "Feature", "properties": { "BUS_STOP_N": "27361", "LOC_DESC": "BLK 710" }, "geometry": { "type": "Point", "coordinates": [ 12541.14159999974072, 36106.094499999657273 ] } },
{ "type": "Feature", "properties": { "BUS_STOP_N": "44281", "LOC_DESC": "BLK 8" }, "geometry": { "type": "Point", "coordinates": [ 19195.78940000012517, 40336.321100000292063 ] } },
{ "type": "Feature", "properties": { "BUS_STOP_N": "17029", "LOC_DESC": "OPP WASEDA S SNR HIGH SCH" }, "geometry": { "type": "Point", "coordinates": [ 20630.783800000324845, 31031.15059999935329 ] } },
{ "type": "Feature", "properties": { "BUS_STOP_N": "77311", "LOC_DESC": "BET BLKS 771/772" }, "geometry": { "type": "Point", "coordinates": [ 39531.276600000448525, 39749.381999999284744 ] } },
{ "type": "Feature", "properties": { "BUS_STOP_N": "62161", "LOC_DESC": "ST. GABRIEL'S SEC SCH" }, "geometry": { "type": "Point", "coordinates": [ 32751.70339999999851, 36624.342499999329448 ] } },
{ "type": "Feature", "properties": { "BUS_STOP_N": "07571", "LOC_DESC": "SUNSHINE PLAZA" }, "geometry": { "type": "Point", "coordinates": [ 29975.334599999710917, 31447.674499999731779 ] } },
{ "type": "Feature", "properties": { "BUS_STOP_N": "67111", "LOC_DESC": "CHIJ ST. JOSEPH'S CONVENT" }, "geometry": { "type": "Point", "coordinates": [ 35690.208899999968708, 41441.827600000426173 ] } },
{ "type": "Feature", "properties": { "BUS_STOP_N": "07518", "LOC_DESC": "OPP NAFA CAMPUS 3" }, "geometry": { "type": "Point", "coordinates": [ 30095.645600000396371, 31475.373400000855327 ] } },
{ "type": "Feature", "properties": { "BUS_STOP_N": "93201", "LOC_DESC": "VICTORIA SCH" }, "geometry": { "type": "Point", "coordinates": [ 38505.311599999666214, 32390.952500000596046 ] } },
{ "type": "Feature", "properties": { "BUS_STOP_N": "07517", "LOC_DESC": "IBIS S'PORE ON BENCOOLEN" }, "geometry": { "type": "Point", "coordinates": [ 30127.399600000120699, 31514.505300000309944 ] } },
{ "type": "Feature", "properties": { "BUS_STOP_N": "47111", "LOC_DESC": "BEF SENOKO WAY" }, "geometry": { "type": "Point", "coordinates": [ 25517.680900000035763, 49746.841900000348687 ] } },
{ "type": "Feature", "properties": { "BUS_STOP_N": "66361", "LOC_DESC": "BLK 319" }, "geometry": { "type": "Point", "coordinates": [ 31882.398599999956787, 37191.84180000051856 ] } },
{ "type": "Feature", "properties": { "BUS_STOP_N": "65231", "LOC_DESC": "RIVIERA STN EXIT B" }, "geometry": { "type": "Point", "coordinates": [ 37181.49959999974817, 41807.473600000143051 ] } },
{ "type": "Feature", "properties": { "BUS_STOP_N": "28689", "LOC_DESC": "OPP TOH GUAN CTR" }, "geometry": { "type": "Point", "coordinates": [ 19211.998300000093877, 35501.994400000199676 ] } },
{ "type": "Feature", "properties": { "BUS_STOP_N": "59511", "LOC_DESC": "YISHUN SEC SCH" }, "geometry": { "type": "Point", "coordinates": [ 27515.471199999563396, 45434.722100000828505 ] } },
{ "type": "Feature", "properties": { "BUS_STOP_N": "03031", "LOC_DESC": "RAFFLES PL STN EXIT F" }, "geometry": { "type": "Point", "coordinates": [ 29958.852699999697506, 29400.476500000804663 ] } },
{ "type": "Feature", "properties": { "BUS_STOP_N": "58371", "LOC_DESC": "BET BLKS 325/326" }, "geometry": { "type": "Point", "coordinates": [ 26386.785699999891222, 47337.152400000020862 ] } },
{ "type": "Feature", "properties": { "BUS_STOP_N": "92091", "LOC_DESC": "OPP ONE AMBER" }, "geometry": { "type": "Point", "coordinates": [ 35342.934700000099838, 31675.31870000064373 ] } },
{ "type": "Feature", "properties": { "BUS_STOP_N": "58379", "LOC_DESC": "OPP BLK 325" }, "geometry": { "type": "Point", "coordinates": [ 26386.135599999688566, 47308.388199999928474 ] } },
{ "type": "Feature", "properties": { "BUS_STOP_N": "68099", "LOC_DESC": "BEF BAKER ST" }, "geometry": { "type": "Point", "coordinates": [ 32154.903199999593198, 42742.815099999308586 ] } },
{ "type": "Feature", "properties": { "BUS_STOP_N": "46651", "LOC_DESC": "BLK 550" }, "geometry": { "type": "Point", "coordinates": [ 23686.307199999690056, 46077.926599999889731 ] } },
{ "type": "Feature", "properties": { "BUS_STOP_N": "22089", "LOC_DESC": "NATSTEEL" }, "geometry": { "type": "Point", "coordinates": [ 13258.815399999730289, 32025.906600000336766 ] } },
{ "type": "Feature", "properties": { "BUS_STOP_N": "62021", "LOC_DESC": "WISMA AUPE" }, "geometry": { "type": "Point", "coordinates": [ 33482.832700000144541, 36195.558900000527501 ] } },
{ "type": "Feature", "properties": { "BUS_STOP_N": "46131", "LOC_DESC": "AFT MARSILING LANE" }, "geometry": { "type": "Point", "coordinates": [ 21736.382500000298023, 47551.064300000667572 ] } },
{ "type": "Feature", "properties": { "BUS_STOP_N": "76101", "LOC_DESC": "TAMPINES EAST CC" }, "geometry": { "type": "Point", "coordinates": [ 41522.307099999859929, 37245.848099999129772 ] } },
{ "type": "Feature", "properties": { "BUS_STOP_N": "42021", "LOC_DESC": "AFT MAPLE AVE" }, "geometry": { "type": "Point", "coordinates": [ 23436.732400000095367, 34973.496099999174476 ] } },
{ "type": "Feature", "properties": { "BUS_STOP_N": "27519", "LOC_DESC": "OPP BLK 974" }, "geometry": { "type": "Point", "coordinates": [ 12376.850399999879301, 35798.78319999948144 ] } },
{ "type": "Feature", "properties": { "BUS_STOP_N": "14309", "LOC_DESC": "BLK 41" }, "geometry": { "type": "Point", "coordinates": [ 26864.703499999828637, 28196.866800000891089 ] } },
{ "type": "Feature", "properties": { "BUS_STOP_N": "60179", "LOC_DESC": "MOM SVCS CTR" }, "geometry": { "type": "Point", "coordinates": [ 31894.984000000171363, 34250.353000000119209 ] } },
{ "type": "Feature", "properties": { "BUS_STOP_N": "16079", "LOC_DESC": "BEF PASIR PANJANG PO" }, "geometry": { "type": "Point", "coordinates": [ 21034.496899999678135, 30435.76490000076592 ] } },
{ "type": "Feature", "properties": { "BUS_STOP_N": "92161", "LOC_DESC": "AFT KATONG PO" }, "geometry": { "type": "Point", "coordinates": [ 35038.208700000308454, 31799.589500000700355 ] } },
{ "type": "Feature", "properties": { "BUS_STOP_N": "41011", "LOC_DESC": "NUS BT TIMAH CAMPUS" }, "geometry": { "type": "Point", "coordinates": [ 26393.709499999880791, 33844.521999999880791 ] } },
{ "type": "Feature", "properties": { "BUS_STOP_N": "26279", "LOC_DESC": "AFT TUAS STH AVE 4" }, "geometry": { "type": "Point", "coordinates": [ 5129.893899999558926, 32624.479699999094009 ] } },
{ "type": "Feature", "properties": { "BUS_STOP_N": "53129", "LOC_DESC": "OPP MARYMOUNT STN" }, "geometry": { "type": "Point", "coordinates": [ 28716.114599999971688, 36858.915400000289083 ] } },
{ "type": "Feature", "properties": { "BUS_STOP_N": "16019", "LOC_DESC": "HAW PAR VILLA STN" }, "geometry": { "type": "Point", "coordinates": [ 22319.217100000008941, 29460.047700000926852 ] } },
{ "type": "Feature", "properties": { "BUS_STOP_N": "43811", "LOC_DESC": "BEF SUMMERHILL" }, "geometry": { "type": "Point", "coordinates": [ 20393.691599999554455, 37826.801300000399351 ] } },
{ "type": "Feature", "properties": { "BUS_STOP_N": "16049", "LOC_DESC": "WHITEHAVEN" }, "geometry": { "type": "Point", "coordinates": [ 21779.721599999815226, 30169.696000000461936 ] } },
{ "type": "Feature", "properties": { "BUS_STOP_N": "83129", "LOC_DESC": "AFT JI XIANG CT" }, "geometry": { "type": "Point", "coordinates": [ 36602.770899999886751, 32809.879100000485778 ] } },
{ "type": "Feature", "properties": { "BUS_STOP_N": "21021", "LOC_DESC": "BEF JURONG PORT RD" }, "geometry": { "type": "Point", "coordinates": [ 15800.848000000230968, 34046.973400000482798 ] } },
{ "type": "Feature", "properties": { "BUS_STOP_N": "78101", "LOC_DESC": "OPP DOWNTOWN EAST" }, "geometry": { "type": "Point", "coordinates": [ 41424.058899999596179, 39673.213700000196695 ] } },
{ "type": "Feature", "properties": { "BUS_STOP_N": "17239", "LOC_DESC": "NTUC FAIRPRICE" }, "geometry": { "type": "Point", "coordinates": [ 20490.177299999631941, 32745.975099999457598 ] } },
{ "type": "Feature", "properties": { "BUS_STOP_N": "43221", "LOC_DESC": "BLK 267" }, "geometry": { "type": "Point", "coordinates": [ 19916.824300000444055, 36786.816500000655651 ] } },
{ "type": "Feature", "properties": { "BUS_STOP_N": "03211", "LOC_DESC": "BEF SHENTON WAY" }, "geometry": { "type": "Point", "coordinates": [ 29481.919300000183284, 28390.202299999073148 ] } },
{ "type": "Feature", "properties": { "BUS_STOP_N": "27281", "LOC_DESC": "HALL 1" }, "geometry": { "type": "Point", "coordinates": [ 11811.747499999590218, 36411.919600000604987 ] } },
{ "type": "Feature", "properties": { "BUS_STOP_N": "78241", "LOC_DESC": "BET BLKS 453/454" }, "geometry": { "type": "Point", "coordinates": [ 41831.015999999828637, 39344.964099999517202 ] } },
{ "type": "Feature", "properties": { "BUS_STOP_N": "26209", "LOC_DESC": "MSD" }, "geometry": { "type": "Point", "coordinates": [ 5568.386500000022352, 34356.581100000068545 ] } },
{ "type": "Feature", "properties": { "BUS_STOP_N": "26161", "LOC_DESC": "3NC S'PORE" }, "geometry": { "type": "Point", "coordinates": [ 7024.376699999906123, 33843.915899999439716 ] } },
{ "type": "Feature", "properties": { "BUS_STOP_N": "43491", "LOC_DESC": "BLK 331" }, "geometry": { "type": "Point", "coordinates": [ 18414.083100000396371, 38434.825699999928474 ] } },
{ "type": "Feature", "properties": { "BUS_STOP_N": "40011", "LOC_DESC": "LITTLE INDIA STN EXIT A" }, "geometry": { "type": "Point", "coordinates": [ 29770.671400000341237, 32028.887800000607967 ] } },
{ "type": "Feature", "properties": { "BUS_STOP_N": "46931", "LOC_DESC": "OPP W'LANDS SPECTRUM 1" }, "geometry": { "type": "Point", "coordinates": [ 25164.583100000396371, 48294.91950000077486 ] } },
{ "type": "Feature", "properties": { "BUS_STOP_N": "29099", "LOC_DESC": "BEF SIA HUAT" }, "geometry": { "type": "Point", "coordinates": [ 18956.027999999932945, 31302.843399999663234 ] } },
{ "type": "Feature", "properties": { "BUS_STOP_N": "47151", "LOC_DESC": "AFT SCANIA S'PORE" }, "geometry": { "type": "Point", "coordinates": [ 24723.087799999862909, 49755.18019999936223 ] } },
{ "type": "Feature", "properties": { "BUS_STOP_N": "32041", "LOC_DESC": "OPP LP 160" }, "geometry": { "type": "Point", "coordinates": [ 13350.121000000275671, 42915.877299999818206 ] } },
{ "type": "Feature", "properties": { "BUS_STOP_N": "31069", "LOC_DESC": "BEF CHOA CHU KANG RD" }, "geometry": { "type": "Point", "coordinates": [ 12665.558299999684095, 39657.871600000187755 ] } },
{ "type": "Feature", "properties": { "BUS_STOP_N": "63101", "LOC_DESC": "OPP BLK 169" }, "geometry": { "type": "Point", "coordinates": [ 34337.684200000017881, 37017.114700000733137 ] } },
{ "type": "Feature", "properties": { "BUS_STOP_N": "10099", "LOC_DESC": "OPP BT MERAH TOWN CTR" }, "geometry": { "type": "Point", "coordinates": [ 26245.873200000263751, 29631.602700000628829 ] } },
{ "type": "Feature", "properties": { "BUS_STOP_N": "20191", "LOC_DESC": "BLK 407" }, "geometry": { "type": "Point", "coordinates": [ 18553.891800000332296, 33495.664200000464916 ] } },
{ "type": "Feature", "properties": { "BUS_STOP_N": "83131", "LOC_DESC": "AFT LOR H TELOK KURAU" }, "geometry": { "type": "Point", "coordinates": [ 36428.146800000220537, 33172.84429999999702 ] } },
{ "type": "Feature", "properties": { "BUS_STOP_N": "70221", "LOC_DESC": "BLK 79 FC" }, "geometry": { "type": "Point", "coordinates": [ 33767.270100000314415, 34278.616200000047684 ] } },
{ "type": "Feature", "properties": { "BUS_STOP_N": "11179", "LOC_DESC": "BLK 8" }, "geometry": { "type": "Point", "coordinates": [ 23662.460099999792874, 32060.901100000366569 ] } },
{ "type": "Feature", "properties": { "BUS_STOP_N": "21669", "LOC_DESC": "OPP BLK 134D" }, "geometry": { "type": "Point", "coordinates": [ 15624.74210000038147, 35940.668400000780821 ] } },
{ "type": "Feature", "properties": { "BUS_STOP_N": "33039", "LOC_DESC": "OPP JLN BAHTERA" }, "geometry": { "type": "Point", "coordinates": [ 13615.164099999703467, 45002.10950000025332 ] } },
{ "type": "Feature", "properties": { "BUS_STOP_N": "07551", "LOC_DESC": "FU LU SHOU CPLX" }, "geometry": { "type": "Point", "coordinates": [ 30364.838899999856949, 31567.466700000688434 ] } },
{ "type": "Feature", "properties": { "BUS_STOP_N": "82032", "LOC_DESC": "BLK 416" }, "geometry": { "type": "Point", "coordinates": [ 35115.804800000041723, 33339.583000000566244 ] } },
{ "type": "Feature", "properties": { "BUS_STOP_N": "46519", "LOC_DESC": "OPP BLK 144" }, "geometry": { "type": "Point", "coordinates": [ 21188.437699999660254, 46369.618699999526143 ] } },
{ "type": "Feature", "properties": { "BUS_STOP_N": "22469", "LOC_DESC": "BLK 653B" }, "geometry": { "type": "Point", "coordinates": [ 12760.143899999558926, 35400.095300000160933 ] } },
{ "type": "Feature", "properties": { "BUS_STOP_N": "83081", "LOC_DESC": "OPP PERPETUAL SUCCOUR CH" }, "geometry": { "type": "Point", "coordinates": [ 37367.401399999856949, 33735.641100000590086 ] } },
{ "type": "Feature", "properties": { "BUS_STOP_N": "67239", "LOC_DESC": "OPP RIVERVALE PR SCH" }, "geometry": { "type": "Point", "coordinates": [ 35829.276300000026822, 41665.254499999806285 ] } },
{ "type": "Feature", "properties": { "BUS_STOP_N": "10111", "LOC_DESC": "OPP BLK 28" }, "geometry": { "type": "Point", "coordinates": [ 25320.449000000022352, 29814.417500000447035 ] } },
{ "type": "Feature", "properties": { "BUS_STOP_N": "11259", "LOC_DESC": "OPP BLK 21" }, "geometry": { "type": "Point", "coordinates": [ 23454.947499999776483, 32758.072100000455976 ] } },
{ "type": "Feature", "properties": { "BUS_STOP_N": "59481", "LOC_DESC": "BLK 873" }, "geometry": { "type": "Point", "coordinates": [ 28355.508899999782443, 44134.752199999988079 ] } },
{ "type": "Feature", "properties": { "BUS_STOP_N": "10141", "LOC_DESC": "BLK 18" }, "geometry": { "type": "Point", "coordinates": [ 27883.146200000308454, 29805.879699999466538 ] } },
{ "type": "Feature", "properties": { "BUS_STOP_N": "75371", "LOC_DESC": "AFT TAMPINES AVE 5" }, "geometry": { "type": "Point", "coordinates": [ 38822.461600000038743, 37918.355900000780821 ] } },
{ "type": "Feature", "properties": { "BUS_STOP_N": "60209", "LOC_DESC": "SANT RITZ" }, "geometry": { "type": "Point", "coordinates": [ 31963.839999999850988, 34665.009999999776483 ] } },
{ "type": "Feature", "properties": { "BUS_STOP_N": "62249", "LOC_DESC": "OPP SBST HOUGANG DEPOT" }, "geometry": { "type": "Point", "coordinates": [ 34419.777999999932945, 36270.978000000119209 ] } },
{ "type": "Feature", "properties": { "BUS_STOP_N": "14419", "LOC_DESC": "CP A" }, "geometry": { "type": "Point", "coordinates": [ 24411.435999999754131, 27758.95160000026226 ] } },
{ "type": "Feature", "properties": { "BUS_STOP_N": "47811", "LOC_DESC": "W'LANDS SUNNY FOOD" }, "geometry": { "type": "Point", "coordinates": [ 25297.802299999631941, 49330.729199999943376 ] } },
{ "type": "Feature", "properties": { "BUS_STOP_N": "24259", "LOC_DESC": "DNV GL LABORATORY" }, "geometry": { "type": "Point", "coordinates": [ 10438.050099999643862, 33610.023000000044703 ] } },
{ "type": "Feature", "properties": { "BUS_STOP_N": "90019", "LOC_DESC": "PK SHORE CONDO" }, "geometry": { "type": "Point", "coordinates": [ 32030.268799999728799, 31041.928099999204278 ] } },
{ "type": "Feature", "properties": { "BUS_STOP_N": "40071", "LOC_DESC": "LENG KWANG BAPTIST CH" }, "geometry": { "type": "Point", "coordinates": [ 27547.249499999918044, 33490.356000000610948 ] } },
{ "type": "Feature", "properties": { "BUS_STOP_N": "67079", "LOC_DESC": "ST VINCENT DE PAUL CH" }, "geometry": { "type": "Point", "coordinates": [ 32829.281000000424683, 40505.752000000327826 ] } },
{ "type": "Feature", "properties": { "BUS_STOP_N": "25421", "LOC_DESC": "OPP TUAS LK STN" }, "geometry": { "type": "Point", "coordinates": [ 6229.964599999599159, 36034.666699999943376 ] } },
{ "type": "Feature", "properties": { "BUS_STOP_N": "49071", "LOC_DESC": "OPP WASON WOOD IND" }, "geometry": { "type": "Point", "coordinates": [ 18399.954400000162423, 45668.380899999290705 ] } },
{ "type": "Feature", "properties": { "BUS_STOP_N": "83209", "LOC_DESC": "AFT FRANKEL TERR" }, "geometry": { "type": "Point", "coordinates": [ 37048.282800000160933, 33436.065199999138713 ] } },
{ "type": "Feature", "properties": { "BUS_STOP_N": "14189", "LOC_DESC": "AFT ALEXANDRA RD" }, "geometry": { "type": "Point", "coordinates": [ 24749.981200000271201, 28355.179099999368191 ] } },
{ "type": "Feature", "properties": { "BUS_STOP_N": "09219", "LOC_DESC": "FAR EAST PLAZA" }, "geometry": { "type": "Point", "coordinates": [ 27979.824000000022352, 32174.388499999418855 ] } },
{ "type": "Feature", "properties": { "BUS_STOP_N": "43699", "LOC_DESC": "BLK 298" }, "geometry": { "type": "Point", "coordinates": [ 18308.099799999967217, 36312.824899999424815 ] } },
{ "type": "Feature", "properties": { "BUS_STOP_N": "78181", "LOC_DESC": "BEF BLK 187" }, "geometry": { "type": "Point", "coordinates": [ 41998.596800000406802, 38530.743200000375509 ] } },
{ "type": "Feature", "properties": { "BUS_STOP_N": "18339", "LOC_DESC": "OPP KENT RIDGE STN EXIT A" }, "geometry": { "type": "Point", "coordinates": [ 22583.754499999806285, 30808.52170000039041 ] } },
{ "type": "Feature", "properties": { "BUS_STOP_N": "07249", "LOC_DESC": "AFT KEMPAS RD" }, "geometry": { "type": "Point", "coordinates": [ 30914.057500000111759, 33068.049699999392033 ] } },
{ "type": "Feature", "properties": { "BUS_STOP_N": "54231", "LOC_DESC": "BLK 129" }, "geometry": { "type": "Point", "coordinates": [ 28967.107400000095367, 39077.291600000113249 ] } },
{ "type": "Feature", "properties": { "BUS_STOP_N": "25451", "LOC_DESC": "AFT TUAS WEST ST" }, "geometry": { "type": "Point", "coordinates": [ 5824.531000000424683, 34936.375099999830127 ] } },
{ "type": "Feature", "properties": { "BUS_STOP_N": "96351", "LOC_DESC": "BEF CHANGI STH ST 1" }, "geometry": { "type": "Point", "coordinates": [ 43242.834300000220537, 35272.578700000420213 ] } },
{ "type": "Feature", "properties": { "BUS_STOP_N": "77381", "LOC_DESC": "BLK 524B" }, "geometry": { "type": "Point", "coordinates": [ 40669.217299999669194, 39170.599300000816584 ] } },
{ "type": "Feature", "properties": { "BUS_STOP_N": "98061", "LOC_DESC": "OPP ENGINE TEST FACILITY" }, "geometry": { "type": "Point", "coordinates": [ 44015.514700000174344, 39845.905200000852346 ] } },
{ "type": "Feature", "properties": { "BUS_STOP_N": "84629", "LOC_DESC": "BLK 716" }, "geometry": { "type": "Point", "coordinates": [ 38249.467299999669194, 35594.584599999710917 ] } },
{ "type": "Feature", "properties": { "BUS_STOP_N": "77389", "LOC_DESC": "BLK 524B" }, "geometry": { "type": "Point", "coordinates": [ 40616.300599999725819, 39094.505000000819564 ] } },
{ "type": "Feature", "properties": { "BUS_STOP_N": "24189", "LOC_DESC": "TAI SIN ELECTRIC CABLES" }, "geometry": { "type": "Point", "coordinates": [ 8933.087700000032783, 32603.57740000076592 ] } },
{ "type": "Feature", "properties": { "BUS_STOP_N": "06069", "LOC_DESC": "AFT FURAMA RIVERFRONT" }, "geometry": { "type": "Point", "coordinates": [ 28180.606599999591708, 29842.946599999442697 ] } },
{ "type": "Feature", "properties": { "BUS_STOP_N": "76271", "LOC_DESC": "DUNMAN SEC SCH" }, "geometry": { "type": "Point", "coordinates": [ 41557.999499999918044, 38208.507400000467896 ] } },
{ "type": "Feature", "properties": { "BUS_STOP_N": "67011", "LOC_DESC": "BEF BEGONIA RD" }, "geometry": { "type": "Point", "coordinates": [ 31266.02240000013262, 41336.097500000149012 ] } },
{ "type": "Feature", "properties": { "BUS_STOP_N": "23059", "LOC_DESC": "AFT KIAN TECK RD" }, "geometry": { "type": "Point", "coordinates": [ 11848.384100000374019, 34776.22069999948144 ] } },
{ "type": "Feature", "properties": { "BUS_STOP_N": "34049", "LOC_DESC": "AFT LIM CHU KANG LANE 8" }, "geometry": { "type": "Point", "coordinates": [ 14056.28139999974519, 46668.926899999380112 ] } },
{ "type": "Feature", "properties": { "BUS_STOP_N": "84421", "LOC_DESC": "BLK 510" }, "geometry": { "type": "Point", "coordinates": [ 38795.083300000056624, 34940.754399999976158 ] } },
{ "type": "Feature", "properties": { "BUS_STOP_N": "24139", "LOC_DESC": "OPP TOYO INK" }, "geometry": { "type": "Point", "coordinates": [ 10096.640800000168383, 34401.524900000542402 ] } },
{ "type": "Feature", "properties": { "BUS_STOP_N": "46679", "LOC_DESC": "OPP 888 PLAZA" }, "geometry": { "type": "Point", "coordinates": [ 23709.410299999639392, 46495.086200000718236 ] } },
{ "type": "Feature", "properties": { "BUS_STOP_N": "10061", "LOC_DESC": "BLK 140" }, "geometry": { "type": "Point", "coordinates": [ 27571.856900000013411, 29006.226600000634789 ] } },
{ "type": "Feature", "properties": { "BUS_STOP_N": "08019", "LOC_DESC": "AFT HAW PAR GLASS TWR" }, "geometry": { "type": "Point", "coordinates": [ 29198.691399999894202, 30948.99239999987185 ] } },
{ "type": "Feature", "properties": { "BUS_STOP_N": "76159", "LOC_DESC": "OPP BLK 237" }, "geometry": { "type": "Point", "coordinates": [ 40669.573800000362098, 37476.43129999935627 ] } },
{ "type": "Feature", "properties": { "BUS_STOP_N": "96181", "LOC_DESC": "BLK 151" }, "geometry": { "type": "Point", "coordinates": [ 41843.738300000317395, 36426.612099999561906 ] } },
{ "type": "Feature", "properties": { "BUS_STOP_N": "44859", "LOC_DESC": "OPP BT PANJANG STN" }, "geometry": { "type": "Point", "coordinates": [ 20185.956799999810755, 39957.591399999335408 ] } },
{ "type": "Feature", "properties": { "BUS_STOP_N": "84499", "LOC_DESC": "BLK 140" }, "geometry": { "type": "Point", "coordinates": [ 36979.665699999779463, 35263.80210000090301 ] } },
{ "type": "Feature", "properties": { "BUS_STOP_N": "16119", "LOC_DESC": "TELETECH PARK" }, "geometry": { "type": "Point", "coordinates": [ 22318.894199999980628, 29969.223899999633431 ] } },
{ "type": "Feature", "properties": { "BUS_STOP_N": "23091", "LOC_DESC": "NIPPON" }, "geometry": { "type": "Point", "coordinates": [ 12350.681900000199676, 34085.14949999935925 ] } },
{ "type": "Feature", "properties": { "BUS_STOP_N": "52209", "LOC_DESC": "BLK 101C CP" }, "geometry": { "type": "Point", "coordinates": [ 29496.105000000447035, 35706.664899999275804 ] } },
{ "type": "Feature", "properties": { "BUS_STOP_N": "26061", "LOC_DESC": "BS DEVELOPMENT" }, "geometry": { "type": "Point", "coordinates": [ 6424.939799999818206, 33384.265300000086427 ] } },
{ "type": "Feature", "properties": { "BUS_STOP_N": "46699", "LOC_DESC": "888 PLAZA" }, "geometry": { "type": "Point", "coordinates": [ 23810.594800000078976, 46606.192700000479817 ] } },
{ "type": "Feature", "properties": { "BUS_STOP_N": "25729", "LOC_DESC": "ABBOTT" }, "geometry": { "type": "Point", "coordinates": [ 5173.735500000417233, 29703.097699999809265 ] } },
{ "type": "Feature", "properties": { "BUS_STOP_N": "06159", "LOC_DESC": "OPP HOTEL MIRAMAR" }, "geometry": { "type": "Point", "coordinates": [ 28404.908699999563396, 30166.546900000423193 ] } },
{ "type": "Feature", "properties": { "BUS_STOP_N": "75111", "LOC_DESC": "BLK 874A" }, "geometry": { "type": "Point", "coordinates": [ 38976.689000000245869, 37240.395500000566244 ] } },
{ "type": "Feature", "properties": { "BUS_STOP_N": "77059", "LOC_DESC": "BLK 425" }, "geometry": { "type": "Point", "coordinates": [ 41553.974799999967217, 39047.055800000205636 ] } },
{ "type": "Feature", "properties": { "BUS_STOP_N": "96199", "LOC_DESC": "OPP BLK 224" }, "geometry": { "type": "Point", "coordinates": [ 41851.7347999997437, 36191.003799999132752 ] } },
{ "type": "Feature", "properties": { "BUS_STOP_N": "25751", "LOC_DESC": "BEF TUAS STH AVE 14" }, "geometry": { "type": "Point", "coordinates": [ 4427.938500000163913, 28758.666300000622869 ] } },
{ "type": "Feature", "properties": { "BUS_STOP_N": "26029", "LOC_DESC": "CHIA HOCK TRADING CO" }, "geometry": { "type": "Point", "coordinates": [ 7300.190600000321865, 33349.39670000039041 ] } },
{ "type": "Feature", "properties": { "BUS_STOP_N": "26019", "LOC_DESC": "PROGRESS GALVANIZING" }, "geometry": { "type": "Point", "coordinates": [ 7392.689199999906123, 33447.16579999960959 ] } },
{ "type": "Feature", "properties": { "BUS_STOP_N": "26081", "LOC_DESC": "BEF TUAS AVE 18A" }, "geometry": { "type": "Point", "coordinates": [ 5926.252199999988079, 33855.277400000020862 ] } },
{ "type": "Feature", "properties": { "BUS_STOP_N": "41061", "LOC_DESC": "CHINESE HIGH SCH" }, "geometry": { "type": "Point", "coordinates": [ 24926.270200000144541, 34366.874099999666214 ] } },
{ "type": "Feature", "properties": { "BUS_STOP_N": "31031", "LOC_DESC": "CIVIL DEFENCE ACAD" }, "geometry": { "type": "Point", "coordinates": [ 12419.847400000318885, 38679.547900000587106 ] } },
{ "type": "Feature", "properties": { "BUS_STOP_N": "52489", "LOC_DESC": "OPP TOA PAYOH POLYCLINIC" }, "geometry": { "type": "Point", "coordinates": [ 30824.973199999891222, 35284.433100000023842 ] } },
{ "type": "Feature", "properties": { "BUS_STOP_N": "26071", "LOC_DESC": "UNIFINE STAR PETROCHEM" }, "geometry": { "type": "Point", "coordinates": [ 6162.578499999828637, 33633.185799999162555 ] } },
{ "type": "Feature", "properties": { "BUS_STOP_N": "17399", "LOC_DESC": "OPP FREESIA WOODS CONDO" }, "geometry": { "type": "Point", "coordinates": [ 20613.682400000281632, 34038.798299999907613 ] } },
{ "type": "Feature", "properties": { "BUS_STOP_N": "67009", "LOC_DESC": "SENGKANG INT" }, "geometry": { "type": "Point", "coordinates": [ 35029.899000000208616, 41465.804999999701977 ] } },
{ "type": "Feature", "properties": { "BUS_STOP_N": "76371", "LOC_DESC": "BLK 459" }, "geometry": { "type": "Point", "coordinates": [ 41455.655500000342727, 37846.608799999579787 ] } },
{ "type": "Feature", "properties": { "BUS_STOP_N": "23179", "LOC_DESC": "AFT SECOND LOK YANG RD" }, "geometry": { "type": "Point", "coordinates": [ 12153.56359999999404, 34431.904400000348687 ] } },
{ "type": "Feature", "properties": { "BUS_STOP_N": "59269", "LOC_DESC": "OPP BLK 174" }, "geometry": { "type": "Point", "coordinates": [ 27794.215699999593198, 46619.210500000044703 ] } },
{ "type": "Feature", "properties": { "BUS_STOP_N": "22361", "LOC_DESC": "BLK 641" }, "geometry": { "type": "Point", "coordinates": [ 12700.27240000013262, 35878.86629999987781 ] } },
{ "type": "Feature", "properties": { "BUS_STOP_N": "66091", "LOC_DESC": "GOLDEN HILL EST" }, "geometry": { "type": "Point", "coordinates": [ 31117.64159999974072, 37407.319499999284744 ] } },
{ "type": "Feature", "properties": { "BUS_STOP_N": "27021", "LOC_DESC": "HALL 15" }, "geometry": { "type": "Point", "coordinates": [ 11148.770999999716878, 37257.525299999862909 ] } },
{ "type": "Feature", "properties": { "BUS_STOP_N": "65029", "LOC_DESC": "BLK 111" }, "geometry": { "type": "Point", "coordinates": [ 35483.92119999974966, 40725.262099999934435 ] } },
{ "type": "Feature", "properties": { "BUS_STOP_N": "32089", "LOC_DESC": "AFT SG GEDONG CAMP" }, "geometry": { "type": "Point", "coordinates": [ 13282.271099999547005, 44287.231899999082088 ] } },
{ "type": "Feature", "properties": { "BUS_STOP_N": "60069", "LOC_DESC": "KALLANG BASIN SWIM CPLX" }, "geometry": { "type": "Point", "coordinates": [ 32357.242200000211596, 33968.738800000399351 ] } },
{ "type": "Feature", "properties": { "BUS_STOP_N": "41121", "LOC_DESC": "S'PORE BIBLE COLLEGE" }, "geometry": { "type": "Point", "coordinates": [ 25796.089599999599159, 34201.557499999180436 ] } },
{ "type": "Feature", "properties": { "BUS_STOP_N": "53369", "LOC_DESC": "OPP BLK 454" }, "geometry": { "type": "Point", "coordinates": [ 27641.878200000151992, 37949.152000000700355 ] } },
{ "type": "Feature", "properties": { "BUS_STOP_N": "98231", "LOC_DESC": "LOYANG IND EST" }, "geometry": { "type": "Point", "coordinates": [ 43414.769399999640882, 39250.265699999406934 ] } },
{ "type": "Feature", "properties": { "BUS_STOP_N": "92189", "LOC_DESC": "OPP 112 KATONG" }, "geometry": { "type": "Point", "coordinates": [ 36081.683600000105798, 31900.603399999439716 ] } },
{ "type": "Feature", "properties": { "BUS_STOP_N": "63311", "LOC_DESC": "BLK 634" }, "geometry": { "type": "Point", "coordinates": [ 32971.249800000339746, 39100.787200000137091 ] } },
{ "type": "Feature", "properties": { "BUS_STOP_N": "83229", "LOC_DESC": "BEF CARLTON AVE" }, "geometry": { "type": "Point", "coordinates": [ 37723.947200000286102, 33207.293600000441074 ] } },
{ "type": "Feature", "properties": { "BUS_STOP_N": "58481", "LOC_DESC": "OPP WELLINGTON PR SCH" }, "geometry": { "type": "Point", "coordinates": [ 26826.657300000078976, 48301.352099999785423 ] } },
{ "type": "Feature", "properties": { "BUS_STOP_N": "43529", "LOC_DESC": "OPP BT BATOK DRIVING CTR" }, "geometry": { "type": "Point", "coordinates": [ 18760.04839999973774, 38855.11849999986589 ] } },
{ "type": "Feature", "properties": { "BUS_STOP_N": "96221", "LOC_DESC": "OPP S'PORE EXPO" }, "geometry": { "type": "Point", "coordinates": [ 41859.798299999907613, 34794.960699999704957 ] } },
{ "type": "Feature", "properties": { "BUS_STOP_N": "14249", "LOC_DESC": "BLK 1" }, "geometry": { "type": "Point", "coordinates": [ 26224.601099999621511, 29092.894300000742078 ] } },
{ "type": "Feature", "properties": { "BUS_STOP_N": "66151", "LOC_DESC": "OPP PENSHURST PL" }, "geometry": { "type": "Point", "coordinates": [ 31620.67119999974966, 38348.338800000026822 ] } },
{ "type": "Feature", "properties": { "BUS_STOP_N": "90051", "LOC_DESC": "OPP S'PORE SWIM CLUB" }, "geometry": { "type": "Point", "coordinates": [ 33182.332399999722838, 31128.595300000160933 ] } },
{ "type": "Feature", "properties": { "BUS_STOP_N": "50231", "LOC_DESC": "NORTHLIGHT SCH" }, "geometry": { "type": "Point", "coordinates": [ 30405.390599999576807, 33445.120699999853969 ] } },
{ "type": "Feature", "properties": { "BUS_STOP_N": "23301", "LOC_DESC": "BEF BENOI BASIN" }, "geometry": { "type": "Point", "coordinates": [ 10884.596400000154972, 31599.250700000673532 ] } },
{ "type": "Feature", "properties": { "BUS_STOP_N": "66129", "LOC_DESC": "AFT CHUAN GDN" }, "geometry": { "type": "Point", "coordinates": [ 31871.805499999783933, 38158.895999999716878 ] } },
{ "type": "Feature", "properties": { "BUS_STOP_N": "65171", "LOC_DESC": "CORAL EDGE STN EXIT B" }, "geometry": { "type": "Point", "coordinates": [ 36775.552799999713898, 41815.263299999758601 ] } },
{ "type": "Feature", "properties": { "BUS_STOP_N": "72081", "LOC_DESC": "OPP BLK 668" }, "geometry": { "type": "Point", "coordinates": [ 36478.783599999733269, 35061.074599999934435 ] } },
{ "type": "Feature", "properties": { "BUS_STOP_N": "72089", "LOC_DESC": "BLK 671A CP" }, "geometry": { "type": "Point", "coordinates": [ 36467.206799999810755, 35018.160399999469519 ] } },
{ "type": "Feature", "properties": { "BUS_STOP_N": "63291", "LOC_DESC": "OPP BLK 115" }, "geometry": { "type": "Point", "coordinates": [ 34060.473799999803305, 37148.126900000497699 ] } },
{ "type": "Feature", "properties": { "BUS_STOP_N": "40211", "LOC_DESC": "OPP MET YMCA" }, "geometry": { "type": "Point", "coordinates": [ 27169.502199999988079, 33210.399000000208616 ] } },
{ "type": "Feature", "properties": { "BUS_STOP_N": "60159", "LOC_DESC": "BLK 54" }, "geometry": { "type": "Point", "coordinates": [ 31812.735000000335276, 34028.165999999269843 ] } },
{ "type": "Feature", "properties": { "BUS_STOP_N": "21571", "LOC_DESC": "OPP JURONG SEC SCH" }, "geometry": { "type": "Point", "coordinates": [ 15735.46889999974519, 34762.219399999827147 ] } },
{ "type": "Feature", "properties": { "BUS_STOP_N": "93169", "LOC_DESC": "BEF CP D5" }, "geometry": { "type": "Point", "coordinates": [ 38430.965099999681115, 32029.931700000539422 ] } },
{ "type": "Feature", "properties": { "BUS_STOP_N": "58141", "LOC_DESC": "SEMBAWANG CAMP" }, "geometry": { "type": "Point", "coordinates": [ 26138.323699999600649, 49434.62390000000596 ] } },
{ "type": "Feature", "properties": { "BUS_STOP_N": "84671", "LOC_DESC": "AFT BLK 156" }, "geometry": { "type": "Point", "coordinates": [ 40439.823800000362098, 33317.419999999925494 ] } },
{ "type": "Feature", "properties": { "BUS_STOP_N": "54041", "LOC_DESC": "OPP COURTS ANG MO KIO" }, "geometry": { "type": "Point", "coordinates": [ 29298.50870000012219, 39503.800899999216199 ] } },
{ "type": "Feature", "properties": { "BUS_STOP_N": "46411", "LOC_DESC": "BLK 869" }, "geometry": { "type": "Point", "coordinates": [ 23664.997200000099838, 47161.576700000092387 ] } },
{ "type": "Feature", "properties": { "BUS_STOP_N": "16059", "LOC_DESC": "JAMIYAH HALFWAY HSE" }, "geometry": { "type": "Point", "coordinates": [ 21559.983099999837577, 30246.62470000050962 ] } },
{ "type": "Feature", "properties": { "BUS_STOP_N": "10189", "LOC_DESC": "BLK 104A CP" }, "geometry": { "type": "Point", "coordinates": [ 26731.494500000029802, 30111.359600000083447 ] } },
{ "type": "Feature", "properties": { "BUS_STOP_N": "27311", "LOC_DESC": "HALL 2" }, "geometry": { "type": "Point", "coordinates": [ 11546.315000000409782, 36802.564099999144673 ] } },
{ "type": "Feature", "properties": { "BUS_STOP_N": "26089", "LOC_DESC": "BEF TUAS AVE 20" }, "geometry": { "type": "Point", "coordinates": [ 5936.747200000099838, 33825.984600000083447 ] } },
{ "type": "Feature", "properties": { "BUS_STOP_N": "64209", "LOC_DESC": "AFT DEFU AVE 1" }, "geometry": { "type": "Point", "coordinates": [ 34802.794300000183284, 38168.385500000789762 ] } },
{ "type": "Feature", "properties": { "BUS_STOP_N": "43179", "LOC_DESC": "BLK 231" }, "geometry": { "type": "Point", "coordinates": [ 19217.550800000317395, 36783.531300000846386 ] } },
{ "type": "Feature", "properties": { "BUS_STOP_N": "96241", "LOC_DESC": "LAGUNA NATL COUNTRY CLUB" }, "geometry": { "type": "Point", "coordinates": [ 42874.673499999567866, 34416.570800000801682 ] } },
{ "type": "Feature", "properties": { "BUS_STOP_N": "31211", "LOC_DESC": "AFT MUSLIM CEMY PATH 17" }, "geometry": { "type": "Point", "coordinates": [ 12830.316399999894202, 40540.06870000064373 ] } },
{ "type": "Feature", "properties": { "BUS_STOP_N": "91069", "LOC_DESC": "BEF WALTON RD" }, "geometry": { "type": "Point", "coordinates": [ 34658.573300000280142, 31444.887700000777841 ] } },
{ "type": "Feature", "properties": { "BUS_STOP_N": "26261", "LOC_DESC": "AFT TUAS STH AVE 4" }, "geometry": { "type": "Point", "coordinates": [ 5234.083599999547005, 33010.024900000542402 ] } },
{ "type": "Feature", "properties": { "BUS_STOP_N": "18119", "LOC_DESC": "OPP FAIRFIELD METH PR SCH" }, "geometry": { "type": "Point", "coordinates": [ 22579.915000000037253, 31379.210100000724196 ] } },
{ "type": "Feature", "properties": { "BUS_STOP_N": "58359", "LOC_DESC": "OPP BLK 484A CP" }, "geometry": { "type": "Point", "coordinates": [ 25921.954800000414252, 48650.054700000211596 ] } },
{ "type": "Feature", "properties": { "BUS_STOP_N": "65281", "LOC_DESC": "PUNGGOL SEC SCH / BLK 601B" }, "geometry": { "type": "Point", "coordinates": [ 36299.581000000238419, 42642.55599999986589 ] } },
{ "type": "Feature", "properties": { "BUS_STOP_N": "18131", "LOC_DESC": "SCIENCE PK" }, "geometry": { "type": "Point", "coordinates": [ 23377.450799999758601, 30212.542500000447035 ] } },
{ "type": "Feature", "properties": { "BUS_STOP_N": "59401", "LOC_DESC": "BLK 358" }, "geometry": { "type": "Point", "coordinates": [ 29427.703700000420213, 45428.326700000092387 ] } },
{ "type": "Feature", "properties": { "BUS_STOP_N": "97011", "LOC_DESC": "THE JAPANESE SCH" }, "geometry": { "type": "Point", "coordinates": [ 42760.93819999974221, 37269.854399999603629 ] } },
{ "type": "Feature", "properties": { "BUS_STOP_N": "80231", "LOC_DESC": "OPP BLK 53" }, "geometry": { "type": "Point", "coordinates": [ 33214.024699999950826, 33428.04700000025332 ] } },
{ "type": "Feature", "properties": { "BUS_STOP_N": "47049", "LOC_DESC": "W'LANDS AUTO HUB" }, "geometry": { "type": "Point", "coordinates": [ 23457.991100000217557, 48228.698799999430776 ] } },
{ "type": "Feature", "properties": { "BUS_STOP_N": "11529", "LOC_DESC": "BEF IKEA IND BLDG" }, "geometry": { "type": "Point", "coordinates": [ 24965.37459999974817, 30151.193399999290705 ] } },
{ "type": "Feature", "properties": { "BUS_STOP_N": "44381", "LOC_DESC": "BLK 202" }, "geometry": { "type": "Point", "coordinates": [ 21448.88329999987036, 39372.615299999713898 ] } },
{ "type": "Feature", "properties": { "BUS_STOP_N": "96101", "LOC_DESC": "BLK 3012" }, "geometry": { "type": "Point", "coordinates": [ 41095.58739999961108, 35402.487099999561906 ] } },
{ "type": "Feature", "properties": { "BUS_STOP_N": "17351", "LOC_DESC": "AFT CLEMENTI RD" }, "geometry": { "type": "Point", "coordinates": [ 20540.380900000222027, 30518.732599999755621 ] } },
{ "type": "Feature", "properties": { "BUS_STOP_N": "71189", "LOC_DESC": "PAYA LEBAR AIR BASE" }, "geometry": { "type": "Point", "coordinates": [ 35333.63980000000447, 36332.169099999591708 ] } },
{ "type": "Feature", "properties": { "BUS_STOP_N": "46291", "LOC_DESC": "BLK 106" }, "geometry": { "type": "Point", "coordinates": [ 22343.178999999538064, 46450.774000000208616 ] } },
{ "type": "Feature", "properties": { "BUS_STOP_N": "82029", "LOC_DESC": "BLK 14 MKT / FC" }, "geometry": { "type": "Point", "coordinates": [ 34920.567599999718368, 33106.050799999386072 ] } },
{ "type": "Feature", "properties": { "BUS_STOP_N": "66119", "LOC_DESC": "SUMMER PL" }, "geometry": { "type": "Point", "coordinates": [ 31876.974200000055134, 37654.433800000697374 ] } },
{ "type": "Feature", "properties": { "BUS_STOP_N": "12139", "LOC_DESC": "AFT MT SINAI LANE" }, "geometry": { "type": "Point", "coordinates": [ 22617.882799999788404, 32986.882799999788404 ] } },
{ "type": "Feature", "properties": { "BUS_STOP_N": "22609", "LOC_DESC": "SOON LEE BUS PARK" }, "geometry": { "type": "Point", "coordinates": [ 12948.771499999798834, 34769.970000000670552 ] } },
{ "type": "Feature", "properties": { "BUS_STOP_N": "54019", "LOC_DESC": "BLK 307A" }, "geometry": { "type": "Point", "coordinates": [ 29214.453499999828637, 38698.713999999687076 ] } },
{ "type": "Feature", "properties": { "BUS_STOP_N": "93149", "LOC_DESC": "SIGLAP LK" }, "geometry": { "type": "Point", "coordinates": [ 38530.975999999791384, 32191.859899999573827 ] } },
{ "type": "Feature", "properties": { "BUS_STOP_N": "63189", "LOC_DESC": "AFT SERANGOON GDN WAY" }, "geometry": { "type": "Point", "coordinates": [ 32487.563500000163913, 38151.189699999988079 ] } },
{ "type": "Feature", "properties": { "BUS_STOP_N": "01611", "LOC_DESC": "AFT RAFFLES HOTEL" }, "geometry": { "type": "Point", "coordinates": [ 30459.378800000064075, 30859.916699999943376 ] } },
{ "type": "Feature", "properties": { "BUS_STOP_N": "66271", "LOC_DESC": "SERANGOON GDN CIRCUS" }, "geometry": { "type": "Point", "coordinates": [ 31611.20990000013262, 38450.876800000667572 ] } },
{ "type": "Feature", "properties": { "BUS_STOP_N": "66321", "LOC_DESC": "BLK 128" }, "geometry": { "type": "Point", "coordinates": [ 32362.004700000397861, 38568.05599999986589 ] } },
{ "type": "Feature", "properties": { "BUS_STOP_N": "55209", "LOC_DESC": "OPP BLK 646" }, "geometry": { "type": "Point", "coordinates": [ 29266.848199999891222, 40062.650100000202656 ] } },
{ "type": "Feature", "properties": { "BUS_STOP_N": "56011", "LOC_DESC": "BEF ADANA @ THOMSON" }, "geometry": { "type": "Point", "coordinates": [ 27433.647199999541044, 38933.158900000154972 ] } },
{ "type": "Feature", "properties": { "BUS_STOP_N": "19039", "LOC_DESC": "DOVER STN EXIT B" }, "geometry": { "type": "Point", "coordinates": [ 21937.982400000095367, 32654.974600000306964 ] } },
{ "type": "Feature", "properties": { "BUS_STOP_N": "19031", "LOC_DESC": "DOVER STN EXIT A" }, "geometry": { "type": "Point", "coordinates": [ 21881.570299999788404, 32618.777300000190735 ] } },
{ "type": "Feature", "properties": { "BUS_STOP_N": "40079", "LOC_DESC": "BEF SWISS COTTAGE EST" }, "geometry": { "type": "Point", "coordinates": [ 27626.395899999886751, 33552.196000000461936 ] } },
{ "type": "Feature", "properties": { "BUS_STOP_N": "47759", "LOC_DESC": "BLK 694C" }, "geometry": { "type": "Point", "coordinates": [ 24936.300699999555945, 46755.00029999949038 ] } },
{ "type": "Feature", "properties": { "BUS_STOP_N": "76519", "LOC_DESC": "BET BLKS 524B/523D" }, "geometry": { "type": "Point", "coordinates": [ 39785.269199999980628, 37928.174200000241399 ] } },
{ "type": "Feature", "properties": { "BUS_STOP_N": "42079", "LOC_DESC": "OPP PEI HWA PRESBY PR SCH" }, "geometry": { "type": "Point", "coordinates": [ 21738.055399999953806, 35706.860500000417233 ] } },
{ "type": "Feature", "properties": { "BUS_STOP_N": "67761", "LOC_DESC": "OPP BLK 326D" }, "geometry": { "type": "Point", "coordinates": [ 34033.545800000429153, 41989.644300000742078 ] } },
{ "type": "Feature", "properties": { "BUS_STOP_N": "58319", "LOC_DESC": "BLK 357C" }, "geometry": { "type": "Point", "coordinates": [ 26295.36739999987185, 47936.480000000447035 ] } },
{ "type": "Feature", "properties": { "BUS_STOP_N": "75279", "LOC_DESC": "OPP BLK 721" }, "geometry": { "type": "Point", "coordinates": [ 39435.296400000341237, 38071.999199999496341 ] } },
{ "type": "Feature", "properties": { "BUS_STOP_N": "58229", "LOC_DESC": "BLK 358A CP" }, "geometry": { "type": "Point", "coordinates": [ 26094.861700000241399, 47806.749600000679493 ] } },
{ "type": "Feature", "properties": { "BUS_STOP_N": "21059", "LOC_DESC": "AFT PENJURU RD" }, "geometry": { "type": "Point", "coordinates": [ 16509.724700000137091, 32696.99210000038147 ] } },
{ "type": "Feature", "properties": { "BUS_STOP_N": "21051", "LOC_DESC": "BEF PENJURU RD" }, "geometry": { "type": "Point", "coordinates": [ 16555.233099999837577, 32730.223899999633431 ] } },
{ "type": "Feature", "properties": { "BUS_STOP_N": "24701", "LOC_DESC": "TUAS CRES STN EXIT B" }, "geometry": { "type": "Point", "coordinates": [ 7499.923299999907613, 33734.290500000119209 ] } },
{ "type": "Feature", "properties": { "BUS_STOP_N": "24709", "LOC_DESC": "TUAS CRES STN EXIT A" }, "geometry": { "type": "Point", "coordinates": [ 7486.747000000439584, 33674.282899999991059 ] } },
{ "type": "Feature", "properties": { "BUS_STOP_N": "24711", "LOC_DESC": "TUAS WEST RD STN EXIT B" }, "geometry": { "type": "Point", "coordinates": [ 6487.739099999889731, 34681.473300000652671 ] } },
{ "type": "Feature", "properties": { "BUS_STOP_N": "24719", "LOC_DESC": "TUAS WEST RD STN EXIT A" }, "geometry": { "type": "Point", "coordinates": [ 6405.215400000102818, 34689.265300000086427 ] } },
{ "type": "Feature", "properties": { "BUS_STOP_N": "25539", "LOC_DESC": "FUJIFILM" }, "geometry": { "type": "Point", "coordinates": [ 7040.793100000359118, 34946.289200000464916 ] } },
{ "type": "Feature", "properties": { "BUS_STOP_N": "25531", "LOC_DESC": "ST KINETICS" }, "geometry": { "type": "Point", "coordinates": [ 7059.677699999883771, 34947.453400000929832 ] } },
{ "type": "Feature", "properties": { "BUS_STOP_N": "25541", "LOC_DESC": "PEC" }, "geometry": { "type": "Point", "coordinates": [ 7351.154900000430644, 34671.887199999764562 ] } },
{ "type": "Feature", "properties": { "BUS_STOP_N": "25549", "LOC_DESC": "CAST LABORATORIES" }, "geometry": { "type": "Point", "coordinates": [ 7328.374200000427663, 34674.506599999964237 ] } },
{ "type": "Feature", "properties": { "BUS_STOP_N": "58521", "LOC_DESC": "BLK 106A" }, "geometry": { "type": "Point", "coordinates": [ 27923.217600000090897, 47754.054300000891089 ] } },
{ "type": "Feature", "properties": { "BUS_STOP_N": "58531", "LOC_DESC": "BLK 129A" }, "geometry": { "type": "Point", "coordinates": [ 27881.42879999987781, 47446.705800000578165 ] } },
{ "type": "Feature", "properties": { "BUS_STOP_N": "58539", "LOC_DESC": "BLK 120A" }, "geometry": { "type": "Point", "coordinates": [ 27890.874900000169873, 47493.202099999412894 ] } },
{ "type": "Feature", "properties": { "BUS_STOP_N": "43261", "LOC_DESC": "OPP HILLVIEW HTS" }, "geometry": { "type": "Point", "coordinates": [ 20308.152599999681115, 38103.37609999999404 ] } },
{ "type": "Feature", "properties": { "BUS_STOP_N": "16201", "LOC_DESC": "BAROSSA GDNS" }, "geometry": { "type": "Point", "coordinates": [ 22528.205500000156462, 29302.845300000160933 ] } },
{ "type": "Feature", "properties": { "BUS_STOP_N": "40351", "LOC_DESC": "BLK 461C" }, "geometry": { "type": "Point", "coordinates": [ 17718.651499999687076, 37457.403300000354648 ] } },
{ "type": "Feature", "properties": { "BUS_STOP_N": "40311", "LOC_DESC": "BLK 439C" }, "geometry": { "type": "Point", "coordinates": [ 17502.127500000409782, 37705.562100000679493 ] } },
{ "type": "Feature", "properties": { "BUS_STOP_N": "44999", "LOC_DESC": "BEF YEW TEE FLYOVER" }, "geometry": { "type": "Point", "coordinates": [ 19229.450699999928474, 41473.280200000852346 ] } },
{ "type": "Feature", "properties": { "BUS_STOP_N": "45491", "LOC_DESC": "BEF CHOA CHU KANG NTH 5" }, "geometry": { "type": "Point", "coordinates": [ 19050.774000000208616, 41783.44649999961257 ] } },
{ "type": "Feature", "properties": { "BUS_STOP_N": "25791", "LOC_DESC": "BEF TUAS STH AVE 10" }, "geometry": { "type": "Point", "coordinates": [ 6055.276899999938905, 29391.712099999189377 ] } },
{ "type": "Feature", "properties": { "BUS_STOP_N": "40191", "LOC_DESC": "AFT DRAYCOTT PK" }, "geometry": { "type": "Point", "coordinates": [ 27671.570899999700487, 32774.191899999976158 ] } },
{ "type": "Feature", "properties": { "BUS_STOP_N": "40199", "LOC_DESC": "AFT BALMORAL RD" }, "geometry": { "type": "Point", "coordinates": [ 27846.998700000345707, 32765.973600000143051 ] } },
{ "type": "Feature", "properties": { "BUS_STOP_N": "25651", "LOC_DESC": "NOVARTIS" }, "geometry": { "type": "Point", "coordinates": [ 5981.35910000000149, 31308.996999999508262 ] } },
{ "type": "Feature", "properties": { "BUS_STOP_N": "25761", "LOC_DESC": "OPP REC S'PORE" }, "geometry": { "type": "Point", "coordinates": [ 4737.082100000232458, 28621.29109999909997 ] } },
{ "type": "Feature", "properties": { "BUS_STOP_N": "40341", "LOC_DESC": "BEF BLK 440A" }, "geometry": { "type": "Point", "coordinates": [ 17488.252700000070035, 37411.290400000289083 ] } },
{ "type": "Feature", "properties": { "BUS_STOP_N": "40349", "LOC_DESC": "BLK 461" }, "geometry": { "type": "Point", "coordinates": [ 17550.324099999852479, 37442.564300000667572 ] } },
{ "type": "Feature", "properties": { "BUS_STOP_N": "40329", "LOC_DESC": "MILLENIAL INSITUTE" }, "geometry": { "type": "Point", "coordinates": [ 17582.142900000326335, 37010.171599999070168 ] } },
{ "type": "Feature", "properties": { "BUS_STOP_N": "43339", "LOC_DESC": "BLK 148" }, "geometry": { "type": "Point", "coordinates": [ 18040.140800000168383, 36800.277799999341369 ] } },
{ "type": "Feature", "properties": { "BUS_STOP_N": "40339", "LOC_DESC": "BLK 448B" }, "geometry": { "type": "Point", "coordinates": [ 17713.051599999889731, 37280.607599999755621 ] } },
{ "type": "Feature", "properties": { "BUS_STOP_N": "44591", "LOC_DESC": "BLK 490B" }, "geometry": { "type": "Point", "coordinates": [ 17838.698900000192225, 39719.070499999448657 ] } },
{ "type": "Feature", "properties": { "BUS_STOP_N": "44599", "LOC_DESC": "BET BLKS 801B/801C" }, "geometry": { "type": "Point", "coordinates": [ 17867.273900000378489, 39712.085500000044703 ] } },
{ "type": "Feature", "properties": { "BUS_STOP_N": "59509", "LOC_DESC": "OPP BLK 871" }, "geometry": { "type": "Point", "coordinates": [ 28476.294599999673665, 43801.733200000599027 ] } },
{ "type": "Feature", "properties": { "BUS_STOP_N": "76279", "LOC_DESC": "BLK 491C" }, "geometry": { "type": "Point", "coordinates": [ 41559.595800000242889, 38228.662499999627471 ] } },
{ "type": "Feature", "properties": { "BUS_STOP_N": "30041", "LOC_DESC": "OPP HOME TEAM ACADEMY" }, "geometry": { "type": "Point", "coordinates": [ 15606.627799999900162, 39624.489299999549985 ] } },
{ "type": "Feature", "properties": { "BUS_STOP_N": "30049", "LOC_DESC": "HOME TEAM ACADEMY" }, "geometry": { "type": "Point", "coordinates": [ 15806.600599999539554, 39592.325799999758601 ] } },
{ "type": "Feature", "properties": { "BUS_STOP_N": "25551", "LOC_DESC": "GARMCO" }, "geometry": { "type": "Point", "coordinates": [ 7143.714200000278652, 34191.987500000745058 ] } },
{ "type": "Feature", "properties": { "BUS_STOP_N": "25559", "LOC_DESC": "LEE WELDED MESH" }, "geometry": { "type": "Point", "coordinates": [ 7141.967899999581277, 34212.307499999180436 ] } },
{ "type": "Feature", "properties": { "BUS_STOP_N": "25579", "LOC_DESC": "WEST STAR" }, "geometry": { "type": "Point", "coordinates": [ 5915.796900000423193, 33091.469499999657273 ] } },
{ "type": "Feature", "properties": { "BUS_STOP_N": "25571", "LOC_DESC": "OPP WEST STAR" }, "geometry": { "type": "Point", "coordinates": [ 5950.56319999974221, 33067.339500000700355 ] } },
{ "type": "Feature", "properties": { "BUS_STOP_N": "25589", "LOC_DESC": "CROWN EQUIPMENT" }, "geometry": { "type": "Point", "coordinates": [ 7421.651800000108778, 34509.371300000697374 ] } },
{ "type": "Feature", "properties": { "BUS_STOP_N": "65389", "LOC_DESC": "OPP PUNGGOL SEC SCH" }, "geometry": { "type": "Point", "coordinates": [ 36527.975200000219047, 42656.67339999973774 ] } },
{ "type": "Feature", "properties": { "BUS_STOP_N": "25599", "LOC_DESC": "WYETH PHARMACEUTICALS" }, "geometry": { "type": "Point", "coordinates": [ 5998.023000000044703, 32427.441400000825524 ] } },
{ "type": "Feature", "properties": { "BUS_STOP_N": "25591", "LOC_DESC": "OPP WYETH PHARMACEUTICALS" }, "geometry": { "type": "Point", "coordinates": [ 5949.286600000225008, 32501.564600000157952 ] } },
{ "type": "Feature", "properties": { "BUS_STOP_N": "25601", "LOC_DESC": "PFIZER GLOBAL" }, "geometry": { "type": "Point", "coordinates": [ 5881.537100000306964, 31517.49129999987781 ] } },
{ "type": "Feature", "properties": { "BUS_STOP_N": "25609", "LOC_DESC": "MERCK SHARP & DOHME" }, "geometry": { "type": "Point", "coordinates": [ 5860.740799999795854, 31550.220300000160933 ] } },
{ "type": "Feature", "properties": { "BUS_STOP_N": "25611", "LOC_DESC": "OPP WESTLINK TWO" }, "geometry": { "type": "Point", "coordinates": [ 5703.19550000037998, 31102.325600000098348 ] } },
{ "type": "Feature", "properties": { "BUS_STOP_N": "25621", "LOC_DESC": "STARDUST ENGRG" }, "geometry": { "type": "Point", "coordinates": [ 5582.849299999885261, 30758.267400000244379 ] } },
{ "type": "Feature", "properties": { "BUS_STOP_N": "25631", "LOC_DESC": "CONTAINER CONNECTIONS" }, "geometry": { "type": "Point", "coordinates": [ 5527.591900000348687, 30285.221200000494719 ] } },
{ "type": "Feature", "properties": { "BUS_STOP_N": "28379", "LOC_DESC": "AFT JURONG WEST ST 51" }, "geometry": { "type": "Point", "coordinates": [ 15841.832799999974668, 36365.382699999958277 ] } },
{ "type": "Feature", "properties": { "BUS_STOP_N": "65539", "LOC_DESC": "BLK 224A" }, "geometry": { "type": "Point", "coordinates": [ 34708.612200000323355, 42675.409099999815226 ] } },
{ "type": "Feature", "properties": { "BUS_STOP_N": "58221", "LOC_DESC": "BLK 339 CP" }, "geometry": { "type": "Point", "coordinates": [ 26180.145600000396371, 47798.966700000688434 ] } },
{ "type": "Feature", "properties": { "BUS_STOP_N": "58119", "LOC_DESC": "BLK 502A" }, "geometry": { "type": "Point", "coordinates": [ 26634.083999999798834, 48064.488500000908971 ] } },
{ "type": "Feature", "properties": { "BUS_STOP_N": "58321", "LOC_DESC": "BET BLKS 357/359" }, "geometry": { "type": "Point", "coordinates": [ 26083.815999999642372, 47979.372999999672174 ] } },
{ "type": "Feature", "properties": { "BUS_STOP_N": "76541", "LOC_DESC": "CITYLIFE@TAMPINES" }, "geometry": { "type": "Point", "coordinates": [ 39942.800499999895692, 38035.27449999935925 ] } },
{ "type": "Feature", "properties": { "BUS_STOP_N": "67769", "LOC_DESC": "BLK 326D" }, "geometry": { "type": "Point", "coordinates": [ 34053.034699999727309, 42002.076400000602007 ] } },
{ "type": "Feature", "properties": { "BUS_STOP_N": "75289", "LOC_DESC": "OPP BLKS 741/742" }, "geometry": { "type": "Point", "coordinates": [ 39147.067999999970198, 38072.028400000184774 ] } },
{ "type": "Feature", "properties": { "BUS_STOP_N": "82111", "LOC_DESC": "OPP TG KATONG CPLX" }, "geometry": { "type": "Point", "coordinates": [ 34729.629900000058115, 33159.392300000414252 ] } },
{ "type": "Feature", "properties": { "BUS_STOP_N": "58259", "LOC_DESC": "OPP SUN PLAZA" }, "geometry": { "type": "Point", "coordinates": [ 26395.086900000460446, 47708.871200000867248 ] } },
{ "type": "Feature", "properties": { "BUS_STOP_N": "16111", "LOC_DESC": "ARIES" }, "geometry": { "type": "Point", "coordinates": [ 22360.356700000353158, 29953.028999999165535 ] } },
{ "type": "Feature", "properties": { "BUS_STOP_N": "59759", "LOC_DESC": "THE SHAUGHNESSY" }, "geometry": { "type": "Point", "coordinates": [ 29438.055900000035763, 44364.209899999201298 ] } },
{ "type": "Feature", "properties": { "BUS_STOP_N": "59751", "LOC_DESC": "OPP THE SHAUGNESSY" }, "geometry": { "type": "Point", "coordinates": [ 29392.134499999694526, 44349.54109999909997 ] } },
{ "type": "Feature", "properties": { "BUS_STOP_N": "59749", "LOC_DESC": "ORCHID COUNTRY CLUB" }, "geometry": { "type": "Point", "coordinates": [ 29227.979600000195205, 44094.770400000736117 ] } },
{ "type": "Feature", "properties": { "BUS_STOP_N": "25671", "LOC_DESC": "BEF OFFSHORE MARINE CTR" }, "geometry": { "type": "Point", "coordinates": [ 6671.513700000010431, 30745.080000000074506 ] } },
{ "type": "Feature", "properties": { "BUS_STOP_N": "25689", "LOC_DESC": "AFT TUAS WEST AVE" }, "geometry": { "type": "Point", "coordinates": [ 6150.019299999810755, 34926.878900000825524 ] } },
{ "type": "Feature", "properties": { "BUS_STOP_N": "25681", "LOC_DESC": "BEF TUAS WEST AVE" }, "geometry": { "type": "Point", "coordinates": [ 6139.171299999579787, 34995.988199999555945 ] } },
{ "type": "Feature", "properties": { "BUS_STOP_N": "48131", "LOC_DESC": "S'PORE ZOO" }, "geometry": { "type": "Point", "coordinates": [ 23107.520999999716878, 42936.015100000426173 ] } },
{ "type": "Feature", "properties": { "BUS_STOP_N": "52049", "LOC_DESC": "BLK 19" }, "geometry": { "type": "Point", "coordinates": [ 30965.590699999593198, 34394.677300000563264 ] } },
{ "type": "Feature", "properties": { "BUS_STOP_N": "52059", "LOC_DESC": "OPP BLK 65" }, "geometry": { "type": "Point", "coordinates": [ 30770.301400000229478, 34460.05599999986589 ] } },
{ "type": "Feature", "properties": { "BUS_STOP_N": "59731", "LOC_DESC": "BLK 512A" }, "geometry": { "type": "Point", "coordinates": [ 28902.180700000375509, 43991.30519999936223 ] } },
{ "type": "Feature", "properties": { "BUS_STOP_N": "59739", "LOC_DESC": "OPP BLK 512A" }, "geometry": { "type": "Point", "coordinates": [ 28992.423600000329316, 43989.477900000289083 ] } },
{ "type": "Feature", "properties": { "BUS_STOP_N": "59761", "LOC_DESC": "BLK 504C" }, "geometry": { "type": "Point", "coordinates": [ 29106.912299999967217, 44473.828500000759959 ] } },
{ "type": "Feature", "properties": { "BUS_STOP_N": "42991", "LOC_DESC": "BEF HILLVIEW STN EXIT B" }, "geometry": { "type": "Point", "coordinates": [ 20611.358799999579787, 38183.117000000551343 ] } },
{ "type": "Feature", "properties": { "BUS_STOP_N": "43453", "LOC_DESC": "BEF PIE" }, "geometry": { "type": "Point", "coordinates": [ 17444.670800000429153, 36669.155200000852346 ] } },
{ "type": "Feature", "properties": { "BUS_STOP_N": "43452", "LOC_DESC": "AFT BT BATOK WEST AVE 3" }, "geometry": { "type": "Point", "coordinates": [ 17456.418300000019372, 36736.147900000214577 ] } },
{ "type": "Feature", "properties": { "BUS_STOP_N": "43991", "LOC_DESC": "OPP BLK 635A" }, "geometry": { "type": "Point", "coordinates": [ 19437.569299999624491, 40917.804999999701977 ] } },
{ "type": "Feature", "properties": { "BUS_STOP_N": "25701", "LOC_DESC": "GLAXOSMITHKLINE" }, "geometry": { "type": "Point", "coordinates": [ 5114.469800000078976, 30900.520800000056624 ] } },
{ "type": "Feature", "properties": { "BUS_STOP_N": "25709", "LOC_DESC": "EDGEN MURRAY" }, "geometry": { "type": "Point", "coordinates": [ 5070.339999999850988, 30892.002900000661612 ] } },
{ "type": "Feature", "properties": { "BUS_STOP_N": "59621", "LOC_DESC": "Bet Blks 318A/318B" }, "geometry": { "type": "Point", "coordinates": [ 29179.888100000098348, 46215.526799999177456 ] } },
{ "type": "Feature", "properties": { "BUS_STOP_N": "26101", "LOC_DESC": "BASF STH EAST ASIA" }, "geometry": { "type": "Point", "coordinates": [ 6288.781999999657273, 34342.783900000154972 ] } },
{ "type": "Feature", "properties": { "BUS_STOP_N": "26091", "LOC_DESC": "ROTARY ENGRG" }, "geometry": { "type": "Point", "coordinates": [ 6058.983000000007451, 34099.897299999371171 ] } },
{ "type": "Feature", "properties": { "BUS_STOP_N": "46981", "LOC_DESC": "W'DLANDS STN STN EXIT 2" }, "geometry": { "type": "Point", "coordinates": [ 23547.674700000323355, 45476.691299999132752 ] } },
{ "type": "Feature", "properties": { "BUS_STOP_N": "46989", "LOC_DESC": "W'DLANDS STH STN EXIT 1" }, "geometry": { "type": "Point", "coordinates": [ 23422.838999999687076, 45534.903999999165535 ] } },
{ "type": "Feature", "properties": { "BUS_STOP_N": "47751", "LOC_DESC": "BLK 691D" }, "geometry": { "type": "Point", "coordinates": [ 24936.022900000214577, 46774.606000000610948 ] } },
{ "type": "Feature", "properties": { "BUS_STOP_N": "59771", "LOC_DESC": "BLK 469B" }, "geometry": { "type": "Point", "coordinates": [ 30098.218500000424683, 45100.130599999800324 ] } },
{ "type": "Feature", "properties": { "BUS_STOP_N": "27401", "LOC_DESC": "OPP BLK 821" }, "geometry": { "type": "Point", "coordinates": [ 12518.665300000458956, 36609.891000000759959 ] } },
{ "type": "Feature", "properties": { "BUS_STOP_N": "18201", "LOC_DESC": "MEDIA CAMPUS" }, "geometry": { "type": "Point", "coordinates": [ 23525.006599999964237, 30810.870100000873208 ] } },
{ "type": "Feature", "properties": { "BUS_STOP_N": "58991", "LOC_DESC": "BLK 767" }, "geometry": { "type": "Point", "coordinates": [ 28173.019700000062585, 45115.939899999648333 ] } },
{ "type": "Feature", "properties": { "BUS_STOP_N": "83279", "LOC_DESC": "AFT CARMEN ST" }, "geometry": { "type": "Point", "coordinates": [ 38203.586400000378489, 33461.024599999189377 ] } },
{ "type": "Feature", "properties": { "BUS_STOP_N": "54501", "LOC_DESC": "OPP AMK IND PK 2" }, "geometry": { "type": "Point", "coordinates": [ 31202.289800000376999, 39970.728099999949336 ] } },
{ "type": "Feature", "properties": { "BUS_STOP_N": "45059", "LOC_DESC": "OPP DA DI GLASS" }, "geometry": { "type": "Point", "coordinates": [ 19425.991499999538064, 42781.847899999469519 ] } },
{ "type": "Feature", "properties": { "BUS_STOP_N": "45041", "LOC_DESC": "Thong Huat Bros  Pte Ltd" }, "geometry": { "type": "Point", "coordinates": [ 19338.142400000244379, 42470.254599999636412 ] } },
{ "type": "Feature", "properties": { "BUS_STOP_N": "45049", "LOC_DESC": "Opp Yew Tee Ind Est Blk 1" }, "geometry": { "type": "Point", "coordinates": [ 19287.184299999848008, 42180.162699999287724 ] } },
{ "type": "Feature", "properties": { "BUS_STOP_N": "45031", "LOC_DESC": "Yew Tee Ind Est" }, "geometry": { "type": "Point", "coordinates": [ 19204.57909999974072, 42045.525000000372529 ] } },
{ "type": "Feature", "properties": { "BUS_STOP_N": "45039", "LOC_DESC": "Opp Yew Tee Ind Est" }, "geometry": { "type": "Point", "coordinates": [ 19215.925499999895692, 41977.412200000137091 ] } },
{ "type": "Feature", "properties": { "BUS_STOP_N": "45379", "LOC_DESC": "Yew Mei Green Condo" }, "geometry": { "type": "Point", "coordinates": [ 18935.601800000295043, 41846.773499999195337 ] } },
{ "type": "Feature", "properties": { "BUS_STOP_N": "45371", "LOC_DESC": "Opp Yew Mei Green Condo" }, "geometry": { "type": "Point", "coordinates": [ 18948.400000000372529, 41901.887000000104308 ] } },
{ "type": "Feature", "properties": { "BUS_STOP_N": "45021", "LOC_DESC": "Heavy Veh Pk" }, "geometry": { "type": "Point", "coordinates": [ 19163.171500000171363, 41695.296299999579787 ] } },
{ "type": "Feature", "properties": { "BUS_STOP_N": "45029", "LOC_DESC": "Opp Heavy Veh Pk" }, "geometry": { "type": "Point", "coordinates": [ 19196.342299999669194, 41701.313699999824166 ] } },
{ "type": "Feature", "properties": { "BUS_STOP_N": "45011", "LOC_DESC": "Aft Yew Tee Flyover" }, "geometry": { "type": "Point", "coordinates": [ 19243.756199999712408, 41296.464299999177456 ] } },
{ "type": "Feature", "properties": { "BUS_STOP_N": "44061", "LOC_DESC": "Bef Yew Tee Flyover" }, "geometry": { "type": "Point", "coordinates": [ 19325.324400000274181, 41100.877399999648333 ] } },
{ "type": "Feature", "properties": { "BUS_STOP_N": "45019", "LOC_DESC": "Bef Yew Tee Flyover" }, "geometry": { "type": "Point", "coordinates": [ 19349.339399999938905, 41129.482599999755621 ] } },
{ "type": "Feature", "properties": { "BUS_STOP_N": "45079", "LOC_DESC": "Aft Mandai Rd" }, "geometry": { "type": "Point", "coordinates": [ 19388.601800000295043, 43563.664200000464916 ] } },
{ "type": "Feature", "properties": { "BUS_STOP_N": "45071", "LOC_DESC": "Bef Mandai Rd" }, "geometry": { "type": "Point", "coordinates": [ 19355.74199999962002, 43490.96820000000298 ] } },
{ "type": "Feature", "properties": { "BUS_STOP_N": "45061", "LOC_DESC": "Opp Mandai Est" }, "geometry": { "type": "Point", "coordinates": [ 19396.734899999573827, 43187.847999999299645 ] } },
{ "type": "Feature", "properties": { "BUS_STOP_N": "45069", "LOC_DESC": "AFT MANDAI EST" }, "geometry": { "type": "Point", "coordinates": [ 19433.369699999690056, 43102.802300000563264 ] } },
{ "type": "Feature", "properties": { "BUS_STOP_N": "45051", "LOC_DESC": "DA DI GLASS" }, "geometry": { "type": "Point", "coordinates": [ 19396.1097999997437, 42806.857599999755621 ] } },
{ "type": "Feature", "properties": { "BUS_STOP_N": "45489", "LOC_DESC": "BEF CHOA CHU KANG LK" }, "geometry": { "type": "Point", "coordinates": [ 18949.749099999666214, 41754.684699999168515 ] } },
{ "type": "Feature", "properties": { "BUS_STOP_N": "45461", "LOC_DESC": "BLK 540" }, "geometry": { "type": "Point", "coordinates": [ 18017.793200000189245, 41620.131100000813603 ] } },
{ "type": "Feature", "properties": { "BUS_STOP_N": "46479", "LOC_DESC": "BLK  774" }, "geometry": { "type": "Point", "coordinates": [ 24133.544200000353158, 47744.912799999117851 ] } },
{ "type": "Feature", "properties": { "BUS_STOP_N": "46471", "LOC_DESC": "OPP BLK 773" }, "geometry": { "type": "Point", "coordinates": [ 24030.452499999664724, 47738.206399999558926 ] } },
{ "type": "Feature", "properties": { "BUS_STOP_N": "59779", "LOC_DESC": "OPP YISHUN ST 43" }, "geometry": { "type": "Point", "coordinates": [ 30118.855999999679625, 45067.110500000417233 ] } },
{ "type": "Feature", "properties": { "BUS_STOP_N": "64099", "LOC_DESC": "HOUGANG SEC SCH" }, "geometry": { "type": "Point", "coordinates": [ 33371.837899999693036, 39978.287000000476837 ] } },
{ "type": "Feature", "properties": { "BUS_STOP_N": "64089", "LOC_DESC": "OPP HOUGANG 1" }, "geometry": { "type": "Point", "coordinates": [ 33217.162200000137091, 39785.828700000420213 ] } },
{ "type": "Feature", "properties": { "BUS_STOP_N": "64081", "LOC_DESC": "HOUGANG 1/ OPP BLK 931A" }, "geometry": { "type": "Point", "coordinates": [ 33203.454499999992549, 39771.801799999549985 ] } },
{ "type": "Feature", "properties": { "BUS_STOP_N": "25771", "LOC_DESC": "AFT TUAS STH ST 7" }, "geometry": { "type": "Point", "coordinates": [ 5637.798100000247359, 28525.492599999532104 ] } },
{ "type": "Feature", "properties": { "BUS_STOP_N": "25821", "LOC_DESC": "TUAS AMENITY CTR" }, "geometry": { "type": "Point", "coordinates": [ 7793.45990000013262, 33385.98589999973774 ] } },
{ "type": "Feature", "properties": { "BUS_STOP_N": "25661", "LOC_DESC": "BEF TUAS BAY LK" }, "geometry": { "type": "Point", "coordinates": [ 6477.44539999961853, 30641.709699999541044 ] } },
{ "type": "Feature", "properties": { "BUS_STOP_N": "25669", "LOC_DESC": "AFT TUAS BAY LK" }, "geometry": { "type": "Point", "coordinates": [ 6430.931499999947846, 30637.740900000557303 ] } },
{ "type": "Feature", "properties": { "BUS_STOP_N": "25719", "LOC_DESC": "THE INDEX" }, "geometry": { "type": "Point", "coordinates": [ 4799.475899999961257, 30158.464900000020862 ] } },
{ "type": "Feature", "properties": { "BUS_STOP_N": "25711", "LOC_DESC": "OPP THE INDEX" }, "geometry": { "type": "Point", "coordinates": [ 4831.437699999660254, 30132.42989999987185 ] } },
{ "type": "Feature", "properties": { "BUS_STOP_N": "25741", "LOC_DESC": "HALLIBURTON" }, "geometry": { "type": "Point", "coordinates": [ 5060.732900000177324, 29212.403200000524521 ] } },
{ "type": "Feature", "properties": { "BUS_STOP_N": "30119", "LOC_DESC": "BLK 804B" }, "geometry": { "type": "Point", "coordinates": [ 17595.613599999807775, 39446.091399999335408 ] } },
{ "type": "Feature", "properties": { "BUS_STOP_N": "30111", "LOC_DESC": "BLK 804B" }, "geometry": { "type": "Point", "coordinates": [ 17940.220800000242889, 39388.47829999960959 ] } },
{ "type": "Feature", "properties": { "BUS_STOP_N": "30129", "LOC_DESC": "OPP BLK 805D" }, "geometry": { "type": "Point", "coordinates": [ 18075.462899999693036, 39324.409299999475479 ] } },
{ "type": "Feature", "properties": { "BUS_STOP_N": "30121", "LOC_DESC": "BLK 805D" }, "geometry": { "type": "Point", "coordinates": [ 18140.65639999974519, 39346.502000000327826 ] } },
{ "type": "Feature", "properties": { "BUS_STOP_N": "30109", "LOC_DESC": "OPP BLK 485A" }, "geometry": { "type": "Point", "coordinates": [ 17423.043700000271201, 39525.82799999974668 ] } },
{ "type": "Feature", "properties": { "BUS_STOP_N": "30101", "LOC_DESC": "BLK 485D" }, "geometry": { "type": "Point", "coordinates": [ 17464.794999999925494, 39537.840099999681115 ] } },
{ "type": "Feature", "properties": { "BUS_STOP_N": "40309", "LOC_DESC": "OPP BLK 451A" }, "geometry": { "type": "Point", "coordinates": [ 17951.644000000320375, 37309.051200000569224 ] } },
{ "type": "Feature", "properties": { "BUS_STOP_N": "26059", "LOC_DESC": "PAXOCEAN" }, "geometry": { "type": "Point", "coordinates": [ 6573.223000000230968, 33223.622300000861287 ] } },
{ "type": "Feature", "properties": { "BUS_STOP_N": "24381", "LOC_DESC": "GE KEPPEL ENERGY SVCS" }, "geometry": { "type": "Point", "coordinates": [ 9305.094899999909103, 32139.155600000172853 ] } },
{ "type": "Feature", "properties": { "BUS_STOP_N": "24671", "LOC_DESC": "HIAP TECK METAL CO" }, "geometry": { "type": "Point", "coordinates": [ 8832.86780000012368, 32445.948300000280142 ] } },
{ "type": "Feature", "properties": { "BUS_STOP_N": "21461", "LOC_DESC": "BEF TUKANG INNOVATION DR" }, "geometry": { "type": "Point", "coordinates": [ 15163.166400000452995, 34393.92820000089705 ] } },
{ "type": "Feature", "properties": { "BUS_STOP_N": "21489", "LOC_DESC": "OPP GRUNDFOS" }, "geometry": { "type": "Point", "coordinates": [ 14576.234600000083447, 34282.180900000035763 ] } },
{ "type": "Feature", "properties": { "BUS_STOP_N": "71139", "LOC_DESC": "BLK 302" }, "geometry": { "type": "Point", "coordinates": [ 35548.289800000376999, 34771.389599999412894 ] } },
{ "type": "Feature", "properties": { "BUS_STOP_N": "26249", "LOC_DESC": "BEF TUAS STH AVE 2" }, "geometry": { "type": "Point", "coordinates": [ 5488.561099999584258, 33593.552200000733137 ] } },
{ "type": "Feature", "properties": { "BUS_STOP_N": "42111", "LOC_DESC": "WOH HUP BLDG" }, "geometry": { "type": "Point", "coordinates": [ 21239.430499999783933, 36443.445199999958277 ] } },
{ "type": "Feature", "properties": { "BUS_STOP_N": "62011", "LOC_DESC": "AFTER BARTLEY RD" }, "geometry": { "type": "Point", "coordinates": [ 33568.980000000447035, 36033.535000000149012 ] } },
{ "type": "Feature", "properties": { "BUS_STOP_N": "62019", "LOC_DESC": "AFT ROCHDALE RD" }, "geometry": { "type": "Point", "coordinates": [ 33611.756000000052154, 36066.949999999254942 ] } },
{ "type": "Feature", "properties": { "BUS_STOP_N": "62029", "LOC_DESC": "PAYA LEBAR GDNS" }, "geometry": { "type": "Point", "coordinates": [ 33500.731399999931455, 36255.750499999150634 ] } },
{ "type": "Feature", "properties": { "BUS_STOP_N": "31159", "LOC_DESC": "BEF LIM CHU KANG RD" }, "geometry": { "type": "Point", "coordinates": [ 12736.242200000211596, 39473.107200000435114 ] } },
{ "type": "Feature", "properties": { "BUS_STOP_N": "45009", "LOC_DESC": "BT PANJANG INT" }, "geometry": { "type": "Point", "coordinates": [ 20196.821899999864399, 40031.388000000268221 ] } },
{ "type": "Feature", "properties": { "BUS_STOP_N": "45469", "LOC_DESC": "BLK 537" }, "geometry": { "type": "Point", "coordinates": [ 18088.148900000378489, 41583.469100000336766 ] } },
{ "type": "Feature", "properties": { "BUS_STOP_N": "45341", "LOC_DESC": "BLK 604A" }, "geometry": { "type": "Point", "coordinates": [ 18218.741499999538064, 42144.994799999520183 ] } },
{ "type": "Feature", "properties": { "BUS_STOP_N": "98109", "LOC_DESC": "OPP LOYANG PT" }, "geometry": { "type": "Point", "coordinates": [ 42745.042000000365078, 38781.239399999380112 ] } },
{ "type": "Feature", "properties": { "BUS_STOP_N": "63221", "LOC_DESC": "KOVAN HUB" }, "geometry": { "type": "Point", "coordinates": [ 33829.698900000192225, 37863.60359999909997 ] } },
{ "type": "Feature", "properties": { "BUS_STOP_N": "03041", "LOC_DESC": "TELOK AYER STN EXIT A" }, "geometry": { "type": "Point", "coordinates": [ 29728.501799999736249, 29372.828700000420213 ] } },
{ "type": "Feature", "properties": { "BUS_STOP_N": "43501", "LOC_DESC": "OPP BLK 291E" }, "geometry": { "type": "Point", "coordinates": [ 19197.834699999541044, 36214.708399999886751 ] } },
{ "type": "Feature", "properties": { "BUS_STOP_N": "63029", "LOC_DESC": "OPP THE HELPING HAND" }, "geometry": { "type": "Point", "coordinates": [ 33447.932400000281632, 37713.67820000089705 ] } },
{ "type": "Feature", "properties": { "BUS_STOP_N": "98111", "LOC_DESC": "BLK 256 / OPP LOYANG PT" }, "geometry": { "type": "Point", "coordinates": [ 42575.511900000274181, 38823.48369999974966 ] } },
{ "type": "Feature", "properties": { "BUS_STOP_N": "63021", "LOC_DESC": "THE HELPING HAND" }, "geometry": { "type": "Point", "coordinates": [ 33360.85219999961555, 37680.650299999862909 ] } },
{ "type": "Feature", "properties": { "BUS_STOP_N": "63011", "LOC_DESC": "OPP UPP S'GOON SHOP CTR" }, "geometry": { "type": "Point", "coordinates": [ 33010.556300000287592, 37388.686799999326468 ] } },
{ "type": "Feature", "properties": { "BUS_STOP_N": "98101", "LOC_DESC": "LOYANG PT" }, "geometry": { "type": "Point", "coordinates": [ 42691.128700000233948, 38797.208599999547005 ] } },
{ "type": "Feature", "properties": { "BUS_STOP_N": "25691", "LOC_DESC": "AFT TUAS WEST RD STN" }, "geometry": { "type": "Point", "coordinates": [ 6454.954300000332296, 34517.553700000047684 ] } },
{ "type": "Feature", "properties": { "BUS_STOP_N": "46029", "LOC_DESC": "AFT W/LANDS IND PK D ST 2" }, "geometry": { "type": "Point", "coordinates": [ 20095.872499999590218, 45585.333300000056624 ] } },
{ "type": "Feature", "properties": { "BUS_STOP_N": "65359", "LOC_DESC": "OPP PUNGGOL VIEW PR SCH" }, "geometry": { "type": "Point", "coordinates": [ 35907.035500000230968, 43053.234899999573827 ] } },
{ "type": "Feature", "properties": { "BUS_STOP_N": "62069", "LOC_DESC": "BEF UPP PAYA LEBAR RD" }, "geometry": { "type": "Point", "coordinates": [ 33377.795500000007451, 36025.600600000470877 ] } },
{ "type": "Feature", "properties": { "BUS_STOP_N": "60019", "LOC_DESC": "BENDEMEER STN EXIT B" }, "geometry": { "type": "Point", "coordinates": [ 31319.458100000396371, 32873.802699999883771 ] } },
{ "type": "Feature", "properties": { "BUS_STOP_N": "46021", "LOC_DESC": "BEF W'LANDS IND PK D ST 2" }, "geometry": { "type": "Point", "coordinates": [ 20032.31359999999404, 45664.191099999472499 ] } },
{ "type": "Feature", "properties": { "BUS_STOP_N": "07359", "LOC_DESC": "OPP ARC 380" }, "geometry": { "type": "Point", "coordinates": [ 31058.277099999599159, 32876.620699999853969 ] } },
{ "type": "Feature", "properties": { "BUS_STOP_N": "60011", "LOC_DESC": "BENDEMEER STN EXIT A" }, "geometry": { "type": "Point", "coordinates": [ 31318.971800000406802, 32911.918299999088049 ] } },
{ "type": "Feature", "properties": { "BUS_STOP_N": "65351", "LOC_DESC": "PUNGGOL VIEW PRI SCH" }, "geometry": { "type": "Point", "coordinates": [ 35950.505400000140071, 43075.36739999987185 ] } },
{ "type": "Feature", "properties": { "BUS_STOP_N": "75259", "LOC_DESC": "TROPICA CONDO" }, "geometry": { "type": "Point", "coordinates": [ 38526.492300000041723, 36807.528300000354648 ] } },
{ "type": "Feature", "properties": { "BUS_STOP_N": "64211", "LOC_DESC": "AFT HOUGANG AVE 7" }, "geometry": { "type": "Point", "coordinates": [ 35094.861899999901652, 38244.952899999916553 ] } },
{ "type": "Feature", "properties": { "BUS_STOP_N": "62061", "LOC_DESC": "AFT UPP PAYA LEBAR RD" }, "geometry": { "type": "Point", "coordinates": [ 33393.968000000342727, 35982.373400000855327 ] } },
{ "type": "Feature", "properties": { "BUS_STOP_N": "84201", "LOC_DESC": "Bedok Resvr Stn Exit A" }, "geometry": { "type": "Point", "coordinates": [ 39106.562400000169873, 35406.800000000745058 ] } },
{ "type": "Feature", "properties": { "BUS_STOP_N": "07569", "LOC_DESC": "AFT WATERLOO ST" }, "geometry": { "type": "Point", "coordinates": [ 30193.917999999597669, 31314.85329999960959 ] } },
{ "type": "Feature", "properties": { "BUS_STOP_N": "43471", "LOC_DESC": "BLK 306" }, "geometry": { "type": "Point", "coordinates": [ 18432.658599999733269, 37788.481899999082088 ] } },
{ "type": "Feature", "properties": { "BUS_STOP_N": "43469", "LOC_DESC": "BEF BT BATOK WEST AVE 5" }, "geometry": { "type": "Point", "coordinates": [ 18423.857300000265241, 37496.430400000885129 ] } },
{ "type": "Feature", "properties": { "BUS_STOP_N": "43461", "LOC_DESC": "AFT BT BATOK WEST AVE 5" }, "geometry": { "type": "Point", "coordinates": [ 18447.417500000447035, 37474.659900000318885 ] } },
{ "type": "Feature", "properties": { "BUS_STOP_N": "43479", "LOC_DESC": "OPP BLK 305" }, "geometry": { "type": "Point", "coordinates": [ 18413.43099999986589, 37739.078099999576807 ] } },
{ "type": "Feature", "properties": { "BUS_STOP_N": "58519", "LOC_DESC": "OPP BLK 104B" }, "geometry": { "type": "Point", "coordinates": [ 27742.621799999848008, 47931.222400000318885 ] } },
{ "type": "Feature", "properties": { "BUS_STOP_N": "58511", "LOC_DESC": "BLK 104C" }, "geometry": { "type": "Point", "coordinates": [ 27798.169599999673665, 47915.5929000005126 ] } },
{ "type": "Feature", "properties": { "BUS_STOP_N": "58529", "LOC_DESC": "BLK 108 CP" }, "geometry": { "type": "Point", "coordinates": [ 27898.756699999794364, 47742.984200000762939 ] } },
{ "type": "Feature", "properties": { "BUS_STOP_N": "14429", "LOC_DESC": "CP B" }, "geometry": { "type": "Point", "coordinates": [ 24702.534099999815226, 27733.059299999848008 ] } },
{ "type": "Feature", "properties": { "BUS_STOP_N": "25801", "LOC_DESC": "BEF TUAS STH AVE 7" }, "geometry": { "type": "Point", "coordinates": [ 5866.980499999597669, 29651.253299999982119 ] } },
{ "type": "Feature", "properties": { "BUS_STOP_N": "44031", "LOC_DESC": "AFT BT PANJANG STN" }, "geometry": { "type": "Point", "coordinates": [ 20101.338899999856949, 39975.130400000140071 ] } },
{ "type": "Feature", "properties": { "BUS_STOP_N": "77169", "LOC_DESC": "OPP BLK 742" }, "geometry": { "type": "Point", "coordinates": [ 39459.427600000053644, 39872.64130000025034 ] } },
{ "type": "Feature", "properties": { "BUS_STOP_N": "77231", "LOC_DESC": "MERIDIAN JC" }, "geometry": { "type": "Point", "coordinates": [ 39685.361299999989569, 39861.774800000712276 ] } },
{ "type": "Feature", "properties": { "BUS_STOP_N": "15189", "LOC_DESC": "ASCENT" }, "geometry": { "type": "Point", "coordinates": [ 22692.801099999807775, 30349.329800000414252 ] } },
{ "type": "Feature", "properties": { "BUS_STOP_N": "31151", "LOC_DESC": "AFT LIM CHU KANG RD" }, "geometry": { "type": "Point", "coordinates": [ 12720.510099999606609, 39511.738299999386072 ] } },
{ "type": "Feature", "properties": { "BUS_STOP_N": "65451", "LOC_DESC": "BLK 322 CP" }, "geometry": { "type": "Point", "coordinates": [ 35145.978199999779463, 43620.656700000166893 ] } },
{ "type": "Feature", "properties": { "BUS_STOP_N": "65499", "LOC_DESC": "BLK 259 CP" }, "geometry": { "type": "Point", "coordinates": [ 34867.764899999834597, 42936.574799999594688 ] } },
{ "type": "Feature", "properties": { "BUS_STOP_N": "28009", "LOC_DESC": "JURONG EAST TEMP INT" }, "geometry": { "type": "Point", "coordinates": [ 17821.658400000073016, 35043.572499999776483 ] } },
{ "type": "Feature", "properties": { "BUS_STOP_N": "25641", "LOC_DESC": "OPP ROCHE SPORE TECH" }, "geometry": { "type": "Point", "coordinates": [ 6313.799200000241399, 30953.923200000077486 ] } },
{ "type": "Feature", "properties": { "BUS_STOP_N": "10039", "LOC_DESC": "BEF HOSP DR" }, "geometry": { "type": "Point", "coordinates": [ 28330.303000000305474, 28871.767799999564886 ] } },
{ "type": "Feature", "properties": { "BUS_STOP_N": "44909", "LOC_DESC": "BLK 184" }, "geometry": { "type": "Point", "coordinates": [ 20111.472199999727309, 40227.544900000095367 ] } },
{ "type": "Feature", "properties": { "BUS_STOP_N": "59471", "LOC_DESC": "BLK 430B" }, "geometry": { "type": "Point", "coordinates": [ 29747.078900000080466, 44773.42850000038743 ] } },
{ "type": "Feature", "properties": { "BUS_STOP_N": "59479", "LOC_DESC": "OPP BLK 430B" }, "geometry": { "type": "Point", "coordinates": [ 29757.767699999734759, 44725.972799999639392 ] } },
{ "type": "Feature", "properties": { "BUS_STOP_N": "59589", "LOC_DESC": "BLK 505C" }, "geometry": { "type": "Point", "coordinates": [ 29264.091599999926984, 44594.606100000441074 ] } },
{ "type": "Feature", "properties": { "BUS_STOP_N": "59721", "LOC_DESC": "BLK 816" }, "geometry": { "type": "Point", "coordinates": [ 28080.831000000238419, 43735.707499999552965 ] } },
{ "type": "Feature", "properties": { "BUS_STOP_N": "59729", "LOC_DESC": "OPP BLK 816" }, "geometry": { "type": "Point", "coordinates": [ 28075.274699999950826, 43693.162399999797344 ] } },
{ "type": "Feature", "properties": { "BUS_STOP_N": "59741", "LOC_DESC": "OPP ORCHID COUNTRY CLUB" }, "geometry": { "type": "Point", "coordinates": [ 29250.052899999544024, 44148.668999999761581 ] } },
{ "type": "Feature", "properties": { "BUS_STOP_N": "76441", "LOC_DESC": "OPP BLK 345" }, "geometry": { "type": "Point", "coordinates": [ 42324.248999999836087, 37146.799100000411272 ] } },
{ "type": "Feature", "properties": { "BUS_STOP_N": "03241", "LOC_DESC": "MAPLETREE ANSON" }, "geometry": { "type": "Point", "coordinates": [ 29350.291199999861419, 28570.951500000432134 ] } },
{ "type": "Feature", "properties": { "BUS_STOP_N": "07351", "LOC_DESC": "ARC 380" }, "geometry": { "type": "Point", "coordinates": [ 31021.158300000242889, 32871.542500000447035 ] } },
{ "type": "Feature", "properties": { "BUS_STOP_N": "10499", "LOC_DESC": "KAMPONG BAHRU BUS TERMINAL" }, "geometry": { "type": "Point", "coordinates": [ 28018.405399999581277, 28720.590099999681115 ] } },
{ "type": "Feature", "properties": { "BUS_STOP_N": "14219", "LOC_DESC": "OPP BLK 114" }, "geometry": { "type": "Point", "coordinates": [ 25076.308899999596179, 29404.251599999144673 ] } },
{ "type": "Feature", "properties": { "BUS_STOP_N": "14501", "LOC_DESC": "OPP BLK 91A" }, "geometry": { "type": "Point", "coordinates": [ 25011.488099999725819, 28816.431399999186397 ] } },
{ "type": "Feature", "properties": { "BUS_STOP_N": "46381", "LOC_DESC": "OPP W'LANDS IND PK D ST 1" }, "geometry": { "type": "Point", "coordinates": [ 20600.547500000335276, 45654.379599999636412 ] } },
{ "type": "Feature", "properties": { "BUS_STOP_N": "46389", "LOC_DESC": "AFT W'LANDS IND PK D ST 1" }, "geometry": { "type": "Point", "coordinates": [ 20576.22510000038892, 45675.480100000277162 ] } },
{ "type": "Feature", "properties": { "BUS_STOP_N": "46088", "LOC_DESC": "BLK 25" }, "geometry": { "type": "Point", "coordinates": [ 21073.683899999596179, 47043.31110000051558 ] } },
{ "type": "Feature", "properties": { "BUS_STOP_N": "26289", "LOC_DESC": "AFT TUAS STH ST 2" }, "geometry": { "type": "Point", "coordinates": [ 5018.870699999853969, 32324.337099999189377 ] } },
{ "type": "Feature", "properties": { "BUS_STOP_N": "75481", "LOC_DESC": "BLK 609D" }, "geometry": { "type": "Point", "coordinates": [ 39633.82799999974668, 38421.873999999836087 ] } },
{ "type": "Feature", "properties": { "BUS_STOP_N": "75511", "LOC_DESC": "BLK 610C" }, "geometry": { "type": "Point", "coordinates": [ 39293.960900000296533, 38468.94510000012815 ] } },
{ "type": "Feature", "properties": { "BUS_STOP_N": "75519", "LOC_DESC": "OPP BLK 610C" }, "geometry": { "type": "Point", "coordinates": [ 39265.235000000335276, 38461.241200000047684 ] } },
{ "type": "Feature", "properties": { "BUS_STOP_N": "59549", "LOC_DESC": "OPP SREE MAHA MARIAMMAN TP\r\n" }, "geometry": { "type": "Point", "coordinates": [ 27674.910199999809265, 44999.292300000786781 ] } },
{ "type": "Feature", "properties": { "BUS_STOP_N": "27219", "LOC_DESC": "NIE BLK 2" }, "geometry": { "type": "Point", "coordinates": [ 10971.141999999992549, 36677.026499999687076 ] } },
{ "type": "Feature", "properties": { "BUS_STOP_N": "25811", "LOC_DESC": "BEF TUAS AVE 7" }, "geometry": { "type": "Point", "coordinates": [ 6804.413800000213087, 34909.656500000506639 ] } },
{ "type": "Feature", "properties": { "BUS_STOP_N": "40361", "LOC_DESC": "BLK 438A" }, "geometry": { "type": "Point", "coordinates": [ 17711.572499999776483, 37701.562400000169873 ] } },
{ "type": "Feature", "properties": { "BUS_STOP_N": "67181", "LOC_DESC": "BLK 240" }, "geometry": { "type": "Point", "coordinates": [ 35169.006599999964237, 41423.60950000025332 ] } },
{ "type": "Feature", "properties": { "BUS_STOP_N": "52211", "LOC_DESC": "AFT CALDECOTT STN EXIT 2" }, "geometry": { "type": "Point", "coordinates": [ 28935.472199999727309, 35648.144999999552965 ] } },
{ "type": "Feature", "properties": { "BUS_STOP_N": "92201", "LOC_DESC": "AFT LOR M TELOK KURAU" }, "geometry": { "type": "Point", "coordinates": [ 36673.044599999673665, 32613.772199999541044 ] } },
{ "type": "Feature", "properties": { "BUS_STOP_N": "46491", "LOC_DESC": "BLK 402" }, "geometry": { "type": "Point", "coordinates": [ 21176.543899999931455, 45956.750099999830127 ] } },
{ "type": "Feature", "properties": { "BUS_STOP_N": "06029", "LOC_DESC": null }, "geometry": { "type": "Point", "coordinates": [ 28602.947700000368059, 29334.5472999997437 ] } },
{ "type": "Feature", "properties": { "BUS_STOP_N": "11139", "LOC_DESC": "BLK 53A CP" }, "geometry": { "type": "Point", "coordinates": [ 25115.160299999639392, 30610.387900000438094 ] } },
{ "type": "Feature", "properties": { "BUS_STOP_N": "90031", "LOC_DESC": "CAMELOT BY-THE-WATER" }, "geometry": { "type": "Point", "coordinates": [ 32702.808699999935925, 31046.24129999987781 ] } },
{ "type": "Feature", "properties": { "BUS_STOP_N": "48119", "LOC_DESC": "BIRD PARADISE" }, "geometry": { "type": "Point", "coordinates": [ 21983.418399999849498, 43498.252299999818206 ] } },
{ "type": "Feature", "properties": { "BUS_STOP_N": "66599", "LOC_DESC": "KLA CORPORATION" }, "geometry": { "type": "Point", "coordinates": [ 31903.736200000159442, 39479.619000000879169 ] } },
{ "type": "Feature", "properties": { "BUS_STOP_N": "66571", "LOC_DESC": "BUANGKOK SQ" }, "geometry": { "type": "Point", "coordinates": [ 33329.348699999973178, 40697.026300000026822 ] } },
{ "type": "Feature", "properties": { "BUS_STOP_N": "55049", "LOC_DESC": "BEF AMK ST 64 / APPLE SG" }, "geometry": { "type": "Point", "coordinates": [ 29474.425200000405312, 41442.803400000557303 ] } },
{ "type": "Feature", "properties": { "BUS_STOP_N": "55041", "LOC_DESC": "AFT AMK ST 64 / APPLE SG" }, "geometry": { "type": "Point", "coordinates": [ 29417.763199999928474, 41464.41579999960959 ] } },
{ "type": "Feature", "properties": { "BUS_STOP_N": "55221", "LOC_DESC": "AFT ANG MO KIO ST 62" }, "geometry": { "type": "Point", "coordinates": [ 29434.467799999751151, 41081.4206000007689 ] } },
{ "type": "Feature", "properties": { "BUS_STOP_N": "12091", "LOC_DESC": "SIM CAMPUS" }, "geometry": { "type": "Point", "coordinates": [ 21714.540199999697506, 34537.735300000756979 ] } },
{ "type": "Feature", "properties": { "BUS_STOP_N": "22019", "LOC_DESC": "AFT TRACTOR RD" }, "geometry": { "type": "Point", "coordinates": [ 13958.263299999758601, 33809.173200000077486 ] } },
{ "type": "Feature", "properties": { "BUS_STOP_N": "12099", "LOC_DESC": "OPP SIM Campus" }, "geometry": { "type": "Point", "coordinates": [ 21702.933699999935925, 34470.728000000119209 ] } },
{ "type": "Feature", "properties": { "BUS_STOP_N": "63229", "LOC_DESC": "OPP KOVAN HUB" }, "geometry": { "type": "Point", "coordinates": [ 33754.347099999897182, 37735.190099999308586 ] } },
{ "type": "Feature", "properties": { "BUS_STOP_N": "55229", "LOC_DESC": "BEF ANG MO KIO ST 62" }, "geometry": { "type": "Point", "coordinates": [ 29398.642199999652803, 41165.066899999976158 ] } },
{ "type": "Feature", "properties": { "BUS_STOP_N": "90039", "LOC_DESC": "OPP CAMELOT BY-THE-WATER" }, "geometry": { "type": "Point", "coordinates": [ 32675.999800000339746, 30997.095399999991059 ] } },
{ "type": "Feature", "properties": { "BUS_STOP_N": "48111", "LOC_DESC": "OPP BIRD PARADISE" }, "geometry": { "type": "Point", "coordinates": [ 22032.591000000014901, 43469.778100000694394 ] } },
{ "type": "Feature", "properties": { "BUS_STOP_N": "22011", "LOC_DESC": "BEF JURONG HILL" }, "geometry": { "type": "Point", "coordinates": [ 14018.005699999630451, 33729.658800000324845 ] } },
{ "type": "Feature", "properties": { "BUS_STOP_N": "28041", "LOC_DESC": "THE SYNERGY" }, "geometry": { "type": "Point", "coordinates": [ 18528.218000000342727, 34704.969000000506639 ] } },
{ "type": "Feature", "properties": { "BUS_STOP_N": "28049", "LOC_DESC": "OPP THE SYNERGY" }, "geometry": { "type": "Point", "coordinates": [ 18522.38300000037998, 34768.887000000104308 ] } },
{ "type": "Feature", "properties": { "BUS_STOP_N": "28059", "LOC_DESC": "NG TENG FONG GENERAL HOSP" }, "geometry": { "type": "Point", "coordinates": [ 18261.621399999596179, 34977.753599999472499 ] } },
{ "type": "Feature", "properties": { "BUS_STOP_N": "46859", "LOC_DESC": "BLK 608A" }, "geometry": { "type": "Point", "coordinates": [ 24003.070000000298023, 46442.929999999701977 ] } },
{ "type": "Feature", "properties": { "BUS_STOP_N": "20281", "LOC_DESC": "OPP THE JAPANESE SEC SCH" }, "geometry": { "type": "Point", "coordinates": [ 19244.780899999663234, 32745.698100000619888 ] } },
{ "type": "Feature", "properties": { "BUS_STOP_N": "17339", "LOC_DESC": "BLK 518" }, "geometry": { "type": "Point", "coordinates": [ 19674.731700000353158, 32241.316500000655651 ] } },
{ "type": "Feature", "properties": { "BUS_STOP_N": "17331", "LOC_DESC": "OPP BLK 518" }, "geometry": { "type": "Point", "coordinates": [ 19659.610999999567866, 32198.717000000178814 ] } },
{ "type": "Feature", "properties": { "BUS_STOP_N": "17329", "LOC_DESC": "BLK 705" }, "geometry": { "type": "Point", "coordinates": [ 19893.559100000187755, 31947.138100000098348 ] } },
{ "type": "Feature", "properties": { "BUS_STOP_N": "17321", "LOC_DESC": "TIEN WAH PRESS BLDG" }, "geometry": { "type": "Point", "coordinates": [ 19874.346199999563396, 31910.728099999949336 ] } },
{ "type": "Feature", "properties": { "BUS_STOP_N": "52309", "LOC_DESC": "OPP BLK 35" }, "geometry": { "type": "Point", "coordinates": [ 30331.601999999955297, 35115.567999999970198 ] } },
{ "type": "Feature", "properties": { "BUS_STOP_N": "17319", "LOC_DESC": "BLK 716" }, "geometry": { "type": "Point", "coordinates": [ 20084.423999999649823, 31600.038699999451637 ] } },
{ "type": "Feature", "properties": { "BUS_STOP_N": "20289", "LOC_DESC": "THE JAPANESE SEC SCH" }, "geometry": { "type": "Point", "coordinates": [ 19292.59320000000298, 32753.110400000587106 ] } },
{ "type": "Feature", "properties": { "BUS_STOP_N": "52301", "LOC_DESC": "BLK 35" }, "geometry": { "type": "Point", "coordinates": [ 30371.928000000305474, 35143.248999999836087 ] } },
{ "type": "Feature", "properties": { "BUS_STOP_N": "52339", "LOC_DESC": "OPP BLK 26" }, "geometry": { "type": "Point", "coordinates": [ 30495.984000000171363, 34999.726999999955297 ] } },
{ "type": "Feature", "properties": { "BUS_STOP_N": "52331", "LOC_DESC": "BLK 27" }, "geometry": { "type": "Point", "coordinates": [ 30505.168399999849498, 34967.38429999910295 ] } },
{ "type": "Feature", "properties": { "BUS_STOP_N": "67369", "LOC_DESC": "BLK 306 CP" }, "geometry": { "type": "Point", "coordinates": [ 34113.316800000146031, 41415.028599999845028 ] } },
{ "type": "Feature", "properties": { "BUS_STOP_N": "46319", "LOC_DESC": "OPP BLK 18" }, "geometry": { "type": "Point", "coordinates": [ 22101.044599999673665, 47108.269200000911951 ] } },
{ "type": "Feature", "properties": { "BUS_STOP_N": "46311", "LOC_DESC": "BLK 18" }, "geometry": { "type": "Point", "coordinates": [ 22124.188400000333786, 47113.90679999999702 ] } },
{ "type": "Feature", "properties": { "BUS_STOP_N": "62141", "LOC_DESC": "OPP BLK 1" }, "geometry": { "type": "Point", "coordinates": [ 32659.612099999561906, 37068.437100000679493 ] } },
{ "type": "Feature", "properties": { "BUS_STOP_N": "84589", "LOC_DESC": "BEF NEW UPP CHANGI RD" }, "geometry": { "type": "Point", "coordinates": [ 37595.780199999921024, 33919.726099999621511 ] } },
{ "type": "Feature", "properties": { "BUS_STOP_N": "84581", "LOC_DESC": "OPP BEDOK STH NPC" }, "geometry": { "type": "Point", "coordinates": [ 37582.145100000314415, 34013.259400000795722 ] } },
{ "type": "Feature", "properties": { "BUS_STOP_N": "96411", "LOC_DESC": "OPP EIGHTRIUM" }, "geometry": { "type": "Point", "coordinates": [ 42520.570700000040233, 35555.316600000485778 ] } },
{ "type": "Feature", "properties": { "BUS_STOP_N": "20149", "LOC_DESC": "BLK 408" }, "geometry": { "type": "Point", "coordinates": [ 18618.861999999731779, 33353.764799999073148 ] } },
{ "type": "Feature", "properties": { "BUS_STOP_N": "20141", "LOC_DESC": "OPP BLK 408" }, "geometry": { "type": "Point", "coordinates": [ 18577.984000000171363, 33335.847100000828505 ] } },
{ "type": "Feature", "properties": { "BUS_STOP_N": "65429", "LOC_DESC": "GREENDALE PR SCH" }, "geometry": { "type": "Point", "coordinates": [ 36770.699900000356138, 42079.803700000047684 ] } },
{ "type": "Feature", "properties": { "BUS_STOP_N": "65419", "LOC_DESC": "OPP HORIZON PR SCH" }, "geometry": { "type": "Point", "coordinates": [ 36971.69579999987036, 42360.053700000047684 ] } },
{ "type": "Feature", "properties": { "BUS_STOP_N": "65469", "LOC_DESC": "BLK 310B" }, "geometry": { "type": "Point", "coordinates": [ 35501.610500000417233, 43535.142599999904633 ] } },
{ "type": "Feature", "properties": { "BUS_STOP_N": "46309", "LOC_DESC": "OPP PROGEN BLDG" }, "geometry": { "type": "Point", "coordinates": [ 22377.808600000105798, 47189.967399999499321 ] } },
{ "type": "Feature", "properties": { "BUS_STOP_N": "27071", "LOC_DESC": "NANYANG CRES HALLS" }, "geometry": { "type": "Point", "coordinates": [ 11422.145299999974668, 37453.260800000280142 ] } },
{ "type": "Feature", "properties": { "BUS_STOP_N": "84169", "LOC_DESC": "OPP BLK 3" }, "geometry": { "type": "Point", "coordinates": [ 38990.463399999774992, 33832.555600000545382 ] } },
{ "type": "Feature", "properties": { "BUS_STOP_N": "66551", "LOC_DESC": "BLK 984" }, "geometry": { "type": "Point", "coordinates": [ 33349.283400000073016, 40399.887800000607967 ] } },
{ "type": "Feature", "properties": { "BUS_STOP_N": "72149", "LOC_DESC": "SHUN LI IND PK" }, "geometry": { "type": "Point", "coordinates": [ 36717.731300000101328, 35612.749600000679493 ] } },
{ "type": "Feature", "properties": { "BUS_STOP_N": "72141", "LOC_DESC": "BARTLEY BIZ CTR" }, "geometry": { "type": "Point", "coordinates": [ 36704.938699999824166, 35635.00109999999404 ] } },
{ "type": "Feature", "properties": { "BUS_STOP_N": "72131", "LOC_DESC": "OPP TECH VIEW" }, "geometry": { "type": "Point", "coordinates": [ 36533.063299999572337, 35561.05320000089705 ] } },
{ "type": "Feature", "properties": { "BUS_STOP_N": "72139", "LOC_DESC": "TECH VIEW" }, "geometry": { "type": "Point", "coordinates": [ 36436.291299999691546, 35505.782400000840425 ] } },
{ "type": "Feature", "properties": { "BUS_STOP_N": "01411", "LOC_DESC": "OPP ST JOHN HQ" }, "geometry": { "type": "Point", "coordinates": [ 31298.608799999579787, 31607.877800000831485 ] } },
{ "type": "Feature", "properties": { "BUS_STOP_N": "67759", "LOC_DESC": "COMPASSVALE INT" }, "geometry": { "type": "Point", "coordinates": [ 35105.002100000157952, 41448.663899999111891 ] } },
{ "type": "Feature", "properties": { "BUS_STOP_N": "01319", "LOC_DESC": "LAVENDER STN EXIT A / ICA" }, "geometry": { "type": "Point", "coordinates": [ 31333.491799999959767, 32207.832599999383092 ] } },
{ "type": "Feature", "properties": { "BUS_STOP_N": "95909", "LOC_DESC": "Aft Somapah Rd" }, "geometry": { "type": "Point", "coordinates": [ 42153.294200000353158, 35623.533299999311566 ] } },
{ "type": "Feature", "properties": { "BUS_STOP_N": "95901", "LOC_DESC": "Bef Simei Rd" }, "geometry": { "type": "Point", "coordinates": [ 42121.607900000177324, 35645.465299999341369 ] } },
{ "type": "Feature", "properties": { "BUS_STOP_N": "96449", "LOC_DESC": "SUTD" }, "geometry": { "type": "Point", "coordinates": [ 42539.842899999581277, 35777.302200000733137 ] } },
{ "type": "Feature", "properties": { "BUS_STOP_N": "96441", "LOC_DESC": "OPP SUTD" }, "geometry": { "type": "Point", "coordinates": [ 42417.728900000452995, 35742.683800000697374 ] } },
{ "type": "Feature", "properties": { "BUS_STOP_N": "96041", "LOC_DESC": "Upp Changi Stn/opp SUTD" }, "geometry": { "type": "Point", "coordinates": [ 42238.733599999919534, 35976.616599999368191 ] } },
{ "type": "Feature", "properties": { "BUS_STOP_N": "96049", "LOC_DESC": "Upp Changi Stn/SUTD" }, "geometry": { "type": "Point", "coordinates": [ 42253.368900000117719, 35880.249399999156594 ] } },
{ "type": "Feature", "properties": { "BUS_STOP_N": "20139", "LOC_DESC": "OPP ANGLISS BLDG" }, "geometry": { "type": "Point", "coordinates": [ 18956.93099999986589, 33121.235999999567866 ] } },
{ "type": "Feature", "properties": { "BUS_STOP_N": "20131", "LOC_DESC": "S'PORE FOOD INDUSTRIES BLDG" }, "geometry": { "type": "Point", "coordinates": [ 18927.560100000351667, 33102.667199999094009 ] } },
{ "type": "Feature", "properties": { "BUS_STOP_N": "65191", "LOC_DESC": "BEF PUNGGOL RD" }, "geometry": { "type": "Point", "coordinates": [ 36027.681800000369549, 41897.924100000411272 ] } },
{ "type": "Feature", "properties": { "BUS_STOP_N": "59319", "LOC_DESC": "BLK 729" }, "geometry": { "type": "Point", "coordinates": [ 27853.565999999642372, 45325.838899999856949 ] } },
{ "type": "Feature", "properties": { "BUS_STOP_N": "43771", "LOC_DESC": "OPP BLK 433B" }, "geometry": { "type": "Point", "coordinates": [ 17772.780500000342727, 38237.313999999314547 ] } },
{ "type": "Feature", "properties": { "BUS_STOP_N": "43779", "LOC_DESC": "BLK 433C" }, "geometry": { "type": "Point", "coordinates": [ 17801.516200000420213, 38214.105599999427795 ] } },
{ "type": "Feature", "properties": { "BUS_STOP_N": "45131", "LOC_DESC": "OPP KRANJI STN" }, "geometry": { "type": "Point", "coordinates": [ 19957.537999999709427, 45212.097999999299645 ] } },
{ "type": "Feature", "properties": { "BUS_STOP_N": "45139", "LOC_DESC": "KRANJI STN" }, "geometry": { "type": "Point", "coordinates": [ 20035.340900000184774, 45219.820900000631809 ] } },
{ "type": "Feature", "properties": { "BUS_STOP_N": "44339", "LOC_DESC": "BLK 442D" }, "geometry": { "type": "Point", "coordinates": [ 21083.942999999970198, 40322.718000000342727 ] } },
{ "type": "Feature", "properties": { "BUS_STOP_N": "43061", "LOC_DESC": "HILLVIEW STN" }, "geometry": { "type": "Point", "coordinates": [ 20661.002999999560416, 38352.831499999389052 ] } },
{ "type": "Feature", "properties": { "BUS_STOP_N": "67381", "LOC_DESC": "BLK 326 CP" }, "geometry": { "type": "Point", "coordinates": [ 34143.865100000053644, 41831.863399999216199 ] } },
{ "type": "Feature", "properties": { "BUS_STOP_N": "67421", "LOC_DESC": "CHENG LIM STN EXIT B" }, "geometry": { "type": "Point", "coordinates": [ 34548.537499999627471, 42052.148900000378489 ] } },
{ "type": "Feature", "properties": { "BUS_STOP_N": "64729", "LOC_DESC": "CHENG LIM STN EXIT A" }, "geometry": { "type": "Point", "coordinates": [ 34525.981800000183284, 42092.894799999892712 ] } },
{ "type": "Feature", "properties": { "BUS_STOP_N": "64301", "LOC_DESC": "BLK 325" }, "geometry": { "type": "Point", "coordinates": [ 35317.309399999678135, 38813.087400000542402 ] } },
{ "type": "Feature", "properties": { "BUS_STOP_N": "64309", "LOC_DESC": "OPP BLK 321" }, "geometry": { "type": "Point", "coordinates": [ 35334.626699999906123, 38781.787900000810623 ] } },
{ "type": "Feature", "properties": { "BUS_STOP_N": "44049", "LOC_DESC": "OPP JUNCTION 10" }, "geometry": { "type": "Point", "coordinates": [ 19948.963399999774992, 40323.644400000572205 ] } },
{ "type": "Feature", "properties": { "BUS_STOP_N": "77291", "LOC_DESC": "BLK 753" }, "geometry": { "type": "Point", "coordinates": [ 39288.956100000068545, 39931.987199999392033 ] } },
{ "type": "Feature", "properties": { "BUS_STOP_N": "92219", "LOC_DESC": "OPP CHIJ KATONG CONVENT" }, "geometry": { "type": "Point", "coordinates": [ 37278.408400000073016, 32088.553600000217557 ] } },
{ "type": "Feature", "properties": { "BUS_STOP_N": "92229", "LOC_DESC": "BLK 53" }, "geometry": { "type": "Point", "coordinates": [ 37208.297399999573827, 31927.53969999961555 ] } },
{ "type": "Feature", "properties": { "BUS_STOP_N": "59719", "LOC_DESC": "OPP BLK 672C" }, "geometry": { "type": "Point", "coordinates": [ 28998.115299999713898, 44383.805500000715256 ] } },
{ "type": "Feature", "properties": { "BUS_STOP_N": "28029", "LOC_DESC": "8 @ TRADEHUB 21" }, "geometry": { "type": "Point", "coordinates": [ 19223.222799999639392, 34344.931600000709295 ] } },
{ "type": "Feature", "properties": { "BUS_STOP_N": "17179", "LOC_DESC": "CLEMENTI STN" }, "geometry": { "type": "Point", "coordinates": [ 20446.314000000245869, 33053.28800000064075 ] } },
{ "type": "Feature", "properties": { "BUS_STOP_N": "77129", "LOC_DESC": "PASIR RIS PK" }, "geometry": { "type": "Point", "coordinates": [ 40289.412100000306964, 40657.4847999997437 ] } },
{ "type": "Feature", "properties": { "BUS_STOP_N": "96051", "LOC_DESC": "Opp Changi Ct" }, "geometry": { "type": "Point", "coordinates": [ 42316.046799999661744, 36213.168899999931455 ] } },
{ "type": "Feature", "properties": { "BUS_STOP_N": "96059", "LOC_DESC": "Changi Ct" }, "geometry": { "type": "Point", "coordinates": [ 42340.79619999974966, 36179.674399999901652 ] } },
{ "type": "Feature", "properties": { "BUS_STOP_N": "17259", "LOC_DESC": "OPP BLK 460" }, "geometry": { "type": "Point", "coordinates": [ 20671.339200000278652, 32577.827199999243021 ] } },
{ "type": "Feature", "properties": { "BUS_STOP_N": "67701", "LOC_DESC": "AFT BLK 467B" }, "geometry": { "type": "Point", "coordinates": [ 32903.679700000211596, 42257.01039999909699 ] } },
{ "type": "Feature", "properties": { "BUS_STOP_N": "17251", "LOC_DESC": "BLK 460" }, "geometry": { "type": "Point", "coordinates": [ 20669.399799999780953, 32641.914000000804663 ] } },
{ "type": "Feature", "properties": { "BUS_STOP_N": "96389", "LOC_DESC": "OPP CHANGI CITY PT" }, "geometry": { "type": "Point", "coordinates": [ 42347.228799999691546, 35029.583399999886751 ] } },
{ "type": "Feature", "properties": { "BUS_STOP_N": "75411", "LOC_DESC": "BEF TAMPINES FIRE STN" }, "geometry": { "type": "Point", "coordinates": [ 38647.561099999584258, 37574.877499999478459 ] } },
{ "type": "Feature", "properties": { "BUS_STOP_N": "75401", "LOC_DESC": "AFT TAMPINES AVE 1" }, "geometry": { "type": "Point", "coordinates": [ 38384.518899999558926, 37094.705099999904633 ] } },
{ "type": "Feature", "properties": { "BUS_STOP_N": "75409", "LOC_DESC": "THE SONTORINI" }, "geometry": { "type": "Point", "coordinates": [ 38461.705799999646842, 37143.454700000584126 ] } },
{ "type": "Feature", "properties": { "BUS_STOP_N": "96419", "LOC_DESC": "EIGHTRIUM" }, "geometry": { "type": "Point", "coordinates": [ 42526.132399999536574, 35526.401000000536442 ] } },
{ "type": "Feature", "properties": { "BUS_STOP_N": "01113", "LOC_DESC": "BUGIS STN EXIT B" }, "geometry": { "type": "Point", "coordinates": [ 30542.32730000000447, 31509.913899999111891 ] } },
{ "type": "Feature", "properties": { "BUS_STOP_N": "01059", "LOC_DESC": "BUGIS STN EXIT A" }, "geometry": { "type": "Point", "coordinates": [ 30570.371100000105798, 31494.547800000756979 ] } },
{ "type": "Feature", "properties": { "BUS_STOP_N": "67691", "LOC_DESC": "BLK 338A" }, "geometry": { "type": "Point", "coordinates": [ 34252.348100000061095, 42310.396800000220537 ] } },
{ "type": "Feature", "properties": { "BUS_STOP_N": "67699", "LOC_DESC": "BLK 334A" }, "geometry": { "type": "Point", "coordinates": [ 34288.410899999551475, 42289.150699999183416 ] } },
{ "type": "Feature", "properties": { "BUS_STOP_N": "22141", "LOC_DESC": "AFT JLN BUROH" }, "geometry": { "type": "Point", "coordinates": [ 12716.355200000107288, 33306.496400000527501 ] } },
{ "type": "Feature", "properties": { "BUS_STOP_N": "22149", "LOC_DESC": "BEF JLN BUROH" }, "geometry": { "type": "Point", "coordinates": [ 12749.80420000012964, 33280.442800000309944 ] } },
{ "type": "Feature", "properties": { "BUS_STOP_N": "65491", "LOC_DESC": "OPP BLK 259 CP" }, "geometry": { "type": "Point", "coordinates": [ 34851.096099999733269, 42966.075899999588728 ] } },
{ "type": "Feature", "properties": { "BUS_STOP_N": "46321", "LOC_DESC": "W'LANDS CIVIC CTR" }, "geometry": { "type": "Point", "coordinates": [ 22800.884999999776483, 46255.492000000551343 ] } },
{ "type": "Feature", "properties": { "BUS_STOP_N": "46281", "LOC_DESC": "BLK 825" }, "geometry": { "type": "Point", "coordinates": [ 23161.215499999932945, 46712.504599999636412 ] } },
{ "type": "Feature", "properties": { "BUS_STOP_N": "46289", "LOC_DESC": "BLK 891C CP" }, "geometry": { "type": "Point", "coordinates": [ 23294.101099999621511, 46713.285599999129772 ] } },
{ "type": "Feature", "properties": { "BUS_STOP_N": "71171", "LOC_DESC": "OPP SCDF HQ" }, "geometry": { "type": "Point", "coordinates": [ 34580.66399999987334, 35244.530099999159575 ] } },
{ "type": "Feature", "properties": { "BUS_STOP_N": "34009", "LOC_DESC": "POLICE COAST GUARD" }, "geometry": { "type": "Point", "coordinates": [ 14004.860100000165403, 47390.25 ] } },
{ "type": "Feature", "properties": { "BUS_STOP_N": "71179", "LOC_DESC": "AFT SCDF HQ" }, "geometry": { "type": "Point", "coordinates": [ 34441.110600000247359, 35141.207100000232458 ] } },
{ "type": "Feature", "properties": { "BUS_STOP_N": "91091", "LOC_DESC": "BEF KG KAYU RD" }, "geometry": { "type": "Point", "coordinates": [ 33680.269600000232458, 31736.730499999597669 ] } },
{ "type": "Feature", "properties": { "BUS_STOP_N": "22561", "LOC_DESC": "BLK 660 CP" }, "geometry": { "type": "Point", "coordinates": [ 13636.498300000093877, 35242.155600000172853 ] } },
{ "type": "Feature", "properties": { "BUS_STOP_N": "43961", "LOC_DESC": "AFT DAIRY FARM HTS" }, "geometry": { "type": "Point", "coordinates": [ 21294.94539999961853, 38543.973899999633431 ] } },
{ "type": "Feature", "properties": { "BUS_STOP_N": "44009", "LOC_DESC": "CHOA CHU KANG INT" }, "geometry": { "type": "Point", "coordinates": [ 18032.190200000070035, 40809.693900000303984 ] } },
{ "type": "Feature", "properties": { "BUS_STOP_N": "75369", "LOC_DESC": "BEF TAMPINES LK" }, "geometry": { "type": "Point", "coordinates": [ 38818.939199999906123, 39217.409900000318885 ] } },
{ "type": "Feature", "properties": { "BUS_STOP_N": "41021", "LOC_DESC": "BOTANIC GDNS STN" }, "geometry": { "type": "Point", "coordinates": [ 25970.202499999664724, 33883.860999999567866 ] } },
{ "type": "Feature", "properties": { "BUS_STOP_N": "92221", "LOC_DESC": "BLK 19" }, "geometry": { "type": "Point", "coordinates": [ 37084.032999999821186, 31924.413899999111891 ] } },
{ "type": "Feature", "properties": { "BUS_STOP_N": "92211", "LOC_DESC": "CHIJ KATONG CONVENT (SEC)" }, "geometry": { "type": "Point", "coordinates": [ 37310.519999999552965, 32030.891000000759959 ] } },
{ "type": "Feature", "properties": { "BUS_STOP_N": "92231", "LOC_DESC": "BLK 34" }, "geometry": { "type": "Point", "coordinates": [ 36779.925900000147521, 31844.711799999698997 ] } },
{ "type": "Feature", "properties": { "BUS_STOP_N": "92239", "LOC_DESC": "BLK 45" }, "geometry": { "type": "Point", "coordinates": [ 36834.915400000289083, 31857.251000000163913 ] } },
{ "type": "Feature", "properties": { "BUS_STOP_N": "84351", "LOC_DESC": "BEDOK CTRL PO" }, "geometry": { "type": "Point", "coordinates": [ 39224.158200000412762, 34429.604599999263883 ] } },
{ "type": "Feature", "properties": { "BUS_STOP_N": "84359", "LOC_DESC": "OPP BEDOK CTRL PO" }, "geometry": { "type": "Point", "coordinates": [ 39203.436499999836087, 34457.378900000825524 ] } },
{ "type": "Feature", "properties": { "BUS_STOP_N": "04321", "LOC_DESC": "UE SQ" }, "geometry": { "type": "Point", "coordinates": [ 29084.628899999894202, 30510.335500000044703 ] } },
{ "type": "Feature", "properties": { "BUS_STOP_N": "04329", "LOC_DESC": "OPP UE SQ" }, "geometry": { "type": "Point", "coordinates": [ 29109.192800000309944, 30477.61119999922812 ] } },
{ "type": "Feature", "properties": { "BUS_STOP_N": "28211", "LOC_DESC": "BEF JURONG EAST STN" }, "geometry": { "type": "Point", "coordinates": [ 17703.112599999643862, 35152.477800000458956 ] } },
{ "type": "Feature", "properties": { "BUS_STOP_N": "70409", "LOC_DESC": "BLK 3032A" }, "geometry": { "type": "Point", "coordinates": [ 35189.696899999864399, 34790.794199999421835 ] } },
{ "type": "Feature", "properties": { "BUS_STOP_N": "70401", "LOC_DESC": "BEF UBI RD 4" }, "geometry": { "type": "Point", "coordinates": [ 35212.848000000230968, 34776.506699999794364 ] } },
{ "type": "Feature", "properties": { "BUS_STOP_N": "71331", "LOC_DESC": "KAKI BT AUTOHUB" }, "geometry": { "type": "Point", "coordinates": [ 35532.414599999785423, 35457.353499999269843 ] } },
{ "type": "Feature", "properties": { "BUS_STOP_N": "71339", "LOC_DESC": "OPP KAKI BT AUTOHUB" }, "geometry": { "type": "Point", "coordinates": [ 35540.325600000098348, 35430.286599999293685 ] } },
{ "type": "Feature", "properties": { "BUS_STOP_N": "96201", "LOC_DESC": "SIMEI GREEN CONDO" }, "geometry": { "type": "Point", "coordinates": [ 42005.830900000408292, 35870.354299999773502 ] } },
{ "type": "Feature", "properties": { "BUS_STOP_N": "96209", "LOC_DESC": "OPP SIMEI GREEN CONDO" }, "geometry": { "type": "Point", "coordinates": [ 42065.838600000366569, 35859.083000000566244 ] } },
{ "type": "Feature", "properties": { "BUS_STOP_N": "96401", "LOC_DESC": "HONEYWELL BLDG" }, "geometry": { "type": "Point", "coordinates": [ 42782.319099999964237, 35478.343299999833107 ] } },
{ "type": "Feature", "properties": { "BUS_STOP_N": "97009", "LOC_DESC": "CHANGI BUSINESS PK TERMINAL" }, "geometry": { "type": "Point", "coordinates": [ 42846.348000000230968, 35984.872400000691414 ] } },
{ "type": "Feature", "properties": { "BUS_STOP_N": "72151", "LOC_DESC": "AUTOBAY @ KAKI BT" }, "geometry": { "type": "Point", "coordinates": [ 36885.364199999719858, 35892.797100000083447 ] } },
{ "type": "Feature", "properties": { "BUS_STOP_N": "72161", "LOC_DESC": "AFT BARTLEY VIADUCT" }, "geometry": { "type": "Point", "coordinates": [ 37253.352400000207126, 35921.497099999338388 ] } },
{ "type": "Feature", "properties": { "BUS_STOP_N": "72159", "LOC_DESC": "OPP AUTOBAY @ KAKI BT" }, "geometry": { "type": "Point", "coordinates": [ 36828.505099999718368, 35833.768400000408292 ] } },
{ "type": "Feature", "properties": { "BUS_STOP_N": "76031", "LOC_DESC": "TAMPINES EAST STN EXIT B" }, "geometry": { "type": "Point", "coordinates": [ 41578.587299999780953, 37477.650499999523163 ] } },
{ "type": "Feature", "properties": { "BUS_STOP_N": "76039", "LOC_DESC": "TAMPINES EAST STN EXIT C" }, "geometry": { "type": "Point", "coordinates": [ 41608.440399999730289, 37468.854800000786781 ] } },
{ "type": "Feature", "properties": { "BUS_STOP_N": "76049", "LOC_DESC": "OPP BLK 842C" }, "geometry": { "type": "Point", "coordinates": [ 39479.178899999707937, 37064.29619999974966 ] } },
{ "type": "Feature", "properties": { "BUS_STOP_N": "76511", "LOC_DESC": "THE TAMPINES TRILLIANT" }, "geometry": { "type": "Point", "coordinates": [ 39809.004800000227988, 37941.322300000116229 ] } },
{ "type": "Feature", "properties": { "BUS_STOP_N": "76529", "LOC_DESC": "BLK 519A" }, "geometry": { "type": "Point", "coordinates": [ 39920.865899999625981, 37735.176400000229478 ] } },
{ "type": "Feature", "properties": { "BUS_STOP_N": "18211", "LOC_DESC": "INFINITE STUDIOS" }, "geometry": { "type": "Point", "coordinates": [ 23756.244300000369549, 30445.5777000002563 ] } },
{ "type": "Feature", "properties": { "BUS_STOP_N": "63211", "LOC_DESC": "BLK 138" }, "geometry": { "type": "Point", "coordinates": [ 32723.022199999541044, 38916.838199999183416 ] } },
{ "type": "Feature", "properties": { "BUS_STOP_N": "05349", "LOC_DESC": "SIN MING AVENUE" }, "geometry": { "type": "Point", "coordinates": [ 28113.15639999974519, 38444.349500000476837 ] } },
{ "type": "Feature", "properties": { "BUS_STOP_N": "67999", "LOC_DESC": "BLK 461B" }, "geometry": { "type": "Point", "coordinates": [ 32241.326799999922514, 41875.599999999627471 ] } },
{ "type": "Feature", "properties": { "BUS_STOP_N": "64621", "LOC_DESC": "BLK 565" }, "geometry": { "type": "Point", "coordinates": [ 34109.354299999773502, 40363.383099999278784 ] } },
{ "type": "Feature", "properties": { "BUS_STOP_N": "64629", "LOC_DESC": "OPP BLK 565" }, "geometry": { "type": "Point", "coordinates": [ 34089.41370000038296, 40390.938699999824166 ] } },
{ "type": "Feature", "properties": { "BUS_STOP_N": "67991", "LOC_DESC": "OPP BLK 461B" }, "geometry": { "type": "Point", "coordinates": [ 32252.121799999848008, 41914.716099999845028 ] } },
{ "type": "Feature", "properties": { "BUS_STOP_N": "63271", "LOC_DESC": "BLK 239" }, "geometry": { "type": "Point", "coordinates": [ 34301.740299999713898, 37610.653799999505281 ] } },
{ "type": "Feature", "properties": { "BUS_STOP_N": "53351", "LOC_DESC": "SIN MING AVENUE" }, "geometry": { "type": "Point", "coordinates": [ 27867.544400000013411, 38103.533500000834465 ] } },
{ "type": "Feature", "properties": { "BUS_STOP_N": "74041", "LOC_DESC": "OPP GOLDEN PAGODA TP" }, "geometry": { "type": "Point", "coordinates": [ 38743.277400000020862, 38947.764200000092387 ] } },
{ "type": "Feature", "properties": { "BUS_STOP_N": "74049", "LOC_DESC": "GOLDEN PAGODA TP" }, "geometry": { "type": "Point", "coordinates": [ 38764.791100000031292, 38944.720599999651313 ] } },
{ "type": "Feature", "properties": { "BUS_STOP_N": "45451", "LOC_DESC": "BLK 293" }, "geometry": { "type": "Point", "coordinates": [ 17586.733099999837577, 39984.604399999603629 ] } },
{ "type": "Feature", "properties": { "BUS_STOP_N": "53359", "LOC_DESC": "SIN MING AVENUE" }, "geometry": { "type": "Point", "coordinates": [ 27837.613400000147521, 38147.682499999180436 ] } },
{ "type": "Feature", "properties": { "BUS_STOP_N": "67161", "LOC_DESC": "OPP BLK 101" }, "geometry": { "type": "Point", "coordinates": [ 35334.395600000396371, 40456.165599999949336 ] } },
{ "type": "Feature", "properties": { "BUS_STOP_N": "65339", "LOC_DESC": "BLK 268C" }, "geometry": { "type": "Point", "coordinates": [ 35206.232400000095367, 42785.703900000080466 ] } },
{ "type": "Feature", "properties": { "BUS_STOP_N": "65331", "LOC_DESC": "OPP BLK 268D" }, "geometry": { "type": "Point", "coordinates": [ 35245.605200000107288, 42735.633099999278784 ] } },
{ "type": "Feature", "properties": { "BUS_STOP_N": "84209", "LOC_DESC": "Bedok Resvr Stn Exit B" }, "geometry": { "type": "Point", "coordinates": [ 39129.88150000013411, 35457.748400000855327 ] } },
{ "type": "Feature", "properties": { "BUS_STOP_N": "70281", "LOC_DESC": "AFT TAI SENG STN" }, "geometry": { "type": "Point", "coordinates": [ 34079.163499999791384, 35299.406899999827147 ] } },
{ "type": "Feature", "properties": { "BUS_STOP_N": "77241", "LOC_DESC": "OPP BLK 640" }, "geometry": { "type": "Point", "coordinates": [ 39907.556599999777973, 39696.307099999859929 ] } },
{ "type": "Feature", "properties": { "BUS_STOP_N": "54341", "LOC_DESC": "OPP BLK 504" }, "geometry": { "type": "Point", "coordinates": [ 29611.317200000397861, 39635.838600000366569 ] } },
{ "type": "Feature", "properties": { "BUS_STOP_N": "53341", "LOC_DESC": "SIN MING AVENUE" }, "geometry": { "type": "Point", "coordinates": [ 28035.282399999909103, 38384.658500000834465 ] } },
{ "type": "Feature", "properties": { "BUS_STOP_N": "96429", "LOC_DESC": "CHANGI LODGE 2" }, "geometry": { "type": "Point", "coordinates": [ 46031.25870000012219, 32896.177500000223517 ] } },
{ "type": "Feature", "properties": { "BUS_STOP_N": "96421", "LOC_DESC": "OPP CHANGI LODGE 2" }, "geometry": { "type": "Point", "coordinates": [ 46171.971499999985099, 32879.580199999734759 ] } },
{ "type": "Feature", "properties": { "BUS_STOP_N": "59349", "LOC_DESC": "OPP KHOO TECK PUAT HOSP" }, "geometry": { "type": "Point", "coordinates": [ 28607.390700000338256, 45019.171000000089407 ] } },
{ "type": "Feature", "properties": { "BUS_STOP_N": "54469", "LOC_DESC": "OPP BLK 649" }, "geometry": { "type": "Point", "coordinates": [ 29120.665300000458956, 39908.420499999076128 ] } },
{ "type": "Feature", "properties": { "BUS_STOP_N": "54461", "LOC_DESC": "BLK 649" }, "geometry": { "type": "Point", "coordinates": [ 29116.369400000199676, 39940.269899999722838 ] } },
{ "type": "Feature", "properties": { "BUS_STOP_N": null, "LOC_DESC": null }, "geometry": { "type": "Point", "coordinates": [ 29415.096699999645352, 46088.983799999579787 ] } },
{ "type": "Feature", "properties": { "BUS_STOP_N": "14269", "LOC_DESC": "BLK 10" }, "geometry": { "type": "Point", "coordinates": [ 26517.498300000093877, 28893.689799999818206 ] } },
{ "type": "Feature", "properties": { "BUS_STOP_N": "55201", "LOC_DESC": "AFT BLK 648" }, "geometry": { "type": "Point", "coordinates": [ 29228.28830000013113, 40059.454500000923872 ] } },
{ "type": "Feature", "properties": { "BUS_STOP_N": "64199", "LOC_DESC": "BEF GOLDHILL MEMORIAL CTR" }, "geometry": { "type": "Point", "coordinates": [ 37120.56209999974817, 40108.973099999129772 ] } },
{ "type": "Feature", "properties": { "BUS_STOP_N": "73039", "LOC_DESC": "BEF TAMPINES IND DR" }, "geometry": { "type": "Point", "coordinates": [ 37626.90610000025481, 39796.542099999263883 ] } },
{ "type": "Feature", "properties": { "BUS_STOP_N": "74029", "LOC_DESC": "AFT TAMPINES IND AVE 4" }, "geometry": { "type": "Point", "coordinates": [ 37946.489099999889731, 39138.525100000202656 ] } },
{ "type": "Feature", "properties": { "BUS_STOP_N": "75391", "LOC_DESC": "OPP SILTRONIC" }, "geometry": { "type": "Point", "coordinates": [ 37787.592899999581277, 39673.700099999085069 ] } },
{ "type": "Feature", "properties": { "BUS_STOP_N": "74019", "LOC_DESC": "BEF TAMPINES IND AVE 5" }, "geometry": { "type": "Point", "coordinates": [ 37652.422100000083447, 39575.288100000470877 ] } },
{ "type": "Feature", "properties": { "BUS_STOP_N": "74021", "LOC_DESC": "BEF TAMPINES IND AVE 4" }, "geometry": { "type": "Point", "coordinates": [ 37958.009100000374019, 39174.842299999669194 ] } },
{ "type": "Feature", "properties": { "BUS_STOP_N": "74051", "LOC_DESC": "TAMPINES DORMITORY" }, "geometry": { "type": "Point", "coordinates": [ 38693.288099999539554, 38713.618100000545382 ] } },
{ "type": "Feature", "properties": { "BUS_STOP_N": "50261", "LOC_DESC": "KENTISH LODGE" }, "geometry": { "type": "Point", "coordinates": [ 30214.036299999803305, 33159.863700000569224 ] } },
{ "type": "Feature", "properties": { "BUS_STOP_N": "64181", "LOC_DESC": "BEF TPE" }, "geometry": { "type": "Point", "coordinates": [ 36909.279099999926984, 39839.663100000470877 ] } },
{ "type": "Feature", "properties": { "BUS_STOP_N": "11381", "LOC_DESC": "BLK 10A" }, "geometry": { "type": "Point", "coordinates": [ 23547.829400000162423, 32297.948699999600649 ] } },
{ "type": "Feature", "properties": { "BUS_STOP_N": "11409", "LOC_DESC": "BLK 9" }, "geometry": { "type": "Point", "coordinates": [ 23668.436499999836087, 32227.164100000634789 ] } },
{ "type": "Feature", "properties": { "BUS_STOP_N": "18141", "LOC_DESC": "AFT ANGLO-CHINESE JC" }, "geometry": { "type": "Point", "coordinates": [ 22959.913900000043213, 31846.441999999806285 ] } },
{ "type": "Feature", "properties": { "BUS_STOP_N": "45349", "LOC_DESC": "OPP BLK 604A" }, "geometry": { "type": "Point", "coordinates": [ 18233.373800000175834, 42150.33530000038445 ] } },
{ "type": "Feature", "properties": { "BUS_STOP_N": "45331", "LOC_DESC": "BLK 621" }, "geometry": { "type": "Point", "coordinates": [ 18297.264399999752641, 42330.997199999168515 ] } },
{ "type": "Feature", "properties": { "BUS_STOP_N": "45339", "LOC_DESC": "BLK 625" }, "geometry": { "type": "Point", "coordinates": [ 18283.499400000087917, 42316.951899999752641 ] } },
{ "type": "Feature", "properties": { "BUS_STOP_N": "45351", "LOC_DESC": "BLK 634" }, "geometry": { "type": "Point", "coordinates": [ 18679.403500000014901, 42029.186699999496341 ] } },
{ "type": "Feature", "properties": { "BUS_STOP_N": "45399", "LOC_DESC": "REGENT GR CONDO" }, "geometry": { "type": "Point", "coordinates": [ 18716.615299999713898, 42412.791600000113249 ] } },
{ "type": "Feature", "properties": { "BUS_STOP_N": "45359", "LOC_DESC": "BLK 790" }, "geometry": { "type": "Point", "coordinates": [ 18661.248800000175834, 42008.371799999848008 ] } },
{ "type": "Feature", "properties": { "BUS_STOP_N": "11351", "LOC_DESC": "BLK 13" }, "geometry": { "type": "Point", "coordinates": [ 23120.339399999938905, 32407.294199999421835 ] } },
{ "type": "Feature", "properties": { "BUS_STOP_N": "11199", "LOC_DESC": "BLK 15" }, "geometry": { "type": "Point", "coordinates": [ 23007.620500000193715, 32298.048499999567866 ] } },
{ "type": "Feature", "properties": { "BUS_STOP_N": "11009", "LOC_DESC": "Ghim Moh Ter" }, "geometry": { "type": "Point", "coordinates": [ 23101.343299999833107, 32594.174599999561906 ] } },
{ "type": "Feature", "properties": { "BUS_STOP_N": "45261", "LOC_DESC": "BLK 551" }, "geometry": { "type": "Point", "coordinates": [ 17994.214100000448525, 41779.837799999862909 ] } },
{ "type": "Feature", "properties": { "BUS_STOP_N": "45271", "LOC_DESC": "BLK 560" }, "geometry": { "type": "Point", "coordinates": [ 18201.668300000019372, 41955.316199999302626 ] } },
{ "type": "Feature", "properties": { "BUS_STOP_N": "03222", "LOC_DESC": "HUB SYNERGY PT" }, "geometry": { "type": "Point", "coordinates": [ 29291.468000000342727, 28500.547900000587106 ] } },
{ "type": "Feature", "properties": { "BUS_STOP_N": "10399", "LOC_DESC": "MELATI BLK 2" }, "geometry": { "type": "Point", "coordinates": [ 27642.942999999970198, 28705.86600000038743 ] } },
{ "type": "Feature", "properties": { "BUS_STOP_N": "03569", "LOC_DESC": null }, "geometry": { "type": "Point", "coordinates": [ 30277.552500000223517, 28664.549399999901652 ] } },
{ "type": "Feature", "properties": { "BUS_STOP_N": "03561", "LOC_DESC": null }, "geometry": { "type": "Point", "coordinates": [ 30305.323200000450015, 28673.524100000038743 ] } },
{ "type": "Feature", "properties": { "BUS_STOP_N": "10429", "LOC_DESC": "BLK 54" }, "geometry": { "type": "Point", "coordinates": [ 25838.164099999703467, 30188.39130000025034 ] } },
{ "type": "Feature", "properties": { "BUS_STOP_N": "10431", "LOC_DESC": "ENABLING VILLAGE" }, "geometry": { "type": "Point", "coordinates": [ 25852.052600000053644, 29952.281500000506639 ] } },
{ "type": "Feature", "properties": { "BUS_STOP_N": "05271", "LOC_DESC": "OPP FAIRFIELD METH CH" }, "geometry": { "type": "Point", "coordinates": [ 29168.097199999727309, 29117.575799999758601 ] } },
{ "type": "Feature", "properties": { "BUS_STOP_N": "05259", "LOC_DESC": "AFT KRETA AYER RD" }, "geometry": { "type": "Point", "coordinates": [ 29035.086900000460446, 29124.868899999186397 ] } },
{ "type": "Feature", "properties": { "BUS_STOP_N": "05269", "LOC_DESC": "MAXWELL RD FC" }, "geometry": { "type": "Point", "coordinates": [ 29247.190000000409782, 29255.243699999526143 ] } },
{ "type": "Feature", "properties": { "BUS_STOP_N": "14119", "LOC_DESC": "OPP VIVOCITY" }, "geometry": { "type": "Point", "coordinates": [ 26778.640399999916553, 27606.965500000864267 ] } },
{ "type": "Feature", "properties": { "BUS_STOP_N": "10199", "LOC_DESC": "DELTA SWIM CPLX" }, "geometry": { "type": "Point", "coordinates": [ 26434.386199999600649, 30127.270300000905991 ] } },
{ "type": "Feature", "properties": { "BUS_STOP_N": "10459", "LOC_DESC": "BLK 72" }, "geometry": { "type": "Point", "coordinates": [ 26104.132100000046194, 29997.018899999558926 ] } },
{ "type": "Feature", "properties": { "BUS_STOP_N": "10279", "LOC_DESC": "TANGLIN VIEW" }, "geometry": { "type": "Point", "coordinates": [ 26242.490699999965727, 30437.453099999576807 ] } },
{ "type": "Feature", "properties": { "BUS_STOP_N": "10329", "LOC_DESC": "CRESCENT GIRLS' SCH" }, "geometry": { "type": "Point", "coordinates": [ 26067.674399999901652, 30661.059100000187755 ] } },
{ "type": "Feature", "properties": { "BUS_STOP_N": "21511", "LOC_DESC": "BEF CHIN BEE RD" }, "geometry": { "type": "Point", "coordinates": [ 14367.163499999791384, 35019.552200000733137 ] } },
{ "type": "Feature", "properties": { "BUS_STOP_N": "21519", "LOC_DESC": "AFT CHIN BEE RD" }, "geometry": { "type": "Point", "coordinates": [ 14426.548499999567866, 35023.699300000444055 ] } },
{ "type": "Feature", "properties": { "BUS_STOP_N": "52031", "LOC_DESC": "OPP BLK 998" }, "geometry": { "type": "Point", "coordinates": [ 29887.61600000038743, 36239.252000000327826 ] } },
{ "type": "Feature", "properties": { "BUS_STOP_N": "52369", "LOC_DESC": "BLK 237" }, "geometry": { "type": "Point", "coordinates": [ 30154.377999999560416, 35787.38399999961257 ] } },
{ "type": "Feature", "properties": { "BUS_STOP_N": "52061", "LOC_DESC": "BCA ACAD" }, "geometry": { "type": "Point", "coordinates": [ 30834.666000000201166, 36188.698000000789762 ] } },
{ "type": "Feature", "properties": { "BUS_STOP_N": "93171", "LOC_DESC": "OPP CP D3" }, "geometry": { "type": "Point", "coordinates": [ 38091.912100000306964, 31933.601399999111891 ] } },
{ "type": "Feature", "properties": { "BUS_STOP_N": "93179", "LOC_DESC": "CP D3" }, "geometry": { "type": "Point", "coordinates": [ 38055.441499999724329, 31907.594499999657273 ] } },
{ "type": "Feature", "properties": { "BUS_STOP_N": "52441", "LOC_DESC": "BLK 202" }, "geometry": { "type": "Point", "coordinates": [ 29834.826000000350177, 35888.820000000298023 ] } },
{ "type": "Feature", "properties": { "BUS_STOP_N": "52539", "LOC_DESC": "BLK 210 MKT/FC" }, "geometry": { "type": "Point", "coordinates": [ 30291.275999999605119, 35788.380999999120831 ] } },
{ "type": "Feature", "properties": { "BUS_STOP_N": "52529", "LOC_DESC": "BEF BLK 221" }, "geometry": { "type": "Point", "coordinates": [ 30671.407999999821186, 35947.969000000506639 ] } },
{ "type": "Feature", "properties": { "BUS_STOP_N": "52069", "LOC_DESC": "COMFORTDELGRO CORP LTD" }, "geometry": { "type": "Point", "coordinates": [ 30821.565999999642372, 36139.414000000804663 ] } },
{ "type": "Feature", "properties": { "BUS_STOP_N": "52361", "LOC_DESC": "BLK 1" }, "geometry": { "type": "Point", "coordinates": [ 30187.990000000223517, 35765.337999999523163 ] } },
{ "type": "Feature", "properties": { "BUS_STOP_N": "52051", "LOC_DESC": "BLK 147" }, "geometry": { "type": "Point", "coordinates": [ 30369.766999999992549, 36185.862999999895692 ] } },
{ "type": "Feature", "properties": { "BUS_STOP_N": "52059", "LOC_DESC": "BLK 219" }, "geometry": { "type": "Point", "coordinates": [ 30565.451000000350177, 36133.151000000536442 ] } },
{ "type": "Feature", "properties": { "BUS_STOP_N": "52359", "LOC_DESC": "BLK 52" }, "geometry": { "type": "Point", "coordinates": [ 30155.063000000081956, 35636.901000000536442 ] } },
{ "type": "Feature", "properties": { "BUS_STOP_N": "52351", "LOC_DESC": "BLK 2" }, "geometry": { "type": "Point", "coordinates": [ 30206.649000000208616, 35630.062000000849366 ] } },
{ "type": "Feature", "properties": { "BUS_STOP_N": "76041", "LOC_DESC": "BLK 842C" }, "geometry": { "type": "Point", "coordinates": [ 39467.537800000049174, 37004.458100000396371 ] } },
{ "type": "Feature", "properties": { "BUS_STOP_N": "61111", "LOC_DESC": "BLK 114B" }, "geometry": { "type": "Point", "coordinates": [ 32313.278800000436604, 35289.449500000104308 ] } },
{ "type": "Feature", "properties": { "BUS_STOP_N": "75129", "LOC_DESC": "DARUL GHUFRAN MQUE" }, "geometry": { "type": "Point", "coordinates": [ 39785.511699999682605, 37528.380799999460578 ] } },
{ "type": "Feature", "properties": { "BUS_STOP_N": "76119", "LOC_DESC": "OPP BLK 945" }, "geometry": { "type": "Point", "coordinates": [ 39891.539800000376999, 37113.069900000467896 ] } },
{ "type": "Feature", "properties": { "BUS_STOP_N": "76059", "LOC_DESC": "OPP OUR TAMPINES HUB" }, "geometry": { "type": "Point", "coordinates": [ 40055.186599999666214, 37237.447200000286102 ] } },
{ "type": "Feature", "properties": { "BUS_STOP_N": "76051", "LOC_DESC": "OUR TAMPINES HUB" }, "geometry": { "type": "Point", "coordinates": [ 40017.386300000362098, 37250.131100000813603 ] } },
{ "type": "Feature", "properties": { "BUS_STOP_N": "76111", "LOC_DESC": "BLK 945" }, "geometry": { "type": "Point", "coordinates": [ 39905.197399999946356, 37074.250099999830127 ] } },
{ "type": "Feature", "properties": { "BUS_STOP_N": "67389", "LOC_DESC": "BLK 317B" }, "geometry": { "type": "Point", "coordinates": [ 34154.950199999846518, 41795.170199999585748 ] } },
{ "type": "Feature", "properties": { "BUS_STOP_N": "54199", "LOC_DESC": "BEF MAYFLOWER STN EXIT 3" }, "geometry": { "type": "Point", "coordinates": [ 28479.277499999850988, 39581.275800000876188 ] } },
{ "type": "Feature", "properties": { "BUS_STOP_N": "80289", "LOC_DESC": "SIMS PL TER" }, "geometry": { "type": "Point", "coordinates": [ 33128.133200000040233, 33150.076999999582767 ] } },
{ "type": "Feature", "properties": { "BUS_STOP_N": "68141", "LOC_DESC": "OPP JTC AVIATION TWO" }, "geometry": { "type": "Point", "coordinates": [ 31402.516699999570847, 44553.557099999859929 ] } },
{ "type": "Feature", "properties": { "BUS_STOP_N": "72019", "LOC_DESC": "OPP BLK 322" }, "geometry": { "type": "Point", "coordinates": [ 36034.757000000216067, 34550.412000000476837 ] } },
{ "type": "Feature", "properties": { "BUS_STOP_N": "18021", "LOC_DESC": "OPP TEMPCO MFG" }, "geometry": { "type": "Point", "coordinates": [ 23063.185300000011921, 30977.343100000172853 ] } },
{ "type": "Feature", "properties": { "BUS_STOP_N": "83351", "LOC_DESC": "GROSVENOR VIEW" }, "geometry": { "type": "Point", "coordinates": [ 36774.245000000111759, 34436.107999999076128 ] } },
{ "type": "Feature", "properties": { "BUS_STOP_N": "27251", "LOC_DESC": "ACADEMIC BLDG STH" }, "geometry": { "type": "Point", "coordinates": [ 11325.231900000013411, 36062.823000000789762 ] } },
{ "type": "Feature", "properties": { "BUS_STOP_N": "11059", "LOC_DESC": "QUEENSTOWN POLYCLINIC" }, "geometry": { "type": "Point", "coordinates": [ 24376.182699999772012, 31218.472599999979138 ] } },
{ "type": "Feature", "properties": { "BUS_STOP_N": "67041", "LOC_DESC": "OPP THE GREENWICH" }, "geometry": { "type": "Point", "coordinates": [ 32127.096400000154972, 41103.935599999502301 ] } },
{ "type": "Feature", "properties": { "BUS_STOP_N": "18249", "LOC_DESC": "SCIENCE PARK DRIVE" }, "geometry": { "type": "Point", "coordinates": [ 22871.271399999968708, 30352.513499999418855 ] } },
{ "type": "Feature", "properties": { "BUS_STOP_N": "10017", "LOC_DESC": "AFT HOSP DR" }, "geometry": { "type": "Point", "coordinates": [ 28495.411700000055134, 28984.294900000095367 ] } },
{ "type": "Feature", "properties": { "BUS_STOP_N": "53049", "LOC_DESC": "Upp Thomson Road" }, "geometry": { "type": "Point", "coordinates": [ 28114.129399999976158, 37290.666500000283122 ] } },
{ "type": "Feature", "properties": { "BUS_STOP_N": "53041", "LOC_DESC": "Upp Thomson Road" }, "geometry": { "type": "Point", "coordinates": [ 28105.799399999901652, 37246.764499999582767 ] } },
{ "type": "Feature", "properties": { "BUS_STOP_N": "53059", "LOC_DESC": "Upp Thomson Road" }, "geometry": { "type": "Point", "coordinates": [ 27807.512400000356138, 37495.413499999791384 ] } },
{ "type": "Feature", "properties": { "BUS_STOP_N": "53041", "LOC_DESC": "Upp Thomson Road" }, "geometry": { "type": "Point", "coordinates": [ 27956.341400000266731, 37379.291500000283122 ] } },
{ "type": "Feature", "properties": { "BUS_STOP_N": "53179", "LOC_DESC": "SIN MING PLAZA" }, "geometry": { "type": "Point", "coordinates": [ 28272.210500000044703, 37229.826899999752641 ] } },
{ "type": "Feature", "properties": { "BUS_STOP_N": "65671", "LOC_DESC": "PUNGGOL COVE PRI SCH" }, "geometry": { "type": "Point", "coordinates": [ 35284.184700000099838, 43675.026900000870228 ] } },
{ "type": "Feature", "properties": { "BUS_STOP_N": "47189", "LOC_DESC": "TAK PRODUCTS & SVCS" }, "geometry": { "type": "Point", "coordinates": [ 24429.716199999675155, 48950.29700000025332 ] } },
{ "type": "Feature", "properties": { "BUS_STOP_N": "24519", "LOC_DESC": "GUL CIRCLE STN EXIT B" }, "geometry": { "type": "Point", "coordinates": [ 8686.750099999830127, 33486.030300000682473 ] } },
{ "type": "Feature", "properties": { "BUS_STOP_N": "65679", "LOC_DESC": "OPP PUNGGOL COVE PRI SCH" }, "geometry": { "type": "Point", "coordinates": [ 35299.332399999722838, 43648.29619999974966 ] } },
{ "type": "Feature", "properties": { "BUS_STOP_N": "11289", "LOC_DESC": "OPP TAN BOON CHONG AVE" }, "geometry": { "type": "Point", "coordinates": [ 23077.057500000111759, 33160.908700000494719 ] } },
{ "type": "Feature", "properties": { "BUS_STOP_N": "23071", "LOC_DESC": "OPP SAFTI MILITARY INST" }, "geometry": { "type": "Point", "coordinates": [ 11220.321600000374019, 34666.08420000039041 ] } },
{ "type": "Feature", "properties": { "BUS_STOP_N": "44529", "LOC_DESC": "BLK 410" }, "geometry": { "type": "Point", "coordinates": [ 17817.492999999783933, 40285.591199999675155 ] } },
{ "type": "Feature", "properties": { "BUS_STOP_N": "41079", "LOC_DESC": "NATL JC" }, "geometry": { "type": "Point", "coordinates": [ 24640.715499999932945, 34616.939699999988079 ] } },
{ "type": "Feature", "properties": { "BUS_STOP_N": "68149", "LOC_DESC": "ST AEROSPACE" }, "geometry": { "type": "Point", "coordinates": [ 31321.880199999548495, 44383.311499999836087 ] } },
{ "type": "Feature", "properties": { "BUS_STOP_N": "44249", "LOC_DESC": "BLK 174" }, "geometry": { "type": "Point", "coordinates": [ 20568.093700000084937, 40274.730100000277162 ] } },
{ "type": "Feature", "properties": { "BUS_STOP_N": "59631", "LOC_DESC": "OPP BLK 445" }, "geometry": { "type": "Point", "coordinates": [ 29189.791000000201166, 45012.711500000208616 ] } },
{ "type": "Feature", "properties": { "BUS_STOP_N": "78049", "LOC_DESC": "BLK 612" }, "geometry": { "type": "Point", "coordinates": [ 40091.448200000450015, 39599.177600000053644 ] } },
{ "type": "Feature", "properties": { "BUS_STOP_N": "18309", "LOC_DESC": "BLK S17" }, "geometry": { "type": "Point", "coordinates": [ 22225.095900000073016, 31098.858799999579787 ] } },
{ "type": "Feature", "properties": { "BUS_STOP_N": "59579", "LOC_DESC": "BLK 456" }, "geometry": { "type": "Point", "coordinates": [ 29180.05460000038147, 44664.287100000306964 ] } },
{ "type": "Feature", "properties": { "BUS_STOP_N": "28309", "LOC_DESC": "INTL BUSINESS PK" }, "geometry": { "type": "Point", "coordinates": [ 18267.495699999853969, 34274.908999999985099 ] } },
{ "type": "Feature", "properties": { "BUS_STOP_N": "65099", "LOC_DESC": "BLK 604A" }, "geometry": { "type": "Point", "coordinates": [ 36216.581899999640882, 42926.079500000923872 ] } },
{ "type": "Feature", "properties": { "BUS_STOP_N": "43051", "LOC_DESC": "OPP THE RAIL MALL" }, "geometry": { "type": "Point", "coordinates": [ 20601.037999999709427, 38062.202800000086427 ] } },
{ "type": "Feature", "properties": { "BUS_STOP_N": "28321", "LOC_DESC": "BLK 239" }, "geometry": { "type": "Point", "coordinates": [ 17717.058000000193715, 35939.79109999909997 ] } },
{ "type": "Feature", "properties": { "BUS_STOP_N": "78261", "LOC_DESC": "OPP RIPPLE BAY" }, "geometry": { "type": "Point", "coordinates": [ 42187.958100000396371, 40076.285099999979138 ] } },
{ "type": "Feature", "properties": { "BUS_STOP_N": "66509", "LOC_DESC": "BLK 546" }, "geometry": { "type": "Point", "coordinates": [ 32089.210799999535084, 39699.278999999165535 ] } },
{ "type": "Feature", "properties": { "BUS_STOP_N": "47621", "LOC_DESC": "AFT GAMBAS AVE" }, "geometry": { "type": "Point", "coordinates": [ 25391.923499999567866, 47618.051599999889731 ] } },
{ "type": "Feature", "properties": { "BUS_STOP_N": "20271", "LOC_DESC": "OPP GERMAN CTR" }, "geometry": { "type": "Point", "coordinates": [ 18233.44539999961853, 34141.27930000051856 ] } },
{ "type": "Feature", "properties": { "BUS_STOP_N": "20021", "LOC_DESC": "NEWEST" }, "geometry": { "type": "Point", "coordinates": [ 19599.75, 33228.82799999974668 ] } },
{ "type": "Feature", "properties": { "BUS_STOP_N": "28301", "LOC_DESC": "BLK 131" }, "geometry": { "type": "Point", "coordinates": [ 17649.566599999554455, 35233.002299999818206 ] } },
{ "type": "Feature", "properties": { "BUS_STOP_N": "66231", "LOC_DESC": "BEF HUDDINGTON AVE" }, "geometry": { "type": "Point", "coordinates": [ 31464.018799999728799, 39107.630599999800324 ] } },
{ "type": "Feature", "properties": { "BUS_STOP_N": "59073", "LOC_DESC": "OPP YISHUN STN" }, "geometry": { "type": "Point", "coordinates": [ 28236.824500000104308, 45594.26659999974072 ] } },
{ "type": "Feature", "properties": { "BUS_STOP_N": "24539", "LOC_DESC": "DUNDEE MARINE" }, "geometry": { "type": "Point", "coordinates": [ 8211.954400000162423, 31924.108300000429153 ] } },
{ "type": "Feature", "properties": { "BUS_STOP_N": "46441", "LOC_DESC": "BLK 816" }, "geometry": { "type": "Point", "coordinates": [ 23143.266900000162423, 47097.652200000360608 ] } },
{ "type": "Feature", "properties": { "BUS_STOP_N": "10389", "LOC_DESC": "BLK 48" }, "geometry": { "type": "Point", "coordinates": [ 27156.674100000411272, 30126.308700000867248 ] } },
{ "type": "Feature", "properties": { "BUS_STOP_N": "54241", "LOC_DESC": "BLK 700B" }, "geometry": { "type": "Point", "coordinates": [ 29446.14989999961108, 39016.343499999493361 ] } },
{ "type": "Feature", "properties": { "BUS_STOP_N": "64391", "LOC_DESC": "BLK 831" }, "geometry": { "type": "Point", "coordinates": [ 34282.890599999576807, 39276.738099999725819 ] } },
{ "type": "Feature", "properties": { "BUS_STOP_N": "59159", "LOC_DESC": "OPP YISHUN STN EXIT B" }, "geometry": { "type": "Point", "coordinates": [ 28130.581000000238419, 45808.78999999910593 ] } },
{ "type": "Feature", "properties": { "BUS_STOP_N": "59141", "LOC_DESC": "BLK 741" }, "geometry": { "type": "Point", "coordinates": [ 27939.435200000181794, 45783.314400000497699 ] } },
{ "type": "Feature", "properties": { "BUS_STOP_N": "43541", "LOC_DESC": "BLK 510" }, "geometry": { "type": "Point", "coordinates": [ 19278.838700000196695, 37227.631799999624491 ] } },
{ "type": "Feature", "properties": { "BUS_STOP_N": "59169", "LOC_DESC": "BET BLKS 201/202" }, "geometry": { "type": "Point", "coordinates": [ 28492.773599999956787, 45796.909199999645352 ] } },
{ "type": "Feature", "properties": { "BUS_STOP_N": "54401", "LOC_DESC": "BLK 522" }, "geometry": { "type": "Point", "coordinates": [ 30043.720999999903142, 39436.971999999135733 ] } },
{ "type": "Feature", "properties": { "BUS_STOP_N": "58501", "LOC_DESC": "BLK 592A" }, "geometry": { "type": "Point", "coordinates": [ 27309.979399999603629, 48036.199599999934435 ] } },
{ "type": "Feature", "properties": { "BUS_STOP_N": "59091", "LOC_DESC": "BLK 154" }, "geometry": { "type": "Point", "coordinates": [ 28199.071999999694526, 45938.380999999120831 ] } },
{ "type": "Feature", "properties": { "BUS_STOP_N": "59099", "LOC_DESC": "BLK 220" }, "geometry": { "type": "Point", "coordinates": [ 28211.278400000184774, 46056.688799999654293 ] } },
{ "type": "Feature", "properties": { "BUS_STOP_N": "64559", "LOC_DESC": "BLK 830A" }, "geometry": { "type": "Point", "coordinates": [ 34404.027200000360608, 39191.01410000026226 ] } },
{ "type": "Feature", "properties": { "BUS_STOP_N": "60241", "LOC_DESC": "BLK 1" }, "geometry": { "type": "Point", "coordinates": [ 31144.892699999734759, 33995.220799999311566 ] } },
{ "type": "Feature", "properties": { "BUS_STOP_N": "40369", "LOC_DESC": "BLK 464A" }, "geometry": { "type": "Point", "coordinates": [ 17772.044599999673665, 37734.246999999508262 ] } },
{ "type": "Feature", "properties": { "BUS_STOP_N": "58059", "LOC_DESC": "OPP BLK 592C" }, "geometry": { "type": "Point", "coordinates": [ 27479.35329999960959, 48044.082399999722838 ] } },
{ "type": "Feature", "properties": { "BUS_STOP_N": "64399", "LOC_DESC": "BLK 512" }, "geometry": { "type": "Point", "coordinates": [ 34220.071899999864399, 39241.939300000667572 ] } },
{ "type": "Feature", "properties": { "BUS_STOP_N": "60199", "LOC_DESC": "BOON KENG STN / BLK 22" }, "geometry": { "type": "Point", "coordinates": [ 31114.46750000026077, 33360.360999999567866 ] } },
{ "type": "Feature", "properties": { "BUS_STOP_N": "55169", "LOC_DESC": "OPP YIO CHU KANG CC" }, "geometry": { "type": "Point", "coordinates": [ 28852.224000000394881, 40355.162299999967217 ] } },
{ "type": "Feature", "properties": { "BUS_STOP_N": "43549", "LOC_DESC": "REGENT HTS" }, "geometry": { "type": "Point", "coordinates": [ 19320.258600000292063, 37201.306700000539422 ] } },
{ "type": "Feature", "properties": { "BUS_STOP_N": "10359", "LOC_DESC": "OPP BLK 95C" }, "geometry": { "type": "Point", "coordinates": [ 26801.535299999639392, 29955.169900000095367 ] } },
{ "type": "Feature", "properties": { "BUS_STOP_N": "20201", "LOC_DESC": "BEF BLK 39" }, "geometry": { "type": "Point", "coordinates": [ 17993.244699999690056, 33722.118699999526143 ] } },
{ "type": "Feature", "properties": { "BUS_STOP_N": "43629", "LOC_DESC": "ST. ANDREW'S MISSION CHURCH" }, "geometry": { "type": "Point", "coordinates": [ 19745.980999999679625, 36053.227600000798702 ] } },
{ "type": "Feature", "properties": { "BUS_STOP_N": "78149", "LOC_DESC": "NTUC HEALTH PASIR RIS" }, "geometry": { "type": "Point", "coordinates": [ 42563.203999999910593, 39073.441999999806285 ] } },
{ "type": "Feature", "properties": { "BUS_STOP_N": "66351", "LOC_DESC": "S'GOON STN EXIT E" }, "geometry": { "type": "Point", "coordinates": [ 32436.529000000096858, 36963.598300000652671 ] } },
{ "type": "Feature", "properties": { "BUS_STOP_N": "52479", "LOC_DESC": "Opp EAIM" }, "geometry": { "type": "Point", "coordinates": [ 29406.230299999937415, 34414.497400000691414 ] } },
{ "type": "Feature", "properties": { "BUS_STOP_N": "10351", "LOC_DESC": "BLK 95B" }, "geometry": { "type": "Point", "coordinates": [ 26749.873399999924004, 29914.406999999657273 ] } },
{ "type": "Feature", "properties": { "BUS_STOP_N": "19041", "LOC_DESC": "OPP SCH OF SCIENCE & TECH" }, "geometry": { "type": "Point", "coordinates": [ 21581.404900000430644, 32734.228900000452995 ] } },
{ "type": "Feature", "properties": { "BUS_STOP_N": "98119", "LOC_DESC": "LOYANG PT / OPP BLK 256" }, "geometry": { "type": "Point", "coordinates": [ 42579.751799999736249, 38801.066099999472499 ] } },
{ "type": "Feature", "properties": { "BUS_STOP_N": "78141", "LOC_DESC": "BLK 249" }, "geometry": { "type": "Point", "coordinates": [ 42503.967000000178814, 39130.601999999955297 ] } },
{ "type": "Feature", "properties": { "BUS_STOP_N": "97301", "LOC_DESC": "AFT CHANGI NTH ST 1" }, "geometry": { "type": "Point", "coordinates": [ 43210.273599999956787, 37121.664100000634789 ] } },
{ "type": "Feature", "properties": { "BUS_STOP_N": "19049", "LOC_DESC": "SCH OF SCIENCE & TECH" }, "geometry": { "type": "Point", "coordinates": [ 21410.456699999980628, 32762.514000000432134 ] } },
{ "type": "Feature", "properties": { "BUS_STOP_N": "43381", "LOC_DESC": "BLK 102" }, "geometry": { "type": "Point", "coordinates": [ 18455.853600000031292, 36565.254399999976158 ] } },
{ "type": "Feature", "properties": { "BUS_STOP_N": "76521", "LOC_DESC": "OPP BLK 519A" }, "geometry": { "type": "Point", "coordinates": [ 39955.795199999585748, 37741.130899999290705 ] } },
{ "type": "Feature", "properties": { "BUS_STOP_N": "53021", "LOC_DESC": "LAKEVIEW EST" }, "geometry": { "type": "Point", "coordinates": [ 28338.940399999730289, 36887.27449999935925 ] } },
{ "type": "Feature", "properties": { "BUS_STOP_N": "53029", "LOC_DESC": "SHUNFU EST" }, "geometry": { "type": "Point", "coordinates": [ 28451.280399999581277, 36817.288499999791384 ] } },
{ "type": "Feature", "properties": { "BUS_STOP_N": "67551", "LOC_DESC": "BLK 471A" }, "geometry": { "type": "Point", "coordinates": [ 33232.462299999780953, 41973.908399999141693 ] } },
{ "type": "Feature", "properties": { "BUS_STOP_N": "43181", "LOC_DESC": "KEMING PR SCH" }, "geometry": { "type": "Point", "coordinates": [ 19482.70339999999851, 36516.448499999940395 ] } },
{ "type": "Feature", "properties": { "BUS_STOP_N": "93121", "LOC_DESC": "OPP SEKOLAH INDONESIA" }, "geometry": { "type": "Point", "coordinates": [ 38205.247100000269711, 32579.315099999308586 ] } },
{ "type": "Feature", "properties": { "BUS_STOP_N": "21241", "LOC_DESC": "BLK 216 CP" }, "geometry": { "type": "Point", "coordinates": [ 14543.426199999637902, 36877.744599999859929 ] } },
{ "type": "Feature", "properties": { "BUS_STOP_N": "07369", "LOC_DESC": "aft Kaalang Bahru" }, "geometry": { "type": "Point", "coordinates": [ 31248.908999999985099, 32617.501000000163913 ] } },
{ "type": "Feature", "properties": { "BUS_STOP_N": "63309", "LOC_DESC": "BLK 126" }, "geometry": { "type": "Point", "coordinates": [ 33846.892500000074506, 37125.520199999213219 ] } },
{ "type": "Feature", "properties": { "BUS_STOP_N": "16159", "LOC_DESC": "COLL OF DESIGN & ENGRG" }, "geometry": { "type": "Point", "coordinates": [ 20970.388500000350177, 31432.232300000265241 ] } },
{ "type": "Feature", "properties": { "BUS_STOP_N": "77379", "LOC_DESC": "BLK 586" }, "geometry": { "type": "Point", "coordinates": [ 40767.059200000017881, 39642.747600000351667 ] } },
{ "type": "Feature", "properties": { "BUS_STOP_N": "65371", "LOC_DESC": "BLK 682A" }, "geometry": { "type": "Point", "coordinates": [ 37238.855700000189245, 42769.377000000327826 ] } },
{ "type": "Feature", "properties": { "BUS_STOP_N": "83063", "LOC_DESC": "THE BUDDHIST UNION" }, "geometry": { "type": "Point", "coordinates": [ 37061.030500000342727, 33715.879799999296665 ] } },
{ "type": "Feature", "properties": { "BUS_STOP_N": "47121", "LOC_DESC": "OPP LIAN AIK SIONG MACHINERY" }, "geometry": { "type": "Point", "coordinates": [ 24593.203599999658763, 49485.441899999976158 ] } },
{ "type": "Feature", "properties": { "BUS_STOP_N": "78099", "LOC_DESC": "AFT LOYANG GDNS" }, "geometry": { "type": "Point", "coordinates": [ 41759.097900000400841, 39951.342199999839067 ] } },
{ "type": "Feature", "properties": { "BUS_STOP_N": "65181", "LOC_DESC": "AFT PUNGGOL CTRL" }, "geometry": { "type": "Point", "coordinates": [ 37372.328099999576807, 42079.210100000724196 ] } },
{ "type": "Feature", "properties": { "BUS_STOP_N": "62149", "LOC_DESC": "FOREST WOODS" }, "geometry": { "type": "Point", "coordinates": [ 32749.053600000217557, 37091.644400000572205 ] } },
{ "type": "Feature", "properties": { "BUS_STOP_N": "83062", "LOC_DESC": "KEMBANGAN STN" }, "geometry": { "type": "Point", "coordinates": [ 36915.791899999603629, 33694.42200000025332 ] } },
{ "type": "Feature", "properties": { "BUS_STOP_N": "96079", "LOC_DESC": "ITE COLL EAST TEC BLK" }, "geometry": { "type": "Point", "coordinates": [ 41369.384499999694526, 35284.255799999460578 ] } },
{ "type": "Feature", "properties": { "BUS_STOP_N": "67719", "LOC_DESC": "OPP SENGKANG FIRE STN" }, "geometry": { "type": "Point", "coordinates": [ 34895.887400000356138, 40190.623700000345707 ] } },
{ "type": "Feature", "properties": { "BUS_STOP_N": "65379", "LOC_DESC": "BLK 661A" }, "geometry": { "type": "Point", "coordinates": [ 37252.229100000113249, 42744.511199999600649 ] } },
{ "type": "Feature", "properties": { "BUS_STOP_N": "19099", "LOC_DESC": "OPP S'PORE POLY" }, "geometry": { "type": "Point", "coordinates": [ 22276.337799999862909, 32142.424499999731779 ] } },
{ "type": "Feature", "properties": { "BUS_STOP_N": "65399", "LOC_DESC": "BLK 670A" }, "geometry": { "type": "Point", "coordinates": [ 36814.45230000000447, 43051.116200000047684 ] } },
{ "type": "Feature", "properties": { "BUS_STOP_N": "83031", "LOC_DESC": "OPP HONG SAN SI TP" }, "geometry": { "type": "Point", "coordinates": [ 36534.453200000338256, 33613.254200000315905 ] } },
{ "type": "Feature", "properties": { "BUS_STOP_N": "77141", "LOC_DESC": "BLK 519" }, "geometry": { "type": "Point", "coordinates": [ 40459.026100000366569, 39536.43779999949038 ] } },
{ "type": "Feature", "properties": { "BUS_STOP_N": "96119", "LOC_DESC": "ITE COLL EAST ADM BLK" }, "geometry": { "type": "Point", "coordinates": [ 41413.865600000135601, 35094.158700000494719 ] } },
{ "type": "Feature", "properties": { "BUS_STOP_N": "41111", "LOC_DESC": "LUTHERAN TWRS" }, "geometry": { "type": "Point", "coordinates": [ 25612.564000000245869, 33676.555600000545382 ] } },
{ "type": "Feature", "properties": { "BUS_STOP_N": "65461", "LOC_DESC": "BLK 312 CP" }, "geometry": { "type": "Point", "coordinates": [ 35597.065600000321865, 43508.680600000545382 ] } },
{ "type": "Feature", "properties": { "BUS_STOP_N": "58251", "LOC_DESC": "SUN PLAZA/SEMBAWANG STN" }, "geometry": { "type": "Point", "coordinates": [ 26401.785899999551475, 47747.093299999833107 ] } },
{ "type": "Feature", "properties": { "BUS_STOP_N": "77329", "LOC_DESC": "BEF PASIR RIS ST 53" }, "geometry": { "type": "Point", "coordinates": [ 40765.350200000219047, 39452.182000000029802 ] } },
{ "type": "Feature", "properties": { "BUS_STOP_N": "67629", "LOC_DESC": "BLK 557" }, "geometry": { "type": "Point", "coordinates": [ 34378.116799999959767, 40246.126599999144673 ] } },
{ "type": "Feature", "properties": { "BUS_STOP_N": "65391", "LOC_DESC": "BLK 672A" }, "geometry": { "type": "Point", "coordinates": [ 36813.686300000175834, 43090.157400000840425 ] } },
{ "type": "Feature", "properties": { "BUS_STOP_N": "47129", "LOC_DESC": "LIAN AIK SIONG MACHINERY" }, "geometry": { "type": "Point", "coordinates": [ 24625.813699999824166, 49470.662299999967217 ] } },
{ "type": "Feature", "properties": { "BUS_STOP_N": "07211", "LOC_DESC": "AFT FARRER PK STN EXIT G" }, "geometry": { "type": "Point", "coordinates": [ 30555.192699999548495, 32813.037000000476837 ] } },
{ "type": "Feature", "properties": { "BUS_STOP_N": "58291", "LOC_DESC": "BLK 317" }, "geometry": { "type": "Point", "coordinates": [ 26511.004999999888241, 47501.557000000029802 ] } },
{ "type": "Feature", "properties": { "BUS_STOP_N": "77329", "LOC_DESC": "Pasir Ris Central" }, "geometry": { "type": "Point", "coordinates": [ 40728.148400000296533, 39438.152200000360608 ] } },
{ "type": "Feature", "properties": { "BUS_STOP_N": "75079", "LOC_DESC": "BLK 819" }, "geometry": { "type": "Point", "coordinates": [ 39539.289300000295043, 36747.377100000157952 ] } },
{ "type": "Feature", "properties": { "BUS_STOP_N": "77029", "LOC_DESC": "BLK 571" }, "geometry": { "type": "Point", "coordinates": [ 40553.486899999901652, 39411.746999999508262 ] } },
{ "type": "Feature", "properties": { "BUS_STOP_N": "96319", "LOC_DESC": "Yusen Logistics" }, "geometry": { "type": "Point", "coordinates": [ 42187.23450000025332, 34995.780500000342727 ] } },
{ "type": "Feature", "properties": { "BUS_STOP_N": "96319", "LOC_DESC": "YUSEN LOGISTICS" }, "geometry": { "type": "Point", "coordinates": [ 42187.23450000025332, 34995.780500000342727 ] } },
{ "type": "Feature", "properties": { "BUS_STOP_N": "16101", "LOC_DESC": "INST OF MICROELECTRONICS" }, "geometry": { "type": "Point", "coordinates": [ 22037.699799999594688, 30184.304400000721216 ] } },
{ "type": "Feature", "properties": { "BUS_STOP_N": "96269", "LOC_DESC": "BLK 146" }, "geometry": { "type": "Point", "coordinates": [ 41639.355399999767542, 36271.288699999451637 ] } },
{ "type": "Feature", "properties": { "BUS_STOP_N": "50321", "LOC_DESC": "AFT GLOUCESTER RD" }, "geometry": { "type": "Point", "coordinates": [ 29942.34389999974519, 32887.182099999859929 ] } },
{ "type": "Feature", "properties": { "BUS_STOP_N": "25059", "LOC_DESC": "AFT TUAS STH BLVD" }, "geometry": { "type": "Point", "coordinates": [ 3970.121600000187755, 28063.280799999833107 ] } },
{ "type": "Feature", "properties": { "BUS_STOP_N": "21529", "LOC_DESC": "AFT THIRD CHIN BEE RD" }, "geometry": { "type": "Point", "coordinates": [ 14835.830000000074506, 35143.699300000444055 ] } },
{ "type": "Feature", "properties": { "BUS_STOP_N": "02029", "LOC_DESC": "AFT ESPLANADE STN EXIT D" }, "geometry": { "type": "Point", "coordinates": [ 30176.568799999542534, 30128.059499999508262 ] } },
{ "type": "Feature", "properties": { "BUS_STOP_N": "11389", "LOC_DESC": "BUONA VISTA CC" }, "geometry": { "type": "Point", "coordinates": [ 23504.422899999655783, 32372.398000000044703 ] } },
{ "type": "Feature", "properties": { "BUS_STOP_N": "52011", "LOC_DESC": "OPP RAFFLE'S GIRLS' SCH" }, "geometry": { "type": "Point", "coordinates": [ 29042.442999999970198, 36346.508300000801682 ] } },
{ "type": "Feature", "properties": { "BUS_STOP_N": "52019", "LOC_DESC": "RAFFLE'S GIRLS' SCH" }, "geometry": { "type": "Point", "coordinates": [ 29141.516900000162423, 36235.032600000500679 ] } },
{ "type": "Feature", "properties": { "BUS_STOP_N": "92181", "LOC_DESC": "I12 KATONG" }, "geometry": { "type": "Point", "coordinates": [ 36011.618200000375509, 31965.516200000420213 ] } },
{ "type": "Feature", "properties": { "BUS_STOP_N": "52231", "LOC_DESC": "BLK 79C" }, "geometry": { "type": "Point", "coordinates": [ 29692.700699999928474, 35171.398600000888109 ] } },
{ "type": "Feature", "properties": { "BUS_STOP_N": "13079", "LOC_DESC": "GREAT WORLD STN EXIT 4" }, "geometry": { "type": "Point", "coordinates": [ 27910.909599999897182, 30950.895999999716878 ] } },
{ "type": "Feature", "properties": { "BUS_STOP_N": "65439", "LOC_DESC": "BLK 220C" }, "geometry": { "type": "Point", "coordinates": [ 35006.104299999773502, 42610.87529999949038 ] } },
{ "type": "Feature", "properties": { "BUS_STOP_N": "77339", "LOC_DESC": "OPP BLK 756" }, "geometry": { "type": "Point", "coordinates": [ 39074.554100000299513, 40009.412799999117851 ] } },
{ "type": "Feature", "properties": { "BUS_STOP_N": "62121", "LOC_DESC": "AFT WOLSKEL RD" }, "geometry": { "type": "Point", "coordinates": [ 32260.957000000402331, 36559.438999999314547 ] } },
{ "type": "Feature", "properties": { "BUS_STOP_N": "16199", "LOC_DESC": "BEF ARCHITECTURE DR" }, "geometry": { "type": "Point", "coordinates": [ 21040.836199999786913, 30977.121799999848008 ] } },
{ "type": "Feature", "properties": { "BUS_STOP_N": "96149", "LOC_DESC": "SIMEI STN / BLK 247" }, "geometry": { "type": "Point", "coordinates": [ 41326.57079999987036, 36280.247300000861287 ] } },
{ "type": "Feature", "properties": { "BUS_STOP_N": "16149", "LOC_DESC": "SDE3" }, "geometry": { "type": "Point", "coordinates": [ 20946.588999999687076, 31124.817999999970198 ] } },
{ "type": "Feature", "properties": { "BUS_STOP_N": "56021", "LOC_DESC": "OPP SEMBAWANG HILLS FC" }, "geometry": { "type": "Point", "coordinates": [ 27457.24890000000596, 39390.350999999791384 ] } },
{ "type": "Feature", "properties": { "BUS_STOP_N": "16191", "LOC_DESC": "AFT KENT RIDGE DR" }, "geometry": { "type": "Point", "coordinates": [ 20990.206000000238419, 30945.042899999767542 ] } },
{ "type": "Feature", "properties": { "BUS_STOP_N": "54371", "LOC_DESC": "BLK 409 MKT / FC" }, "geometry": { "type": "Point", "coordinates": [ 30491.479299999773502, 38280.58530000038445 ] } },
{ "type": "Feature", "properties": { "BUS_STOP_N": "27241", "LOC_DESC": "SPMS\r\n" }, "geometry": { "type": "Point", "coordinates": [ 11010.225999999791384, 35776.306399999186397 ] } },
{ "type": "Feature", "properties": { "BUS_STOP_N": "95011", "LOC_DESC": "AFT AIRCRAFT FLYOVER" }, "geometry": { "type": "Point", "coordinates": [ 44721.576399999670684, 36478.687999999150634 ] } },
{ "type": "Feature", "properties": { "BUS_STOP_N": "65481", "LOC_DESC": "OPP ONE PUNGGOL" }, "geometry": { "type": "Point", "coordinates": [ 36099.232900000177324, 43404.537100000306964 ] } },
{ "type": "Feature", "properties": { "BUS_STOP_N": "25561", "LOC_DESC": "AFT TUAS CRES" }, "geometry": { "type": "Point", "coordinates": [ 6211.699099999852479, 33389.010900000110269 ] } },
{ "type": "Feature", "properties": { "BUS_STOP_N": "25569", "LOC_DESC": "BEF TUAS CRES" }, "geometry": { "type": "Point", "coordinates": [ 6181.792299999855459, 33390.995300000533462 ] } },
{ "type": "Feature", "properties": { "BUS_STOP_N": "65569", "LOC_DESC": "BLK 654D" }, "geometry": { "type": "Point", "coordinates": [ 37562.564100000075996, 42275.362299999222159 ] } },
{ "type": "Feature", "properties": { "BUS_STOP_N": "84101", "LOC_DESC": "ECO CONDO" }, "geometry": { "type": "Point", "coordinates": [ 40333.877999999560416, 33876.198499999940395 ] } },
{ "type": "Feature", "properties": { "BUS_STOP_N": "84109", "LOC_DESC": "BEF BEDOK VIEW SEC SCH" }, "geometry": { "type": "Point", "coordinates": [ 40330.074799999594688, 33972.274800000712276 ] } },
{ "type": "Feature", "properties": { "BUS_STOP_N": "65071", "LOC_DESC": "BLK 203A" }, "geometry": { "type": "Point", "coordinates": [ 35884.908800000324845, 42265.354800000786781 ] } },
{ "type": "Feature", "properties": { "BUS_STOP_N": "66031", "LOC_DESC": "CARDIFF RESIDENCE" }, "geometry": { "type": "Point", "coordinates": [ 31601.036299999803305, 37417.958100000396371 ] } },
{ "type": "Feature", "properties": { "BUS_STOP_N": "UNK", "LOC_DESC": null }, "geometry": { "type": "Point", "coordinates": [ 23607.681900000199676, 45280.66469999961555 ] } },
{ "type": "Feature", "properties": { "BUS_STOP_N": "77371", "LOC_DESC": "AFT PASIR RIS DR 3" }, "geometry": { "type": "Point", "coordinates": [ 40785.684000000357628, 39615.371099999174476 ] } },
{ "type": "Feature", "properties": { "BUS_STOP_N": "70141", "LOC_DESC": "CITIMAC IND CPLX" }, "geometry": { "type": "Point", "coordinates": [ 34018.002299999818206, 35054.504599999636412 ] } },
{ "type": "Feature", "properties": { "BUS_STOP_N": "76311", "LOC_DESC": "BLK 460" }, "geometry": { "type": "Point", "coordinates": [ 41578.097299999557436, 37782.774900000542402 ] } },
{ "type": "Feature", "properties": { "BUS_STOP_N": "43749", "LOC_DESC": "OPP BT VIEW SEC SCH" }, "geometry": { "type": "Point", "coordinates": [ 18915.466000000014901, 36527.453999999910593 ] } },
{ "type": "Feature", "properties": { "BUS_STOP_N": "43741", "LOC_DESC": "BT VIEW SEC SCH" }, "geometry": { "type": "Point", "coordinates": [ 18932.826999999582767, 36515.855000000447035 ] } },
{ "type": "Feature", "properties": { "BUS_STOP_N": "43411", "LOC_DESC": "OPP BLK 628" }, "geometry": { "type": "Point", "coordinates": [ 18755.514200000092387, 37088.372700000181794 ] } },
{ "type": "Feature", "properties": { "BUS_STOP_N": "84571", "LOC_DESC": "OPP BLK 55" }, "geometry": { "type": "Point", "coordinates": [ 37496.948099999688566, 34312.846799999475479 ] } },
{ "type": "Feature", "properties": { "BUS_STOP_N": "53319", "LOC_DESC": "BOSCH" }, "geometry": { "type": "Point", "coordinates": [ 28875.189899999648333, 36605.41579999960959 ] } },
{ "type": "Feature", "properties": { "BUS_STOP_N": "53311", "LOC_DESC": "OPP BOSCH" }, "geometry": { "type": "Point", "coordinates": [ 28938.818199999630451, 36549.550799999386072 ] } },
{ "type": "Feature", "properties": { "BUS_STOP_N": "43421", "LOC_DESC": "BLK 503" }, "geometry": { "type": "Point", "coordinates": [ 19134.229399999603629, 37030.76490000076592 ] } },
{ "type": "Feature", "properties": { "BUS_STOP_N": "76411", "LOC_DESC": "NGEE ANN SEC SCH" }, "geometry": { "type": "Point", "coordinates": [ 41822.402099999599159, 37327.25789999961853 ] } },
{ "type": "Feature", "properties": { "BUS_STOP_N": "76181", "LOC_DESC": "BLK 216" }, "geometry": { "type": "Point", "coordinates": [ 41334.972799999639392, 37327.016499999910593 ] } },
{ "type": "Feature", "properties": { "BUS_STOP_N": "76189", "LOC_DESC": "OPP BLK 216" }, "geometry": { "type": "Point", "coordinates": [ 41307.639000000432134, 37312.419999999925494 ] } },
{ "type": "Feature", "properties": { "BUS_STOP_N": "76341", "LOC_DESC": "BLK 464" }, "geometry": { "type": "Point", "coordinates": [ 41579.464399999938905, 37982.346799999475479 ] } },
{ "type": "Feature", "properties": { "BUS_STOP_N": "76259", "LOC_DESC": "OPP BLK 487B" }, "geometry": { "type": "Point", "coordinates": [ 41906.419599999673665, 37959.042799999937415 ] } },
{ "type": "Feature", "properties": { "BUS_STOP_N": "54409", "LOC_DESC": "JING SHAN PR SCH" }, "geometry": { "type": "Point", "coordinates": [ 30095.203099999576807, 39413.047900000587106 ] } },
{ "type": "Feature", "properties": { "BUS_STOP_N": "31141", "LOC_DESC": "AFT GDN OF REMEMBRANCE" }, "geometry": { "type": "Point", "coordinates": [ 12433.175699999555945, 39566.628699999302626 ] } },
{ "type": "Feature", "properties": { "BUS_STOP_N": "19059", "LOC_DESC": "UTOWN - RC4" }, "geometry": { "type": "Point", "coordinates": [ 21254.559600000269711, 32358.963300000876188 ] } },
{ "type": "Feature", "properties": { "BUS_STOP_N": "53161", "LOC_DESC": "Marymount CC" }, "geometry": { "type": "Point", "coordinates": [ 28984.446299999952316, 38266.016799999400973 ] } },
{ "type": "Feature", "properties": { "BUS_STOP_N": "31149", "LOC_DESC": "BEF GDN OF REMEMBRANCE" }, "geometry": { "type": "Point", "coordinates": [ 12493.081000000238419, 39550.823999999091029 ] } },
{ "type": "Feature", "properties": { "BUS_STOP_N": "53329", "LOC_DESC": "EUNOIA JC" }, "geometry": { "type": "Point", "coordinates": [ 28742.827200000174344, 38199.799900000914931 ] } },
{ "type": "Feature", "properties": { "BUS_STOP_N": "16099", "LOC_DESC": "OPP NUS SPORTS CTR" }, "geometry": { "type": "Point", "coordinates": [ 21874.107499999925494, 31433.782899999991059 ] } },
{ "type": "Feature", "properties": { "BUS_STOP_N": "17099", "LOC_DESC": "UTOWN - CENDANA" }, "geometry": { "type": "Point", "coordinates": [ 21140.400999999605119, 32248.384999999776483 ] } },
{ "type": "Feature", "properties": { "BUS_STOP_N": "65159", "LOC_DESC": "COVE STN EXIT A" }, "geometry": { "type": "Point", "coordinates": [ 36089.38980000000447, 42329.301400000229478 ] } },
{ "type": "Feature", "properties": { "BUS_STOP_N": "44731", "LOC_DESC": "OPP BLK 180" }, "geometry": { "type": "Point", "coordinates": [ 20327.73369999974966, 40060.639299999922514 ] } },
{ "type": "Feature", "properties": { "BUS_STOP_N": "31131", "LOC_DESC": "CCK CEMY OFFICE" }, "geometry": { "type": "Point", "coordinates": [ 12059.534099999815226, 39339.584400000050664 ] } },
{ "type": "Feature", "properties": { "BUS_STOP_N": "67311", "LOC_DESC": "FARMWAY STN EXIT B" }, "geometry": { "type": "Point", "coordinates": [ 34279.333100000396371, 42096.917700000107288 ] } },
{ "type": "Feature", "properties": { "BUS_STOP_N": "31139", "LOC_DESC": "OPP CCK CEMY OFFICE" }, "geometry": { "type": "Point", "coordinates": [ 12092.186700000427663, 39347.01039999909699 ] } },
{ "type": "Feature", "properties": { "BUS_STOP_N": "81109", "LOC_DESC": "OPP PAYA LEBAR GREEN" }, "geometry": { "type": "Point", "coordinates": [ 34433.809799999929965, 33697.884199999272823 ] } },
{ "type": "Feature", "properties": { "BUS_STOP_N": "76149", "LOC_DESC": "OPP TAMPINES STN/INT" }, "geometry": { "type": "Point", "coordinates": [ 40584.589100000448525, 37321.223300000652671 ] } },
{ "type": "Feature", "properties": { "BUS_STOP_N": "65209", "LOC_DESC": "AFT PUNGGOL RD" }, "geometry": { "type": "Point", "coordinates": [ 35841.963899999856949, 42478.439999999478459 ] } },
{ "type": "Feature", "properties": { "BUS_STOP_N": "44259", "LOC_DESC": "BLK 183" }, "geometry": { "type": "Point", "coordinates": [ 20155.232800000347197, 40247.308000000193715 ] } },
{ "type": "Feature", "properties": { "BUS_STOP_N": "44631", "LOC_DESC": "OPP BT PANJANG PLAZA" }, "geometry": { "type": "Point", "coordinates": [ 20278.947399999946356, 40168.282700000330806 ] } },
{ "type": "Feature", "properties": { "BUS_STOP_N": "17171", "LOC_DESC": "CLEMENTI STN EXIT A/MALL" }, "geometry": { "type": "Point", "coordinates": [ 20407.00899999961257, 33009.685000000521541 ] } },
{ "type": "Feature", "properties": { "BUS_STOP_N": "52501", "LOC_DESC": "BEF TOA PAYOH PK" }, "geometry": { "type": "Point", "coordinates": [ 29863.283300000242889, 34792.01410000026226 ] } },
{ "type": "Feature", "properties": { "BUS_STOP_N": "67319", "LOC_DESC": "FARMWAY STN EXIT A" }, "geometry": { "type": "Point", "coordinates": [ 34193.331699999980628, 42136.838800000026822 ] } },
{ "type": "Feature", "properties": { "BUS_STOP_N": "81101", "LOC_DESC": "PAYA LEBAR GREEN" }, "geometry": { "type": "Point", "coordinates": [ 34479.077499999664724, 33699.383899999782443 ] } },
{ "type": "Feature", "properties": { "BUS_STOP_N": "16091", "LOC_DESC": "NUS SPORTS CTR" }, "geometry": { "type": "Point", "coordinates": [ 21981.644100000150502, 31302.904400000348687 ] } },
{ "type": "Feature", "properties": { "BUS_STOP_N": "80159", "LOC_DESC": "SUNTEC CITY" }, "geometry": { "type": "Point", "coordinates": [ 30742.068599999882281, 30924.77559999935329 ] } },
{ "type": "Feature", "properties": { "BUS_STOP_N": "67251", "LOC_DESC": "COMPASSVALE STN EXIT A" }, "geometry": { "type": "Point", "coordinates": [ 35410.170099999755621, 41832.056800000369549 ] } },
{ "type": "Feature", "properties": { "BUS_STOP_N": "13059", "LOC_DESC": "VALLEY PT" }, "geometry": { "type": "Point", "coordinates": [ 27248.493999999947846, 30626.410900000482798 ] } },
{ "type": "Feature", "properties": { "BUS_STOP_N": "91079", "LOC_DESC": "AFT TG KATONG RD" }, "geometry": { "type": "Point", "coordinates": [ 34886.192499999888241, 31515.75730000063777 ] } },
{ "type": "Feature", "properties": { "BUS_STOP_N": "16179", "LOC_DESC": "OPP YUSOF ISHAK HSE" }, "geometry": { "type": "Point", "coordinates": [ 21424.849399999715388, 31267.915300000458956 ] } },
{ "type": "Feature", "properties": { "BUS_STOP_N": "09131", "LOC_DESC": "GRANGE RESIDENCES" }, "geometry": { "type": "Point", "coordinates": [ 26882.205500000156462, 31826.034299999475479 ] } },
{ "type": "Feature", "properties": { "BUS_STOP_N": "59181", "LOC_DESC": "OPP BLK 245" }, "geometry": { "type": "Point", "coordinates": [ 28973.972400000318885, 46189.934000000357628 ] } },
{ "type": "Feature", "properties": { "BUS_STOP_N": "46219", "LOC_DESC": "JOHOR BAHRU CHECKPT" }, "geometry": { "type": "Point", "coordinates": [ 20723.235399999655783, 49200.051000000908971 ] } },
{ "type": "Feature", "properties": { "BUS_STOP_N": "22591", "LOC_DESC": "BLK 670A" }, "geometry": { "type": "Point", "coordinates": [ 13524.232099999673665, 36272.037900000810623 ] } },
{ "type": "Feature", "properties": { "BUS_STOP_N": "46279", "LOC_DESC": "BLK 803" }, "geometry": { "type": "Point", "coordinates": [ 22840.780100000090897, 46873.649700000882149 ] } },
{ "type": "Feature", "properties": { "BUS_STOP_N": "17211", "LOC_DESC": "BET BLKS 315/318" }, "geometry": { "type": "Point", "coordinates": [ 20494.946800000034273, 33401.80519999936223 ] } },
{ "type": "Feature", "properties": { "BUS_STOP_N": "46409", "LOC_DESC": "BLK 701A CP" }, "geometry": { "type": "Point", "coordinates": [ 23818.240000000223517, 46916.917600000277162 ] } },
{ "type": "Feature", "properties": { "BUS_STOP_N": "46951", "LOC_DESC": "BLK 536A" }, "geometry": { "type": "Point", "coordinates": [ 23331.82039999961853, 45909.978499999269843 ] } },
{ "type": "Feature", "properties": { "BUS_STOP_N": "44351", "LOC_DESC": "AFT CHESTNUT AVE" }, "geometry": { "type": "Point", "coordinates": [ 21574.65500000026077, 38909.746200000867248 ] } },
{ "type": "Feature", "properties": { "BUS_STOP_N": "71181", "LOC_DESC": "OPP PAYA LEBAR AIR BASE" }, "geometry": { "type": "Point", "coordinates": [ 35299.952399999834597, 36172.220499999821186 ] } },
{ "type": "Feature", "properties": { "BUS_STOP_N": "54169", "LOC_DESC": "BLK 255" }, "geometry": { "type": "Point", "coordinates": [ 28164.685399999842048, 39213.27419999986887 ] } },
{ "type": "Feature", "properties": { "BUS_STOP_N": "97039", "LOC_DESC": "BEF JLN BENA" }, "geometry": { "type": "Point", "coordinates": [ 43094.442599999718368, 37501.042099999263883 ] } },
{ "type": "Feature", "properties": { "BUS_STOP_N": "07561", "LOC_DESC": "BEF WATERLOO ST" }, "geometry": { "type": "Point", "coordinates": [ 30148.754999999888241, 31316.886299999430776 ] } },
{ "type": "Feature", "properties": { "BUS_STOP_N": "91049", "LOC_DESC": "BEF FORT RD" }, "geometry": { "type": "Point", "coordinates": [ 33903.916699999943376, 31449.532199999317527 ] } },
{ "type": "Feature", "properties": { "BUS_STOP_N": "22571", "LOC_DESC": "OPP BOON LAY MRT STN" }, "geometry": { "type": "Point", "coordinates": [ 13934.16399999987334, 35564.357999999076128 ] } },
{ "type": "Feature", "properties": { "BUS_STOP_N": "44819", "LOC_DESC": "OPP WEST SPRING SEC SCH" }, "geometry": { "type": "Point", "coordinates": [ 19842.949199999682605, 41001.993599999696016 ] } },
{ "type": "Feature", "properties": { "BUS_STOP_N": "52109", "LOC_DESC": "BET BLKS 33/34" }, "geometry": { "type": "Point", "coordinates": [ 30767.08600000012666, 34354.387900000438094 ] } },
{ "type": "Feature", "properties": { "BUS_STOP_N": "52311", "LOC_DESC": "BLK 23" }, "geometry": { "type": "Point", "coordinates": [ 30666.089800000190735, 35170.407899999991059 ] } },
{ "type": "Feature", "properties": { "BUS_STOP_N": "17061", "LOC_DESC": "BLK 701" }, "geometry": { "type": "Point", "coordinates": [ 20033.571000000461936, 32233.987999999895692 ] } },
{ "type": "Feature", "properties": { "BUS_STOP_N": "26419", "LOC_DESC": "AFT TUAS VIEW CIRCUIT" }, "geometry": { "type": "Point", "coordinates": [ 5716.846699999645352, 30148.317900000140071 ] } },
{ "type": "Feature", "properties": { "BUS_STOP_N": "25209", "LOC_DESC": "BEF TUAS RD" }, "geometry": { "type": "Point", "coordinates": [ 8588.732099999673665, 33505.193399999290705 ] } },
{ "type": "Feature", "properties": { "BUS_STOP_N": "75469", "LOC_DESC": "OPP REEBONZ BLDG" }, "geometry": { "type": "Point", "coordinates": [ 39118.08600000012666, 38703.726999999955297 ] } },
{ "type": "Feature", "properties": { "BUS_STOP_N": "75479", "LOC_DESC": "BLK 619A" }, "geometry": { "type": "Point", "coordinates": [ 39671.719800000078976, 38203.734899999573827 ] } },
{ "type": "Feature", "properties": { "BUS_STOP_N": "75491", "LOC_DESC": "BLK 614" }, "geometry": { "type": "Point", "coordinates": [ 39498.357300000265241, 38647.948300000280142 ] } },
{ "type": "Feature", "properties": { "BUS_STOP_N": "75461", "LOC_DESC": "REEBONZ BLDG" }, "geometry": { "type": "Point", "coordinates": [ 39156.671000000089407, 38662.25899999961257 ] } },
{ "type": "Feature", "properties": { "BUS_STOP_N": "75499", "LOC_DESC": "OPP BLK 614" }, "geometry": { "type": "Point", "coordinates": [ 39519.743900000117719, 38678.286299999803305 ] } },
{ "type": "Feature", "properties": { "BUS_STOP_N": "10011", "LOC_DESC": "BEF NEIL RD" }, "geometry": { "type": "Point", "coordinates": [ 28454.490699999965727, 28909.270600000396371 ] } },
{ "type": "Feature", "properties": { "BUS_STOP_N": "25101", "LOC_DESC": "OPP SMC MFG" }, "geometry": { "type": "Point", "coordinates": [ 7347.276499999687076, 35176.326700000092387 ] } },
{ "type": "Feature", "properties": { "BUS_STOP_N": "62171", "LOC_DESC": "BLK 409" }, "geometry": { "type": "Point", "coordinates": [ 32597.888000000268221, 36720.304700000211596 ] } },
{ "type": "Feature", "properties": { "BUS_STOP_N": "76339", "LOC_DESC": "OPP TAMPINES CHANGKAT CC" }, "geometry": { "type": "Point", "coordinates": [ 40710.273599999956787, 36393.755400000140071 ] } },
{ "type": "Feature", "properties": { "BUS_STOP_N": "75471", "LOC_DESC": "BLK 602B" }, "geometry": { "type": "Point", "coordinates": [ 39635.855399999767542, 38195.451099999248981 ] } },
{ "type": "Feature", "properties": { "BUS_STOP_N": "72169", "LOC_DESC": "BEF BARTLEY VIADUCT" }, "geometry": { "type": "Point", "coordinates": [ 37213.430100000463426, 35918.213500000536442 ] } },
{ "type": "Feature", "properties": { "BUS_STOP_N": "65729", "LOC_DESC": null }, "geometry": { "type": "Point", "coordinates": [ 36591.159400000236928, 43688.493300000205636 ] } },
{ "type": "Feature", "properties": { "BUS_STOP_N": "65721", "LOC_DESC": null }, "geometry": { "type": "Point", "coordinates": [ 36652.329499999992549, 43718.028799999505281 ] } },
{ "type": "Feature", "properties": { "BUS_STOP_N": "23039", "LOC_DESC": "AFT BENOI FLYOVER" }, "geometry": { "type": "Point", "coordinates": [ 11101.403400000184774, 33921.504499999806285 ] } },
{ "type": "Feature", "properties": { "BUS_STOP_N": "44779", "LOC_DESC": "OPP FAJAR STN" }, "geometry": { "type": "Point", "coordinates": [ 20974.522099999710917, 40683.712799999862909 ] } },
{ "type": "Feature", "properties": { "BUS_STOP_N": "66081", "LOC_DESC": "OPP S'PORE POWER TRG INST" }, "geometry": { "type": "Point", "coordinates": [ 32057.699500000104308, 36134.149599999189377 ] } },
{ "type": "Feature", "properties": { "BUS_STOP_N": "52419", "LOC_DESC": "OPP BLK 105" }, "geometry": { "type": "Point", "coordinates": [ 30303.610100000165403, 34466.348500000312924 ] } },
{ "type": "Feature", "properties": { "BUS_STOP_N": "65531", "LOC_DESC": "BLK 226A" }, "geometry": { "type": "Point", "coordinates": [ 34711.192900000140071, 42696.465199999511242 ] } },
{ "type": "Feature", "properties": { "BUS_STOP_N": "66089", "LOC_DESC": "S'PORE POWER TRG INST" }, "geometry": { "type": "Point", "coordinates": [ 32014.14809999987483, 36064.557700000703335 ] } },
{ "type": "Feature", "properties": { "BUS_STOP_N": "65129", "LOC_DESC": "AFT TRACK 22" }, "geometry": { "type": "Point", "coordinates": [ 36489.261800000444055, 44259.900699999183416 ] } },
{ "type": "Feature", "properties": { "BUS_STOP_N": "65551", "LOC_DESC": "BLK 227A" }, "geometry": { "type": "Point", "coordinates": [ 34676.180800000205636, 42848.11460000090301 ] } },
{ "type": "Feature", "properties": { "BUS_STOP_N": "61041", "LOC_DESC": "BEF BRADDELL RD" }, "geometry": { "type": "Point", "coordinates": [ 32132.563000000081956, 35961.824799999594688 ] } },
{ "type": "Feature", "properties": { "BUS_STOP_N": "81181", "LOC_DESC": "DAKOTA STN EXIT A / BLK 99" }, "geometry": { "type": "Point", "coordinates": [ 34155.408599999733269, 32311.253799999132752 ] } },
{ "type": "Feature", "properties": { "BUS_STOP_N": "44499", "LOC_DESC": "BLK 429A CP" }, "geometry": { "type": "Point", "coordinates": [ 17718.362599999643862, 40580.831900000572205 ] } },
{ "type": "Feature", "properties": { "BUS_STOP_N": "20019", "LOC_DESC": "BLK 431" }, "geometry": { "type": "Point", "coordinates": [ 20008.260900000110269, 32879.996899999678135 ] } },
{ "type": "Feature", "properties": { "BUS_STOP_N": "55159", "LOC_DESC": "OPP ANG MO KIO CMTY HOSP" }, "geometry": { "type": "Point", "coordinates": [ 28813.10869999974966, 40590.64159999974072 ] } },
{ "type": "Feature", "properties": { "BUS_STOP_N": "67341", "LOC_DESC": "OPP BLK 204 CP" }, "geometry": { "type": "Point", "coordinates": [ 34878.286500000394881, 41176.402499999850988 ] } },
{ "type": "Feature", "properties": { "BUS_STOP_N": "29049", "LOC_DESC": "LTH LOGISTICS" }, "geometry": { "type": "Point", "coordinates": [ 17255.871799999848008, 32034.924599999561906 ] } },
{ "type": "Feature", "properties": { "BUS_STOP_N": "45231", "LOC_DESC": "BLK 432" }, "geometry": { "type": "Point", "coordinates": [ 17862.083599999547005, 40741.303700000047684 ] } },
{ "type": "Feature", "properties": { "BUS_STOP_N": "67351", "LOC_DESC": "BLK 321 CP" }, "geometry": { "type": "Point", "coordinates": [ 34469.071399999782443, 41317.926400000229478 ] } },
{ "type": "Feature", "properties": { "BUS_STOP_N": "45319", "LOC_DESC": "BLK 530" }, "geometry": { "type": "Point", "coordinates": [ 17838.353500000201166, 41652.031700000166893 ] } },
{ "type": "Feature", "properties": { "BUS_STOP_N": "84271", "LOC_DESC": "AFT BEDOK IND PK E" }, "geometry": { "type": "Point", "coordinates": [ 40336.801900000311434, 35436.906600000336766 ] } },
{ "type": "Feature", "properties": { "BUS_STOP_N": "10219", "LOC_DESC": "SKODA S'PORE / VOLKSWAGEN GRP" }, "geometry": { "type": "Point", "coordinates": [ 25606.917399999685585, 30364.570499999448657 ] } },
{ "type": "Feature", "properties": { "BUS_STOP_N": "65109", "LOC_DESC": "MY FIRST SKOOL PCC10" }, "geometry": { "type": "Point", "coordinates": [ 36391.046400000341237, 43310.074599999934435 ] } },
{ "type": "Feature", "properties": { "BUS_STOP_N": "82059", "LOC_DESC": "BEF TG KATONG STN EXIT 3" }, "geometry": { "type": "Point", "coordinates": [ 35142.593799999915063, 31500.494000000879169 ] } },
{ "type": "Feature", "properties": { "BUS_STOP_N": "92049", "LOC_DESC": "MARINE PDE STN / PARKWAY PDE" }, "geometry": { "type": "Point", "coordinates": [ 36071.895700000226498, 31701.214099999517202 ] } },
{ "type": "Feature", "properties": { "BUS_STOP_N": "99161", "LOC_DESC": "AFT CHANGI BEACH CP 3" }, "geometry": { "type": "Point", "coordinates": [ 45773.641099999658763, 41350.962999999523163 ] } },
{ "type": "Feature", "properties": { "BUS_STOP_N": "63209", "LOC_DESC": "PARKWOOD RESIDENCES" }, "geometry": { "type": "Point", "coordinates": [ 32662.988300000317395, 38672.960799999535084 ] } },
{ "type": "Feature", "properties": { "BUS_STOP_N": "67621", "LOC_DESC": "BLK 278 CP" }, "geometry": { "type": "Point", "coordinates": [ 34343.950600000098348, 40317.914599999785423 ] } },
{ "type": "Feature", "properties": { "BUS_STOP_N": "93031", "LOC_DESC": "SIGLAP STN / OPP VICTORIA SCH" }, "geometry": { "type": "Point", "coordinates": [ 38697.586500000208616, 32462.951500000432134 ] } },
{ "type": "Feature", "properties": { "BUS_STOP_N": "49099", "LOC_DESC": "AFT KRANJI WTR RECLAIM PLT" }, "geometry": { "type": "Point", "coordinates": [ 19460.854600000195205, 45481.789599999785423 ] } },
{ "type": "Feature", "properties": { "BUS_STOP_N": "92071", "LOC_DESC": "MARINE PDE STN EXIT 4" }, "geometry": { "type": "Point", "coordinates": [ 37070.609299999661744, 32132.434000000357628 ] } },
{ "type": "Feature", "properties": { "BUS_STOP_N": "49091", "LOC_DESC": "OPP KRANJI WTR RECLAM PT." }, "geometry": { "type": "Point", "coordinates": [ 19422.528099999763072, 45493.642100000753999 ] } },
{ "type": "Feature", "properties": { "BUS_STOP_N": "92041", "LOC_DESC": "MARINE PDE STN EXIT 2" }, "geometry": { "type": "Point", "coordinates": [ 35981.605700000189245, 31675.41609999909997 ] } },
{ "type": "Feature", "properties": { "BUS_STOP_N": "20291", "LOC_DESC": "OPP BLK 501" }, "geometry": { "type": "Point", "coordinates": [ 19575.300999999977648, 32581.165300000458956 ] } },
{ "type": "Feature", "properties": { "BUS_STOP_N": "14389", "LOC_DESC": "AFT RADIN MAS PR SCH" }, "geometry": { "type": "Point", "coordinates": [ 27085.134700000286102, 28527.337600000202656 ] } },
{ "type": "Feature", "properties": { "BUS_STOP_N": "93039", "LOC_DESC": "SIGLAP STN / LAGUNA PK" }, "geometry": { "type": "Point", "coordinates": [ 38701.668300000019372, 32433.02140000090003 ] } },
{ "type": "Feature", "properties": { "BUS_STOP_N": "92051", "LOC_DESC": "MARINE PDE STN EXIT 4" }, "geometry": { "type": "Point", "coordinates": [ 36307.439899999648333, 31892.441299999132752 ] } },
{ "type": "Feature", "properties": { "BUS_STOP_N": "91089", "LOC_DESC": "OPP KATONG PK STN" }, "geometry": { "type": "Point", "coordinates": [ 33812.349899999797344, 31275.036399999633431 ] } },
{ "type": "Feature", "properties": { "BUS_STOP_N": "95079", "LOC_DESC": "OPP CHANGI BEACH CP 3" }, "geometry": { "type": "Point", "coordinates": [ 45708.414599999785423, 41351.262199999764562 ] } },
{ "type": "Feature", "properties": { "BUS_STOP_N": "54089", "LOC_DESC": "OPP ANG MO KIO SWIM CPLX" }, "geometry": { "type": "Point", "coordinates": [ 29694.781600000336766, 38331.805099999532104 ] } },
{ "type": "Feature", "properties": { "BUS_STOP_N": "11101", "LOC_DESC": "EMPRESS RD MKT / FC" }, "geometry": { "type": "Point", "coordinates": [ 24962.726700000464916, 33168.875199999660254 ] } },
{ "type": "Feature", "properties": { "BUS_STOP_N": "65101", "LOC_DESC": "OPP MY FIRST SKOOL PCC10" }, "geometry": { "type": "Point", "coordinates": [ 36399.379599999636412, 43267.392400000244379 ] } },
{ "type": "Feature", "properties": { "BUS_STOP_N": "58269", "LOC_DESC": "OPP VISIONAIRE" }, "geometry": { "type": "Point", "coordinates": [ 27364.999200000427663, 47637.131599999964237 ] } },
{ "type": "Feature", "properties": { "BUS_STOP_N": "91081", "LOC_DESC": "AFT KATONG PK STN EXIT 2" }, "geometry": { "type": "Point", "coordinates": [ 33782.019899999722838, 31291.301799999549985 ] } },
{ "type": "Feature", "properties": { "BUS_STOP_N": "20299", "LOC_DESC": "BLK 501" }, "geometry": { "type": "Point", "coordinates": [ 19690.484199999831617, 32576.025200000032783 ] } },
{ "type": "Feature", "properties": { "BUS_STOP_N": "92059", "LOC_DESC": "MARINE PDE STN EXIT 6" }, "geometry": { "type": "Point", "coordinates": [ 36272.720700000412762, 31839.331000000238419 ] } },
{ "type": "Feature", "properties": { "BUS_STOP_N": "82051", "LOC_DESC": "AFT TG KATONG STN EXIT 2" }, "geometry": { "type": "Point", "coordinates": [ 35128.174700000323355, 31445.247099999338388 ] } },
{ "type": "Feature", "properties": { "BUS_STOP_N": "92089", "LOC_DESC": "MARINE TERR STN / KATONG CONVENT" }, "geometry": { "type": "Point", "coordinates": [ 37378.18680000025779, 32166.811000000685453 ] } },
{ "type": "Feature", "properties": { "BUS_STOP_N": "10291", "LOC_DESC": "OPP DAWSON PL" }, "geometry": { "type": "Point", "coordinates": [ 25470.780500000342727, 30505.74970000050962 ] } },
{ "type": "Feature", "properties": { "BUS_STOP_N": "64311", "LOC_DESC": "RIVERFRONT RESIDENCES" }, "geometry": { "type": "Point", "coordinates": [ 35450.851099999621511, 39135.424599999561906 ] } },
{ "type": "Feature", "properties": { "BUS_STOP_N": "40359", "LOC_DESC": "OPP BLK 461C" }, "geometry": { "type": "Point", "coordinates": [ 17709.707000000402331, 37513.932000000029802 ] } },
{ "type": "Feature", "properties": { "BUS_STOP_N": "95019", "LOC_DESC": "AFT CHANGI AIRPORT TER 2" }, "geometry": { "type": "Point", "coordinates": [ 44808.506400000303984, 36557.648499999195337 ] } },
{ "type": "Feature", "properties": { "BUS_STOP_N": "64321", "LOC_DESC": "OPP RIO VISTA" }, "geometry": { "type": "Point", "coordinates": [ 35467.22510000038892, 39371.276499999687076 ] } },
{ "type": "Feature", "properties": { "BUS_STOP_N": "77031", "LOC_DESC": "OPP PASIR RIS STN EXIT B" }, "geometry": { "type": "Point", "coordinates": [ 40798.571999999694526, 39246.537399999797344 ] } },
{ "type": "Feature", "properties": { "BUS_STOP_N": "82121", "LOC_DESC": "QUESTA @ DUNMAN" }, "geometry": { "type": "Point", "coordinates": [ 35049.801699999719858, 32440.826199999079108 ] } },
{ "type": "Feature", "properties": { "BUS_STOP_N": "43289", "LOC_DESC": "MONT BOTANIK RESIDENCE" }, "geometry": { "type": "Point", "coordinates": [ 20007.572700000368059, 37714.607899999246001 ] } },
{ "type": "Feature", "properties": { "BUS_STOP_N": "47619", "LOC_DESC": "BLK 688 CP" }, "geometry": { "type": "Point", "coordinates": [ 25082.586099999956787, 47323.422700000926852 ] } },
{ "type": "Feature", "properties": { "BUS_STOP_N": "70109", "LOC_DESC": "GULAB BLDG" }, "geometry": { "type": "Point", "coordinates": [ 32534.56900000013411, 34633.365800000727177 ] } },
{ "type": "Feature", "properties": { "BUS_STOP_N": "63341", "LOC_DESC": "OPP BLK 709" }, "geometry": { "type": "Point", "coordinates": [ 34162.49129999987781, 38842.624800000339746 ] } },
{ "type": "Feature", "properties": { "BUS_STOP_N": "95109", "LOC_DESC": "CHANGI AIRPORT TER 3" }, "geometry": { "type": "Point", "coordinates": [ 45141.133100000210106, 37567.869000000879169 ] } },
{ "type": "Feature", "properties": { "BUS_STOP_N": "18281", "LOC_DESC": "OPP NORMANTON PK / R'FORD" }, "geometry": { "type": "Point", "coordinates": [ 23313.191499999724329, 29991.45890000090003 ] } },
{ "type": "Feature", "properties": { "BUS_STOP_N": "64319", "LOC_DESC": "OPP RIVERFRONT RESIDENCES" }, "geometry": { "type": "Point", "coordinates": [ 35462.739000000059605, 39091.326899999752641 ] } },
{ "type": "Feature", "properties": { "BUS_STOP_N": "95129", "LOC_DESC": "CHANGI AIRPORT TER 2" }, "geometry": { "type": "Point", "coordinates": [ 45343.543399999849498, 37457.142799999564886 ] } },
{ "type": "Feature", "properties": { "BUS_STOP_N": "67399", "LOC_DESC": "BLK 325 CP" }, "geometry": { "type": "Point", "coordinates": [ 34481.830299999564886, 41753.86009999923408 ] } },
{ "type": "Feature", "properties": { "BUS_STOP_N": "95029", "LOC_DESC": "CHANGI AIRPORT TER 1" }, "geometry": { "type": "Point", "coordinates": [ 45507.990500000305474, 38152.272199999541044 ] } },
{ "type": "Feature", "properties": { "BUS_STOP_N": "46011", "LOC_DESC": "BLK 188A" }, "geometry": { "type": "Point", "coordinates": [ 21428.320299999788404, 46689.554700000211596 ] } },
{ "type": "Feature", "properties": { "BUS_STOP_N": "63061", "LOC_DESC": "OPP BLK 25" }, "geometry": { "type": "Point", "coordinates": [ 34456.822599999606609, 38702.193299999460578 ] } },
{ "type": "Feature", "properties": { "BUS_STOP_N": "43201", "LOC_DESC": "PARK NATURA" }, "geometry": { "type": "Point", "coordinates": [ 20343.127100000157952, 36560.101700000464916 ] } },
{ "type": "Feature", "properties": { "BUS_STOP_N": "95209", "LOC_DESC": "CHANGI AIRPORT TER 4" }, "geometry": { "type": "Point", "coordinates": [ 44574.39850000012666, 35676.28070000000298 ] } },
{ "type": "Feature", "properties": { "BUS_STOP_N": "77039", "LOC_DESC": "PASIR RIS STN EXIT B" }, "geometry": { "type": "Point", "coordinates": [ 40798.576700000092387, 39292.753499999642372 ] } },
{ "type": "Feature", "properties": { "BUS_STOP_N": "11029", "LOC_DESC": "BLK 166 / AFT MEI CHIN RD" }, "geometry": { "type": "Point", "coordinates": [ 24520.080099999904633, 30284.002599999308586 ] } },
{ "type": "Feature", "properties": { "BUS_STOP_N": "63069", "LOC_DESC": "BLK 25" }, "geometry": { "type": "Point", "coordinates": [ 34518.542200000025332, 38708.873400000855327 ] } },
{ "type": "Feature", "properties": { "BUS_STOP_N": "27429", "LOC_DESC": "Blk 711" }, "geometry": { "type": "Point", "coordinates": [ 12665.256799999624491, 36109.204199999570847 ] } },
{ "type": "Feature", "properties": { "BUS_STOP_N": "10299", "LOC_DESC": "AFT DAWSON PL" }, "geometry": { "type": "Point", "coordinates": [ 25571.824599999934435, 30527.949899999424815 ] } },
{ "type": "Feature", "properties": { "BUS_STOP_N": "18289", "LOC_DESC": "OPP R'FORD / NORMANTON PK" }, "geometry": { "type": "Point", "coordinates": [ 23303.579699999652803, 29967.429400000721216 ] } },
{ "type": "Feature", "properties": { "BUS_STOP_N": "64191", "LOC_DESC": "AFT GOLDHILL MEMORIAL CTR" }, "geometry": { "type": "Point", "coordinates": [ 37202.555700000375509, 40191.581299999728799 ] } },
{ "type": "Feature", "properties": { "BUS_STOP_N": "27139", "LOC_DESC": "BLK 934" }, "geometry": { "type": "Point", "coordinates": [ 11940.011500000022352, 36022.851500000804663 ] } },
{ "type": "Feature", "properties": { "BUS_STOP_N": "09047", "LOC_DESC": "Orchard Rd" }, "geometry": { "type": "Point", "coordinates": [ 27966.822399999946356, 31863.633500000461936 ] } },
{ "type": "Feature", "properties": { "BUS_STOP_N": "64189", "LOC_DESC": "AFT OLD TAMPINES ROAD" }, "geometry": { "type": "Point", "coordinates": [ 36965.620099999941885, 39869.851099999621511 ] } },
{ "type": "Feature", "properties": { "BUS_STOP_N": "00000", "LOC_DESC": "000" }, "geometry": { "type": "Point", "coordinates": [ 48285.519700000062585, 33325.310399999842048 ] } },
{ "type": "Feature", "properties": { "BUS_STOP_N": "0000", "LOC_DESC": "000" }, "geometry": { "type": "Point", "coordinates": [ 48254.745799999684095, 33337.639599999412894 ] } },
{ "type": "Feature", "properties": { "BUS_STOP_N": "73031", "LOC_DESC": "AFT TAMPINES IND DR" }, "geometry": { "type": "Point", "coordinates": [ 37652.99309999961406, 39863.504100000485778 ] } },
{ "type": "Feature", "properties": { "BUS_STOP_N": "74031", "LOC_DESC": "AFT JLN SAM KONGSI" }, "geometry": { "type": "Point", "coordinates": [ 38284.379099999554455, 38846.651100000366569 ] } },
{ "type": "Feature", "properties": { "BUS_STOP_N": "42159", "LOC_DESC": "OPP BEAUTY WORDLD STN" }, "geometry": { "type": "Point", "coordinates": [ 21512.002500000409782, 35838.259500000625849 ] } },
{ "type": "Feature", "properties": { "BUS_STOP_N": "73029", "LOC_DESC": "AFT TAMPINES IND DR" }, "geometry": { "type": "Point", "coordinates": [ 37559.591099999845028, 40110.994100000709295 ] } },
{ "type": "Feature", "properties": { "BUS_STOP_N": "74011", "LOC_DESC": "AFT TAMPINES IND AVE 5" }, "geometry": { "type": "Point", "coordinates": [ 37691.728099999949336, 39534.143100000917912 ] } },
{ "type": "Feature", "properties": { "BUS_STOP_N": "74039", "LOC_DESC": "BEF JLN SAM KONGSI" }, "geometry": { "type": "Point", "coordinates": [ 38298.693099999800324, 38794.894099999219179 ] } },
{ "type": "Feature", "properties": { "BUS_STOP_N": "64171", "LOC_DESC": "AFT BUANGKOK EAST DR" }, "geometry": { "type": "Point", "coordinates": [ 36807.918100000359118, 39590.161100000143051 ] } },
{ "type": "Feature", "properties": { "BUS_STOP_N": "73021", "LOC_DESC": "BEF TAMPINES IND DR" }, "geometry": { "type": "Point", "coordinates": [ 37588.551099999807775, 40128.897099999710917 ] } },
{ "type": "Feature", "properties": { "BUS_STOP_N": "74059", "LOC_DESC": "OPP TAMPINES DORMITORY" }, "geometry": { "type": "Point", "coordinates": [ 38664.194099999964237, 38682.165100000798702 ] } },
{ "type": "Feature", "properties": { "BUS_STOP_N": "75319", "LOC_DESC": "AFT TAMPINES LK" }, "geometry": { "type": "Point", "coordinates": [ 38875.46030000038445, 38801.691899999976158 ] } },
{ "type": "Feature", "properties": { "BUS_STOP_N": "19081", "LOC_DESC": "OPP ACS BOARDING SCH" }, "geometry": { "type": "Point", "coordinates": [ 22372.249800000339746, 31675.669399999082088 ] } },
{ "type": "Feature", "properties": { "BUS_STOP_N": "44811", "LOC_DESC": "SENJA FC" }, "geometry": { "type": "Point", "coordinates": [ 19988.254700000397861, 40968.905899999663234 ] } },
{ "type": "Feature", "properties": { "BUS_STOP_N": "52329", "LOC_DESC": "AFT LOR 4 TOA PAYOH" }, "geometry": { "type": "Point", "coordinates": [ 30157.527400000020862, 34854.187300000339746 ] } },
{ "type": "Feature", "properties": { "BUS_STOP_N": "78159", "LOC_DESC": "OPP BLK 230" }, "geometry": { "type": "Point", "coordinates": [ 42160.791500000283122, 39396.527000000700355 ] } },
{ "type": "Feature", "properties": { "BUS_STOP_N": "13071", "LOC_DESC": "GREAT WORLD STN EXIT 5" }, "geometry": { "type": "Point", "coordinates": [ 27979.847799999639392, 30970.802899999544024 ] } },
{ "type": "Feature", "properties": { "BUS_STOP_N": "56029", "LOC_DESC": "BEF SEMBAWANG HILLS FC" }, "geometry": { "type": "Point", "coordinates": [ 27485.295599999837577, 39510.364199999719858 ] } },
{ "type": "Feature", "properties": { "BUS_STOP_N": "56039", "LOC_DESC": "AFT YIO CHU KANG RD" }, "geometry": { "type": "Point", "coordinates": [ 27466.371299999766052, 39855.884500000625849 ] } },
{ "type": "Feature", "properties": { "BUS_STOP_N": "47611", "LOC_DESC": "NORTHOAKS CONDO" }, "geometry": { "type": "Point", "coordinates": [ 24990.371500000357628, 47287.377499999478459 ] } },
{ "type": "Feature", "properties": { "BUS_STOP_N": "75311", "LOC_DESC": "BEF TAMPINES LK" }, "geometry": { "type": "Point", "coordinates": [ 38845.744199999608099, 38797.366800000891089 ] } },
{ "type": "Feature", "properties": { "BUS_STOP_N": "10421", "LOC_DESC": "BLK 63B" }, "geometry": { "type": "Point", "coordinates": [ 25965.360799999907613, 30146.934299999848008 ] } },
{ "type": "Feature", "properties": { "BUS_STOP_N": "62261", "LOC_DESC": "OPP SERANGOON SEC SCH" }, "geometry": { "type": "Point", "coordinates": [ 35744.639700000174344, 39615.274700000882149 ] } },
{ "type": "Feature", "properties": { "BUS_STOP_N": "46169", "LOC_DESC": "OPP GES" }, "geometry": { "type": "Point", "coordinates": [ 21550.101700000464916, 47440.811300000175834 ] } },
{ "type": "Feature", "properties": { "BUS_STOP_N": "75069", "LOC_DESC": "BLK 960A" }, "geometry": { "type": "Point", "coordinates": [ 39509.466199999675155, 35868.962799999862909 ] } },
{ "type": "Feature", "properties": { "BUS_STOP_N": "12081", "LOC_DESC": "CLEMENTI N'HOOD PARK" }, "geometry": { "type": "Point", "coordinates": [ 21581.193900000303984, 34335.744400000199676 ] } },
{ "type": "Feature", "properties": { "BUS_STOP_N": "10059", "LOC_DESC": "OPP BLK 149" }, "geometry": { "type": "Point", "coordinates": [ 27922.036899999715388, 28878.350299999117851 ] } },
{ "type": "Feature", "properties": { "BUS_STOP_N": "52391", "LOC_DESC": "OPP BLK 231" }, "geometry": { "type": "Point", "coordinates": [ 30955.970300000160933, 35535.92850000038743 ] } },
{ "type": "Feature", "properties": { "BUS_STOP_N": "63301", "LOC_DESC": "PAYA LEBAR METH GIRLS' SCH" }, "geometry": { "type": "Point", "coordinates": [ 33778.442300000227988, 37063.430800000205636 ] } },
{ "type": "Feature", "properties": { "BUS_STOP_N": "84079", "LOC_DESC": "OPP BLK 71" }, "geometry": { "type": "Point", "coordinates": [ 40242.323699999600649, 33694.970399999991059 ] } },
{ "type": "Feature", "properties": { "BUS_STOP_N": "63201", "LOC_DESC": "AFFINITY AT SERANGOON" }, "geometry": { "type": "Point", "coordinates": [ 32632.740000000223517, 38699.49349999986589 ] } },
{ "type": "Feature", "properties": { "BUS_STOP_N": "28591", "LOC_DESC": "OPP BLK 481" }, "geometry": { "type": "Point", "coordinates": [ 15993.714300000108778, 36509.251000000163913 ] } },
{ "type": "Feature", "properties": { "BUS_STOP_N": "18149", "LOC_DESC": "ESSEC BUSINESS SCH" }, "geometry": { "type": "Point", "coordinates": [ 22872.686300000175834, 31661.077600000426173 ] } },
{ "type": "Feature", "properties": { "BUS_STOP_N": "47671", "LOC_DESC": "OPP ADMIRALTY SEC SCH" }, "geometry": { "type": "Point", "coordinates": [ 24669.129599999636412, 47577.41950000077486 ] } },
{ "type": "Feature", "properties": { "BUS_STOP_N": "64251", "LOC_DESC": "HOUGANG SEC SCH" }, "geometry": { "type": "Point", "coordinates": [ 33439.811900000087917, 39903.636900000274181 ] } },
{ "type": "Feature", "properties": { "BUS_STOP_N": "47801", "LOC_DESC": "OPP NORTH LINK BLDG" }, "geometry": { "type": "Point", "coordinates": [ 25737.162100000306964, 49521.76039999909699 ] } },
{ "type": "Feature", "properties": { "BUS_STOP_N": "28239", "LOC_DESC": "JURONG TOWN HALL INT" }, "geometry": { "type": "Point", "coordinates": [ 17940.463800000026822, 34684.962899999693036 ] } },
{ "type": "Feature", "properties": { "BUS_STOP_N": "75061", "LOC_DESC": "BLK 954D" }, "geometry": { "type": "Point", "coordinates": [ 39486.342000000178814, 35883.426999999210238 ] } },
{ "type": "Feature", "properties": { "BUS_STOP_N": "47809", "LOC_DESC": "NORTH LINK BLDG" }, "geometry": { "type": "Point", "coordinates": [ 25799.083999999798834, 49485.813799999654293 ] } },
{ "type": "Feature", "properties": { "BUS_STOP_N": "10209", "LOC_DESC": "REDHILL STN" }, "geometry": { "type": "Point", "coordinates": [ 26161.511800000444055, 30205.290699999779463 ] } },
{ "type": "Feature", "properties": { "BUS_STOP_N": "58061", "LOC_DESC": "OPP BLK 101A" }, "geometry": { "type": "Point", "coordinates": [ 27757.704400000162423, 48293.796499999240041 ] } },
{ "type": "Feature", "properties": { "BUS_STOP_N": "18101", "LOC_DESC": "5 SCI PK DR" }, "geometry": { "type": "Point", "coordinates": [ 22759.906999999657273, 30579.238500000908971 ] } },
{ "type": "Feature", "properties": { "BUS_STOP_N": "75359", "LOC_DESC": "IKEA TAMPINES / AFT TPE" }, "geometry": { "type": "Point", "coordinates": [ 38929.171799999661744, 39610.69789999909699 ] } },
{ "type": "Feature", "properties": { "BUS_STOP_N": "52321", "LOC_DESC": "AFT SAFRA TOA PAYOH" }, "geometry": { "type": "Point", "coordinates": [ 30148.819600000046194, 34827.270400000736117 ] } },
{ "type": "Feature", "properties": { "BUS_STOP_N": "10439", "LOC_DESC": "OPP ENABLING VILLAGE" }, "geometry": { "type": "Point", "coordinates": [ 25878.324900000356138, 29989.195199999958277 ] } },
{ "type": "Feature", "properties": { "BUS_STOP_N": "10201", "LOC_DESC": "OPP REDHILL STN" }, "geometry": { "type": "Point", "coordinates": [ 26132.869599999859929, 30198.913399999961257 ] } },
{ "type": "Feature", "properties": { "BUS_STOP_N": "92079", "LOC_DESC": "MARINE TERR STN EXIT 1" }, "geometry": { "type": "Point", "coordinates": [ 37070.664599999785423, 32096.642200000584126 ] } },
{ "type": "Feature", "properties": { "BUS_STOP_N": "44881", "LOC_DESC": "Blk816B" }, "geometry": { "type": "Point", "coordinates": [ 18550.170699999667704, 39746.51549999974668 ] } },
{ "type": "Feature", "properties": { "BUS_STOP_N": "14049", "LOC_DESC": "OPP BLK 55" }, "geometry": { "type": "Point", "coordinates": [ 25754.063900000415742, 28418.645600000396371 ] } },
{ "type": "Feature", "properties": { "BUS_STOP_N": "11511", "LOC_DESC": "ALEXANDRA HOSP" }, "geometry": { "type": "Point", "coordinates": [ 24563.799399999901652, 29832.162299999967217 ] } },
{ "type": "Feature", "properties": { "BUS_STOP_N": "67649", "LOC_DESC": "ANCHORVALE CRESCENT" }, "geometry": { "type": "Point", "coordinates": [ 34661.024400000460446, 42166.747999999672174 ] } },
{ "type": "Feature", "properties": { "BUS_STOP_N": "27451", "LOC_DESC": "BET BLKS 272D / 271A" }, "geometry": { "type": "Point", "coordinates": [ 13607.185999999754131, 37029.58390000090003 ] } },
{ "type": "Feature", "properties": { "BUS_STOP_N": "67641", "LOC_DESC": "BER ANCHORVALE ST" }, "geometry": { "type": "Point", "coordinates": [ 34691.206199999898672, 42202.468000000342727 ] } },
{ "type": "Feature", "properties": { "BUS_STOP_N": "59791", "LOC_DESC": "BLK 471A" }, "geometry": { "type": "Point", "coordinates": [ 30254.024699999950826, 45299.944399999454618 ] } },
{ "type": "Feature", "properties": { "BUS_STOP_N": "55199", "LOC_DESC": "BLK 645" }, "geometry": { "type": "Point", "coordinates": [ 29022.344800000078976, 40167.068099999800324 ] } },
{ "type": "Feature", "properties": { "BUS_STOP_N": "11019", "LOC_DESC": "ALEXANDRA CTRL" }, "geometry": { "type": "Point", "coordinates": [ 24938.239599999971688, 29898.972300000488758 ] } },
{ "type": "Feature", "properties": { "BUS_STOP_N": "24369", "LOC_DESC": "HANWHA OFFSHORE S'PORE" }, "geometry": { "type": "Point", "coordinates": [ 9493.361999999731779, 31454.755699999630451 ] } },
{ "type": "Feature", "properties": { "BUS_STOP_N": "24349", "LOC_DESC": "ST Engrg Gul Yard" }, "geometry": { "type": "Point", "coordinates": [ 9931.394700000062585, 30879.121400000527501 ] } },
{ "type": "Feature", "properties": { "BUS_STOP_N": "44361", "LOC_DESC": "Opp Dairy Farm Mall" }, "geometry": { "type": "Point", "coordinates": [ 21575.641699999570847, 38714.424799999222159 ] } },
{ "type": "Feature", "properties": { "BUS_STOP_N": "99129", "LOC_DESC": "Village Hotel Changi" }, "geometry": { "type": "Point", "coordinates": [ 45072.404600000008941, 41334.784199999645352 ] } },
{ "type": "Feature", "properties": { "BUS_STOP_N": "23199", "LOC_DESC": "Opp SK Tes" }, "geometry": { "type": "Point", "coordinates": [ 11291.544900000095367, 33532.522900000214577 ] } },
{ "type": "Feature", "properties": { "BUS_STOP_N": "45421", "LOC_DESC": "Blk 689A" }, "geometry": { "type": "Point", "coordinates": [ 18789.702200000174344, 42731.49100000038743 ] } },
{ "type": "Feature", "properties": { "BUS_STOP_N": "23209", "LOC_DESC": "NS BlueScope Lysaght" }, "geometry": { "type": "Point", "coordinates": [ 11574.699599999934435, 33530.10840000025928 ] } },
{ "type": "Feature", "properties": { "BUS_STOP_N": "23191", "LOC_DESC": "SK Tes" }, "geometry": { "type": "Point", "coordinates": [ 11336.961500000208616, 33548.17820000089705 ] } },
{ "type": "Feature", "properties": { "BUS_STOP_N": "24559", "LOC_DESC": "Opp Crystal Offshore" }, "geometry": { "type": "Point", "coordinates": [ 8415.181699999608099, 31475.751700000837445 ] } },
{ "type": "Feature", "properties": { "BUS_STOP_N": "25181", "LOC_DESC": "Bef Tuas Dr 1" }, "geometry": { "type": "Point", "coordinates": [ 8580.266999999992549, 34008.320000000298023 ] } },
{ "type": "Feature", "properties": { "BUS_STOP_N": "23451", "LOC_DESC": "Opp Chemical Industries" }, "geometry": { "type": "Point", "coordinates": [ 12861.139499999582767, 31813.211600000038743 ] } },
{ "type": "Feature", "properties": { "BUS_STOP_N": "60061", "LOC_DESC": "Biotronik" }, "geometry": { "type": "Point", "coordinates": [ 32535.113199999555945, 33882.19400000013411 ] } },
{ "type": "Feature", "properties": { "BUS_STOP_N": "24341", "LOC_DESC": "Seatrium Pioneer Yard" }, "geometry": { "type": "Point", "coordinates": [ 9896.727400000207126, 30892.510099999606609 ] } },
{ "type": "Feature", "properties": { "BUS_STOP_N": "67391", "LOC_DESC": "BLK 333B" }, "geometry": { "type": "Point", "coordinates": [ 34465.815899999812245, 41795.27280000038445 ] } },
{ "type": "Feature", "properties": { "BUS_STOP_N": "84119", "LOC_DESC": "BLK 18" }, "geometry": { "type": "Point", "coordinates": [ 39334.132100000046194, 33552.060499999672174 ] } },
{ "type": "Feature", "properties": { "BUS_STOP_N": "26151", "LOC_DESC": "Tuas Lot" }, "geometry": { "type": "Point", "coordinates": [ 6771.57120000012219, 34082.048000000417233 ] } },
{ "type": "Feature", "properties": { "BUS_STOP_N": "70279", "LOC_DESC": "OPP TRINITY PAYA LEBAR" }, "geometry": { "type": "Point", "coordinates": [ 34253.00760000012815, 34856.1418999992311 ] } },
{ "type": "Feature", "properties": { "BUS_STOP_N": "84219", "LOC_DESC": "Blk 139" }, "geometry": { "type": "Point", "coordinates": [ 39297.736499999649823, 34616.772299999371171 ] } },
{ "type": "Feature", "properties": { "BUS_STOP_N": "84111", "LOC_DESC": "OPP BLK 17" }, "geometry": { "type": "Point", "coordinates": [ 39407.004599999636412, 33542.723999999463558 ] } },
{ "type": "Feature", "properties": { "BUS_STOP_N": "97051", "LOC_DESC": "Komo Shoppes" }, "geometry": { "type": "Point", "coordinates": [ 43256.326100000180304, 38062.123800000175834 ] } },
{ "type": "Feature", "properties": { "BUS_STOP_N": "24549", "LOC_DESC": "Seatrium Tuas Yard" }, "geometry": { "type": "Point", "coordinates": [ 8192.112599999643862, 31687.093299999833107 ] } },
{ "type": "Feature", "properties": { "BUS_STOP_N": "14159", "LOC_DESC": "HOTEL FABER PK" }, "geometry": { "type": "Point", "coordinates": [ 25759.831799999810755, 28048.260600000619888 ] } },
{ "type": "Feature", "properties": { "BUS_STOP_N": "21479", "LOC_DESC": "Aft Tukang Innovation Lane" }, "geometry": { "type": "Point", "coordinates": [ 14901.201299999840558, 34350.539100000634789 ] } },
{ "type": "Feature", "properties": { "BUS_STOP_N": "55239", "LOC_DESC": "Bef AMK St 64" }, "geometry": { "type": "Point", "coordinates": [ 29637.177699999883771, 41000.671000000089407 ] } },
{ "type": "Feature", "properties": { "BUS_STOP_N": "52561", "LOC_DESC": null }, "geometry": { "type": "Point", "coordinates": [ 30929.076999999582767, 35060.150499999523163 ] } },
{ "type": "Feature", "properties": { "BUS_STOP_N": "75419", "LOC_DESC": "THE ALPS RESIDENCES CONDO" }, "geometry": { "type": "Point", "coordinates": [ 38675.779000000096858, 37532.425100000575185 ] } },
{ "type": "Feature", "properties": { "BUS_STOP_N": "20109", "LOC_DESC": "Aft Clementi Fire Stn" }, "geometry": { "type": "Point", "coordinates": [ 20073.00650000013411, 33674.498099999502301 ] } },
{ "type": "Feature", "properties": { "BUS_STOP_N": "26331", "LOC_DESC": "Aft Tuas Sth St 2" }, "geometry": { "type": "Point", "coordinates": [ 5605.43709999974817, 32329.490399999544024 ] } },
{ "type": "Feature", "properties": { "BUS_STOP_N": "23201", "LOC_DESC": "Pall Corporation" }, "geometry": { "type": "Point", "coordinates": [ 11639.843999999575317, 33548.327899999916553 ] } },
{ "type": "Feature", "properties": { "BUS_STOP_N": "43769", "LOC_DESC": "DULWICH COLL/ BLK 445" }, "geometry": { "type": "Point", "coordinates": [ 17364.13910000026226, 37086.870799999684095 ] } },
{ "type": "Feature", "properties": { "BUS_STOP_N": "52571", "LOC_DESC": "BLK 268A" }, "geometry": { "type": "Point", "coordinates": [ 30764.307400000281632, 35041.969200000166893 ] } },
{ "type": "Feature", "properties": { "BUS_STOP_N": "21471", "LOC_DESC": "Bef Tukang Innovation Lane" }, "geometry": { "type": "Point", "coordinates": [ 14878.015700000338256, 34330.66330000013113 ] } },
{ "type": "Feature", "properties": { "BUS_STOP_N": "14221", "LOC_DESC": "Opp Ch of St. Teresa" }, "geometry": { "type": "Point", "coordinates": [ 27513.933500000275671, 28444.714099999517202 ] } },
{ "type": "Feature", "properties": { "BUS_STOP_N": "52579", "LOC_DESC": null }, "geometry": { "type": "Point", "coordinates": [ 30748.874200000427663, 35075.742900000885129 ] } },
{ "type": "Feature", "properties": { "BUS_STOP_N": "52569", "LOC_DESC": "BLK 269A" }, "geometry": { "type": "Point", "coordinates": [ 30952.175200000405312, 35057.689899999648333 ] } },
{ "type": "Feature", "properties": { "BUS_STOP_N": "96299", "LOC_DESC": "OPP BLK 222" }, "geometry": { "type": "Point", "coordinates": [ 41770.00760000012815, 35930.948100000619888 ] } },
{ "type": "Feature", "properties": { "BUS_STOP_N": "01129", "LOC_DESC": "BEF JLN PISANG" }, "geometry": { "type": "Point", "coordinates": [ 30815.560999999754131, 31757.25029999949038 ] } },
{ "type": "Feature", "properties": { "BUS_STOP_N": "23219", "LOC_DESC": "Opp Mapletree Log Hub" }, "geometry": { "type": "Point", "coordinates": [ 11894.567699999548495, 33391.513699999079108 ] } },
{ "type": "Feature", "properties": { "BUS_STOP_N": "15181", "LOC_DESC": "1A SCI PK DR (GENEO)" }, "geometry": { "type": "Point", "coordinates": [ 22688.004399999976158, 30373.983500000089407 ] } },
{ "type": "Feature", "properties": { "BUS_STOP_N": "03151", "LOC_DESC": "AFT TELOK AYER ST" }, "geometry": { "type": "Point", "coordinates": [ 29604.647599999792874, 29040.901399999856949 ] } },
{ "type": "Feature", "properties": { "BUS_STOP_N": "94031", "LOC_DESC": "OPP BAYSHORE STN EXIT 3" }, "geometry": { "type": "Point", "coordinates": [ 39976.990699999965727, 33037.023399999365211 ] } },
{ "type": "Feature", "properties": { "BUS_STOP_N": "21341", "LOC_DESC": "Opp GSK" }, "geometry": { "type": "Point", "coordinates": [ 14160.817900000140071, 35274.964299999177456 ] } },
{ "type": "Feature", "properties": { "BUS_STOP_N": "46571", "LOC_DESC": "Blk 182" }, "geometry": { "type": "Point", "coordinates": [ 21609.025000000372529, 46280.995799999684095 ] } },
{ "type": "Feature", "properties": { "BUS_STOP_N": "98081", "LOC_DESC": "AFT JLN BATALONG" }, "geometry": { "type": "Point", "coordinates": [ 42607.083700000308454, 38217.378299999982119 ] } },
{ "type": "Feature", "properties": { "BUS_STOP_N": "67659", "LOC_DESC": "AFT SENGKANG WEST RD" }, "geometry": { "type": "Point", "coordinates": [ 32162.759899999946356, 41271.092199999839067 ] } },
{ "type": "Feature", "properties": { "BUS_STOP_N": "55231", "LOC_DESC": "Liuxun Sanhemiao Tp" }, "geometry": { "type": "Point", "coordinates": [ 29669.934200000017881, 40841.513599999248981 ] } },
{ "type": "Feature", "properties": { "BUS_STOP_N": "25339", "LOC_DESC": "Opp Chugoku Marine Paints" }, "geometry": { "type": "Point", "coordinates": [ 8045.103699999861419, 33601.540200000628829 ] } },
{ "type": "Feature", "properties": { "BUS_STOP_N": "58171", "LOC_DESC": "Aft North Rd" }, "geometry": { "type": "Point", "coordinates": [ 26951.165699999779463, 48946.38120000064373 ] } },
{ "type": "Feature", "properties": { "BUS_STOP_N": "10169", "LOC_DESC": "Tiong Bahru Stn/Plaza" }, "geometry": { "type": "Point", "coordinates": [ 27355.715699999593198, 29826.366499999538064 ] } },
{ "type": "Feature", "properties": { "BUS_STOP_N": "54511", "LOC_DESC": "Blk 5032" }, "geometry": { "type": "Point", "coordinates": [ 31352.535000000149012, 39301.171000000089407 ] } },
{ "type": "Feature", "properties": { "BUS_STOP_N": "68171", "LOC_DESC": "Opp Blk 475A" }, "geometry": { "type": "Point", "coordinates": [ 30442.636300000362098, 45422.127199999988079 ] } },
{ "type": "Feature", "properties": { "BUS_STOP_N": "26141", "LOC_DESC": "Mectron Engrg" }, "geometry": { "type": "Point", "coordinates": [ 6519.976599999703467, 34320.859200000762939 ] } },
{ "type": "Feature", "properties": { "BUS_STOP_N": "22439", "LOC_DESC": "Aft Fei Siong Group" }, "geometry": { "type": "Point", "coordinates": [ 13915.029299999587238, 35036.457000000402331 ] } },
{ "type": "Feature", "properties": { "BUS_STOP_N": "40321", "LOC_DESC": "DULWICH COLLEGE" }, "geometry": { "type": "Point", "coordinates": [ 17552.606399999931455, 37098.029799999669194 ] } },
{ "type": "Feature", "properties": { "BUS_STOP_N": "03217", "LOC_DESC": "AFT STRAITS BLVD" }, "geometry": { "type": "Point", "coordinates": [ 29614.298999999649823, 28649.75029999949038 ] } },
{ "type": "Feature", "properties": { "BUS_STOP_N": "75261", "LOC_DESC": "Blk 709" }, "geometry": { "type": "Point", "coordinates": [ 39645.778599999845028, 37785.183299999684095 ] } },
{ "type": "Feature", "properties": { "BUS_STOP_N": "23361", "LOC_DESC": "Bef Benoi Sector" }, "geometry": { "type": "Point", "coordinates": [ 10803.143000000156462, 33492.103000000119209 ] } },
{ "type": "Feature", "properties": { "BUS_STOP_N": "22431", "LOC_DESC": "Opp Fei Siong Group" }, "geometry": { "type": "Point", "coordinates": [ 13996.002600000239909, 35028.978700000792742 ] } },
{ "type": "Feature", "properties": { "BUS_STOP_N": "01121", "LOC_DESC": "AFT VICTORIA LN" }, "geometry": { "type": "Point", "coordinates": [ 30834.092299999669194, 31818.725099999457598 ] } },
{ "type": "Feature", "properties": { "BUS_STOP_N": "96169", "LOC_DESC": "SIMEI STN" }, "geometry": { "type": "Point", "coordinates": [ 41357.527999999932945, 36041.637399999424815 ] } },
{ "type": "Feature", "properties": { "BUS_STOP_N": "45129", "LOC_DESC": "KF1 Karting Circuit" }, "geometry": { "type": "Point", "coordinates": [ 19685.575000000186265, 45063.841499999165535 ] } },
{ "type": "Feature", "properties": { "BUS_STOP_N": "23311", "LOC_DESC": "Seatrium Benoi Yard" }, "geometry": { "type": "Point", "coordinates": [ 10655.783300000242889, 31567.929999999701977 ] } },
{ "type": "Feature", "properties": { "BUS_STOP_N": "96161", "LOC_DESC": "OPP SIMEI STN" }, "geometry": { "type": "Point", "coordinates": [ 41370.696800000034273, 36017.881300000473857 ] } },
{ "type": "Feature", "properties": { "BUS_STOP_N": "18251", "LOC_DESC": "71 SCI PK DR" }, "geometry": { "type": "Point", "coordinates": [ 23004.347500000149012, 30345.845300000160933 ] } },
{ "type": "Feature", "properties": { "BUS_STOP_N": "46611", "LOC_DESC": "W'LANDS RING SEC SCH" }, "geometry": { "type": "Point", "coordinates": [ 21802.120799999684095, 45663.749299999326468 ] } },
{ "type": "Feature", "properties": { "BUS_STOP_N": "14229", "LOC_DESC": "Ch of St. Teresa" }, "geometry": { "type": "Point", "coordinates": [ 27466.41440000012517, 28474.453299999237061 ] } },
{ "type": "Feature", "properties": { "BUS_STOP_N": "18269", "LOC_DESC": "DSO NATL LABORATORIES" }, "geometry": { "type": "Point", "coordinates": [ 23086.661799999885261, 30274.984200000762939 ] } },
{ "type": "Feature", "properties": { "BUS_STOP_N": "52449", "LOC_DESC": "BEF BLK 105" }, "geometry": { "type": "Point", "coordinates": [ 29865.546000000089407, 35836.482999999076128 ] } },
{ "type": "Feature", "properties": { "BUS_STOP_N": "46581", "LOC_DESC": "Blk 189B" }, "geometry": { "type": "Point", "coordinates": [ 21379.33559999987483, 46460.198400000110269 ] } },
{ "type": "Feature", "properties": { "BUS_STOP_N": "25199", "LOC_DESC": "Rockwool Building Materials" }, "geometry": { "type": "Point", "coordinates": [ 8641.104299999773502, 33712.948300000280142 ] } },
{ "type": "Feature", "properties": { "BUS_STOP_N": "23369", "LOC_DESC": "Aft Benoi Sector" }, "geometry": { "type": "Point", "coordinates": [ 10844.668999999761581, 33481.564999999478459 ] } },
{ "type": "Feature", "properties": { "BUS_STOP_N": "25369", "LOC_DESC": "Opp Yan San Metals" }, "geometry": { "type": "Point", "coordinates": [ 7758.425099999643862, 34148.880499999970198 ] } },
{ "type": "Feature", "properties": { "BUS_STOP_N": "45439", "LOC_DESC": "Blk 691A" }, "geometry": { "type": "Point", "coordinates": [ 18855.150000000372529, 42566.347200000658631 ] } },
{ "type": "Feature", "properties": { "BUS_STOP_N": "22199", "LOC_DESC": "OPP SOON LEE DEPOT" }, "geometry": { "type": "Point", "coordinates": [ 12996.918300000019372, 34790.906999999657273 ] } },
{ "type": "Feature", "properties": { "BUS_STOP_N": "75269", "LOC_DESC": "Blk 522 CP" }, "geometry": { "type": "Point", "coordinates": [ 39664.879999999888241, 37911.898299999535084 ] } },
{ "type": "Feature", "properties": { "BUS_STOP_N": "75569", "LOC_DESC": "BLK 636C" }, "geometry": { "type": "Point", "coordinates": [ 40051.113699999637902, 38657.806800000369549 ] } },
{ "type": "Feature", "properties": { "BUS_STOP_N": "78061", "LOC_DESC": "Blk 104" }, "geometry": { "type": "Point", "coordinates": [ 41922.133799999952316, 38923.479399999603629 ] } },
{ "type": "Feature", "properties": { "BUS_STOP_N": "23429", "LOC_DESC": "Opp Mooreast" }, "geometry": { "type": "Point", "coordinates": [ 11461.553899999707937, 31873.487700000405312 ] } },
{ "type": "Feature", "properties": { "BUS_STOP_N": "28679", "LOC_DESC": "Bef Toh Guan Rd East" }, "geometry": { "type": "Point", "coordinates": [ 18845.991399999707937, 35420.320699999108911 ] } },
{ "type": "Feature", "properties": { "BUS_STOP_N": "18109", "LOC_DESC": "BLK 55/OPP 5 SCI PK DR" }, "geometry": { "type": "Point", "coordinates": [ 22810.488699999637902, 30719.4543999992311 ] } },
{ "type": "Feature", "properties": { "BUS_STOP_N": "14151", "LOC_DESC": "OPP HOTEL FABER PK" }, "geometry": { "type": "Point", "coordinates": [ 25721.744699999690056, 28025.021999999880791 ] } },
{ "type": "Feature", "properties": { "BUS_STOP_N": "44091", "LOC_DESC": "CHOA CHU KANG MKT" }, "geometry": { "type": "Point", "coordinates": [ 18063.953499999828637, 39826.151399999856949 ] } },
{ "type": "Feature", "properties": { "BUS_STOP_N": "52509", "LOC_DESC": "Aft HDB Hub" }, "geometry": { "type": "Point", "coordinates": [ 29879.130300000309944, 34816.627499999478459 ] } },
{ "type": "Feature", "properties": { "BUS_STOP_N": "96259", "LOC_DESC": "AFT CHANGI GENERAL HOSP" }, "geometry": { "type": "Point", "coordinates": [ 41137.810399999842048, 35857.339700000360608 ] } },
{ "type": "Feature", "properties": { "BUS_STOP_N": "22331", "LOC_DESC": "Tg Kling Rd (End)" }, "geometry": { "type": "Point", "coordinates": [ 13511.38329999987036, 31912.849700000137091 ] } },
{ "type": "Feature", "properties": { "BUS_STOP_N": "54519", "LOC_DESC": "Extra Space" }, "geometry": { "type": "Point", "coordinates": [ 31384.408599999733269, 39250.934200000017881 ] } },
{ "type": "Feature", "properties": { "BUS_STOP_N": "96251", "LOC_DESC": "BEF CHANGI GENERAL HOSP" }, "geometry": { "type": "Point", "coordinates": [ 41141.908999999985099, 35831.895300000905991 ] } },
{ "type": "Feature", "properties": { "BUS_STOP_N": "21349", "LOC_DESC": "GSK" }, "geometry": { "type": "Point", "coordinates": [ 14189.438299999572337, 35242.260600000619888 ] } },
{ "type": "Feature", "properties": { "BUS_STOP_N": "22191", "LOC_DESC": "SOON LEE DEPOT" }, "geometry": { "type": "Point", "coordinates": [ 12982.825600000098348, 34855.234600000083447 ] } },
{ "type": "Feature", "properties": { "BUS_STOP_N": "25341", "LOC_DESC": "Bef Tuas Ave 2" }, "geometry": { "type": "Point", "coordinates": [ 7812.231800000183284, 33801.587400000542402 ] } },
{ "type": "Feature", "properties": { "BUS_STOP_N": "94039", "LOC_DESC": "BEF BAYSHORE STN EXIT 3" }, "geometry": { "type": "Point", "coordinates": [ 39949.758899999782443, 33015.081800000742078 ] } },
{ "type": "Feature", "properties": { "BUS_STOP_N": "44129", "LOC_DESC": "Sol Acres Condo" }, "geometry": { "type": "Point", "coordinates": [ 18817.582000000402331, 39936.846000000834465 ] } },
{ "type": "Feature", "properties": { "BUS_STOP_N": "24411", "LOC_DESC": "Opp Multi Ways Equipment" }, "geometry": { "type": "Point", "coordinates": [ 8898.606900000013411, 31650.068199999630451 ] } },
{ "type": "Feature", "properties": { "BUS_STOP_N": "96289", "LOC_DESC": "CHANGI GENERAL HOSP" }, "geometry": { "type": "Point", "coordinates": [ 40811.189199999906123, 35791.527599999681115 ] } },
{ "type": "Feature", "properties": { "BUS_STOP_N": "46619", "LOC_DESC": "OPP W'LANDS RING SEC SCH" }, "geometry": { "type": "Point", "coordinates": [ 21817.071700000204146, 45646.020999999716878 ] } },
{ "type": "Feature", "properties": { "BUS_STOP_N": "67651", "LOC_DESC": "BEF SENGKANG WEST RD" }, "geometry": { "type": "Point", "coordinates": [ 32192.17920000012964, 41248.60840000025928 ] } },
{ "type": "Feature", "properties": { "BUS_STOP_N": "22471", "LOC_DESC": "Blk 991B" }, "geometry": { "type": "Point", "coordinates": [ 12405.568199999630451, 35252.804700000211596 ] } },
{ "type": "Feature", "properties": { "BUS_STOP_N": "21251", "LOC_DESC": "Bef Quality Rd" }, "geometry": { "type": "Point", "coordinates": [ 14306.583599999547005, 35379.046900000423193 ] } },
{ "type": "Feature", "properties": { "BUS_STOP_N": "22479", "LOC_DESC": "Opp Blk 991B" }, "geometry": { "type": "Point", "coordinates": [ 12391.28070000000298, 35215.39750000089407 ] } },
{ "type": "Feature", "properties": { "BUS_STOP_N": "21259", "LOC_DESC": "Aft Quality Rd" }, "geometry": { "type": "Point", "coordinates": [ 14318.584599999710917, 35361.143699999898672 ] } },
{ "type": "Feature", "properties": { "BUS_STOP_N": "23439", "LOC_DESC": "Opp LP 71" }, "geometry": { "type": "Point", "coordinates": [ 11459.827800000086427, 32225.265000000596046 ] } },
{ "type": "Feature", "properties": { "BUS_STOP_N": "10161", "LOC_DESC": "Opp Tiong Bahru Stn/Plaza" }, "geometry": { "type": "Point", "coordinates": [ 27245.70920000039041, 29817.542500000447035 ] } },
{ "type": "Feature", "properties": { "BUS_STOP_N": "45121", "LOC_DESC": "Opp KF1 Karting Circuit" }, "geometry": { "type": "Point", "coordinates": [ 19694.775100000202656, 45090.229699999094009 ] } },
{ "type": "Feature", "properties": { "BUS_STOP_N": "24541", "LOC_DESC": "Opp Seatrium Tuas Yard" }, "geometry": { "type": "Point", "coordinates": [ 8231.349399999715388, 31674.273299999535084 ] } },
{ "type": "Feature", "properties": { "BUS_STOP_N": "06141", "LOC_DESC": "HOLIDAY INN ATRIUM" }, "geometry": { "type": "Point", "coordinates": [ 28087.922799999825656, 30210.895300000905991 ] } },
{ "type": "Feature", "properties": { "BUS_STOP_N": "64381", "LOC_DESC": "HOUGANG STN EXIT C" }, "geometry": { "type": "Point", "coordinates": [ 34490.659500000067055, 39435.566500000655651 ] } },
{ "type": "Feature", "properties": { "BUS_STOP_N": "64389", "LOC_DESC": "BLK 522" }, "geometry": { "type": "Point", "coordinates": [ 34505.237499999813735, 39458.159700000658631 ] } },
{ "type": "Feature", "properties": { "BUS_STOP_N": "06149", "LOC_DESC": "OPP HOLIDAY INN ATRIUM S'PORE" }, "geometry": { "type": "Point", "coordinates": [ 28093.639700000174344, 30246.129200000315905 ] } },
{ "type": "Feature", "properties": { "BUS_STOP_N": "06081", "LOC_DESC": "BLK 94" }, "geometry": { "type": "Point", "coordinates": [ 28022.731800000183284, 30071.328700000420213 ] } },
{ "type": "Feature", "properties": { "BUS_STOP_N": "06129", "LOC_DESC": "GRAND COPTHORNE HOTEL" }, "geometry": { "type": "Point", "coordinates": [ 28130.254800000227988, 30338.897299999371171 ] } },
{ "type": "Feature", "properties": { "BUS_STOP_N": "06131", "LOC_DESC": "THE BOYS' BRIGADE HQ" }, "geometry": { "type": "Point", "coordinates": [ 27878.268299999646842, 30436.885800000280142 ] } },
{ "type": "Feature", "properties": { "BUS_STOP_N": "64049", "LOC_DESC": "OPP THE MIDTOWN" }, "geometry": { "type": "Point", "coordinates": [ 34970.955900000408292, 39147.170499999076128 ] } },
{ "type": "Feature", "properties": { "BUS_STOP_N": "10229", "LOC_DESC": "OPP HARVEST MANSIONS" }, "geometry": { "type": "Point", "coordinates": [ 27839.371799999848008, 30325.161199999973178 ] } },
{ "type": "Feature", "properties": { "BUS_STOP_N": "06071", "LOC_DESC": "BLK 2B" }, "geometry": { "type": "Point", "coordinates": [ 28030.105299999937415, 29907.768600000068545 ] } },
{ "type": "Feature", "properties": { "BUS_STOP_N": "64019", "LOC_DESC": "BLK 302" }, "geometry": { "type": "Point", "coordinates": [ 34736.894899999722838, 38921.697200000286102 ] } },
{ "type": "Feature", "properties": { "BUS_STOP_N": "54659", "LOC_DESC": "TECHPLACE 2" }, "geometry": { "type": "Point", "coordinates": [ 31722.394500000402331, 40035.482499999925494 ] } },
{ "type": "Feature", "properties": { "BUS_STOP_N": "58261", "LOC_DESC": "VISIONAIRE" }, "geometry": { "type": "Point", "coordinates": [ 27317.419499999843538, 47637.135500000789762 ] } },
{ "type": "Feature", "properties": { "BUS_STOP_N": "59599", "LOC_DESC": "OPP BLK 406" }, "geometry": { "type": "Point", "coordinates": [ 29821.492600000463426, 45407.569099999964237 ] } },
{ "type": "Feature", "properties": { "BUS_STOP_N": "44549", "LOC_DESC": "OPP NORTHVALE CONDO" }, "geometry": { "type": "Point", "coordinates": [ 18309.811999999918044, 41001.521099999547005 ] } },
{ "type": "Feature", "properties": { "BUS_STOP_N": "83109", "LOC_DESC": "OPP EUNOS STN" }, "geometry": { "type": "Point", "coordinates": [ 36012.794400000013411, 33708.877800000831485 ] } },
{ "type": "Feature", "properties": { "BUS_STOP_N": "83011", "LOC_DESC": "CASA SARINA" }, "geometry": { "type": "Point", "coordinates": [ 36237.458599999547005, 33552.688799999654293 ] } },
{ "type": "Feature", "properties": { "BUS_STOP_N": "59821", "LOC_DESC": null }, "geometry": { "type": "Point", "coordinates": [ 29379.623499999754131, 46066.763900000602007 ] } },
{ "type": "Feature", "properties": { "BUS_STOP_N": "65639", "LOC_DESC": "BEF PUNGGOL PT STN" }, "geometry": { "type": "Point", "coordinates": [ 35976.198499999940395, 44381.078500000759959 ] } },
{ "type": "Feature", "properties": { "BUS_STOP_N": "54201", "LOC_DESC": "OPP BLK 155" }, "geometry": { "type": "Point", "coordinates": [ 28653.381299999542534, 39768.438699999824166 ] } },
{ "type": "Feature", "properties": { "BUS_STOP_N": "67329", "LOC_DESC": "OPP BLK 310B" }, "geometry": { "type": "Point", "coordinates": [ 33730.122200000099838, 41313.508199999108911 ] } },
{ "type": "Feature", "properties": { "BUS_STOP_N": "54209", "LOC_DESC": "BET BLKS 152/155" }, "geometry": { "type": "Point", "coordinates": [ 28688.789499999955297, 39805.450699999928474 ] } },
{ "type": "Feature", "properties": { "BUS_STOP_N": "10339", "LOC_DESC": "AFT BT MERAH CTRL" }, "geometry": { "type": "Point", "coordinates": [ 26363.464399999938905, 29290.416500000283122 ] } },
{ "type": "Feature", "properties": { "BUS_STOP_N": "17119", "LOC_DESC": "OPP BLK 343" }, "geometry": { "type": "Point", "coordinates": [ 21165.579699999652803, 33270.981599999591708 ] } },
{ "type": "Feature", "properties": { "BUS_STOP_N": "17109", "LOC_DESC": "OPP BLK 352" }, "geometry": { "type": "Point", "coordinates": [ 21197.341599999926984, 33065.956700000911951 ] } },
{ "type": "Feature", "properties": { "BUS_STOP_N": "14339", "LOC_DESC": "BLK 70A" }, "geometry": { "type": "Point", "coordinates": [ 25530.790000000037253, 28800.340600000694394 ] } },
{ "type": "Feature", "properties": { "BUS_STOP_N": "14331", "LOC_DESC": "OPP BLK 70B" }, "geometry": { "type": "Point", "coordinates": [ 25536.568199999630451, 28819.521299999207258 ] } },
{ "type": "Feature", "properties": { "BUS_STOP_N": "43131", "LOC_DESC": "BT PANJANG PR SCH" }, "geometry": { "type": "Point", "coordinates": [ 20964.550499999895692, 39481.306700000539422 ] } },
{ "type": "Feature", "properties": { "BUS_STOP_N": "81211", "LOC_DESC": "GEYLANG POLYCLINIC" }, "geometry": { "type": "Point", "coordinates": [ 33925.686300000175834, 33478.690099999308586 ] } },
{ "type": "Feature", "properties": { "BUS_STOP_N": "45269", "LOC_DESC": "BLK 544" }, "geometry": { "type": "Point", "coordinates": [ 18031.719499999657273, 41808.377399999648333 ] } },
{ "type": "Feature", "properties": { "BUS_STOP_N": "52008", "LOC_DESC": "TOA PAYOH BUS INT" }, "geometry": { "type": "Point", "coordinates": [ 29598.363300000317395, 34948.916600000113249 ] } },
{ "type": "Feature", "properties": { "BUS_STOP_N": "52009", "LOC_DESC": "TOA PAYOH BUS INT" }, "geometry": { "type": "Point", "coordinates": [ 29585.747600000351667, 34999.387499999254942 ] } },
{ "type": "Feature", "properties": { "BUS_STOP_N": "62259", "LOC_DESC": "SBST HOUGANG BUS DEPOT" }, "geometry": { "type": "Point", "coordinates": [ 34598.661199999973178, 36494.514200000092387 ] } },
{ "type": "Feature", "properties": { "BUS_STOP_N": "65009", "LOC_DESC": "PUNGGOL BUS INTERCHANGE" }, "geometry": { "type": "Point", "coordinates": [ 35675.76480000000447, 42903.241800000891089 ] } },
{ "type": "Feature", "properties": { "BUS_STOP_N": "68091", "LOC_DESC": "AFT BAKER ST" }, "geometry": { "type": "Point", "coordinates": [ 32038.834999999962747, 43298.684299999848008 ] } },
{ "type": "Feature", "properties": { "BUS_STOP_N": "68099", "LOC_DESC": "BEF BAKER ST" }, "geometry": { "type": "Point", "coordinates": [ 32004.049200000241399, 43320.338199999183416 ] } },
{ "type": "Feature", "properties": { "BUS_STOP_N": "84008", "LOC_DESC": "BEDOK BUS INT" }, "geometry": { "type": "Point", "coordinates": [ 38636.095999999903142, 34103.883500000461936 ] } },
{ "type": "Feature", "properties": { "BUS_STOP_N": "84009", "LOC_DESC": "BEDOK BUS INT" }, "geometry": { "type": "Point", "coordinates": [ 38721.259100000374019, 34121.370400000363588 ] } },
{ "type": "Feature", "properties": { "BUS_STOP_N": "96381", "LOC_DESC": "CHANGI CITY POINT" }, "geometry": { "type": "Point", "coordinates": [ 42338.872200000099838, 35056.526399999856949 ] } },
{ "type": "Feature", "properties": { "BUS_STOP_N": "96301", "LOC_DESC": "EXPO STATION EXIT B" }, "geometry": { "type": "Point", "coordinates": [ 42289.322900000028312, 35191.857699999585748 ] } },
{ "type": "Feature", "properties": { "BUS_STOP_N": "96309", "LOC_DESC": "EXPO STATION EXIT E" }, "geometry": { "type": "Point", "coordinates": [ 42299.097400000318885, 35162.920099999755621 ] } },
{ "type": "Feature", "properties": { "BUS_STOP_N": "46461", "LOC_DESC": "OPP BLK 757A CP" }, "geometry": { "type": "Point", "coordinates": [ 23589.11780000012368, 47587.109699999913573 ] } },
{ "type": "Feature", "properties": { "BUS_STOP_N": "68021", "LOC_DESC": "OPP BLK 448A" }, "geometry": { "type": "Point", "coordinates": [ 32357.769199999980628, 41688.309100000187755 ] } },
{ "type": "Feature", "properties": { "BUS_STOP_N": "68029", "LOC_DESC": "BLK 448A" }, "geometry": { "type": "Point", "coordinates": [ 32381.917200000025332, 41661.059299999848008 ] } },
{ "type": "Feature", "properties": { "BUS_STOP_N": "75179", "LOC_DESC": "BLK 871C" }, "geometry": { "type": "Point", "coordinates": [ 38940.178100000135601, 37676.620400000363588 ] } },
{ "type": "Feature", "properties": { "BUS_STOP_N": "75171", "LOC_DESC": "UWCSEA" }, "geometry": { "type": "Point", "coordinates": [ 38912.603000000119209, 37730.914200000464916 ] } },
{ "type": "Feature", "properties": { "BUS_STOP_N": "56049", "LOC_DESC": "MEADOWS /@ PEIRCE" }, "geometry": { "type": "Point", "coordinates": [ 27373.906000000424683, 40159.243000000715256 ] } },
{ "type": "Feature", "properties": { "BUS_STOP_N": "16031", "LOC_DESC": "OPP S'PORE SCIENCE PK II" }, "geometry": { "type": "Point", "coordinates": [ 21896.604199999943376, 30052.480299999937415 ] } },
{ "type": "Feature", "properties": { "BUS_STOP_N": "11441", "LOC_DESC": "BLK 58" }, "geometry": { "type": "Point", "coordinates": [ 24013.63399999961257, 31136.335500000044703 ] } },
{ "type": "Feature", "properties": { "BUS_STOP_N": "44199", "LOC_DESC": "BLK 171" }, "geometry": { "type": "Point", "coordinates": [ 20591.482200000435114, 40100.918500000610948 ] } },
{ "type": "Feature", "properties": { "BUS_STOP_N": "66111", "LOC_DESC": "OPP GRACE WK" }, "geometry": { "type": "Point", "coordinates": [ 31884.915400000289083, 37841.03830000013113 ] } },
{ "type": "Feature", "properties": { "BUS_STOP_N": "76421", "LOC_DESC": "OPP BLK 331" }, "geometry": { "type": "Point", "coordinates": [ 42091.741200000047684, 37327.509400000795722 ] } },
{ "type": "Feature", "properties": { "BUS_STOP_N": "07111", "LOC_DESC": "BROADWAY HOTEL" }, "geometry": { "type": "Point", "coordinates": [ 30215.259800000116229, 32348.798800000920892 ] } },
{ "type": "Feature", "properties": { "BUS_STOP_N": "44251", "LOC_DESC": "BT PANJANG STN/BLK 604" }, "geometry": { "type": "Point", "coordinates": [ 20077.175999999977648, 40250.492000000551343 ] } },
{ "type": "Feature", "properties": { "BUS_STOP_N": "53099", "LOC_DESC": "AFT ANG MO KIO AVE 1" }, "geometry": { "type": "Point", "coordinates": [ 27455.742600000463426, 38732.889000000432134 ] } },
{ "type": "Feature", "properties": { "BUS_STOP_N": "05022", "LOC_DESC": "AFT CHINATOWN STN EXIT D" }, "geometry": { "type": "Point", "coordinates": [ 29243.146200000308454, 29805.551200000569224 ] } },
{ "type": "Feature", "properties": { "BUS_STOP_N": "50021", "LOC_DESC": "UNITED SQ/BEF NOVENA STN" }, "geometry": { "type": "Point", "coordinates": [ 29212.415000000037253, 33297.153999999165535 ] } },
{ "type": "Feature", "properties": { "BUS_STOP_N": "14141", "LOC_DESC": "HARBOURFRONT/VIVOCITY" }, "geometry": { "type": "Point", "coordinates": [ 26745.567300000227988, 27558.109699999913573 ] } },
{ "type": "Feature", "properties": { "BUS_STOP_N": "81091", "LOC_DESC": "OPP BLK 105" }, "geometry": { "type": "Point", "coordinates": [ 33374.186499999836087, 33592.731499999761581 ] } },
{ "type": "Feature", "properties": { "BUS_STOP_N": "70101", "LOC_DESC": "BEF JLN WANGI" }, "geometry": { "type": "Point", "coordinates": [ 32529.58490000013262, 34657.889499999582767 ] } },
{ "type": "Feature", "properties": { "BUS_STOP_N": "07379", "LOC_DESC": "APERIA/BEF KALLANG RD" }, "geometry": { "type": "Point", "coordinates": [ 31350.796099999919534, 32492.392500000074506 ] } },
{ "type": "Feature", "properties": { "BUS_STOP_N": "82179", "LOC_DESC": "AFTER RAMBUTAN RD" }, "geometry": { "type": "Point", "coordinates": [ 35923.239900000393391, 32911.888900000602007 ] } },
{ "type": "Feature", "properties": { "BUS_STOP_N": "85089", "LOC_DESC": "AFT SUNGEI BEDOK" }, "geometry": { "type": "Point", "coordinates": [ 40839.85149999987334, 35057.724099999293685 ] } },
{ "type": "Feature", "properties": { "BUS_STOP_N": "67359", "LOC_DESC": "NAN CHIAU HIGH SCH" }, "geometry": { "type": "Point", "coordinates": [ 34348.040599999949336, 41330.826799999922514 ] } },
{ "type": "Feature", "properties": { "BUS_STOP_N": "02181", "LOC_DESC": "SUPREME CT" }, "geometry": { "type": "Point", "coordinates": [ 29984.173899999819696, 30195.775900000706315 ] } },
{ "type": "Feature", "properties": { "BUS_STOP_N": "02111", "LOC_DESC": "ESPLANADE BRIDGE" }, "geometry": { "type": "Point", "coordinates": [ 30362.510900000110269, 30376.69679999910295 ] } },
{ "type": "Feature", "properties": { "BUS_STOP_N": "02011", "LOC_DESC": "VICTORIA CONCERT HALL" }, "geometry": { "type": "Point", "coordinates": [ 30070.058199999853969, 30113.044399999082088 ] } },
{ "type": "Feature", "properties": { "BUS_STOP_N": "18079", "LOC_DESC": "Opp Nuh" }, "geometry": { "type": "Point", "coordinates": [ 22567.695299999788404, 30993.882099999114871 ] } },
{ "type": "Feature", "properties": { "BUS_STOP_N": "67421", "LOC_DESC": "CHENG LIM STN EXIT B" }, "geometry": { "type": "Point", "coordinates": [ 34741.766099999658763, 42004.211400000378489 ] } },
{ "type": "Feature", "properties": { "BUS_STOP_N": "76281", "LOC_DESC": "JUNYUAN PRI SCH" }, "geometry": { "type": "Point", "coordinates": [ 39702.102500000037253, 36629.343599999323487 ] } },
{ "type": "Feature", "properties": { "BUS_STOP_N": "76289", "LOC_DESC": "BLK 801" }, "geometry": { "type": "Point", "coordinates": [ 39674.463899999856949, 36582.708200000226498 ] } },
{ "type": "Feature", "properties": { "BUS_STOP_N": "58461", "LOC_DESC": "INNOVA PRI SCH" }, "geometry": { "type": "Point", "coordinates": [ 23217.218000000342727, 45710.086799999698997 ] } },
{ "type": "Feature", "properties": { "BUS_STOP_N": "70201", "LOC_DESC": "OPP MACPHERSON STN EXIT D" }, "geometry": { "type": "Point", "coordinates": [ 34178.630900000222027, 34105.921800000593066 ] } },
{ "type": "Feature", "properties": { "BUS_STOP_N": "70379", "LOC_DESC": "OPP MACPHERSON STN EXIT A" }, "geometry": { "type": "Point", "coordinates": [ 34245.894899999722838, 34281.638599999248981 ] } },
{ "type": "Feature", "properties": { "BUS_STOP_N": "70371", "LOC_DESC": "MACPHERSON STN EXIT A" }, "geometry": { "type": "Point", "coordinates": [ 34227.489699999801815, 34245.698000000789762 ] } },
{ "type": "Feature", "properties": { "BUS_STOP_N": "47501", "LOC_DESC": "OPP BLK 583" }, "geometry": { "type": "Point", "coordinates": [ 23705.13980000000447, 45801.833799999207258 ] } },
{ "type": "Feature", "properties": { "BUS_STOP_N": "14069", "LOC_DESC": "FORMER RAILWAY STN" }, "geometry": { "type": "Point", "coordinates": [ 28414.271999999880791, 28344.337999999523163 ] } },
{ "type": "Feature", "properties": { "BUS_STOP_N": "83311", "LOC_DESC": "AFT LOR NANGKA" }, "geometry": { "type": "Point", "coordinates": [ 36189.259899999946356, 32754.286800000816584 ] } },
{ "type": "Feature", "properties": { "BUS_STOP_N": "25419", "LOC_DESC": "AFT TUAS TER" }, "geometry": { "type": "Point", "coordinates": [ 6306.145600000396371, 36286.63910000026226 ] } },
{ "type": "Feature", "properties": { "BUS_STOP_N": "53371", "LOC_DESC": "BLK 257" }, "geometry": { "type": "Point", "coordinates": [ 29156.624900000169873, 38011.350899999961257 ] } },
{ "type": "Feature", "properties": { "BUS_STOP_N": "55149", "LOC_DESC": "BLK 622" }, "geometry": { "type": "Point", "coordinates": [ 28665.915199999697506, 40379.460500000044703 ] } },
{ "type": "Feature", "properties": { "BUS_STOP_N": "05631", "LOC_DESC": "BLK 16" }, "geometry": { "type": "Point", "coordinates": [ 28786.523900000378489, 28440.535900000482798 ] } },
{ "type": "Feature", "properties": { "BUS_STOP_N": "46199", "LOC_DESC": "BLK 120" }, "geometry": { "type": "Point", "coordinates": [ 22136.678899999707937, 46805.975400000810623 ] } },
{ "type": "Feature", "properties": { "BUS_STOP_N": "27421", "LOC_DESC": "BLK 701" }, "geometry": { "type": "Point", "coordinates": [ 12644.330000000074506, 36100.287799999117851 ] } },
{ "type": "Feature", "properties": { "BUS_STOP_N": "58139", "LOC_DESC": "BEF ASSYAFAAH MQUE" }, "geometry": { "type": "Point", "coordinates": [ 26597.898000000044703, 48661.419900000095367 ] } },
{ "type": "Feature", "properties": { "BUS_STOP_N": "91041", "LOC_DESC": "ETONHOUSE PRE-SCH" }, "geometry": { "type": "Point", "coordinates": [ 33926.754800000227988, 31484.983200000599027 ] } },
{ "type": "Feature", "properties": { "BUS_STOP_N": "64131", "LOC_DESC": "BEF KPE" }, "geometry": { "type": "Point", "coordinates": [ 35820.174200000241399, 38342.550400000065565 ] } },
{ "type": "Feature", "properties": { "BUS_STOP_N": "24639", "LOC_DESC": "AFT BENOI RD" }, "geometry": { "type": "Point", "coordinates": [ 10700.69550000037998, 33628.522399999201298 ] } },
{ "type": "Feature", "properties": { "BUS_STOP_N": "05239", "LOC_DESC": "BEF PINNACLE /@ DUXTON" }, "geometry": { "type": "Point", "coordinates": [ 28884.728000000119209, 28976.552300000563264 ] } },
{ "type": "Feature", "properties": { "BUS_STOP_N": "67579", "LOC_DESC": "BEF JALAN KAYU" }, "geometry": { "type": "Point", "coordinates": [ 32494.330500000156462, 41859.911699999123812 ] } },
{ "type": "Feature", "properties": { "BUS_STOP_N": "64159", "LOC_DESC": "BEF GREENWICH DR" }, "geometry": { "type": "Point", "coordinates": [ 36524.097900000400841, 38833.167400000616908 ] } },
{ "type": "Feature", "properties": { "BUS_STOP_N": "58011", "LOC_DESC": "OPP SEMBAWANG SHOP CTR" }, "geometry": { "type": "Point", "coordinates": [ 26980.814199999906123, 47010.275699999183416 ] } },
{ "type": "Feature", "properties": { "BUS_STOP_N": "64349", "LOC_DESC": "BLK 502" }, "geometry": { "type": "Point", "coordinates": [ 33941.453900000080466, 39433.334899999201298 ] } },
{ "type": "Feature", "properties": { "BUS_STOP_N": "62131", "LOC_DESC": "S'GOON STN EXIT H" }, "geometry": { "type": "Point", "coordinates": [ 32399.472299999557436, 36793.337899999693036 ] } },
{ "type": "Feature", "properties": { "BUS_STOP_N": "76269", "LOC_DESC": "OPP BLK 489A" }, "geometry": { "type": "Point", "coordinates": [ 41802.851099999621511, 38219.241499999538064 ] } },
{ "type": "Feature", "properties": { "BUS_STOP_N": "21599", "LOC_DESC": "BLK 117" }, "geometry": { "type": "Point", "coordinates": [ 15691.045400000177324, 35201.545800000429153 ] } },
{ "type": "Feature", "properties": { "BUS_STOP_N": "13051", "LOC_DESC": "OPP VALLEY PT" }, "geometry": { "type": "Point", "coordinates": [ 27231.474999999627471, 30641.224500000476837 ] } },
{ "type": "Feature", "properties": { "BUS_STOP_N": "84081", "LOC_DESC": "OPP BLK 40" }, "geometry": { "type": "Point", "coordinates": [ 39887.802099999971688, 33633.69649999961257 ] } },
{ "type": "Feature", "properties": { "BUS_STOP_N": "31009", "LOC_DESC": "CHOA CHU KANG RD END" }, "geometry": { "type": "Point", "coordinates": [ 11409.168600000441074, 39309.660800000652671 ] } },
{ "type": "Feature", "properties": { "BUS_STOP_N": "23431", "LOC_DESC": "SEMCO" }, "geometry": { "type": "Point", "coordinates": [ 11445.92269999999553, 32278.39809999987483 ] } },
{ "type": "Feature", "properties": { "BUS_STOP_N": "25431", "LOC_DESC": "SUPER CONTINENTAL" }, "geometry": { "type": "Point", "coordinates": [ 6108.518400000408292, 35690.211799999698997 ] } },
{ "type": "Feature", "properties": { "BUS_STOP_N": "23481", "LOC_DESC": "MOLEX" }, "geometry": { "type": "Point", "coordinates": [ 11141.648000000044703, 34459.969100000336766 ] } },
{ "type": "Feature", "properties": { "BUS_STOP_N": "43429", "LOC_DESC": "BLK 240" }, "geometry": { "type": "Point", "coordinates": [ 19154.304100000299513, 37017.810100000351667 ] } },
{ "type": "Feature", "properties": { "BUS_STOP_N": "78169", "LOC_DESC": "OPP BLK 216" }, "geometry": { "type": "Point", "coordinates": [ 42126.636500000022352, 39016.711300000548363 ] } },
{ "type": "Feature", "properties": { "BUS_STOP_N": "44469", "LOC_DESC": "BLK 414" }, "geometry": { "type": "Point", "coordinates": [ 17919.357300000265241, 40491.883099999278784 ] } },
{ "type": "Feature", "properties": { "BUS_STOP_N": "42211", "LOC_DESC": "HIGHGATE PK" }, "geometry": { "type": "Point", "coordinates": [ 20470.557699999772012, 35768.370600000023842 ] } },
{ "type": "Feature", "properties": { "BUS_STOP_N": "28189", "LOC_DESC": "AFT TOH TUCK LK" }, "geometry": { "type": "Point", "coordinates": [ 19670.308400000445545, 34674.768300000578165 ] } },
{ "type": "Feature", "properties": { "BUS_STOP_N": "40209", "LOC_DESC": "NOVOTEL MERCURE @ STEVENS" }, "geometry": { "type": "Point", "coordinates": [ 27353.669099999591708, 32903.724199999123812 ] } },
{ "type": "Feature", "properties": { "BUS_STOP_N": "84249", "LOC_DESC": "BLK 124" }, "geometry": { "type": "Point", "coordinates": [ 39827.356399999931455, 34635.781600000336766 ] } },
{ "type": "Feature", "properties": { "BUS_STOP_N": "47201", "LOC_DESC": "W'LANDS NTH STN" }, "geometry": { "type": "Point", "coordinates": [ 22632.918999999761581, 47934.004499999806285 ] } },
{ "type": "Feature", "properties": { "BUS_STOP_N": "22599", "LOC_DESC": "BLK 678D" }, "geometry": { "type": "Point", "coordinates": [ 13509.812199999578297, 36329.121899999678135 ] } },
{ "type": "Feature", "properties": { "BUS_STOP_N": "67519", "LOC_DESC": "OPP BLK 121E" }, "geometry": { "type": "Point", "coordinates": [ 36119.252299999818206, 40843.101700000464916 ] } },
{ "type": "Feature", "properties": { "BUS_STOP_N": "03349", "LOC_DESC": "AFT GDNS BY THE BAY" }, "geometry": { "type": "Point", "coordinates": [ 31462.966199999675155, 28770.116499999538064 ] } },
{ "type": "Feature", "properties": { "BUS_STOP_N": "43209", "LOC_DESC": "AUTOBACS" }, "geometry": { "type": "Point", "coordinates": [ 20275.343799999915063, 36569.988299999386072 ] } },
{ "type": "Feature", "properties": { "BUS_STOP_N": "98129", "LOC_DESC": "OPP KRISLITE BLDG" }, "geometry": { "type": "Point", "coordinates": [ 43259.668999999761581, 39340.312000000849366 ] } },
{ "type": "Feature", "properties": { "BUS_STOP_N": "50189", "LOC_DESC": "OPP PUBLIC MANSIONS" }, "geometry": { "type": "Point", "coordinates": [ 29694.150999999605119, 34246.750700000673532 ] } },
{ "type": "Feature", "properties": { "BUS_STOP_N": "54439", "LOC_DESC": "BLK 549" }, "geometry": { "type": "Point", "coordinates": [ 30645.541299999691546, 39475.685100000351667 ] } },
{ "type": "Feature", "properties": { "BUS_STOP_N": "59521", "LOC_DESC": "YISHUN EMERALD" }, "geometry": { "type": "Point", "coordinates": [ 27819.336500000208616, 46859.279799999669194 ] } },
{ "type": "Feature", "properties": { "BUS_STOP_N": "58401", "LOC_DESC": "Opp Blk 491" }, "geometry": { "type": "Point", "coordinates": [ 26294.012299999594688, 48593.485400000587106 ] } },
{ "type": "Feature", "properties": { "BUS_STOP_N": "82049", "LOC_DESC": "JOO CHIAT CPLX" }, "geometry": { "type": "Point", "coordinates": [ 35291.764299999922514, 33179.943299999460578 ] } },
{ "type": "Feature", "properties": { "BUS_STOP_N": "85071", "LOC_DESC": "BEF CHANGI FIRE STN" }, "geometry": { "type": "Point", "coordinates": [ 40971.94550000037998, 35143.768500000238419 ] } },
{ "type": "Feature", "properties": { "BUS_STOP_N": "11479", "LOC_DESC": "THE FISHERMAN CH" }, "geometry": { "type": "Point", "coordinates": [ 24700.963200000114739, 31306.794999999925494 ] } },
{ "type": "Feature", "properties": { "BUS_STOP_N": "63279", "LOC_DESC": "OPP YUYING SEC SCH" }, "geometry": { "type": "Point", "coordinates": [ 34288.408699999563396, 37587.468599999323487 ] } },
{ "type": "Feature", "properties": { "BUS_STOP_N": "63071", "LOC_DESC": "OPP BLK 248" }, "geometry": { "type": "Point", "coordinates": [ 34676.21929999999702, 37976.35050000064075 ] } },
{ "type": "Feature", "properties": { "BUS_STOP_N": "70129", "LOC_DESC": "OPP JLN MUHIBBAH" }, "geometry": { "type": "Point", "coordinates": [ 33257.774100000038743, 34864.609300000593066 ] } },
{ "type": "Feature", "properties": { "BUS_STOP_N": "25441", "LOC_DESC": "BEF PIONEER RD" }, "geometry": { "type": "Point", "coordinates": [ 5967.597199999727309, 35301.833699999377131 ] } },
{ "type": "Feature", "properties": { "BUS_STOP_N": "64541", "LOC_DESC": "HOUGANG CTRL INT" }, "geometry": { "type": "Point", "coordinates": [ 34597.408499999903142, 39248.067500000819564 ] } },
{ "type": "Feature", "properties": { "BUS_STOP_N": "44289", "LOC_DESC": "BLK 6" }, "geometry": { "type": "Point", "coordinates": [ 19160.680499999783933, 40371.521900000050664 ] } },
{ "type": "Feature", "properties": { "BUS_STOP_N": "96019", "LOC_DESC": "AFT SIMEI AVE" }, "geometry": { "type": "Point", "coordinates": [ 41394.930499999783933, 34839.685100000351667 ] } },
{ "type": "Feature", "properties": { "BUS_STOP_N": "66261", "LOC_DESC": "S'GOON GDNS COUNTRY CLUB" }, "geometry": { "type": "Point", "coordinates": [ 31683.639899999834597, 38612.695000000298023 ] } },
{ "type": "Feature", "properties": { "BUS_STOP_N": "67289", "LOC_DESC": "OPP BLK 405C" }, "geometry": { "type": "Point", "coordinates": [ 32447.984000000171363, 41287.257200000807643 ] } },
{ "type": "Feature", "properties": { "BUS_STOP_N": "23351", "LOC_DESC": "AFT GUL AVE" }, "geometry": { "type": "Point", "coordinates": [ 10792.707000000402331, 33253.937999999150634 ] } },
{ "type": "Feature", "properties": { "BUS_STOP_N": "63289", "LOC_DESC": "ALJUNIED CC" }, "geometry": { "type": "Point", "coordinates": [ 34273.75690000038594, 37359.981100000441074 ] } },
{ "type": "Feature", "properties": { "BUS_STOP_N": "84331", "LOC_DESC": "OPP BLK 416" }, "geometry": { "type": "Point", "coordinates": [ 38871.458300000056624, 34567.784299999475479 ] } },
{ "type": "Feature", "properties": { "BUS_STOP_N": "82119", "LOC_DESC": "TG KATONG CPLX" }, "geometry": { "type": "Point", "coordinates": [ 34763.598299999721348, 33153.133500000461936 ] } },
{ "type": "Feature", "properties": { "BUS_STOP_N": "45279", "LOC_DESC": "BLK 563" }, "geometry": { "type": "Point", "coordinates": [ 18211.262699999846518, 41946.949799999594688 ] } },
{ "type": "Feature", "properties": { "BUS_STOP_N": "47541", "LOC_DESC": "BLK 639" }, "geometry": { "type": "Point", "coordinates": [ 24662.629800000227988, 46626.815199999138713 ] } },
{ "type": "Feature", "properties": { "BUS_STOP_N": "63151", "LOC_DESC": "AFT UPP S'GOON RD" }, "geometry": { "type": "Point", "coordinates": [ 32920.00800000037998, 37366.106100000441074 ] } },
{ "type": "Feature", "properties": { "BUS_STOP_N": "15201", "LOC_DESC": "AFT PASIR PANJANG STN" }, "geometry": { "type": "Point", "coordinates": [ 23133.635599999688566, 28815.144099999219179 ] } },
{ "type": "Feature", "properties": { "BUS_STOP_N": "58159", "LOC_DESC": "AFT ADMIRAL HILL" }, "geometry": { "type": "Point", "coordinates": [ 26783.37390000000596, 47757.219200000166893 ] } },
{ "type": "Feature", "properties": { "BUS_STOP_N": "54611", "LOC_DESC": "BLK 220" }, "geometry": { "type": "Point", "coordinates": [ 28812.361600000411272, 38546.789799999445677 ] } },
{ "type": "Feature", "properties": { "BUS_STOP_N": "54309", "LOC_DESC": "OPP BLK 5022" }, "geometry": { "type": "Point", "coordinates": [ 31303.756099999882281, 39099.855100000277162 ] } },
{ "type": "Feature", "properties": { "BUS_STOP_N": "76221", "LOC_DESC": "TAMPINES EAST STN EXIT A" }, "geometry": { "type": "Point", "coordinates": [ 41429.071000000461936, 37607.149000000208616 ] } },
{ "type": "Feature", "properties": { "BUS_STOP_N": "76229", "LOC_DESC": "OPP TAMPINES EAST STN" }, "geometry": { "type": "Point", "coordinates": [ 41363.909599999897182, 37581.843299999833107 ] } },
{ "type": "Feature", "properties": { "BUS_STOP_N": "76211", "LOC_DESC": "BLK 449" }, "geometry": { "type": "Point", "coordinates": [ 41113.145600000396371, 37642.982300000265241 ] } },
{ "type": "Feature", "properties": { "BUS_STOP_N": "42011", "LOC_DESC": "SIXTH AVE CTR" }, "geometry": { "type": "Point", "coordinates": [ 23731.456299999728799, 34870.906300000846386 ] } },
{ "type": "Feature", "properties": { "BUS_STOP_N": "42019", "LOC_DESC": "OPP SIXTH AVE STN" }, "geometry": { "type": "Point", "coordinates": [ 23922.96059999987483, 34874.060399999842048 ] } },
{ "type": "Feature", "properties": { "BUS_STOP_N": "41081", "LOC_DESC": "SIXTH AVE STN" }, "geometry": { "type": "Point", "coordinates": [ 23974.236600000411272, 34787.691700000315905 ] } },
{ "type": "Feature", "properties": { "BUS_STOP_N": "67271", "LOC_DESC": "BLK 201 CP" }, "geometry": { "type": "Point", "coordinates": [ 34535.065899999812245, 41124.99239999987185 ] } },
{ "type": "Feature", "properties": { "BUS_STOP_N": "17221", "LOC_DESC": "BLK 377" }, "geometry": { "type": "Point", "coordinates": [ 20727.125, 33295.683000000193715 ] } },
{ "type": "Feature", "properties": { "BUS_STOP_N": "68161", "LOC_DESC": "AFT SELETAR A'SPACE LANE" }, "geometry": { "type": "Point", "coordinates": [ 31028.549100000411272, 43404.940500000491738 ] } },
{ "type": "Feature", "properties": { "BUS_STOP_N": "68169", "LOC_DESC": "BEF SELETAR A'SPACE LANE" }, "geometry": { "type": "Point", "coordinates": [ 31050.67989999987185, 43405.432299999520183 ] } },
{ "type": "Feature", "properties": { "BUS_STOP_N": "50229", "LOC_DESC": "OPP BLK 104" }, "geometry": { "type": "Point", "coordinates": [ 30172.124400000087917, 33695.919099999591708 ] } },
{ "type": "Feature", "properties": { "BUS_STOP_N": "50221", "LOC_DESC": "BEF BLK 104" }, "geometry": { "type": "Point", "coordinates": [ 30194.025700000114739, 33736.247199999168515 ] } },
{ "type": "Feature", "properties": { "BUS_STOP_N": "63199", "LOC_DESC": "AFT PHILLIPS AVE" }, "geometry": { "type": "Point", "coordinates": [ 32511.990000000223517, 38366.794999999925494 ] } },
{ "type": "Feature", "properties": { "BUS_STOP_N": "46541", "LOC_DESC": "MARSILING MALL" }, "geometry": { "type": "Point", "coordinates": [ 22161.816999999806285, 46113.558000000193715 ] } },
{ "type": "Feature", "properties": { "BUS_STOP_N": "08031", "LOC_DESC": "DHOBY GHAUT STN EXIT B" }, "geometry": { "type": "Point", "coordinates": [ 29339.119400000199676, 31194.938300000503659 ] } },
{ "type": "Feature", "properties": { "BUS_STOP_N": "19079", "LOC_DESC": "DOVER CT INT'L SCH" }, "geometry": { "type": "Point", "coordinates": [ 22076.310499999672174, 32048.683199999853969 ] } },
{ "type": "Feature", "properties": { "BUS_STOP_N": "50089", "LOC_DESC": "BLK 51/OPP PEK KIO MKT" }, "geometry": { "type": "Point", "coordinates": [ 29914.818199999630451, 33202.063699999824166 ] } },
{ "type": "Feature", "properties": { "BUS_STOP_N": "50081", "LOC_DESC": "PEK KIO MKT" }, "geometry": { "type": "Point", "coordinates": [ 29896.548200000077486, 33197.247300000861287 ] } },
{ "type": "Feature", "properties": { "BUS_STOP_N": "65431", "LOC_DESC": "TWIN WATERFALLS" }, "geometry": { "type": "Point", "coordinates": [ 35060.660500000230968, 42691.270199999213219 ] } },
{ "type": "Feature", "properties": { "BUS_STOP_N": "11109", "LOC_DESC": "SPANISH VILLAGE" }, "geometry": { "type": "Point", "coordinates": [ 24926.667100000195205, 33082.424399999901652 ] } },
{ "type": "Feature", "properties": { "BUS_STOP_N": "44471", "LOC_DESC": "BLK 234" }, "geometry": { "type": "Point", "coordinates": [ 18500.37609999999404, 40273.774100000038743 ] } },
{ "type": "Feature", "properties": { "BUS_STOP_N": "07419", "LOC_DESC": "OPP VEERASAMY RD" }, "geometry": { "type": "Point", "coordinates": [ 30537.832499999552965, 32095.800400000065565 ] } },
{ "type": "Feature", "properties": { "BUS_STOP_N": "43441", "LOC_DESC": "OPP BLK 258" }, "geometry": { "type": "Point", "coordinates": [ 19736.666400000452995, 37092.969799999147654 ] } },
{ "type": "Feature", "properties": { "BUS_STOP_N": "70161", "LOC_DESC": "OPP MATTAR STN EXIT A" }, "geometry": { "type": "Point", "coordinates": [ 33561.539599999785423, 34421.141699999570847 ] } },
{ "type": "Feature", "properties": { "BUS_STOP_N": "70231", "LOC_DESC": "OPP MATTAR STN EXIT B" }, "geometry": { "type": "Point", "coordinates": [ 33642.167299999855459, 34264.635099999606609 ] } },
{ "type": "Feature", "properties": { "BUS_STOP_N": "28089", "LOC_DESC": "BEF YUHUA CC" }, "geometry": { "type": "Point", "coordinates": [ 17213.631000000052154, 35811.870999999344349 ] } },
{ "type": "Feature", "properties": { "BUS_STOP_N": "44899", "LOC_DESC": "OPP APSN" }, "geometry": { "type": "Point", "coordinates": [ 18670.926599999889731, 39596.368000000715256 ] } },
{ "type": "Feature", "properties": { "BUS_STOP_N": "44891", "LOC_DESC": "APSN" }, "geometry": { "type": "Point", "coordinates": [ 18644.838299999944866, 39558.990000000223517 ] } },
{ "type": "Feature", "properties": { "BUS_STOP_N": "44879", "LOC_DESC": "OPP BLK 810 CP" }, "geometry": { "type": "Point", "coordinates": [ 18396.741799999959767, 39582.934299999848008 ] } },
{ "type": "Feature", "properties": { "BUS_STOP_N": "44871", "LOC_DESC": "BLK 810 CP" }, "geometry": { "type": "Point", "coordinates": [ 18363.220999999903142, 39581.580600000917912 ] } },
{ "type": "Feature", "properties": { "BUS_STOP_N": "44889", "LOC_DESC": "OPP BLK 816A" }, "geometry": { "type": "Point", "coordinates": [ 18541.512900000438094, 39723.186799999326468 ] } },
{ "type": "Feature", "properties": { "BUS_STOP_N": "95159", "LOC_DESC": "NEAR SATS FLIGHT KITCHEN" }, "geometry": { "type": "Point", "coordinates": [ 44540.393000000156462, 35923.921399999409914 ] } },
{ "type": "Feature", "properties": { "BUS_STOP_N": "96281", "LOC_DESC": "OPP CHANGI GENERAL HOSP" }, "geometry": { "type": "Point", "coordinates": [ 40815.127799999900162, 35729.822300000116229 ] } },
{ "type": "Feature", "properties": { "BUS_STOP_N": "66331", "LOC_DESC": "BLK 554" }, "geometry": { "type": "Point", "coordinates": [ 32126.962000000290573, 39302.064699999988079 ] } },
{ "type": "Feature", "properties": { "BUS_STOP_N": "22021", "LOC_DESC": "GIVAUDAN" }, "geometry": { "type": "Point", "coordinates": [ 13548.037800000049174, 33774.911299999803305 ] } },
{ "type": "Feature", "properties": { "BUS_STOP_N": "75059", "LOC_DESC": "bef Tampines West Stn" }, "geometry": { "type": "Point", "coordinates": [ 39879.71889999974519, 36313.837500000372529 ] } },
{ "type": "Feature", "properties": { "BUS_STOP_N": "76129", "LOC_DESC": "St. Hilda's Sec Sch" }, "geometry": { "type": "Point", "coordinates": [ 39643.467899999581277, 36878.916200000792742 ] } },
{ "type": "Feature", "properties": { "BUS_STOP_N": "76121", "LOC_DESC": "opp St. Hilda's Sec Sch" }, "geometry": { "type": "Point", "coordinates": [ 39672.239199999719858, 36918.688400000333786 ] } },
{ "type": "Feature", "properties": { "BUS_STOP_N": "75051", "LOC_DESC": "Tampines West Stn Exit B" }, "geometry": { "type": "Point", "coordinates": [ 39897.707100000232458, 36355.376900000497699 ] } },
{ "type": "Feature", "properties": { "BUS_STOP_N": "42189", "LOC_DESC": "THE HILLFORD" }, "geometry": { "type": "Point", "coordinates": [ 20915.179700000211596, 36210.245999999344349 ] } },
{ "type": "Feature", "properties": { "BUS_STOP_N": "24421", "LOC_DESC": "BEF PIONEER SECTOR 1" }, "geometry": { "type": "Point", "coordinates": [ 8644.148199999704957, 31894.040300000458956 ] } },
{ "type": "Feature", "properties": { "BUS_STOP_N": "84451", "LOC_DESC": "BEDOK NTH STN EXIT A" }, "geometry": { "type": "Point", "coordinates": [ 37429.946800000034273, 35325.230399999767542 ] } },
{ "type": "Feature", "properties": { "BUS_STOP_N": "22051", "LOC_DESC": "OPP BUROH ST" }, "geometry": { "type": "Point", "coordinates": [ 13027.403699999675155, 32988.89299999922514 ] } },
{ "type": "Feature", "properties": { "BUS_STOP_N": "14241", "LOC_DESC": "OPP BLK 1" }, "geometry": { "type": "Point", "coordinates": [ 26172.130199999548495, 29082.165100000798702 ] } },
{ "type": "Feature", "properties": { "BUS_STOP_N": "19071", "LOC_DESC": "OPP ACS INDEPENDENT" }, "geometry": { "type": "Point", "coordinates": [ 22188.12540000025183, 31941.443900000303984 ] } },
{ "type": "Feature", "properties": { "BUS_STOP_N": "11369", "LOC_DESC": "BUONA VISTA STN EXIT D" }, "geometry": { "type": "Point", "coordinates": [ 23270.406499999575317, 32071.586100000888109 ] } },
{ "type": "Feature", "properties": { "BUS_STOP_N": "42219", "LOC_DESC": "OPP HIGHGATE PK" }, "geometry": { "type": "Point", "coordinates": [ 20436.647499999962747, 35750.730499999597669 ] } },
{ "type": "Feature", "properties": { "BUS_STOP_N": "23341", "LOC_DESC": "AFT PIONEER RD" }, "geometry": { "type": "Point", "coordinates": [ 10764.337000000290573, 32620.119999999180436 ] } },
{ "type": "Feature", "properties": { "BUS_STOP_N": "40119", "LOC_DESC": "BEF GOLDHILL AVE" }, "geometry": { "type": "Point", "coordinates": [ 27915.691200000233948, 33457.648900000378489 ] } },
{ "type": "Feature", "properties": { "BUS_STOP_N": "28011", "LOC_DESC": "BEF TOH TUCK AVE" }, "geometry": { "type": "Point", "coordinates": [ 19739.973199999891222, 34056.630200000479817 ] } },
{ "type": "Feature", "properties": { "BUS_STOP_N": "26389", "LOC_DESC": "BEF TUAS STH AVE 5" }, "geometry": { "type": "Point", "coordinates": [ 4776.693500000052154, 30324.880000000819564 ] } },
{ "type": "Feature", "properties": { "BUS_STOP_N": "40271", "LOC_DESC": "OPP KK WOMEN & CHILD HOSP" }, "geometry": { "type": "Point", "coordinates": [ 29451.190200000070035, 32340.535399999469519 ] } },
{ "type": "Feature", "properties": { "BUS_STOP_N": "23321", "LOC_DESC": "BEF BENOI LANE" }, "geometry": { "type": "Point", "coordinates": [ 10511.356100000441074, 31825.254799999296665 ] } },
{ "type": "Feature", "properties": { "BUS_STOP_N": "11149", "LOC_DESC": "QUEENSTOWN STN EXIT B / C" }, "geometry": { "type": "Point", "coordinates": [ 24956.938799999654293, 30840.540999999269843 ] } },
{ "type": "Feature", "properties": { "BUS_STOP_N": "43631", "LOC_DESC": "PPIS BT BATOK" }, "geometry": { "type": "Point", "coordinates": [ 20787.263700000010431, 36661.808599999174476 ] } },
{ "type": "Feature", "properties": { "BUS_STOP_N": "24609", "LOC_DESC": "OPP PROGRESS GALVANIZING" }, "geometry": { "type": "Point", "coordinates": [ 8131.818900000303984, 32867.298599999397993 ] } },
{ "type": "Feature", "properties": { "BUS_STOP_N": "24691", "LOC_DESC": "AFT TUAS RD" }, "geometry": { "type": "Point", "coordinates": [ 8353.035099999979138, 32919.769899999722838 ] } },
{ "type": "Feature", "properties": { "BUS_STOP_N": "21481", "LOC_DESC": "GRUNDFOS" }, "geometry": { "type": "Point", "coordinates": [ 14503.908400000073016, 34246.660700000822544 ] } },
{ "type": "Feature", "properties": { "BUS_STOP_N": "17309", "LOC_DESC": "WEST COAST VIEW" }, "geometry": { "type": "Point", "coordinates": [ 20426.003399999812245, 30862.004399999976158 ] } },
{ "type": "Feature", "properties": { "BUS_STOP_N": "42071", "LOC_DESC": "PEI HWA PRESBY PRI SCH" }, "geometry": { "type": "Point", "coordinates": [ 21720.232300000265241, 35669.816899999976158 ] } },
{ "type": "Feature", "properties": { "BUS_STOP_N": "68089", "LOC_DESC": "AFT SELETAR A'SPACE RISE" }, "geometry": { "type": "Point", "coordinates": [ 31735.433199999853969, 43100.503299999982119 ] } },
{ "type": "Feature", "properties": { "BUS_STOP_N": "96331", "LOC_DESC": "PREMIER" }, "geometry": { "type": "Point", "coordinates": [ 42963.460500000044703, 34832.501199999824166 ] } },
{ "type": "Feature", "properties": { "BUS_STOP_N": "68081", "LOC_DESC": "BEF SELETAR A'SPACE RISE" }, "geometry": { "type": "Point", "coordinates": [ 31768.327499999664724, 43078.353399999439716 ] } },
{ "type": "Feature", "properties": { "BUS_STOP_N": "96311", "LOC_DESC": "OPP YUSEN LOGISTICS" }, "geometry": { "type": "Point", "coordinates": [ 42191.629700000397861, 35033.479800000786781 ] } },
{ "type": "Feature", "properties": { "BUS_STOP_N": "96361", "LOC_DESC": "AFT AKZONOBEL" }, "geometry": { "type": "Point", "coordinates": [ 42824.78830000013113, 35423.421700000762939 ] } },
{ "type": "Feature", "properties": { "BUS_STOP_N": "20209", "LOC_DESC": "BEF JURONG TOWN HALL RD" }, "geometry": { "type": "Point", "coordinates": [ 18068.127500000409782, 33638.273399999365211 ] } },
{ "type": "Feature", "properties": { "BUS_STOP_N": "47011", "LOC_DESC": "BEF W'LANDS WATERFRONT PK" }, "geometry": { "type": "Point", "coordinates": [ 21920.001299999654293, 48049.311200000345707 ] } },
{ "type": "Feature", "properties": { "BUS_STOP_N": "26121", "LOC_DESC": "BEF TUAS AMENITY CTR" }, "geometry": { "type": "Point", "coordinates": [ 7757.080099999904633, 33290.680299999192357 ] } },
{ "type": "Feature", "properties": { "BUS_STOP_N": "11359", "LOC_DESC": "OPP BLK 13" }, "geometry": { "type": "Point", "coordinates": [ 23144.094399999827147, 32390.491800000891089 ] } },
{ "type": "Feature", "properties": { "BUS_STOP_N": "47141", "LOC_DESC": "BEF SC AUTO" }, "geometry": { "type": "Point", "coordinates": [ 24704.535899999551475, 49903.386499999091029 ] } },
{ "type": "Feature", "properties": { "BUS_STOP_N": "67531", "LOC_DESC": "BLK 158C" }, "geometry": { "type": "Point", "coordinates": [ 36177.863900000229478, 41086.96169999986887 ] } },
{ "type": "Feature", "properties": { "BUS_STOP_N": "61021", "LOC_DESC": "AFT WOODLEIGH PK" }, "geometry": { "type": "Point", "coordinates": [ 32104.550200000405312, 35379.299799999222159 ] } },
{ "type": "Feature", "properties": { "BUS_STOP_N": "61039", "LOC_DESC": "WOODLEIGH STN EXIT A" }, "geometry": { "type": "Point", "coordinates": [ 32183.095800000242889, 35688.816999999806285 ] } },
{ "type": "Feature", "properties": { "BUS_STOP_N": "44481", "LOC_DESC": "BLK 223" }, "geometry": { "type": "Point", "coordinates": [ 18176.208800000138581, 40420.03969999961555 ] } },
{ "type": "Feature", "properties": { "BUS_STOP_N": "06011", "LOC_DESC": null }, "geometry": { "type": "Point", "coordinates": [ 28634.370900000445545, 29240.451199999079108 ] } },
{ "type": "Feature", "properties": { "BUS_STOP_N": "11299", "LOC_DESC": "OPP COLD STORAGE JELITA" }, "geometry": { "type": "Point", "coordinates": [ 22691.724000000394881, 33396.312699999660254 ] } },
{ "type": "Feature", "properties": { "BUS_STOP_N": "44479", "LOC_DESC": "BLK 206" }, "geometry": { "type": "Point", "coordinates": [ 18559.176900000311434, 40264.129300000146031 ] } },
{ "type": "Feature", "properties": { "BUS_STOP_N": "05069", "LOC_DESC": null }, "geometry": { "type": "Point", "coordinates": [ 28770.391999999992549, 29184.573699999600649 ] } },
{ "type": "Feature", "properties": { "BUS_STOP_N": "08121", "LOC_DESC": "SOMERSET STN" }, "geometry": { "type": "Point", "coordinates": [ 28625.036600000225008, 31401.848899999633431 ] } },
{ "type": "Feature", "properties": { "BUS_STOP_N": "45599", "LOC_DESC": "OPP FUCHUN CC" }, "geometry": { "type": "Point", "coordinates": [ 21465.759300000034273, 45645.799699999392033 ] } },
{ "type": "Feature", "properties": { "BUS_STOP_N": "05012", "LOC_DESC": null }, "geometry": { "type": "Point", "coordinates": [ 28839.848100000061095, 29327.880400000140071 ] } },
{ "type": "Feature", "properties": { "BUS_STOP_N": "59161", "LOC_DESC": "OPP BLK 201" }, "geometry": { "type": "Point", "coordinates": [ 28513.601999999955297, 45764.266799999400973 ] } },
{ "type": "Feature", "properties": { "BUS_STOP_N": "44539", "LOC_DESC": "LOT 1 / CHOA CHU KANG STN" }, "geometry": { "type": "Point", "coordinates": [ 18153.777200000360608, 40725.753100000321865 ] } },
{ "type": "Feature", "properties": { "BUS_STOP_N": "44541", "LOC_DESC": "NORTHVALE CONDO" }, "geometry": { "type": "Point", "coordinates": [ 18272.869199999608099, 41071.051899999380112 ] } },
{ "type": "Feature", "properties": { "BUS_STOP_N": "44489", "LOC_DESC": "BLK 220" }, "geometry": { "type": "Point", "coordinates": [ 18209.795400000177324, 40418.937000000849366 ] } },
{ "type": "Feature", "properties": { "BUS_STOP_N": "61031", "LOC_DESC": "WOODLEIGH STN EXIT B" }, "geometry": { "type": "Point", "coordinates": [ 32133.462100000120699, 35629.022299999371171 ] } },
{ "type": "Feature", "properties": { "BUS_STOP_N": "05019", "LOC_DESC": null }, "geometry": { "type": "Point", "coordinates": [ 28861.971199999563396, 29293.328999999910593 ] } },
{ "type": "Feature", "properties": { "BUS_STOP_N": "65459", "LOC_DESC": "OPP BLK 322 CP" }, "geometry": { "type": "Point", "coordinates": [ 35159.090300000272691, 43592.331499999389052 ] } },
{ "type": "Feature", "properties": { "BUS_STOP_N": "21271", "LOC_DESC": "OPP ASSYAKIRIN MQUE" }, "geometry": { "type": "Point", "coordinates": [ 15325.839900000020862, 35211.540599999949336 ] } },
{ "type": "Feature", "properties": { "BUS_STOP_N": "97321", "LOC_DESC": "AFT COMPASS GREEN" }, "geometry": { "type": "Point", "coordinates": [ 43705.786199999973178, 38071.16609999909997 ] } },
{ "type": "Feature", "properties": { "BUS_STOP_N": "25499", "LOC_DESC": "SUPER CONTINENTAL" }, "geometry": { "type": "Point", "coordinates": [ 6284.511199999600649, 35659.484400000423193 ] } },
{ "type": "Feature", "properties": { "BUS_STOP_N": "66601", "LOC_DESC": "BLK 991A" }, "geometry": { "type": "Point", "coordinates": [ 33452.787899999879301, 40753.76799999922514 ] } },
{ "type": "Feature", "properties": { "BUS_STOP_N": "66609", "LOC_DESC": "OPP BLK 991A" }, "geometry": { "type": "Point", "coordinates": [ 33429.848600000143051, 40784.33809999935329 ] } },
{ "type": "Feature", "properties": { "BUS_STOP_N": "58069", "LOC_DESC": "OPP DURBAN RD" }, "geometry": { "type": "Point", "coordinates": [ 27672.514399999752641, 48197.043600000441074 ] } },
{ "type": "Feature", "properties": { "BUS_STOP_N": "92199", "LOC_DESC": "AFT CP C4" }, "geometry": { "type": "Point", "coordinates": [ 37292.261800000444055, 31692.708100000396371 ] } },
{ "type": "Feature", "properties": { "BUS_STOP_N": "93181", "LOC_DESC": "OPP CP C4" }, "geometry": { "type": "Point", "coordinates": [ 37409.408900000154972, 31742.810399999842048 ] } },
{ "type": "Feature", "properties": { "BUS_STOP_N": "67071", "LOC_DESC": "BEF GERALD DR" }, "geometry": { "type": "Point", "coordinates": [ 32862.988900000229478, 40462.40819999948144 ] } },
{ "type": "Feature", "properties": { "BUS_STOP_N": "40039", "LOC_DESC": "OPP NEWTON FC" }, "geometry": { "type": "Point", "coordinates": [ 28808.422100000083447, 32739.630000000819564 ] } },
{ "type": "Feature", "properties": { "BUS_STOP_N": "44561", "LOC_DESC": "OPP BLK 295" }, "geometry": { "type": "Point", "coordinates": [ 17736.338399999774992, 39986.366599999368191 ] } },
{ "type": "Feature", "properties": { "BUS_STOP_N": "65341", "LOC_DESC": "OPP BLK 272C" }, "geometry": { "type": "Point", "coordinates": [ 35471.973000000230968, 42655.776000000536442 ] } },
{ "type": "Feature", "properties": { "BUS_STOP_N": "65349", "LOC_DESC": "BLK 272C" }, "geometry": { "type": "Point", "coordinates": [ 35488.923000000417233, 42676.863099999725819 ] } },
{ "type": "Feature", "properties": { "BUS_STOP_N": "65401", "LOC_DESC": "OPP BLK 264A" }, "geometry": { "type": "Point", "coordinates": [ 35287.85869999974966, 43154.994599999859929 ] } },
{ "type": "Feature", "properties": { "BUS_STOP_N": "45431", "LOC_DESC": "BLK 661" }, "geometry": { "type": "Point", "coordinates": [ 18823.47580000013113, 42507.505899999290705 ] } },
{ "type": "Feature", "properties": { "BUS_STOP_N": "44709", "LOC_DESC": "BLK 547C" }, "geometry": { "type": "Point", "coordinates": [ 20784.707299999892712, 41167.865199999883771 ] } },
{ "type": "Feature", "properties": { "BUS_STOP_N": "67721", "LOC_DESC": "AFT PUNGGOL RD" }, "geometry": { "type": "Point", "coordinates": [ 35218.278900000266731, 40188.712099999189377 ] } },
{ "type": "Feature", "properties": { "BUS_STOP_N": "46691", "LOC_DESC": "OPP 888 PLAZA" }, "geometry": { "type": "Point", "coordinates": [ 23831.776100000366569, 46664.005599999800324 ] } },
{ "type": "Feature", "properties": { "BUS_STOP_N": "43189", "LOC_DESC": "BLK 283" }, "geometry": { "type": "Point", "coordinates": [ 19489.32050000037998, 36559.960699999704957 ] } },
{ "type": "Feature", "properties": { "BUS_STOP_N": "17111", "LOC_DESC": "BLK 343" }, "geometry": { "type": "Point", "coordinates": [ 21088.97719999961555, 33355.038200000301003 ] } },
{ "type": "Feature", "properties": { "BUS_STOP_N": "53011", "LOC_DESC": "ST. THERESA'S HOME" }, "geometry": { "type": "Point", "coordinates": [ 28548.041000000201166, 36411.869899999350309 ] } },
{ "type": "Feature", "properties": { "BUS_STOP_N": "13201", "LOC_DESC": "BRITISH HIGH COMMISSION" }, "geometry": { "type": "Point", "coordinates": [ 26758.477699999697506, 31884.83049999922514 ] } },
{ "type": "Feature", "properties": { "BUS_STOP_N": "54289", "LOC_DESC": "BLK 452" }, "geometry": { "type": "Point", "coordinates": [ 30532.137699999846518, 39016.287000000476837 ] } },
{ "type": "Feature", "properties": { "BUS_STOP_N": "04151", "LOC_DESC": "CATH OF THE GOOD SHEPHERD" }, "geometry": { "type": "Point", "coordinates": [ 29982.699799999594688, 30859.427999999374151 ] } },
{ "type": "Feature", "properties": { "BUS_STOP_N": "54651", "LOC_DESC": "OPP TECHPLACE 2" }, "geometry": { "type": "Point", "coordinates": [ 31589.401300000026822, 40060.89750000089407 ] } },
{ "type": "Feature", "properties": { "BUS_STOP_N": "84289", "LOC_DESC": "OPP BLK 180" }, "geometry": { "type": "Point", "coordinates": [ 39893.838399999774992, 34310.918400000780821 ] } },
{ "type": "Feature", "properties": { "BUS_STOP_N": "20171", "LOC_DESC": "OPP BLK 47" }, "geometry": { "type": "Point", "coordinates": [ 17592.434500000439584, 33556.21000000089407 ] } },
{ "type": "Feature", "properties": { "BUS_STOP_N": "46971", "LOC_DESC": "WOODGROVE PR SCH" }, "geometry": { "type": "Point", "coordinates": [ 23224.49100000038743, 45953.501299999654293 ] } },
{ "type": "Feature", "properties": { "BUS_STOP_N": "50351", "LOC_DESC": "FARRER PK TENNIS CTR" }, "geometry": { "type": "Point", "coordinates": [ 29690.730299999937415, 32716.830700000748038 ] } },
{ "type": "Feature", "properties": { "BUS_STOP_N": "45191", "LOC_DESC": "OPP MANDAI POLICE TRG CAMP" }, "geometry": { "type": "Point", "coordinates": [ 20235.048200000077486, 43607.214299999177456 ] } },
{ "type": "Feature", "properties": { "BUS_STOP_N": "64329", "LOC_DESC": "RIO VISTA" }, "geometry": { "type": "Point", "coordinates": [ 35487.939799999818206, 39388.752100000157952 ] } },
{ "type": "Feature", "properties": { "BUS_STOP_N": "56249", "LOC_DESC": "OPP ST NICHOLAS GIRLS'" }, "geometry": { "type": "Point", "coordinates": [ 27966.249099999666214, 39447.150499999523163 ] } },
{ "type": "Feature", "properties": { "BUS_STOP_N": "97041", "LOC_DESC": "BALLOTA PK CONDO" }, "geometry": { "type": "Point", "coordinates": [ 43144.50870000012219, 37778.042400000616908 ] } },
{ "type": "Feature", "properties": { "BUS_STOP_N": "85051", "LOC_DESC": "AFT JLN CHEMPAKA KUNING" }, "geometry": { "type": "Point", "coordinates": [ 40856.031200000084937, 34636.117799999192357 ] } },
{ "type": "Feature", "properties": { "BUS_STOP_N": "61011", "LOC_DESC": "BLK 103" }, "geometry": { "type": "Point", "coordinates": [ 32025.293700000271201, 35081.782400000840425 ] } },
{ "type": "Feature", "properties": { "BUS_STOP_N": "65089", "LOC_DESC": "OPP BLK 296" }, "geometry": { "type": "Point", "coordinates": [ 36067.083399999886751, 42574.480499999597669 ] } },
{ "type": "Feature", "properties": { "BUS_STOP_N": "64201", "LOC_DESC": "AFT HOUGANG AVE 3" }, "geometry": { "type": "Point", "coordinates": [ 34763.49210000038147, 38198.904999999329448 ] } },
{ "type": "Feature", "properties": { "BUS_STOP_N": "32031", "LOC_DESC": "OPP AMA KENG RD" }, "geometry": { "type": "Point", "coordinates": [ 13251.310600000433624, 42733.13260000012815 ] } },
{ "type": "Feature", "properties": { "BUS_STOP_N": "64481", "LOC_DESC": "BET BLKS 930/931" }, "geometry": { "type": "Point", "coordinates": [ 33300.773900000378489, 39685.839199999347329 ] } },
{ "type": "Feature", "properties": { "BUS_STOP_N": "83301", "LOC_DESC": "AFT EAST COAST RD" }, "geometry": { "type": "Point", "coordinates": [ 36328.259399999864399, 32353.231200000271201 ] } },
{ "type": "Feature", "properties": { "BUS_STOP_N": "11069", "LOC_DESC": "QUEENSWAY SEC SCH" }, "geometry": { "type": "Point", "coordinates": [ 24471.914900000207126, 31661.732300000265241 ] } },
{ "type": "Feature", "properties": { "BUS_STOP_N": "55289", "LOC_DESC": "LP 94" }, "geometry": { "type": "Point", "coordinates": [ 27527.674200000241399, 42250.372500000521541 ] } },
{ "type": "Feature", "properties": { "BUS_STOP_N": "23181", "LOC_DESC": "AFT KIAN TECK RD" }, "geometry": { "type": "Point", "coordinates": [ 12556.662499999627471, 34460.835699999704957 ] } },
{ "type": "Feature", "properties": { "BUS_STOP_N": "71029", "LOC_DESC": "COMFORT TEST CTR" }, "geometry": { "type": "Point", "coordinates": [ 34869.093700000084937, 35397.245400000363588 ] } },
{ "type": "Feature", "properties": { "BUS_STOP_N": "43801", "LOC_DESC": "REN CI /@ BT BATOK ST 52" }, "geometry": { "type": "Point", "coordinates": [ 18920.808199999853969, 37476.161399999633431 ] } },
{ "type": "Feature", "properties": { "BUS_STOP_N": "23099", "LOC_DESC": "BEF FIRST LOK YANG RD" }, "geometry": { "type": "Point", "coordinates": [ 12374.18819999974221, 34101.939799999818206 ] } },
{ "type": "Feature", "properties": { "BUS_STOP_N": "71129", "LOC_DESC": "UBI STN EXIT A" }, "geometry": { "type": "Point", "coordinates": [ 35317.129999999888241, 34658.484099999070168 ] } },
{ "type": "Feature", "properties": { "BUS_STOP_N": "24511", "LOC_DESC": "GUL CIRCLE STN EXIT A" }, "geometry": { "type": "Point", "coordinates": [ 8784.145200000144541, 33510.790200000628829 ] } },
{ "type": "Feature", "properties": { "BUS_STOP_N": "48141", "LOC_DESC": "OPP MANDAI CREMATORIUM & COLUMBARIUM" }, "geometry": { "type": "Point", "coordinates": [ 25352.299700000323355, 44152.043299999088049 ] } },
{ "type": "Feature", "properties": { "BUS_STOP_N": "42051", "LOC_DESC": "KING ALBERT PK STN" }, "geometry": { "type": "Point", "coordinates": [ 22358.072900000028312, 35355.940999999642372 ] } },
{ "type": "Feature", "properties": { "BUS_STOP_N": "25329", "LOC_DESC": "MAPLETREE LOGISTICS" }, "geometry": { "type": "Point", "coordinates": [ 8313.82050000037998, 33347.080099999904633 ] } },
{ "type": "Feature", "properties": { "BUS_STOP_N": "22179", "LOC_DESC": "SECURA S'PORE" }, "geometry": { "type": "Point", "coordinates": [ 12793.836400000378489, 34697.206800000742078 ] } },
{ "type": "Feature", "properties": { "BUS_STOP_N": "28031", "LOC_DESC": "BEF THE SYNERGY" }, "geometry": { "type": "Point", "coordinates": [ 18836.760700000450015, 34461.971599999815226 ] } },
{ "type": "Feature", "properties": { "BUS_STOP_N": "23221", "LOC_DESC": "AFT GUL WAY" }, "geometry": { "type": "Point", "coordinates": [ 10027.854700000025332, 32365.238600000739098 ] } },
{ "type": "Feature", "properties": { "BUS_STOP_N": "44641", "LOC_DESC": "BLK 602" }, "geometry": { "type": "Point", "coordinates": [ 20156.756699999794364, 40421.683900000527501 ] } },
{ "type": "Feature", "properties": { "BUS_STOP_N": "08011", "LOC_DESC": "OPP HAW PAR GLASS TWR" }, "geometry": { "type": "Point", "coordinates": [ 29148.825899999588728, 31044.429999999701977 ] } },
{ "type": "Feature", "properties": { "BUS_STOP_N": "21219", "LOC_DESC": "LAKEPOINT CONDO" }, "geometry": { "type": "Point", "coordinates": [ 14973.275600000284612, 35801.567700000479817 ] } },
{ "type": "Feature", "properties": { "BUS_STOP_N": "23259", "LOC_DESC": "BEF SHIPYARD RD" }, "geometry": { "type": "Point", "coordinates": [ 11337.304399999789894, 32628.936799999326468 ] } },
{ "type": "Feature", "properties": { "BUS_STOP_N": "52189", "LOC_DESC": "TOA PAYOH STN" }, "geometry": { "type": "Point", "coordinates": [ 29499.90610000025481, 35035.308700000867248 ] } },
{ "type": "Feature", "properties": { "BUS_STOP_N": "12211", "LOC_DESC": "BEF MT SINAI WK" }, "geometry": { "type": "Point", "coordinates": [ 22144.897599999792874, 33281.286599999293685 ] } },
{ "type": "Feature", "properties": { "BUS_STOP_N": "95161", "LOC_DESC": "BEF CHANGI FERRY RD" }, "geometry": { "type": "Point", "coordinates": [ 47052.346300000324845, 39399.859600000083447 ] } },
{ "type": "Feature", "properties": { "BUS_STOP_N": "21549", "LOC_DESC": "AUTOMOTIVE TECHNOLOGY" }, "geometry": { "type": "Point", "coordinates": [ 15270.611999999731779, 34786.312899999320507 ] } },
{ "type": "Feature", "properties": { "BUS_STOP_N": "50071", "LOC_DESC": "BEF CARLISLE RD" }, "geometry": { "type": "Point", "coordinates": [ 29537.02489999961108, 33118.120200000703335 ] } },
{ "type": "Feature", "properties": { "BUS_STOP_N": "23241", "LOC_DESC": "AFT BENOI RD" }, "geometry": { "type": "Point", "coordinates": [ 10915.455000000074506, 32504.828999999910593 ] } },
{ "type": "Feature", "properties": { "BUS_STOP_N": "24641", "LOC_DESC": "W ATELIER" }, "geometry": { "type": "Point", "coordinates": [ 9340.35080000013113, 32964.182600000873208 ] } },
{ "type": "Feature", "properties": { "BUS_STOP_N": "71121", "LOC_DESC": "UBI STN EXIT B" }, "geometry": { "type": "Point", "coordinates": [ 35362.972400000318885, 34705.983200000599027 ] } },
{ "type": "Feature", "properties": { "BUS_STOP_N": "22271", "LOC_DESC": "BEF KWONG MIN RD" }, "geometry": { "type": "Point", "coordinates": [ 13181.865299999713898, 34607.522600000724196 ] } },
{ "type": "Feature", "properties": { "BUS_STOP_N": "21321", "LOC_DESC": "UTOC ENGRG" }, "geometry": { "type": "Point", "coordinates": [ 14145.42090000025928, 34283.199200000613928 ] } },
{ "type": "Feature", "properties": { "BUS_STOP_N": "25351", "LOC_DESC": "HART ENGRG PTE LTD" }, "geometry": { "type": "Point", "coordinates": [ 7939.384300000034273, 34028.318600000813603 ] } },
{ "type": "Feature", "properties": { "BUS_STOP_N": "42041", "LOC_DESC": "THE NEXUS" }, "geometry": { "type": "Point", "coordinates": [ 22820.108199999667704, 35186.103399999439716 ] } },
{ "type": "Feature", "properties": { "BUS_STOP_N": "20219", "LOC_DESC": "OPP BLK 41" }, "geometry": { "type": "Point", "coordinates": [ 17780.760300000198185, 33812.692399999126792 ] } },
{ "type": "Feature", "properties": { "BUS_STOP_N": "42221", "LOC_DESC": "GOODLUCK GDN" }, "geometry": { "type": "Point", "coordinates": [ 20727.189899999648333, 35747.866900000721216 ] } },
{ "type": "Feature", "properties": { "BUS_STOP_N": "24199", "LOC_DESC": "JB IND PTE LTD" }, "geometry": { "type": "Point", "coordinates": [ 8712.405600000172853, 32817.321900000795722 ] } },
{ "type": "Feature", "properties": { "BUS_STOP_N": "26241", "LOC_DESC": "AFT TUAS STH AVE 2" }, "geometry": { "type": "Point", "coordinates": [ 5453.659199999645352, 33606.319299999624491 ] } },
{ "type": "Feature", "properties": { "BUS_STOP_N": "26429", "LOC_DESC": "BEF TUAS STH AVE 9" }, "geometry": { "type": "Point", "coordinates": [ 6036.107499999925494, 30124.982400000095367 ] } },
{ "type": "Feature", "properties": { "BUS_STOP_N": "21631", "LOC_DESC": "BLK 115/ OPP JAPANESE GDN" }, "geometry": { "type": "Point", "coordinates": [ 15936.39130000025034, 35098.743599999696016 ] } },
{ "type": "Feature", "properties": { "BUS_STOP_N": "21359", "LOC_DESC": "AFT ST KINETICS" }, "geometry": { "type": "Point", "coordinates": [ 14268.798799999989569, 35640.199200000613928 ] } },
{ "type": "Feature", "properties": { "BUS_STOP_N": "42109", "LOC_DESC": "OPP BEAUTY WORLD CTR" }, "geometry": { "type": "Point", "coordinates": [ 21724.799999999813735, 36155.992000000551343 ] } },
{ "type": "Feature", "properties": { "BUS_STOP_N": "84401", "LOC_DESC": "OPP BLK 550" }, "geometry": { "type": "Point", "coordinates": [ 38422.000300000421703, 35042.172399999573827 ] } },
{ "type": "Feature", "properties": { "BUS_STOP_N": "67019", "LOC_DESC": "AFT BEGONIA RD" }, "geometry": { "type": "Point", "coordinates": [ 31240.923799999989569, 41300.575899999588728 ] } },
{ "type": "Feature", "properties": { "BUS_STOP_N": "44411", "LOC_DESC": "BLK 108" }, "geometry": { "type": "Point", "coordinates": [ 19090.496399999596179, 40052.510099999606609 ] } },
{ "type": "Feature", "properties": { "BUS_STOP_N": "67171", "LOC_DESC": "BLK 225A" }, "geometry": { "type": "Point", "coordinates": [ 35313.594800000078976, 41027.406500000506639 ] } },
{ "type": "Feature", "properties": { "BUS_STOP_N": "70251", "LOC_DESC": "MACPHERSON STN EXIT C" }, "geometry": { "type": "Point", "coordinates": [ 34347.621199999935925, 34159.05519999936223 ] } },
{ "type": "Feature", "properties": { "BUS_STOP_N": "64341", "LOC_DESC": "BEF BLK 683" }, "geometry": { "type": "Point", "coordinates": [ 33907.460799999535084, 39442.000199999660254 ] } },
{ "type": "Feature", "properties": { "BUS_STOP_N": "18321", "LOC_DESC": "OPP UNIVERSITY HEALTH CTR" }, "geometry": { "type": "Point", "coordinates": [ 21481.543499999679625, 31275.592800000682473 ] } },
{ "type": "Feature", "properties": { "BUS_STOP_N": "44461", "LOC_DESC": "BLK 352" }, "geometry": { "type": "Point", "coordinates": [ 17949.654000000096858, 40493.260800000280142 ] } },
{ "type": "Feature", "properties": { "BUS_STOP_N": "66171", "LOC_DESC": "BEF COOLING CL" }, "geometry": { "type": "Point", "coordinates": [ 31367.992600000463426, 37972.253799999132752 ] } },
{ "type": "Feature", "properties": { "BUS_STOP_N": "18069", "LOC_DESC": "OPP BLK 71" }, "geometry": { "type": "Point", "coordinates": [ 22899.108599999919534, 30980.069900000467896 ] } },
{ "type": "Feature", "properties": { "BUS_STOP_N": "18061", "LOC_DESC": "BLK 71" }, "geometry": { "type": "Point", "coordinates": [ 22894.134899999946356, 31012.011299999430776 ] } },
{ "type": "Feature", "properties": { "BUS_STOP_N": "43731", "LOC_DESC": "OPP BLK 217" }, "geometry": { "type": "Point", "coordinates": [ 19199.700600000098348, 36493.783399999141693 ] } },
{ "type": "Feature", "properties": { "BUS_STOP_N": "43141", "LOC_DESC": "OPP BLK 291A" }, "geometry": { "type": "Point", "coordinates": [ 19386.594600000418723, 36264.51630000025034 ] } },
{ "type": "Feature", "properties": { "BUS_STOP_N": "43149", "LOC_DESC": "BLK 291A" }, "geometry": { "type": "Point", "coordinates": [ 19397.35010000038892, 36240.20549999922514 ] } },
{ "type": "Feature", "properties": { "BUS_STOP_N": "70029", "LOC_DESC": "CANOSSA CATHOLIC PR" }, "geometry": { "type": "Point", "coordinates": [ 33250.838999999687076, 34330.036000000312924 ] } },
{ "type": "Feature", "properties": { "BUS_STOP_N": "22031", "LOC_DESC": "BEF PIONEER CIRCUS" }, "geometry": { "type": "Point", "coordinates": [ 12999.180399999953806, 33828.967499999329448 ] } },
{ "type": "Feature", "properties": { "BUS_STOP_N": "43321", "LOC_DESC": "OPP BLK 144" }, "geometry": { "type": "Point", "coordinates": [ 18182.030899999663234, 36892.73200000077486 ] } },
{ "type": "Feature", "properties": { "BUS_STOP_N": "66021", "LOC_DESC": "NEW TECH PK" }, "geometry": { "type": "Point", "coordinates": [ 31174.596400000154972, 37019.596999999135733 ] } },
{ "type": "Feature", "properties": { "BUS_STOP_N": "21759", "LOC_DESC": "OPP JURONG SEC SCH" }, "geometry": { "type": "Point", "coordinates": [ 15933.704900000244379, 34704.237299999222159 ] } },
{ "type": "Feature", "properties": { "BUS_STOP_N": "21751", "LOC_DESC": "JURONG SEC SCH" }, "geometry": { "type": "Point", "coordinates": [ 15923.708899999968708, 34789.575500000268221 ] } },
{ "type": "Feature", "properties": { "BUS_STOP_N": "58279", "LOC_DESC": "OPP BLK 336A CP" }, "geometry": { "type": "Point", "coordinates": [ 25912.263199999928474, 47589.538399999961257 ] } },
{ "type": "Feature", "properties": { "BUS_STOP_N": "70241", "LOC_DESC": "AFT GRACE BAPTIST CH" }, "geometry": { "type": "Point", "coordinates": [ 33404.560800000093877, 34171.773199999704957 ] } },
{ "type": "Feature", "properties": { "BUS_STOP_N": "47599", "LOC_DESC": "BLK 683A" }, "geometry": { "type": "Point", "coordinates": [ 24596.640399999916553, 46822.049000000581145 ] } },
{ "type": "Feature", "properties": { "BUS_STOP_N": "47641", "LOC_DESC": "BLK 681A" }, "geometry": { "type": "Point", "coordinates": [ 24713.499800000339746, 46767.466199999675155 ] } },
{ "type": "Feature", "properties": { "BUS_STOP_N": "65301", "LOC_DESC": "DAMAI STN EXIT B" }, "geometry": { "type": "Point", "coordinates": [ 36455.37609999999404, 42934.346100000664592 ] } },
{ "type": "Feature", "properties": { "BUS_STOP_N": "70019", "LOC_DESC": "BLK 125" }, "geometry": { "type": "Point", "coordinates": [ 33358.895700000226498, 33935.092700000852346 ] } },
{ "type": "Feature", "properties": { "BUS_STOP_N": "70011", "LOC_DESC": "Oppo Blk 125" }, "geometry": { "type": "Point", "coordinates": [ 33324.966000000014901, 33931.08699999935925 ] } },
{ "type": "Feature", "properties": { "BUS_STOP_N": "68209", "LOC_DESC": "OPP SELETAR CAMP" }, "geometry": { "type": "Point", "coordinates": [ 32477.306300000287592, 43697.214299999177456 ] } },
{ "type": "Feature", "properties": { "BUS_STOP_N": "70211", "LOC_DESC": "BLK 90" }, "geometry": { "type": "Point", "coordinates": [ 33957.724100000225008, 33988.142500000074506 ] } },
{ "type": "Feature", "properties": { "BUS_STOP_N": "24601", "LOC_DESC": "PROGRESS GALVANIZING" }, "geometry": { "type": "Point", "coordinates": [ 8131.407100000418723, 32838.86119999922812 ] } },
{ "type": "Feature", "properties": { "BUS_STOP_N": "67169", "LOC_DESC": "BLK 101" }, "geometry": { "type": "Point", "coordinates": [ 35338.854000000283122, 40493.758600000292063 ] } },
{ "type": "Feature", "properties": { "BUS_STOP_N": "58619", "LOC_DESC": "OPP BLK 115C" }, "geometry": { "type": "Point", "coordinates": [ 27644.645600000396371, 47578.424300000071526 ] } },
{ "type": "Feature", "properties": { "BUS_STOP_N": "14381", "LOC_DESC": "BLK 109" }, "geometry": { "type": "Point", "coordinates": [ 27132.174100000411272, 28513.098400000482798 ] } },
{ "type": "Feature", "properties": { "BUS_STOP_N": "14499", "LOC_DESC": "TELOK BLANGAH MKT/FC" }, "geometry": { "type": "Point", "coordinates": [ 25168.072399999946356, 28383.208499999716878 ] } },
{ "type": "Feature", "properties": { "BUS_STOP_N": "58621", "LOC_DESC": "NIL" }, "geometry": { "type": "Point", "coordinates": [ 28102.30599999986589, 47479.866100000217557 ] } },
{ "type": "Feature", "properties": { "BUS_STOP_N": "14359", "LOC_DESC": "BLK 50" }, "geometry": { "type": "Point", "coordinates": [ 25445.994400000199676, 28375.560499999672174 ] } },
{ "type": "Feature", "properties": { "BUS_STOP_N": "44181", "LOC_DESC": "BLK 802B" }, "geometry": { "type": "Point", "coordinates": [ 17941.919599999673665, 39604.927899999544024 ] } },
{ "type": "Feature", "properties": { "BUS_STOP_N": "11091", "LOC_DESC": "LEEDON GREEN" }, "geometry": { "type": "Point", "coordinates": [ 24702.218399999663234, 32725.689699999988079 ] } },
{ "type": "Feature", "properties": { "BUS_STOP_N": "11341", "LOC_DESC": "GARLICK VILLE" }, "geometry": { "type": "Point", "coordinates": [ 23499.412299999967217, 34209.209699999541044 ] } },
{ "type": "Feature", "properties": { "BUS_STOP_N": "45189", "LOC_DESC": "MANDAI CD TRG VILLAGE" }, "geometry": { "type": "Point", "coordinates": [ 19941.669700000435114, 43689.676599999889731 ] } },
{ "type": "Feature", "properties": { "BUS_STOP_N": "24669", "LOC_DESC": "BET LP 179/180" }, "geometry": { "type": "Point", "coordinates": [ 9033.757500000298023, 32263.245300000533462 ] } },
{ "type": "Feature", "properties": { "BUS_STOP_N": "22151", "LOC_DESC": "HITACHI" }, "geometry": { "type": "Point", "coordinates": [ 12749.935999999754131, 33709.629599999636412 ] } },
{ "type": "Feature", "properties": { "BUS_STOP_N": "66379", "LOC_DESC": "BLK 206" }, "geometry": { "type": "Point", "coordinates": [ 32397.845700000412762, 37269.710899999365211 ] } },
{ "type": "Feature", "properties": { "BUS_STOP_N": "45119", "LOC_DESC": "KRANJI WAR MEMORIAL" }, "geometry": { "type": "Point", "coordinates": [ 19391.793200000189245, 44839.557299999520183 ] } },
{ "type": "Feature", "properties": { "BUS_STOP_N": "11041", "LOC_DESC": "AFT C'WEALTH DR" }, "geometry": { "type": "Point", "coordinates": [ 24238.913900000043213, 30968.044700000435114 ] } },
{ "type": "Feature", "properties": { "BUS_STOP_N": "59041", "LOC_DESC": "BEF KHATIB STN" }, "geometry": { "type": "Point", "coordinates": [ 27922.270800000056624, 44233.244200000539422 ] } },
{ "type": "Feature", "properties": { "BUS_STOP_N": "28199", "LOC_DESC": "OPP JEM" }, "geometry": { "type": "Point", "coordinates": [ 18047.130099999718368, 34982.795199999585748 ] } },
{ "type": "Feature", "properties": { "BUS_STOP_N": "27349", "LOC_DESC": "BLK 745" }, "geometry": { "type": "Point", "coordinates": [ 12918.675900000147521, 36552.449300000444055 ] } },
{ "type": "Feature", "properties": { "BUS_STOP_N": "97109", "LOC_DESC": "AFT JLN MARIAM" }, "geometry": { "type": "Point", "coordinates": [ 42871.448699999600649, 38316.378299999982119 ] } },
{ "type": "Feature", "properties": { "BUS_STOP_N": "53321", "LOC_DESC": "OPP EUNOIA JC" }, "geometry": { "type": "Point", "coordinates": [ 28768.639999999664724, 38159.842800000682473 ] } },
{ "type": "Feature", "properties": { "BUS_STOP_N": "58249", "LOC_DESC": "BLK 309" }, "geometry": { "type": "Point", "coordinates": [ 26645.803600000217557, 47637.956299999728799 ] } },
{ "type": "Feature", "properties": { "BUS_STOP_N": "84309", "LOC_DESC": "BLK 423" }, "geometry": { "type": "Point", "coordinates": [ 38409.426400000229478, 34478.5304000005126 ] } },
{ "type": "Feature", "properties": { "BUS_STOP_N": "14491", "LOC_DESC": "OPP TELOK BLANGAH MKT/FC" }, "geometry": { "type": "Point", "coordinates": [ 25169.60840000025928, 28363.651900000870228 ] } },
{ "type": "Feature", "properties": { "BUS_STOP_N": "66141", "LOC_DESC": "BEF YIO CHU KANG RD" }, "geometry": { "type": "Point", "coordinates": [ 32356.585900000296533, 38349.364800000563264 ] } },
{ "type": "Feature", "properties": { "BUS_STOP_N": "31071", "LOC_DESC": "AFT CHINESE CEMY PATH 11" }, "geometry": { "type": "Point", "coordinates": [ 12746.649699999950826, 40049.95240000076592 ] } },
{ "type": "Feature", "properties": { "BUS_STOP_N": "84301", "LOC_DESC": "BLK 41" }, "geometry": { "type": "Point", "coordinates": [ 38379.879700000397861, 34455.784600000828505 ] } },
{ "type": "Feature", "properties": { "BUS_STOP_N": "15211", "LOC_DESC": "OPP PASIR VIEW PK" }, "geometry": { "type": "Point", "coordinates": [ 22769.591099999845028, 28935.261800000444055 ] } },
{ "type": "Feature", "properties": { "BUS_STOP_N": "14211", "LOC_DESC": "ISS INTL SCH" }, "geometry": { "type": "Point", "coordinates": [ 24883.253399999812245, 29342.357300000265241 ] } },
{ "type": "Feature", "properties": { "BUS_STOP_N": "03371", "LOC_DESC": "GDNS BY THE BAY" }, "geometry": { "type": "Point", "coordinates": [ 31772.505199999548495, 29101.759899999946356 ] } },
{ "type": "Feature", "properties": { "BUS_STOP_N": "46429", "LOC_DESC": "BLK 856" }, "geometry": { "type": "Point", "coordinates": [ 23521.463299999944866, 46932.588999999687076 ] } },
{ "type": "Feature", "properties": { "BUS_STOP_N": "13141", "LOC_DESC": "AFT ZION FULL GOSPEL CH" }, "geometry": { "type": "Point", "coordinates": [ 27627.155600000172853, 31110.256999999284744 ] } },
{ "type": "Feature", "properties": { "BUS_STOP_N": "23461", "LOC_DESC": "TANOTO SHIPYARD" }, "geometry": { "type": "Point", "coordinates": [ 12762.980200000107288, 31978.510500000789762 ] } },
{ "type": "Feature", "properties": { "BUS_STOP_N": "05651", "LOC_DESC": "OPP FUJI XEROX TWRS" }, "geometry": { "type": "Point", "coordinates": [ 29086.052699999883771, 28417.890399999916553 ] } },
{ "type": "Feature", "properties": { "BUS_STOP_N": "09159", "LOC_DESC": "AFT TOMLINSON RD" }, "geometry": { "type": "Point", "coordinates": [ 27169.031000000424683, 32049.248500000685453 ] } },
{ "type": "Feature", "properties": { "BUS_STOP_N": "28659", "LOC_DESC": "IMM BLDG" }, "geometry": { "type": "Point", "coordinates": [ 18468.436300000175834, 35182.394799999892712 ] } },
{ "type": "Feature", "properties": { "BUS_STOP_N": "28471", "LOC_DESC": "OPP BLK 311" }, "geometry": { "type": "Point", "coordinates": [ 16733.32799999974668, 36691.288599999621511 ] } },
{ "type": "Feature", "properties": { "BUS_STOP_N": "40181", "LOC_DESC": "NEWTON STN EXIT A" }, "geometry": { "type": "Point", "coordinates": [ 28533.239199999719858, 32761.024599999189377 ] } },
{ "type": "Feature", "properties": { "BUS_STOP_N": "24451", "LOC_DESC": "OPP CAMBRIDGE IND TRUST" }, "geometry": { "type": "Point", "coordinates": [ 9140.371700000017881, 32036.8581000007689 ] } },
{ "type": "Feature", "properties": { "BUS_STOP_N": "40021", "LOC_DESC": "BEF WINSTEDT RD" }, "geometry": { "type": "Point", "coordinates": [ 29050.616100000217557, 32595.092000000178814 ] } },
{ "type": "Feature", "properties": { "BUS_STOP_N": "46091", "LOC_DESC": "BEF BKE" }, "geometry": { "type": "Point", "coordinates": [ 20961.092199999839067, 46809.899599999189377 ] } },
{ "type": "Feature", "properties": { "BUS_STOP_N": "23101", "LOC_DESC": "AUTO WORLD CARE" }, "geometry": { "type": "Point", "coordinates": [ 12151.668800000101328, 34085.665999999269843 ] } },
{ "type": "Feature", "properties": { "BUS_STOP_N": "20309", "LOC_DESC": "BLK L PANDAN LIGHT IND PK" }, "geometry": { "type": "Point", "coordinates": [ 19181.131799999624491, 32541.373099999502301 ] } },
{ "type": "Feature", "properties": { "BUS_STOP_N": "12179", "LOC_DESC": "MONTVIEW" }, "geometry": { "type": "Point", "coordinates": [ 21724.474100000225008, 33226.428899999707937 ] } },
{ "type": "Feature", "properties": { "BUS_STOP_N": "47059", "LOC_DESC": "BEF WOODLANDS IND PK E4" }, "geometry": { "type": "Point", "coordinates": [ 23780.163599999621511, 48392.211500000208616 ] } },
{ "type": "Feature", "properties": { "BUS_STOP_N": "48069", "LOC_DESC": "AFT MANDAI AVE" }, "geometry": { "type": "Point", "coordinates": [ 24510.881199999712408, 44198.237199999392033 ] } },
{ "type": "Feature", "properties": { "BUS_STOP_N": "21189", "LOC_DESC": "BLK 161" }, "geometry": { "type": "Point", "coordinates": [ 15523.091300000436604, 34713.687899999320507 ] } },
{ "type": "Feature", "properties": { "BUS_STOP_N": "43639", "LOC_DESC": "OPP PPIS BT BATOK" }, "geometry": { "type": "Point", "coordinates": [ 20793.144500000402331, 36697.277300000190735 ] } },
{ "type": "Feature", "properties": { "BUS_STOP_N": "24301", "LOC_DESC": "SNL LOGISTICS PTE LTD" }, "geometry": { "type": "Point", "coordinates": [ 9356.637500000186265, 32773.027699999511242 ] } },
{ "type": "Feature", "properties": { "BUS_STOP_N": "40109", "LOC_DESC": "OPP KK WOMEN & CHILD HOSP" }, "geometry": { "type": "Point", "coordinates": [ 29596.723399999551475, 32417.054199999198318 ] } },
{ "type": "Feature", "properties": { "BUS_STOP_N": "47169", "LOC_DESC": "CHUAN LIM CONSTRUCTION" }, "geometry": { "type": "Point", "coordinates": [ 24352.422799999825656, 49164.398199999704957 ] } },
{ "type": "Feature", "properties": { "BUS_STOP_N": "51091", "LOC_DESC": "OPP CATHOLIC JC" }, "geometry": { "type": "Point", "coordinates": [ 28095.940999999642372, 34306.049599999561906 ] } },
{ "type": "Feature", "properties": { "BUS_STOP_N": "84261", "LOC_DESC": "ST. ANTHONY'S CANO SCH" }, "geometry": { "type": "Point", "coordinates": [ 40060.451799999922514, 35157.123700000345707 ] } },
{ "type": "Feature", "properties": { "BUS_STOP_N": "16109", "LOC_DESC": "THE ALPHA" }, "geometry": { "type": "Point", "coordinates": [ 22005.433500000275671, 30167.186000000685453 ] } },
{ "type": "Feature", "properties": { "BUS_STOP_N": "56031", "LOC_DESC": "BEF YIO CHU KANG RD" }, "geometry": { "type": "Point", "coordinates": [ 27431.546500000171363, 39886.211799999698997 ] } },
{ "type": "Feature", "properties": { "BUS_STOP_N": "46351", "LOC_DESC": "WOODHAVEN" }, "geometry": { "type": "Point", "coordinates": [ 22473.490899999625981, 45843.94510000012815 ] } },
{ "type": "Feature", "properties": { "BUS_STOP_N": "46469", "LOC_DESC": "BLK 759" }, "geometry": { "type": "Point", "coordinates": [ 23719.127999999560416, 47589.154500000178814 ] } },
{ "type": "Feature", "properties": { "BUS_STOP_N": "25151", "LOC_DESC": "MERCEDES-BENZ LOGISTICS" }, "geometry": { "type": "Point", "coordinates": [ 7962.666000000201166, 34592.171499999240041 ] } },
{ "type": "Feature", "properties": { "BUS_STOP_N": "47061", "LOC_DESC": "AFT ATTAP VALLEY RD" }, "geometry": { "type": "Point", "coordinates": [ 24084.276600000448525, 48631.289000000804663 ] } },
{ "type": "Feature", "properties": { "BUS_STOP_N": "01559", "LOC_DESC": "LANDMARK VILLAGE HOTEL" }, "geometry": { "type": "Point", "coordinates": [ 30699.414099999703467, 31557.091900000348687 ] } },
{ "type": "Feature", "properties": { "BUS_STOP_N": "60119", "LOC_DESC": "OPP BOON KENG STN" }, "geometry": { "type": "Point", "coordinates": [ 31433.18819999974221, 33458.632099999114871 ] } },
{ "type": "Feature", "properties": { "BUS_STOP_N": "28271", "LOC_DESC": "OPP BLK 114" }, "geometry": { "type": "Point", "coordinates": [ 16940.867999999783933, 35717.317999999970198 ] } },
{ "type": "Feature", "properties": { "BUS_STOP_N": "21499", "LOC_DESC": "BEF JLN TUKANG" }, "geometry": { "type": "Point", "coordinates": [ 14392.325100000016391, 34300.236600000411272 ] } },
{ "type": "Feature", "properties": { "BUS_STOP_N": "49189", "LOC_DESC": "AFT KRANJI RD" }, "geometry": { "type": "Point", "coordinates": [ 19140.605800000019372, 46461.307499999180436 ] } },
{ "type": "Feature", "properties": { "BUS_STOP_N": "53239", "LOC_DESC": "Opp Bishan Stn" }, "geometry": { "type": "Point", "coordinates": [ 29596.686999999918044, 37018.838999999687076 ] } },
{ "type": "Feature", "properties": { "BUS_STOP_N": "28611", "LOC_DESC": "OPP BLK 461" }, "geometry": { "type": "Point", "coordinates": [ 15499.890100000426173, 36818.269799999892712 ] } },
{ "type": "Feature", "properties": { "BUS_STOP_N": "54369", "LOC_DESC": "OPP BLK 4025" }, "geometry": { "type": "Point", "coordinates": [ 30517.358000000007451, 37875.191500000655651 ] } },
{ "type": "Feature", "properties": { "BUS_STOP_N": "20089", "LOC_DESC": "OPP CARRIER S'PORE" }, "geometry": { "type": "Point", "coordinates": [ 17540.70339999999851, 34351.421099999919534 ] } },
{ "type": "Feature", "properties": { "BUS_STOP_N": "11239", "LOC_DESC": "FAIRLODGE" }, "geometry": { "type": "Point", "coordinates": [ 24475.93059999961406, 32648.079600000753999 ] } },
{ "type": "Feature", "properties": { "BUS_STOP_N": "10149", "LOC_DESC": "BLK 1" }, "geometry": { "type": "Point", "coordinates": [ 27956.493200000375509, 29832.871300000697374 ] } },
{ "type": "Feature", "properties": { "BUS_STOP_N": "01109", "LOC_DESC": "QUEEN ST TER" }, "geometry": { "type": "Point", "coordinates": [ 30603.559600000269711, 31759.582000000402331 ] } },
{ "type": "Feature", "properties": { "BUS_STOP_N": "58149", "LOC_DESC": "OPP SEMBAWANG SHIPYARD G 8" }, "geometry": { "type": "Point", "coordinates": [ 26276.993300000205636, 49280.308700000867248 ] } },
{ "type": "Feature", "properties": { "BUS_STOP_N": "77191", "LOC_DESC": "BLK 500A" }, "geometry": { "type": "Point", "coordinates": [ 40538.409699999727309, 39840.556900000199676 ] } },
{ "type": "Feature", "properties": { "BUS_STOP_N": "60191", "LOC_DESC": "BLK 7" }, "geometry": { "type": "Point", "coordinates": [ 31180.303399999625981, 33276.905600000172853 ] } },
{ "type": "Feature", "properties": { "BUS_STOP_N": "71041", "LOC_DESC": "OPP AIR FORCE MUSEUM" }, "geometry": { "type": "Point", "coordinates": [ 35246.973000000230968, 36525.443800000473857 ] } },
{ "type": "Feature", "properties": { "BUS_STOP_N": "14029", "LOC_DESC": "BLK 105" }, "geometry": { "type": "Point", "coordinates": [ 26990.795099999755621, 28327.653200000524521 ] } },
{ "type": "Feature", "properties": { "BUS_STOP_N": "21651", "LOC_DESC": "OPP CHINESE GDN" }, "geometry": { "type": "Point", "coordinates": [ 15831.608000000007451, 35664.004100000485778 ] } },
{ "type": "Feature", "properties": { "BUS_STOP_N": "20239", "LOC_DESC": "AFT HASANAH MQUE" }, "geometry": { "type": "Point", "coordinates": [ 17554.747600000351667, 33863.158900000154972 ] } },
{ "type": "Feature", "properties": { "BUS_STOP_N": "53199", "LOC_DESC": "BLK 22A CP" }, "geometry": { "type": "Point", "coordinates": [ 28628.756599999964237, 37730.356399999931455 ] } },
{ "type": "Feature", "properties": { "BUS_STOP_N": "46019", "LOC_DESC": "AFT W'LANDS CTR RD" }, "geometry": { "type": "Point", "coordinates": [ 21407.745500000193715, 46705.977900000289083 ] } },
{ "type": "Feature", "properties": { "BUS_STOP_N": "11031", "LOC_DESC": "OPP QUEEN'S CL" }, "geometry": { "type": "Point", "coordinates": [ 24328.646800000220537, 30414.629000000655651 ] } },
{ "type": "Feature", "properties": { "BUS_STOP_N": "46421", "LOC_DESC": "EVERGREEN SEC SCH" }, "geometry": { "type": "Point", "coordinates": [ 23575.213299999944866, 46950.109099999070168 ] } },
{ "type": "Feature", "properties": { "BUS_STOP_N": "01631", "LOC_DESC": "AFT BEACH RD" }, "geometry": { "type": "Point", "coordinates": [ 30503.114400000311434, 31035.927200000733137 ] } },
{ "type": "Feature", "properties": { "BUS_STOP_N": "44189", "LOC_DESC": "BLK 803" }, "geometry": { "type": "Point", "coordinates": [ 17927.157800000160933, 39590.596000000834465 ] } },
{ "type": "Feature", "properties": { "BUS_STOP_N": "15221", "LOC_DESC": "AFT STH BUONA VISTA RD" }, "geometry": { "type": "Point", "coordinates": [ 22675.119900000281632, 29111.133400000631809 ] } },
{ "type": "Feature", "properties": { "BUS_STOP_N": "58601", "LOC_DESC": "BLK 108A" }, "geometry": { "type": "Point", "coordinates": [ 27750.412800000049174, 47750.022099999710917 ] } },
{ "type": "Feature", "properties": { "BUS_STOP_N": "80249", "LOC_DESC": "BLK 49 MKT/FC" }, "geometry": { "type": "Point", "coordinates": [ 33177.972799999639392, 33241.884899999946356 ] } },
{ "type": "Feature", "properties": { "BUS_STOP_N": "11489", "LOC_DESC": "BLK 30" }, "geometry": { "type": "Point", "coordinates": [ 24847.996100000105798, 31202.113099999725819 ] } },
{ "type": "Feature", "properties": { "BUS_STOP_N": "58611", "LOC_DESC": "BLK 115C" }, "geometry": { "type": "Point", "coordinates": [ 27625.595599999651313, 47554.664599999785423 ] } },
{ "type": "Feature", "properties": { "BUS_STOP_N": "14351", "LOC_DESC": "AFT BLK 48" }, "geometry": { "type": "Point", "coordinates": [ 25402.074400000274181, 28353.063500000163913 ] } },
{ "type": "Feature", "properties": { "BUS_STOP_N": "11471", "LOC_DESC": "OPP THE FISHERMAN CH" }, "geometry": { "type": "Point", "coordinates": [ 24648.139399999752641, 31327.730599999427795 ] } },
{ "type": "Feature", "properties": { "BUS_STOP_N": "51089", "LOC_DESC": "MARYMOUNT CONVENT SCH" }, "geometry": { "type": "Point", "coordinates": [ 28701.466799999587238, 35962.14130000025034 ] } },
{ "type": "Feature", "properties": { "BUS_STOP_N": "60079", "LOC_DESC": "BEF BENDEMEER RD\r\n" }, "geometry": { "type": "Point", "coordinates": [ 32031.314600000157952, 34338.673200000077486 ] } },
{ "type": "Feature", "properties": { "BUS_STOP_N": "46711", "LOC_DESC": "BEF W’LANDS IND PK E3" }, "geometry": { "type": "Point", "coordinates": [ 24385.295199999585748, 48482.529500000178814 ] } },
{ "type": "Feature", "properties": { "BUS_STOP_N": "28421", "LOC_DESC": "BLK 517" }, "geometry": { "type": "Point", "coordinates": [ 15309.619699999690056, 36450.284299999475479 ] } },
{ "type": "Feature", "properties": { "BUS_STOP_N": "44519", "LOC_DESC": "BLK 408" }, "geometry": { "type": "Point", "coordinates": [ 17588.517300000414252, 40130.638100000098348 ] } },
{ "type": "Feature", "properties": { "BUS_STOP_N": "66139", "LOC_DESC": "OPP TRINITY METH CH" }, "geometry": { "type": "Point", "coordinates": [ 32014.703900000080466, 38403.260700000450015 ] } },
{ "type": "Feature", "properties": { "BUS_STOP_N": "60051", "LOC_DESC": "OPP KALLANG PL" }, "geometry": { "type": "Point", "coordinates": [ 31609.712000000290573, 32936.177999999374151 ] } },
{ "type": "Feature", "properties": { "BUS_STOP_N": "65541", "LOC_DESC": "BLK 228B" }, "geometry": { "type": "Point", "coordinates": [ 34447.942200000397861, 42818.413899999111891 ] } },
{ "type": "Feature", "properties": { "BUS_STOP_N": "76241", "LOC_DESC": "Blk 497D" }, "geometry": { "type": "Point", "coordinates": [ 41978.958599999547005, 37808.887199999764562 ] } },
{ "type": "Feature", "properties": { "BUS_STOP_N": "56091", "LOC_DESC": "BEF SPRINGLEAF RD" }, "geometry": { "type": "Point", "coordinates": [ 26300.803199999965727, 42149.546700000762939 ] } },
{ "type": "Feature", "properties": { "BUS_STOP_N": "57011", "LOC_DESC": "UPP THOMSON ROAD" }, "geometry": { "type": "Point", "coordinates": [ 26196.122600000351667, 42456.47440000064671 ] } },
{ "type": "Feature", "properties": { "BUS_STOP_N": "21121", "LOC_DESC": "SPC SVC STN" }, "geometry": { "type": "Point", "coordinates": [ 15048.36629999987781, 33007.467800000682473 ] } },
{ "type": "Feature", "properties": { "BUS_STOP_N": "01311", "LOC_DESC": "LAVENDER STN EXIT B" }, "geometry": { "type": "Point", "coordinates": [ 31232.519899999722838, 32176.538100000470877 ] } },
{ "type": "Feature", "properties": { "BUS_STOP_N": "57019", "LOC_DESC": "SPRINGLEAF NATURE PK" }, "geometry": { "type": "Point", "coordinates": [ 26221.366499999538064, 42518.229800000786781 ] } },
{ "type": "Feature", "properties": { "BUS_STOP_N": "76249", "LOC_DESC": "Blk 370" }, "geometry": { "type": "Point", "coordinates": [ 42029.864000000059605, 37816.825300000607967 ] } },
{ "type": "Feature", "properties": { "BUS_STOP_N": "50061", "LOC_DESC": "OPP HOTEL ROYAL" }, "geometry": { "type": "Point", "coordinates": [ 28898.404400000348687, 33294.456499999389052 ] } },
{ "type": "Feature", "properties": { "BUS_STOP_N": "31199", "LOC_DESC": "B25 OLD CHOA CHU KANG RD" }, "geometry": { "type": "Point", "coordinates": [ 14200.99170000012964, 39207.762800000607967 ] } },
{ "type": "Feature", "properties": { "BUS_STOP_N": "17429", "LOC_DESC": "AFT SUNSET VALE" }, "geometry": { "type": "Point", "coordinates": [ 20631.601999999955297, 34644.604000000283122 ] } },
{ "type": "Feature", "properties": { "BUS_STOP_N": "02049", "LOC_DESC": "RAFFLES HOTEL" }, "geometry": { "type": "Point", "coordinates": [ 30313.526499999687076, 30762.654500000178814 ] } },
{ "type": "Feature", "properties": { "BUS_STOP_N": "77109", "LOC_DESC": "AFT PASIR RIS RD" }, "geometry": { "type": "Point", "coordinates": [ 40791.896200000308454, 40280.895099999383092 ] } },
{ "type": "Feature", "properties": { "BUS_STOP_N": "44279", "LOC_DESC": "BLK 157" }, "geometry": { "type": "Point", "coordinates": [ 19435.256099999882281, 40113.950799999758601 ] } },
{ "type": "Feature", "properties": { "BUS_STOP_N": "53119", "LOC_DESC": "AFT BISHAN ST 21" }, "geometry": { "type": "Point", "coordinates": [ 28653.682599999941885, 36379.567099999636412 ] } },
{ "type": "Feature", "properties": { "BUS_STOP_N": "71081", "LOC_DESC": "EUNOS TECHNOLINK" }, "geometry": { "type": "Point", "coordinates": [ 35484.56209999974817, 35108.26549999974668 ] } },
{ "type": "Feature", "properties": { "BUS_STOP_N": "18151", "LOC_DESC": "OPP ONE-NORTH STN / GALAXIS" }, "geometry": { "type": "Point", "coordinates": [ 23033.776499999687076, 31426.058700000867248 ] } },
{ "type": "Feature", "properties": { "BUS_STOP_N": "83121", "LOC_DESC": "BEF LOR K TELOK KURAU" }, "geometry": { "type": "Point", "coordinates": [ 36605.448499999940395, 32774.860400000587106 ] } },
{ "type": "Feature", "properties": { "BUS_STOP_N": "27359", "LOC_DESC": "BLK 817" }, "geometry": { "type": "Point", "coordinates": [ 12723.988199999555945, 36293.452800000086427 ] } },
{ "type": "Feature", "properties": { "BUS_STOP_N": "16089", "LOC_DESC": "AFT CLEMENTI RD" }, "geometry": { "type": "Point", "coordinates": [ 20859.468399999663234, 30487.55599999986589 ] } },
{ "type": "Feature", "properties": { "BUS_STOP_N": "59501", "LOC_DESC": "BLK 871" }, "geometry": { "type": "Point", "coordinates": [ 28510.186999999918044, 43847.255899999290705 ] } },
{ "type": "Feature", "properties": { "BUS_STOP_N": "63049", "LOC_DESC": "GLAD TIDINGS CH" }, "geometry": { "type": "Point", "coordinates": [ 34028.043100000359118, 38249.010199999436736 ] } },
{ "type": "Feature", "properties": { "BUS_STOP_N": "25219", "LOC_DESC": "AFT TUAS AVE 2" }, "geometry": { "type": "Point", "coordinates": [ 8362.986499999649823, 34561.417799999937415 ] } },
{ "type": "Feature", "properties": { "BUS_STOP_N": "65081", "LOC_DESC": "OPP BLK 199C" }, "geometry": { "type": "Point", "coordinates": [ 36012.071299999952316, 42539.56900000013411 ] } },
{ "type": "Feature", "properties": { "BUS_STOP_N": "15129", "LOC_DESC": "OPP SCI PK 2 / THE GEMINI" }, "geometry": { "type": "Point", "coordinates": [ 22521.778800000436604, 30178.91469999961555 ] } },
{ "type": "Feature", "properties": { "BUS_STOP_N": "62151", "LOC_DESC": "RINDU TERR" }, "geometry": { "type": "Point", "coordinates": [ 32920.905500000342727, 36433.893799999728799 ] } },
{ "type": "Feature", "properties": { "BUS_STOP_N": "53071", "LOC_DESC": "OPP FLAME TREE PK" }, "geometry": { "type": "Point", "coordinates": [ 27441.302699999883771, 38087.5 ] } },
{ "type": "Feature", "properties": { "BUS_STOP_N": "44209", "LOC_DESC": "OPP PETIR STN" }, "geometry": { "type": "Point", "coordinates": [ 20611.22510000038892, 39915.027799999341369 ] } },
{ "type": "Feature", "properties": { "BUS_STOP_N": "52239", "LOC_DESC": "BLK 177" }, "geometry": { "type": "Point", "coordinates": [ 29734.434600000269711, 35146.613600000739098 ] } },
{ "type": "Feature", "properties": { "BUS_STOP_N": "62189", "LOC_DESC": "S'GOON STN EXIT D / BLK 416" }, "geometry": { "type": "Point", "coordinates": [ 32597.057000000029802, 36960.30320000089705 ] } },
{ "type": "Feature", "properties": { "BUS_STOP_N": "43889", "LOC_DESC": "Aft Chestnut Dr" }, "geometry": { "type": "Point", "coordinates": [ 21104.004099999554455, 39144.25730000063777 ] } },
{ "type": "Feature", "properties": { "BUS_STOP_N": "62169", "LOC_DESC": "BLK 426" }, "geometry": { "type": "Point", "coordinates": [ 32804.838499999605119, 36637.999099999666214 ] } },
{ "type": "Feature", "properties": { "BUS_STOP_N": "66349", "LOC_DESC": "OPP DAIKIN S'PORE" }, "geometry": { "type": "Point", "coordinates": [ 31564.172600000165403, 39201.287900000810623 ] } },
{ "type": "Feature", "properties": { "BUS_STOP_N": "28411", "LOC_DESC": "BLK 526" }, "geometry": { "type": "Point", "coordinates": [ 15119.085400000214577, 36694.245500000193715 ] } },
{ "type": "Feature", "properties": { "BUS_STOP_N": "62081", "LOC_DESC": "OPP BARTLEY CHR CH" }, "geometry": { "type": "Point", "coordinates": [ 32934.083100000396371, 36228.447300000116229 ] } },
{ "type": "Feature", "properties": { "BUS_STOP_N": "62089", "LOC_DESC": "BARTLEY CHR CH" }, "geometry": { "type": "Point", "coordinates": [ 33006.67960000038147, 36215.441500000655651 ] } },
{ "type": "Feature", "properties": { "BUS_STOP_N": "57089", "LOC_DESC": "BLK 713" }, "geometry": { "type": "Point", "coordinates": [ 27281.052600000053644, 45454.979599999263883 ] } },
{ "type": "Feature", "properties": { "BUS_STOP_N": "66391", "LOC_DESC": "LOR CHUAN STN EXIT A" }, "geometry": { "type": "Point", "coordinates": [ 31509.592100000008941, 37004.676599999889731 ] } },
{ "type": "Feature", "properties": { "BUS_STOP_N": "92261", "LOC_DESC": "OPP PLAYGROUND@BIG SPLASH" }, "geometry": { "type": "Point", "coordinates": [ 35467.329599999822676, 31146.338400000706315 ] } },
{ "type": "Feature", "properties": { "BUS_STOP_N": "52451", "LOC_DESC": "BLK 114" }, "geometry": { "type": "Point", "coordinates": [ 30678.566800000146031, 34167.025699999183416 ] } },
{ "type": "Feature", "properties": { "BUS_STOP_N": "82231", "LOC_DESC": "OPP CITY PLAZA" }, "geometry": { "type": "Point", "coordinates": [ 34649.531999999657273, 32924.404500000178814 ] } },
{ "type": "Feature", "properties": { "BUS_STOP_N": "66059", "LOC_DESC": "BLK 257A" }, "geometry": { "type": "Point", "coordinates": [ 32328.731999999843538, 37515.742499999701977 ] } },
{ "type": "Feature", "properties": { "BUS_STOP_N": "66529", "LOC_DESC": "BLK 538" }, "geometry": { "type": "Point", "coordinates": [ 32419.292500000447035, 39682.603900000452995 ] } },
{ "type": "Feature", "properties": { "BUS_STOP_N": "27341", "LOC_DESC": "BLK 729" }, "geometry": { "type": "Point", "coordinates": [ 12907.142900000326335, 36533.140699999406934 ] } },
{ "type": "Feature", "properties": { "BUS_STOP_N": "13049", "LOC_DESC": "BEF ROCHALIE DR" }, "geometry": { "type": "Point", "coordinates": [ 26563.40500000026077, 31662.580800000578165 ] } },
{ "type": "Feature", "properties": { "BUS_STOP_N": "51019", "LOC_DESC": "THOMSON FLYOVER" }, "geometry": { "type": "Point", "coordinates": [ 28833.257799999788404, 34577.669700000435114 ] } },
{ "type": "Feature", "properties": { "BUS_STOP_N": "27121", "LOC_DESC": "BEF NANYANG AVE" }, "geometry": { "type": "Point", "coordinates": [ 12625.601400000043213, 37658.897199999541044 ] } },
{ "type": "Feature", "properties": { "BUS_STOP_N": "96261", "LOC_DESC": "BLK 233" }, "geometry": { "type": "Point", "coordinates": [ 41637.065100000239909, 36247.351700000464916 ] } },
{ "type": "Feature", "properties": { "BUS_STOP_N": "11189", "LOC_DESC": "BLK 43" }, "geometry": { "type": "Point", "coordinates": [ 23466.413200000301003, 32192.53800000064075 ] } },
{ "type": "Feature", "properties": { "BUS_STOP_N": "92099", "LOC_DESC": "ONE AMBER" }, "geometry": { "type": "Point", "coordinates": [ 35303.217000000178814, 31631.744400000199676 ] } },
{ "type": "Feature", "properties": { "BUS_STOP_N": "18029", "LOC_DESC": "TEMPCO MFG" }, "geometry": { "type": "Point", "coordinates": [ 23082.466599999926984, 30945.018899999558926 ] } },
{ "type": "Feature", "properties": { "BUS_STOP_N": "55261", "LOC_DESC": "BULLION PK" }, "geometry": { "type": "Point", "coordinates": [ 28340.034599999897182, 41600.004799999296665 ] } },
{ "type": "Feature", "properties": { "BUS_STOP_N": "28241", "LOC_DESC": "OPP JURONG EAST LIB" }, "geometry": { "type": "Point", "coordinates": [ 17561.793499999679625, 34893.557299999520183 ] } },
{ "type": "Feature", "properties": { "BUS_STOP_N": "84091", "LOC_DESC": "BLK 204" }, "geometry": { "type": "Point", "coordinates": [ 38771.742600000463426, 34224.523700000718236 ] } },
{ "type": "Feature", "properties": { "BUS_STOP_N": "76469", "LOC_DESC": "EAST SPRING SEC SCH" }, "geometry": { "type": "Point", "coordinates": [ 42082.106800000183284, 37597.788799999281764 ] } },
{ "type": "Feature", "properties": { "BUS_STOP_N": "23011", "LOC_DESC": "CARRIER TRANSICOLD P/L" }, "geometry": { "type": "Point", "coordinates": [ 12318.247200000099838, 33851.213300000876188 ] } },
{ "type": "Feature", "properties": { "BUS_STOP_N": "02051", "LOC_DESC": "THE FLOAT@MARINA BAY" }, "geometry": { "type": "Point", "coordinates": [ 30843.809600000269711, 30215.834899999201298 ] } },
{ "type": "Feature", "properties": { "BUS_STOP_N": "04239", "LOC_DESC": "OPP CLARKE QUAY STN" }, "geometry": { "type": "Point", "coordinates": [ 29573.317999999970198, 30135.12470000050962 ] } },
{ "type": "Feature", "properties": { "BUS_STOP_N": "04222", "LOC_DESC": "CLARKE QUAY STN EXIT E" }, "geometry": { "type": "Point", "coordinates": [ 29540.318599999882281, 30160.992000000551343 ] } },
{ "type": "Feature", "properties": { "BUS_STOP_N": "56199", "LOC_DESC": "AFT THOMSON HILLS DR" }, "geometry": { "type": "Point", "coordinates": [ 27636.112099999561906, 40096.154400000348687 ] } },
{ "type": "Feature", "properties": { "BUS_STOP_N": "58029", "LOC_DESC": "THE NAUTICAL" }, "geometry": { "type": "Point", "coordinates": [ 26961.224299999885261, 47196.45160000026226 ] } },
{ "type": "Feature", "properties": { "BUS_STOP_N": "58021", "LOC_DESC": "OPP THE NAUTICAL" }, "geometry": { "type": "Point", "coordinates": [ 26926.213299999944866, 47219.563999999314547 ] } },
{ "type": "Feature", "properties": { "BUS_STOP_N": "95061", "LOC_DESC": "AIRLINE HSE" }, "geometry": { "type": "Point", "coordinates": [ 46159.105200000107288, 39935.006300000473857 ] } },
{ "type": "Feature", "properties": { "BUS_STOP_N": "95069", "LOC_DESC": "OPP AIRLINE HSE" }, "geometry": { "type": "Point", "coordinates": [ 46146.757299999706447, 39973.949999999254942 ] } },
{ "type": "Feature", "properties": { "BUS_STOP_N": "59451", "LOC_DESC": "BET BLKS 349/350" }, "geometry": { "type": "Point", "coordinates": [ 29145.24959999974817, 45269.279699999839067 ] } },
{ "type": "Feature", "properties": { "BUS_STOP_N": "13039", "LOC_DESC": "BEF CHATSWORTH RD" }, "geometry": { "type": "Point", "coordinates": [ 26233.215699999593198, 31353.324100000783801 ] } },
{ "type": "Feature", "properties": { "BUS_STOP_N": "44019", "LOC_DESC": "THE LINEAR" }, "geometry": { "type": "Point", "coordinates": [ 20126.529600000008941, 39793.980000000447035 ] } },
{ "type": "Feature", "properties": { "BUS_STOP_N": "82181", "LOC_DESC": "FLORA EAST" }, "geometry": { "type": "Point", "coordinates": [ 36084.826100000180304, 32948.989800000563264 ] } },
{ "type": "Feature", "properties": { "BUS_STOP_N": "23271", "LOC_DESC": "AFT BENOI SECTOR" }, "geometry": { "type": "Point", "coordinates": [ 12245.214999999850988, 33070.052799999713898 ] } },
{ "type": "Feature", "properties": { "BUS_STOP_N": "55051", "LOC_DESC": "OPP ST ELECTRONICS" }, "geometry": { "type": "Point", "coordinates": [ 29745.752999999560416, 41594.370799999684095 ] } },
{ "type": "Feature", "properties": { "BUS_STOP_N": "12089", "LOC_DESC": "OPP MAJU CAMP" }, "geometry": { "type": "Point", "coordinates": [ 21594.375300000421703, 34303.440600000321865 ] } },
{ "type": "Feature", "properties": { "BUS_STOP_N": "46621", "LOC_DESC": "BLK 335" }, "geometry": { "type": "Point", "coordinates": [ 22139.406499999575317, 45699.27140000090003 ] } },
{ "type": "Feature", "properties": { "BUS_STOP_N": "83181", "LOC_DESC": "AFT BETHESDA FRANKEL CH" }, "geometry": { "type": "Point", "coordinates": [ 37367.636099999770522, 33214.424200000241399 ] } },
{ "type": "Feature", "properties": { "BUS_STOP_N": "52131", "LOC_DESC": "BLK 163" }, "geometry": { "type": "Point", "coordinates": [ 29195.684500000439584, 34945.910499999299645 ] } },
{ "type": "Feature", "properties": { "BUS_STOP_N": "54591", "LOC_DESC": "OPP BLK 5060" }, "geometry": { "type": "Point", "coordinates": [ 31168.263500000350177, 39701.21309999935329 ] } },
{ "type": "Feature", "properties": { "BUS_STOP_N": "28359", "LOC_DESC": "BLK 350" }, "geometry": { "type": "Point", "coordinates": [ 16642.210099999792874, 36225.667700000107288 ] } },
{ "type": "Feature", "properties": { "BUS_STOP_N": "63079", "LOC_DESC": "BLK 248" }, "geometry": { "type": "Point", "coordinates": [ 34639.135099999606609, 37994.150000000372529 ] } },
{ "type": "Feature", "properties": { "BUS_STOP_N": "18279", "LOC_DESC": "OPP BLK 85" }, "geometry": { "type": "Point", "coordinates": [ 23152.796299999579787, 30101.178999999538064 ] } },
{ "type": "Feature", "properties": { "BUS_STOP_N": "44619", "LOC_DESC": "BLK 506" }, "geometry": { "type": "Point", "coordinates": [ 20704.156999999657273, 41017.660000000149012 ] } },
{ "type": "Feature", "properties": { "BUS_STOP_N": "68121", "LOC_DESC": "BEF  WEST CAMP ROAD" }, "geometry": { "type": "Point", "coordinates": [ 31060.557099999859929, 43014.978800000622869 ] } },
{ "type": "Feature", "properties": { "BUS_STOP_N": "68179", "LOC_DESC": "YISHUN AVE 8" }, "geometry": { "type": "Point", "coordinates": [ 30474.756400000303984, 45419.709599999710917 ] } },
{ "type": "Feature", "properties": { "BUS_STOP_N": "96371", "LOC_DESC": "STANDARD CHARTERED BANK" }, "geometry": { "type": "Point", "coordinates": [ 42823.531000000424683, 35171.209499999880791 ] } },
{ "type": "Feature", "properties": { "BUS_STOP_N": "68109", "LOC_DESC": "OPP ROLLS ROYCE PTE LTD" }, "geometry": { "type": "Point", "coordinates": [ 31549.965099999681115, 42922.785900000482798 ] } },
{ "type": "Feature", "properties": { "BUS_STOP_N": "62051", "LOC_DESC": "AFT JLN CHERMAT" }, "geometry": { "type": "Point", "coordinates": [ 32932.686099999584258, 37095.522299999371171 ] } },
{ "type": "Feature", "properties": { "BUS_STOP_N": "04219", "LOC_DESC": "OPP CLARKE QUAY" }, "geometry": { "type": "Point", "coordinates": [ 29512.519999999552965, 30369.761499999091029 ] } },
{ "type": "Feature", "properties": { "BUS_STOP_N": "04211", "LOC_DESC": "CLARKE QUAY" }, "geometry": { "type": "Point", "coordinates": [ 29529.446600000374019, 30316.633500000461936 ] } },
{ "type": "Feature", "properties": { "BUS_STOP_N": "75251", "LOC_DESC": "OPP TROPICA CONDO" }, "geometry": { "type": "Point", "coordinates": [ 38528.71059999987483, 36843.949200000613928 ] } },
{ "type": "Feature", "properties": { "BUS_STOP_N": "71069", "LOC_DESC": "AFT AIRPORT RD" }, "geometry": { "type": "Point", "coordinates": [ 34879.754800000227988, 35634.770700000226498 ] } },
{ "type": "Feature", "properties": { "BUS_STOP_N": "71061", "LOC_DESC": "BEF AIRPORT RD" }, "geometry": { "type": "Point", "coordinates": [ 34876.533900000154972, 35684.461500000208616 ] } },
{ "type": "Feature", "properties": { "BUS_STOP_N": "63191", "LOC_DESC": "AFT S'GOON NTH AVE 1" }, "geometry": { "type": "Point", "coordinates": [ 32529.605999999679625, 38484.489000000059605 ] } },
{ "type": "Feature", "properties": { "BUS_STOP_N": "45419", "LOC_DESC": "BLK 669" }, "geometry": { "type": "Point", "coordinates": [ 18558.022499999962747, 42777.927600000053644 ] } },
{ "type": "Feature", "properties": { "BUS_STOP_N": "59711", "LOC_DESC": "BLK 672C" }, "geometry": { "type": "Point", "coordinates": [ 29051.18819999974221, 44446.898199999704957 ] } },
{ "type": "Feature", "properties": { "BUS_STOP_N": "60101", "LOC_DESC": "KWONG WAI SHIU HOSP" }, "geometry": { "type": "Point", "coordinates": [ 30981.600599999539554, 33348.940700000151992 ] } },
{ "type": "Feature", "properties": { "BUS_STOP_N": "56099", "LOC_DESC": "AFT SPRINGLEAF RD" }, "geometry": { "type": "Point", "coordinates": [ 26356.355600000359118, 42116.645999999716878 ] } },
{ "type": "Feature", "properties": { "BUS_STOP_N": "97331", "LOC_DESC": "BEF CHANGI PRISON CPLX" }, "geometry": { "type": "Point", "coordinates": [ 43784.362200000323355, 37546.67200000025332 ] } },
{ "type": "Feature", "properties": { "BUS_STOP_N": "17169", "LOC_DESC": "BLK 329" }, "geometry": { "type": "Point", "coordinates": [ 20606.024600000120699, 32798.395899999886751 ] } },
{ "type": "Feature", "properties": { "BUS_STOP_N": "17161", "LOC_DESC": "BLK 455" }, "geometry": { "type": "Point", "coordinates": [ 20596.240500000305474, 32745.111400000751019 ] } },
{ "type": "Feature", "properties": { "BUS_STOP_N": "12029", "LOC_DESC": "OPP MOONBEAM WALK" }, "geometry": { "type": "Point", "coordinates": [ 22344.358500000089407, 33536.503399999812245 ] } },
{ "type": "Feature", "properties": { "BUS_STOP_N": "17189", "LOC_DESC": "BLK 317" }, "geometry": { "type": "Point", "coordinates": [ 20295.413499999791384, 33342.277699999511242 ] } },
{ "type": "Feature", "properties": { "BUS_STOP_N": "17229", "LOC_DESC": "BLK 335" }, "geometry": { "type": "Point", "coordinates": [ 20771.923899999819696, 33279.574999999254942 ] } },
{ "type": "Feature", "properties": { "BUS_STOP_N": "67431", "LOC_DESC": "OPP BLK 291A" }, "geometry": { "type": "Point", "coordinates": [ 35126.105399999767542, 41904.600700000301003 ] } },
{ "type": "Feature", "properties": { "BUS_STOP_N": "43701", "LOC_DESC": "BLK 225" }, "geometry": { "type": "Point", "coordinates": [ 18960.118300000205636, 36732.6875 ] } },
{ "type": "Feature", "properties": { "BUS_STOP_N": "43709", "LOC_DESC": "BLK 644" }, "geometry": { "type": "Point", "coordinates": [ 18952.02350000012666, 36751.828199999406934 ] } },
{ "type": "Feature", "properties": { "BUS_STOP_N": "43759", "LOC_DESC": "BLK 443D" }, "geometry": { "type": "Point", "coordinates": [ 17268.683299999684095, 37558.425799999386072 ] } },
{ "type": "Feature", "properties": { "BUS_STOP_N": "67339", "LOC_DESC": "OPP BLK 200B" }, "geometry": { "type": "Point", "coordinates": [ 34594.857699999585748, 40933.823200000450015 ] } },
{ "type": "Feature", "properties": { "BUS_STOP_N": "67469", "LOC_DESC": "BEF SENGKANG EAST AVE" }, "geometry": { "type": "Point", "coordinates": [ 34390.000199999660254, 40806.158800000324845 ] } },
{ "type": "Feature", "properties": { "BUS_STOP_N": "76141", "LOC_DESC": "TAMPINES STN/INT" }, "geometry": { "type": "Point", "coordinates": [ 40552.953999999910593, 37312.129000000655651 ] } },
{ "type": "Feature", "properties": { "BUS_STOP_N": "76199", "LOC_DESC": "BLK 503" }, "geometry": { "type": "Point", "coordinates": [ 40461.959099999628961, 37631.125399999320507 ] } },
{ "type": "Feature", "properties": { "BUS_STOP_N": "15169", "LOC_DESC": "HARBOURSIDE BLDG 2\r\n\r\n" }, "geometry": { "type": "Point", "coordinates": [ 23940.801500000059605, 28584.361099999397993 ] } },
{ "type": "Feature", "properties": { "BUS_STOP_N": "46719", "LOC_DESC": "AFT W’LANDS IND PK E3" }, "geometry": { "type": "Point", "coordinates": [ 24411.981100000441074, 48496.960699999704957 ] } },
{ "type": "Feature", "properties": { "BUS_STOP_N": "25819", "LOC_DESC": "AFT TUAS AVE 7\r\n" }, "geometry": { "type": "Point", "coordinates": [ 6881.69400000013411, 34969.325999999418855 ] } },
{ "type": "Feature", "properties": { "BUS_STOP_N": "66459", "LOC_DESC": "OPP ANG MO KIO LINEAR PK\r\n" }, "geometry": { "type": "Point", "coordinates": [ 32157.460699999704957, 40051.073499999940395 ] } },
{ "type": "Feature", "properties": { "BUS_STOP_N": "59541", "LOC_DESC": "SREE MAHA MARIAMMAN TP" }, "geometry": { "type": "Point", "coordinates": [ 27653.378299999982119, 45040.705399999395013 ] } },
{ "type": "Feature", "properties": { "BUS_STOP_N": "11231", "LOC_DESC": "AFT HYLL ON HOLLAND" }, "geometry": { "type": "Point", "coordinates": [ 24414.954400000162423, 32611.95549999922514 ] } },
{ "type": "Feature", "properties": { "BUS_STOP_N": "66461", "LOC_DESC": "ANG MO KIO LINEAR PK" }, "geometry": { "type": "Point", "coordinates": [ 32224.194099999964237, 40092.49269999936223 ] } },
{ "type": "Feature", "properties": { "BUS_STOP_N": "52219", "LOC_DESC": "BEF CALDECOTT STN EXIT 3" }, "geometry": { "type": "Point", "coordinates": [ 28928.806699999608099, 35608.620100000873208 ] } },
{ "type": "Feature", "properties": { "BUS_STOP_N": "70149", "LOC_DESC": "BEF BLK 82" }, "geometry": { "type": "Point", "coordinates": [ 33911.859699999913573, 35006.423800000920892 ] } },
{ "type": "Feature", "properties": { "BUS_STOP_N": "70309", "LOC_DESC": "OPP PAYA LEBAR ST" }, "geometry": { "type": "Point", "coordinates": [ 33912.909400000236928, 35746.66190000064671 ] } },
{ "type": "Feature", "properties": { "BUS_STOP_N": "70301", "LOC_DESC": "AFT PAYA LEBAR ST" }, "geometry": { "type": "Point", "coordinates": [ 33834.567200000397861, 35756.377599999308586 ] } },
{ "type": "Feature", "properties": { "BUS_STOP_N": "59569", "LOC_DESC": "KHATIB STN EXIT D" }, "geometry": { "type": "Point", "coordinates": [ 27954.370000000111759, 44479.426000000908971 ] } },
{ "type": "Feature", "properties": { "BUS_STOP_N": "54399", "LOC_DESC": "ANG MO KIO STN" }, "geometry": { "type": "Point", "coordinates": [ 29708.132699999958277, 39263.605499999597669 ] } },
{ "type": "Feature", "properties": { "BUS_STOP_N": "05013", "LOC_DESC": "CHINATOWN STN EXIT C" }, "geometry": { "type": "Point", "coordinates": [ 29074.053899999707937, 29608.525900000706315 ] } },
{ "type": "Feature", "properties": { "BUS_STOP_N": "77171", "LOC_DESC": "AFT PASIR RIS STN EXIT A" }, "geometry": { "type": "Point", "coordinates": [ 41064.779699999839067, 39424.555700000375509 ] } },
{ "type": "Feature", "properties": { "BUS_STOP_N": "43419", "LOC_DESC": "AFT BT BATOK STN/BLK 628" }, "geometry": { "type": "Point", "coordinates": [ 18708.029699999839067, 37096.167500000447035 ] } },
{ "type": "Feature", "properties": { "BUS_STOP_N": "47591", "LOC_DESC": "BEF ADMIRALTY STN/BLK 680" }, "geometry": { "type": "Point", "coordinates": [ 24576.21059999987483, 46818.217700000852346 ] } },
{ "type": "Feature", "properties": { "BUS_STOP_N": "52039", "LOC_DESC": "Aft Muhajirin Mque" }, "geometry": { "type": "Point", "coordinates": [ 30007.056099999696016, 36164.983899999409914 ] } },
{ "type": "Feature", "properties": { "BUS_STOP_N": "20199", "LOC_DESC": "BLK 410" }, "geometry": { "type": "Point", "coordinates": [ 18531.779099999926984, 33492.018400000408292 ] } },
{ "type": "Feature", "properties": { "BUS_STOP_N": "22249", "LOC_DESC": "BLK 622" }, "geometry": { "type": "Point", "coordinates": [ 13006.345999999903142, 35814.316299999132752 ] } },
{ "type": "Feature", "properties": { "BUS_STOP_N": "22531", "LOC_DESC": "OPP JURONG WEST PR SCH" }, "geometry": { "type": "Point", "coordinates": [ 12953.763299999758601, 35718.804199999198318 ] } },
{ "type": "Feature", "properties": { "BUS_STOP_N": "22239", "LOC_DESC": "BLK 624" }, "geometry": { "type": "Point", "coordinates": [ 12869.829599999822676, 35893.86879999935627 ] } },
{ "type": "Feature", "properties": { "BUS_STOP_N": "22241", "LOC_DESC": "OPP BLK 622" }, "geometry": { "type": "Point", "coordinates": [ 13087.825100000016391, 35808.480599999427795 ] } },
{ "type": "Feature", "properties": { "BUS_STOP_N": "46639", "LOC_DESC": "W'LANDS STN EXIT 4" }, "geometry": { "type": "Point", "coordinates": [ 23051.925300000235438, 46527.438799999654293 ] } },
{ "type": "Feature", "properties": { "BUS_STOP_N": "46631", "LOC_DESC": "W'LANDS STN EXIT 5" }, "geometry": { "type": "Point", "coordinates": [ 23088.537700000219047, 46520.190400000661612 ] } },
{ "type": "Feature", "properties": { "BUS_STOP_N": "46329", "LOC_DESC": "OPP W'LANDS CIVIC CTR" }, "geometry": { "type": "Point", "coordinates": [ 22896.385200000368059, 46239.408399999141693 ] } },
{ "type": "Feature", "properties": { "BUS_STOP_N": "93199", "LOC_DESC": "OPP MANDARIN GDNS" }, "geometry": { "type": "Point", "coordinates": [ 38340.472000000067055, 32252.64299999922514 ] } },
{ "type": "Feature", "properties": { "BUS_STOP_N": "46789", "LOC_DESC": "OPP ADMIRALTY PR SCH" }, "geometry": { "type": "Point", "coordinates": [ 24411.260300000198185, 47245.645899999886751 ] } },
{ "type": "Feature", "properties": { "BUS_STOP_N": "43361", "LOC_DESC": "BLK 154A" }, "geometry": { "type": "Point", "coordinates": [ 18000.351800000295043, 36563.978900000452995 ] } },
{ "type": "Feature", "properties": { "BUS_STOP_N": "22489", "LOC_DESC": "BLK 683A" }, "geometry": { "type": "Point", "coordinates": [ 13767.214599999599159, 36094.199999999254942 ] } },
{ "type": "Feature", "properties": { "BUS_STOP_N": "10479", "LOC_DESC": "AFT TANGLIN RD" }, "geometry": { "type": "Point", "coordinates": [ 26013.687699999660254, 30999.031400000676513 ] } },
{ "type": "Feature", "properties": { "BUS_STOP_N": "93061", "LOC_DESC": "BEF SIGLAP RD" }, "geometry": { "type": "Point", "coordinates": [ 37923.751500000245869, 32692.315899999812245 ] } },
{ "type": "Feature", "properties": { "BUS_STOP_N": "76551", "LOC_DESC": "Tampines Stn Exit D" }, "geometry": { "type": "Point", "coordinates": [ 40268.905799999833107, 37492.164899999275804 ] } },
{ "type": "Feature", "properties": { "BUS_STOP_N": "71221", "LOC_DESC": "MEIBAN IND BLDG" }, "geometry": { "type": "Point", "coordinates": [ 34660.249200000427663, 34292.59320000000298 ] } },
{ "type": "Feature", "properties": { "BUS_STOP_N": "71119", "LOC_DESC": "OPP BLK 343" }, "geometry": { "type": "Point", "coordinates": [ 35445.594800000078976, 34334.316600000485778 ] } },
{ "type": "Feature", "properties": { "BUS_STOP_N": "71229", "LOC_DESC": "OPP MEIBAN IND BLDG" }, "geometry": { "type": "Point", "coordinates": [ 34682.881599999964237, 34267.735300000756979 ] } },
{ "type": "Feature", "properties": { "BUS_STOP_N": "23471", "LOC_DESC": "AFT BENOI RD" }, "geometry": { "type": "Point", "coordinates": [ 11041.254399999976158, 33550.135299999266863 ] } },
{ "type": "Feature", "properties": { "BUS_STOP_N": "65579", "LOC_DESC": "BLK 258A" }, "geometry": { "type": "Point", "coordinates": [ 34966.598000000230968, 42828.697000000625849 ] } },
{ "type": "Feature", "properties": { "BUS_STOP_N": "65571", "LOC_DESC": "BLK 218" }, "geometry": { "type": "Point", "coordinates": [ 34926.513500000350177, 42810.837600000202656 ] } },
{ "type": "Feature", "properties": { "BUS_STOP_N": "44771", "LOC_DESC": "FAJAR STN" }, "geometry": { "type": "Point", "coordinates": [ 21065.892599999904633, 40756.751900000497699 ] } },
{ "type": "Feature", "properties": { "BUS_STOP_N": "44831", "LOC_DESC": "BLK 519" }, "geometry": { "type": "Point", "coordinates": [ 20486.228099999949336, 41090.082499999552965 ] } },
{ "type": "Feature", "properties": { "BUS_STOP_N": "44839", "LOC_DESC": "WEST SPRING PRI SCH" }, "geometry": { "type": "Point", "coordinates": [ 20533.006599999964237, 41175.807700000703335 ] } },
{ "type": "Feature", "properties": { "BUS_STOP_N": "44729", "LOC_DESC": "JELAPANG STN" }, "geometry": { "type": "Point", "coordinates": [ 20378.119199999608099, 40993.694599999114871 ] } },
{ "type": "Feature", "properties": { "BUS_STOP_N": "44929", "LOC_DESC": "GREENRIDGE SEC SCH" }, "geometry": { "type": "Point", "coordinates": [ 21296.813400000333786, 40510.292799999937415 ] } },
{ "type": "Feature", "properties": { "BUS_STOP_N": "44921", "LOC_DESC": "OPP GREENRIDGE SEC SCH" }, "geometry": { "type": "Point", "coordinates": [ 21258.713299999944866, 40463.196900000795722 ] } },
{ "type": "Feature", "properties": { "BUS_STOP_N": "44919", "LOC_DESC": "OPP BLK 451" }, "geometry": { "type": "Point", "coordinates": [ 21277.190499999560416, 40812.445000000298023 ] } },
{ "type": "Feature", "properties": { "BUS_STOP_N": "44911", "LOC_DESC": "BLK  450" }, "geometry": { "type": "Point", "coordinates": [ 21266.236700000241399, 40749.579900000244379 ] } },
{ "type": "Feature", "properties": { "BUS_STOP_N": "70061", "LOC_DESC": "BEF BIDADARI PK DR" }, "geometry": { "type": "Point", "coordinates": [ 32573.778599999845028, 35520.399000000208616 ] } },
{ "type": "Feature", "properties": { "BUS_STOP_N": "70069", "LOC_DESC": "AFT BIDADARI PK DR" }, "geometry": { "type": "Point", "coordinates": [ 32490.801699999719858, 35548.562100000679493 ] } },
{ "type": "Feature", "properties": { "BUS_STOP_N": "65449", "LOC_DESC": "BLK 315B" }, "geometry": { "type": "Point", "coordinates": [ 34969.541400000452995, 43321.744100000709295 ] } },
{ "type": "Feature", "properties": { "BUS_STOP_N": "65441", "LOC_DESC": "OPP BLK 315B" }, "geometry": { "type": "Point", "coordinates": [ 34942.769899999722838, 43331.612500000745058 ] } },
{ "type": "Feature", "properties": { "BUS_STOP_N": "41169", "LOC_DESC": "BEF KHEAM HOCK RD" }, "geometry": { "type": "Point", "coordinates": [ 26527.00789999961853, 35245.569499999284744 ] } },
{ "type": "Feature", "properties": { "BUS_STOP_N": "44551", "LOC_DESC": "OPP BLK 486" }, "geometry": { "type": "Point", "coordinates": [ 17436.664800000376999, 39789.786800000816584 ] } },
{ "type": "Feature", "properties": { "BUS_STOP_N": "29109", "LOC_DESC": "OPP PPL SHIPYARD" }, "geometry": { "type": "Point", "coordinates": [ 18678.487700000405312, 31233.884899999946356 ] } },
{ "type": "Feature", "properties": { "BUS_STOP_N": "43669", "LOC_DESC": "BLK 406" }, "geometry": { "type": "Point", "coordinates": [ 18294.702399999834597, 38615.203500000759959 ] } },
{ "type": "Feature", "properties": { "BUS_STOP_N": "46301", "LOC_DESC": "PROGEN BLDG" }, "geometry": { "type": "Point", "coordinates": [ 22376.161799999885261, 47158.160199999809265 ] } },
{ "type": "Feature", "properties": { "BUS_STOP_N": "26111", "LOC_DESC": "TRU-MARINE" }, "geometry": { "type": "Point", "coordinates": [ 8072.818599999882281, 32990.555800000205636 ] } },
{ "type": "Feature", "properties": { "BUS_STOP_N": "25359", "LOC_DESC": "OPP HART ENGRG PTE LTD" }, "geometry": { "type": "Point", "coordinates": [ 7920.789300000295043, 33980.392200000584126 ] } },
{ "type": "Feature", "properties": { "BUS_STOP_N": "72059", "LOC_DESC": "OPP KAKI BT IND EST" }, "geometry": { "type": "Point", "coordinates": [ 35913.498999999836087, 35118.301000000908971 ] } },
{ "type": "Feature", "properties": { "BUS_STOP_N": "23419", "LOC_DESC": "BEF SHIPYARD CRES" }, "geometry": { "type": "Point", "coordinates": [ 11618.416199999861419, 31798.745999999344349 ] } },
{ "type": "Feature", "properties": { "BUS_STOP_N": "65241", "LOC_DESC": "BLK 196C" }, "geometry": { "type": "Point", "coordinates": [ 36276.495000000111759, 42340.176000000908971 ] } },
{ "type": "Feature", "properties": { "BUS_STOP_N": "44571", "LOC_DESC": "BLK 297D" }, "geometry": { "type": "Point", "coordinates": [ 17953.771300000138581, 40036.665999999269843 ] } },
{ "type": "Feature", "properties": { "BUS_STOP_N": "10121", "LOC_DESC": "BLK 126 CP" }, "geometry": { "type": "Point", "coordinates": [ 27511.032999999821186, 29451.043800000101328 ] } },
{ "type": "Feature", "properties": { "BUS_STOP_N": "47661", "LOC_DESC": "BLK 788E" }, "geometry": { "type": "Point", "coordinates": [ 24593.394700000062585, 47351.572399999946356 ] } },
{ "type": "Feature", "properties": { "BUS_STOP_N": "65249", "LOC_DESC": "BLK 178" }, "geometry": { "type": "Point", "coordinates": [ 36337.921500000171363, 42386.80599999986589 ] } },
{ "type": "Feature", "properties": { "BUS_STOP_N": "60249", "LOC_DESC": "BLK 14" }, "geometry": { "type": "Point", "coordinates": [ 31203.714499999769032, 33964.742599999532104 ] } },
{ "type": "Feature", "properties": { "BUS_STOP_N": "95191", "LOC_DESC": "OPP DB SCHENKER" }, "geometry": { "type": "Point", "coordinates": [ 46657.441300000064075, 40233.341900000348687 ] } },
{ "type": "Feature", "properties": { "BUS_STOP_N": "62241", "LOC_DESC": "SBST HOUGANG DEPOT" }, "geometry": { "type": "Point", "coordinates": [ 34437.800999999977648, 36365.475999999791384 ] } },
{ "type": "Feature", "properties": { "BUS_STOP_N": "59661", "LOC_DESC": "BLK 932" }, "geometry": { "type": "Point", "coordinates": [ 28480.958200000226498, 45348.024900000542402 ] } },
{ "type": "Feature", "properties": { "BUS_STOP_N": "50259", "LOC_DESC": "OPP FARRER PK STN" }, "geometry": { "type": "Point", "coordinates": [ 30424.40749999973923, 32740.91499999910593 ] } },
{ "type": "Feature", "properties": { "BUS_STOP_N": "45479", "LOC_DESC": "KRANJI PRI SCH" }, "geometry": { "type": "Point", "coordinates": [ 18337.667700000107288, 41795.951099999248981 ] } },
{ "type": "Feature", "properties": { "BUS_STOP_N": "55381", "LOC_DESC": "BEF BULLION PK" }, "geometry": { "type": "Point", "coordinates": [ 28291.465200000442564, 41322.11460000090301 ] } },
{ "type": "Feature", "properties": { "BUS_STOP_N": "59699", "LOC_DESC": "OPP BLK 935" }, "geometry": { "type": "Point", "coordinates": [ 28296.500300000421703, 45154.539899999275804 ] } },
{ "type": "Feature", "properties": { "BUS_STOP_N": "47681", "LOC_DESC": "WOODSVALE CONDO" }, "geometry": { "type": "Point", "coordinates": [ 24804.02170000039041, 47369.157199999317527 ] } },
{ "type": "Feature", "properties": { "BUS_STOP_N": "47649", "LOC_DESC": "OPP BLK 681B" }, "geometry": { "type": "Point", "coordinates": [ 24702.310600000433624, 46747.831499999389052 ] } },
{ "type": "Feature", "properties": { "BUS_STOP_N": "84601", "LOC_DESC": "OPP WATERFRONT KEY" }, "geometry": { "type": "Point", "coordinates": [ 38895.088299999944866, 35595.819900000467896 ] } },
{ "type": "Feature", "properties": { "BUS_STOP_N": "61019", "LOC_DESC": "OPP BLK 101" }, "geometry": { "type": "Point", "coordinates": [ 32054.88289999961853, 35039.214299999177456 ] } },
{ "type": "Feature", "properties": { "BUS_STOP_N": "50191", "LOC_DESC": "BEF BALESTIER PLAZA" }, "geometry": { "type": "Point", "coordinates": [ 29813.42269999999553, 34219.752499999478459 ] } },
{ "type": "Feature", "properties": { "BUS_STOP_N": "44021", "LOC_DESC": "BT PANJANG STN EXIT B" }, "geometry": { "type": "Point", "coordinates": [ 20018.589999999850988, 40041.211300000548363 ] } },
{ "type": "Feature", "properties": { "BUS_STOP_N": "59469", "LOC_DESC": "BLK 419" }, "geometry": { "type": "Point", "coordinates": [ 29573.714800000190735, 45037.789799999445677 ] } },
{ "type": "Feature", "properties": { "BUS_STOP_N": "25179", "LOC_DESC": "SEW-EURODRIVE" }, "geometry": { "type": "Point", "coordinates": [ 8390.092600000090897, 34170.075699999928474 ] } },
{ "type": "Feature", "properties": { "BUS_STOP_N": "62101", "LOC_DESC": "BEF UPP S'GOON RD" }, "geometry": { "type": "Point", "coordinates": [ 32415.620299999602139, 36156.00730000063777 ] } },
{ "type": "Feature", "properties": { "BUS_STOP_N": "98089", "LOC_DESC": "BEF JLN BATALONG" }, "geometry": { "type": "Point", "coordinates": [ 42552.631299999542534, 38187.929300000891089 ] } },
{ "type": "Feature", "properties": { "BUS_STOP_N": "83381", "LOC_DESC": "BEF JLN KEMBANGAN" }, "geometry": { "type": "Point", "coordinates": [ 37041.766200000420213, 34101.958100000396371 ] } },
{ "type": "Feature", "properties": { "BUS_STOP_N": "16021", "LOC_DESC": "OPP GLORIA MANSION" }, "geometry": { "type": "Point", "coordinates": [ 22057.399699999950826, 29852.294199999421835 ] } },
{ "type": "Feature", "properties": { "BUS_STOP_N": "67069", "LOC_DESC": "BEF JLN SELASEH" }, "geometry": { "type": "Point", "coordinates": [ 32650.201500000432134, 40835.068600000813603 ] } },
{ "type": "Feature", "properties": { "BUS_STOP_N": "67249", "LOC_DESC": "BLK 259C" }, "geometry": { "type": "Point", "coordinates": [ 35256.451999999582767, 41748.811000000685453 ] } },
{ "type": "Feature", "properties": { "BUS_STOP_N": "27041", "LOC_DESC": "NIE CP 7" }, "geometry": { "type": "Point", "coordinates": [ 10779.603400000371039, 36984.929999999701977 ] } },
{ "type": "Feature", "properties": { "BUS_STOP_N": "52551", "LOC_DESC": "CALDECOTT STN EXIT 4" }, "geometry": { "type": "Point", "coordinates": [ 28735.227800000458956, 35387.744300000369549 ] } },
{ "type": "Feature", "properties": { "BUS_STOP_N": "15139", "LOC_DESC": "KENT RIDGE STN EXIT B" }, "geometry": { "type": "Point", "coordinates": [ 22605.637400000356138, 30551.252499999478459 ] } },
{ "type": "Feature", "properties": { "BUS_STOP_N": "65549", "LOC_DESC": "OPP BLK 228B" }, "geometry": { "type": "Point", "coordinates": [ 34423.46820000000298, 42821.880000000819564 ] } },
{ "type": "Feature", "properties": { "BUS_STOP_N": "27061", "LOC_DESC": "SCH OF ADM\r\n" }, "geometry": { "type": "Point", "coordinates": [ 11383.089200000278652, 36898.817600000649691 ] } },
{ "type": "Feature", "properties": { "BUS_STOP_N": "70259", "LOC_DESC": "MACPHERSON STN EXIT B" }, "geometry": { "type": "Point", "coordinates": [ 34392.950899999588728, 34148.130999999120831 ] } },
{ "type": "Feature", "properties": { "BUS_STOP_N": "82011", "LOC_DESC": "AFT PAYA LEBAR QUARTER" }, "geometry": { "type": "Point", "coordinates": [ 34855.41509999986738, 33296.32660000026226 ] } },
{ "type": "Feature", "properties": { "BUS_STOP_N": "15161", "LOC_DESC": "OPP HARBOURSIDE BLDG 2" }, "geometry": { "type": "Point", "coordinates": [ 23916.076299999840558, 28550.834300000220537 ] } },
{ "type": "Feature", "properties": { "BUS_STOP_N": "27209", "LOC_DESC": "HALLS 8 & 9\r\n" }, "geometry": { "type": "Point", "coordinates": [ 11570.18640000000596, 37075.801699999719858 ] } },
{ "type": "Feature", "properties": { "BUS_STOP_N": "42259", "LOC_DESC": "AFT UPP BT TIMAH RD" }, "geometry": { "type": "Point", "coordinates": [ 21734.93819999974221, 35922.330099999904633 ] } },
{ "type": "Feature", "properties": { "BUS_STOP_N": "27011", "LOC_DESC": "HALL 11 BLK 55" }, "geometry": { "type": "Point", "coordinates": [ 11611.532399999909103, 37551.491100000217557 ] } },
{ "type": "Feature", "properties": { "BUS_STOP_N": "70021", "LOC_DESC": "OPP CANOSSA CATHOLIC PR" }, "geometry": { "type": "Point", "coordinates": [ 33233.160000000149012, 34290.828999999910593 ] } },
{ "type": "Feature", "properties": { "BUS_STOP_N": "52559", "LOC_DESC": "CALDECOTT STN EXIT 1" }, "geometry": { "type": "Point", "coordinates": [ 28699.932699999772012, 35417.417400000616908 ] } },
{ "type": "Feature", "properties": { "BUS_STOP_N": "66519", "LOC_DESC": "ANG MO KIO TECHLINK" }, "geometry": { "type": "Point", "coordinates": [ 32264.275399999693036, 39932.313300000503659 ] } },
{ "type": "Feature", "properties": { "BUS_STOP_N": "65411", "LOC_DESC": "HORIZON PR SCH" }, "geometry": { "type": "Point", "coordinates": [ 36965.965300000272691, 42381.32289999909699 ] } },
{ "type": "Feature", "properties": { "BUS_STOP_N": "67211", "LOC_DESC": "RANGGUNG STN EXIT A" }, "geometry": { "type": "Point", "coordinates": [ 35173.024400000460446, 40641.148700000718236 ] } },
{ "type": "Feature", "properties": { "BUS_STOP_N": "55011", "LOC_DESC": "BEF LENTOR STN EXIT 5" }, "geometry": { "type": "Point", "coordinates": [ 28246.990500000305474, 40448.853800000622869 ] } },
{ "type": "Feature", "properties": { "BUS_STOP_N": "11319", "LOC_DESC": "OPP HSE NO. 516" }, "geometry": { "type": "Point", "coordinates": [ 23127.545599999837577, 33612.896500000730157 ] } },
{ "type": "Feature", "properties": { "BUS_STOP_N": "55341", "LOC_DESC": "LENTOR STN EXIT 3" }, "geometry": { "type": "Point", "coordinates": [ 28370.306200000457466, 40776.643200000748038 ] } },
{ "type": "Feature", "properties": { "BUS_STOP_N": "43199", "LOC_DESC": "CH OF ST MARY" }, "geometry": { "type": "Point", "coordinates": [ 19753.025299999862909, 36529.857999999076128 ] } },
{ "type": "Feature", "properties": { "BUS_STOP_N": "67481", "LOC_DESC": "FERNVALE STN / BLK 439A" }, "geometry": { "type": "Point", "coordinates": [ 32945.001899999566376, 41494.91440000012517 ] } },
{ "type": "Feature", "properties": { "BUS_STOP_N": "55349", "LOC_DESC": "LENTOR STN EXIT 5" }, "geometry": { "type": "Point", "coordinates": [ 28357.504900000058115, 40745.341199999675155 ] } },
{ "type": "Feature", "properties": { "BUS_STOP_N": "55019", "LOC_DESC": "AFT LENTOR STN EXIT 4" }, "geometry": { "type": "Point", "coordinates": [ 28299.138000000268221, 40452.850999999791384 ] } },
{ "type": "Feature", "properties": { "BUS_STOP_N": "10599", "LOC_DESC": "OPP BLK 36" }, "geometry": { "type": "Point", "coordinates": [ 25318.366799999959767, 30121.170299999415874 ] } },
{ "type": "Feature", "properties": { "BUS_STOP_N": "67471", "LOC_DESC": "LAYAR STN EXIT B" }, "geometry": { "type": "Point", "coordinates": [ 33233.879300000146031, 41569.194399999454618 ] } },
{ "type": "Feature", "properties": { "BUS_STOP_N": "10331", "LOC_DESC": "BEF BT MERAH CTRL" }, "geometry": { "type": "Point", "coordinates": [ 26326.974399999715388, 29309.418500000610948 ] } },
{ "type": "Feature", "properties": { "BUS_STOP_N": "67671", "LOC_DESC": "BLK 156A CP" }, "geometry": { "type": "Point", "coordinates": [ 36212.724000000394881, 41534.200899999588728 ] } },
{ "type": "Feature", "properties": { "BUS_STOP_N": "58289", "LOC_DESC": "OPP SEMBAWANG SEC SCH" }, "geometry": { "type": "Point", "coordinates": [ 26078.31290000025183, 47392.292300000786781 ] } },
{ "type": "Feature", "properties": { "BUS_STOP_N": "71219", "LOC_DESC": "UBI TECHPARK" }, "geometry": { "type": "Point", "coordinates": [ 34870.325699999928474, 34196.888000000268221 ] } },
{ "type": "Feature", "properties": { "BUS_STOP_N": "11209", "LOC_DESC": "OPP PEIRCE RD" }, "geometry": { "type": "Point", "coordinates": [ 25442.854299999773502, 32281.698000000789762 ] } },
{ "type": "Feature", "properties": { "BUS_STOP_N": "71211", "LOC_DESC": "UBI 55" }, "geometry": { "type": "Point", "coordinates": [ 34892.636099999770522, 34189.315899999812245 ] } },
{ "type": "Feature", "properties": { "BUS_STOP_N": "71201", "LOC_DESC": "PAYA UBI IND PK" }, "geometry": { "type": "Point", "coordinates": [ 35178.484600000083447, 34261.809599999338388 ] } },
{ "type": "Feature", "properties": { "BUS_STOP_N": "44531", "LOC_DESC": "OPP CHOA CHU KANG STN" }, "geometry": { "type": "Point", "coordinates": [ 18132.287499999627471, 40694.482899999246001 ] } },
{ "type": "Feature", "properties": { "BUS_STOP_N": "71209", "LOC_DESC": "OPP PAYA UBI IND PK" }, "geometry": { "type": "Point", "coordinates": [ 35125.618999999947846, 34261.192600000649691 ] } },
{ "type": "Feature", "properties": { "BUS_STOP_N": "71109", "LOC_DESC": "MAHA BODHI SCH" }, "geometry": { "type": "Point", "coordinates": [ 35705.251600000075996, 34512.567700000479817 ] } },
{ "type": "Feature", "properties": { "BUS_STOP_N": "78111", "LOC_DESC": "BLK 479" }, "geometry": { "type": "Point", "coordinates": [ 41872.285600000061095, 39711.361800000071526 ] } },
{ "type": "Feature", "properties": { "BUS_STOP_N": "96179", "LOC_DESC": "MONDENA CONDO/OPP BLK 228" }, "geometry": { "type": "Point", "coordinates": [ 41585.185600000433624, 36084.987800000235438 ] } },
{ "type": "Feature", "properties": { "BUS_STOP_N": "83219", "LOC_DESC": "BEF FRANKEL AVE" }, "geometry": { "type": "Point", "coordinates": [ 37546.923100000247359, 33128.920299999415874 ] } },
{ "type": "Feature", "properties": { "BUS_STOP_N": "28099", "LOC_DESC": "OPP LAKESIDE STN" }, "geometry": { "type": "Point", "coordinates": [ 15316.909699999727309, 36276.729800000786781 ] } },
{ "type": "Feature", "properties": { "BUS_STOP_N": "24391", "LOC_DESC": "CHEM-SOLV TECHNOLOGIES" }, "geometry": { "type": "Point", "coordinates": [ 9205.085799999535084, 31232.103800000622869 ] } },
{ "type": "Feature", "properties": { "BUS_STOP_N": "12169", "LOC_DESC": "PANDAN VALLEY" }, "geometry": { "type": "Point", "coordinates": [ 21751.721099999733269, 33487.73619999922812 ] } },
{ "type": "Feature", "properties": { "BUS_STOP_N": "27181", "LOC_DESC": "PUB SUB-STN" }, "geometry": { "type": "Point", "coordinates": [ 11948.457700000144541, 37559.240199999883771 ] } },
{ "type": "Feature", "properties": { "BUS_STOP_N": "59209", "LOC_DESC": "BLK 272" }, "geometry": { "type": "Point", "coordinates": [ 28768.226700000464916, 46686.487999999895692 ] } },
{ "type": "Feature", "properties": { "BUS_STOP_N": "23021", "LOC_DESC": "AFT BENOI SECTOR" }, "geometry": { "type": "Point", "coordinates": [ 11552.440000000409782, 33851.393999999389052 ] } },
{ "type": "Feature", "properties": { "BUS_STOP_N": "34109", "LOC_DESC": "AFT LIM CHU KANG RD" }, "geometry": { "type": "Point", "coordinates": [ 12968.269299999810755, 40689.152300000190735 ] } },
{ "type": "Feature", "properties": { "BUS_STOP_N": "34101", "LOC_DESC": "AFT OLD LIM CHU KANG RD" }, "geometry": { "type": "Point", "coordinates": [ 12928.683899999596179, 40711.716600000858307 ] } },
{ "type": "Feature", "properties": { "BUS_STOP_N": "13189", "LOC_DESC": "BEF ONE TREE HILL" }, "geometry": { "type": "Point", "coordinates": [ 26949.076799999922514, 31435.768899999558926 ] } },
{ "type": "Feature", "properties": { "BUS_STOP_N": "59619", "LOC_DESC": "YISHUN COMMUNITY HOSP" }, "geometry": { "type": "Point", "coordinates": [ 28393.207000000402331, 45016.763100000098348 ] } },
{ "type": "Feature", "properties": { "BUS_STOP_N": "59611", "LOC_DESC": "OPP YISHUN COMMUNITY HOSP" }, "geometry": { "type": "Point", "coordinates": [ 28378.001699999906123, 45117.018400000408292 ] } },
{ "type": "Feature", "properties": { "BUS_STOP_N": "12059", "LOC_DESC": "OPP PINE GR CONDO" }, "geometry": { "type": "Point", "coordinates": [ 21360.009499999694526, 33588.003900000825524 ] } },
{ "type": "Feature", "properties": { "BUS_STOP_N": "16229", "LOC_DESC": "HAW PAR VILLA STN" }, "geometry": { "type": "Point", "coordinates": [ 22252.934600000269711, 29487.160800000652671 ] } },
{ "type": "Feature", "properties": { "BUS_STOP_N": "03509", "LOC_DESC": "BAYFRONT STN EXIT B/MBS" }, "geometry": { "type": "Point", "coordinates": [ 30978.92090000025928, 29508.460999999195337 ] } },
{ "type": "Feature", "properties": { "BUS_STOP_N": "03519", "LOC_DESC": "BAYFRONT STN EXIT A" }, "geometry": { "type": "Point", "coordinates": [ 30837.06900000013411, 29298.043999999761581 ] } },
{ "type": "Feature", "properties": { "BUS_STOP_N": "06171", "LOC_DESC": "OPP STATE CT" }, "geometry": { "type": "Point", "coordinates": [ 29017.962100000120699, 29833.997899999842048 ] } },
{ "type": "Feature", "properties": { "BUS_STOP_N": "21639", "LOC_DESC": "JAPANESE GDN/ OPP BLK 115" }, "geometry": { "type": "Point", "coordinates": [ 15958.991899999789894, 35107.419800000265241 ] } },
{ "type": "Feature", "properties": { "BUS_STOP_N": "28021", "LOC_DESC": "OPP 8 @TRADEHUB 21" }, "geometry": { "type": "Point", "coordinates": [ 19331.145499999634922, 34269.438400000333786 ] } },
{ "type": "Feature", "properties": { "BUS_STOP_N": "22299", "LOC_DESC": "BEF SOON LEE RD" }, "geometry": { "type": "Point", "coordinates": [ 13359.454199999570847, 34761.332399999722838 ] } },
{ "type": "Feature", "properties": { "BUS_STOP_N": "23031", "LOC_DESC": "BEF BENOI FLYOVER" }, "geometry": { "type": "Point", "coordinates": [ 11037.490399999544024, 33849.767599999904633 ] } },
{ "type": "Feature", "properties": { "BUS_STOP_N": "46501", "LOC_DESC": "OPP MARSILING PK" }, "geometry": { "type": "Point", "coordinates": [ 21087.015399999916553, 46622.32120000012219 ] } },
{ "type": "Feature", "properties": { "BUS_STOP_N": "07539", "LOC_DESC": "OPP ROCHOR STN" }, "geometry": { "type": "Point", "coordinates": [ 30120.369900000281632, 31853.350199999287724 ] } },
{ "type": "Feature", "properties": { "BUS_STOP_N": "21329", "LOC_DESC": "OPP UTOC ENGRG" }, "geometry": { "type": "Point", "coordinates": [ 14168.701200000010431, 34337.765599999576807 ] } },
{ "type": "Feature", "properties": { "BUS_STOP_N": "77359", "LOC_DESC": "BLK 564" }, "geometry": { "type": "Point", "coordinates": [ 40992.394999999552965, 38899.937300000339746 ] } },
{ "type": "Feature", "properties": { "BUS_STOP_N": "34021", "LOC_DESC": "OPP LIM CHU KANG LANE 5" }, "geometry": { "type": "Point", "coordinates": [ 14057.689799999818206, 46387.75870000012219 ] } },
{ "type": "Feature", "properties": { "BUS_STOP_N": "25491", "LOC_DESC": "OPP SUPER CONTINENTAL" }, "geometry": { "type": "Point", "coordinates": [ 6284.89670000039041, 35682.949400000274181 ] } },
{ "type": "Feature", "properties": { "BUS_STOP_N": "43459", "LOC_DESC": "AFT PIE" }, "geometry": { "type": "Point", "coordinates": [ 17403.926599999889731, 36696.877800000831485 ] } },
{ "type": "Feature", "properties": { "BUS_STOP_N": "17069", "LOC_DESC": "OPP BLK 701" }, "geometry": { "type": "Point", "coordinates": [ 20072.385999999940395, 32237.243699999526143 ] } },
{ "type": "Feature", "properties": { "BUS_STOP_N": "49119", "LOC_DESC": "BLK 2" }, "geometry": { "type": "Point", "coordinates": [ 19360.770800000056624, 45986.82039999961853 ] } },
{ "type": "Feature", "properties": { "BUS_STOP_N": "14409", "LOC_DESC": "OPP BLK 3B" }, "geometry": { "type": "Point", "coordinates": [ 24480.747700000181794, 28224.381899999454618 ] } },
{ "type": "Feature", "properties": { "BUS_STOP_N": "42291", "LOC_DESC": "OPP TOH TUCK CRES" }, "geometry": { "type": "Point", "coordinates": [ 20317.783300000242889, 35549.461899999529123 ] } },
{ "type": "Feature", "properties": { "BUS_STOP_N": "82131", "LOC_DESC": "OPP MARANATHA HALL" }, "geometry": { "type": "Point", "coordinates": [ 35458.298299999907613, 32432.263000000268221 ] } },
{ "type": "Feature", "properties": { "BUS_STOP_N": "24441", "LOC_DESC": "GSK" }, "geometry": { "type": "Point", "coordinates": [ 8825.393000000156462, 32155.396500000730157 ] } },
{ "type": "Feature", "properties": { "BUS_STOP_N": "11401", "LOC_DESC": "HOLLAND V STN/BLK 12" }, "geometry": { "type": "Point", "coordinates": [ 23735.107699999585748, 32378.437300000339746 ] } },
{ "type": "Feature", "properties": { "BUS_STOP_N": "40041", "LOC_DESC": "NEWTON STN EXIT C" }, "geometry": { "type": "Point", "coordinates": [ 28519.972000000067055, 32901.989000000059605 ] } },
{ "type": "Feature", "properties": { "BUS_STOP_N": "23269", "LOC_DESC": "EXXON MOBIL" }, "geometry": { "type": "Point", "coordinates": [ 11574.007100000046194, 32742.552999999374151 ] } },
{ "type": "Feature", "properties": { "BUS_STOP_N": "58361", "LOC_DESC": "NORTH LINK BLDG" }, "geometry": { "type": "Point", "coordinates": [ 25755.956600000150502, 49218.903599999845028 ] } },
{ "type": "Feature", "properties": { "BUS_STOP_N": "95091", "LOC_DESC": "SAF FERRY TER" }, "geometry": { "type": "Point", "coordinates": [ 46514.043700000271201, 41017.128299999982119 ] } },
{ "type": "Feature", "properties": { "BUS_STOP_N": "29149", "LOC_DESC": "SENKEE LOGISTICS HUB" }, "geometry": { "type": "Point", "coordinates": [ 18549.127899999730289, 31563.736400000751019 ] } },
{ "type": "Feature", "properties": { "BUS_STOP_N": "23291", "LOC_DESC": "ST MARINE" }, "geometry": { "type": "Point", "coordinates": [ 10861.115399999544024, 31791.366599999368191 ] } },
{ "type": "Feature", "properties": { "BUS_STOP_N": "21501", "LOC_DESC": "BEF MEJI SEIKA" }, "geometry": { "type": "Point", "coordinates": [ 14275.198200000450015, 34744.710899999365211 ] } },
{ "type": "Feature", "properties": { "BUS_STOP_N": "81151", "LOC_DESC": "KONG HWA SCH" }, "geometry": { "type": "Point", "coordinates": [ 34079.475999999791384, 32649.753000000491738 ] } },
{ "type": "Feature", "properties": { "BUS_STOP_N": "81159", "LOC_DESC": "OPP KONG HWA SCH" }, "geometry": { "type": "Point", "coordinates": [ 34008.750500000081956, 32659.769300000742078 ] } },
{ "type": "Feature", "properties": { "BUS_STOP_N": "65139", "LOC_DESC": "PUNGGOL ROAD END" }, "geometry": { "type": "Point", "coordinates": [ 36574.273699999786913, 44646.880599999800324 ] } },
{ "type": "Feature", "properties": { "BUS_STOP_N": "11439", "LOC_DESC": "BLK 92" }, "geometry": { "type": "Point", "coordinates": [ 24319.997399999760091, 32037.757099999114871 ] } },
{ "type": "Feature", "properties": { "BUS_STOP_N": "28431", "LOC_DESC": "BLK 134" }, "geometry": { "type": "Point", "coordinates": [ 17491.762000000104308, 35211.093000000342727 ] } },
{ "type": "Feature", "properties": { "BUS_STOP_N": "59029", "LOC_DESC": "AFT YISHUN AVE 1" }, "geometry": { "type": "Point", "coordinates": [ 27499.192800000309944, 43310.498700000345707 ] } },
{ "type": "Feature", "properties": { "BUS_STOP_N": "54381", "LOC_DESC": "BLK 443" }, "geometry": { "type": "Point", "coordinates": [ 30537.10120000038296, 38648.607400000095367 ] } },
{ "type": "Feature", "properties": { "BUS_STOP_N": "34031", "LOC_DESC": "AFT LIM CHU KANG LANE 6" }, "geometry": { "type": "Point", "coordinates": [ 14049.066999999806285, 46599.417700000107288 ] } },
{ "type": "Feature", "properties": { "BUS_STOP_N": "66019", "LOC_DESC": "BEF BRADDELL RD" }, "geometry": { "type": "Point", "coordinates": [ 31014.433199999853969, 36456.325699999928474 ] } },
{ "type": "Feature", "properties": { "BUS_STOP_N": "41151", "LOC_DESC": "AFT SIME RD" }, "geometry": { "type": "Point", "coordinates": [ 26446.279799999669194, 35583.525499999523163 ] } },
{ "type": "Feature", "properties": { "BUS_STOP_N": "07331", "LOC_DESC": "AFT KING GEORGE'S AVE" }, "geometry": { "type": "Point", "coordinates": [ 30850.366100000217557, 32283.789100000634789 ] } },
{ "type": "Feature", "properties": { "BUS_STOP_N": "21671", "LOC_DESC": "BLK 331" }, "geometry": { "type": "Point", "coordinates": [ 15813.32010000012815, 35576.361400000751019 ] } },
{ "type": "Feature", "properties": { "BUS_STOP_N": "92241", "LOC_DESC": "AMBER GDNS" }, "geometry": { "type": "Point", "coordinates": [ 35526.113599999807775, 31571.889299999922514 ] } },
{ "type": "Feature", "properties": { "BUS_STOP_N": "92271", "LOC_DESC": "OPP D' ECOSIA" }, "geometry": { "type": "Point", "coordinates": [ 36477.751899999566376, 32055.423800000920892 ] } },
{ "type": "Feature", "properties": { "BUS_STOP_N": "59039", "LOC_DESC": "YISHUN SPORTS HALL" }, "geometry": { "type": "Point", "coordinates": [ 27800.458999999798834, 43907.387000000104308 ] } },
{ "type": "Feature", "properties": { "BUS_STOP_N": "58499", "LOC_DESC": "BLK 506A" }, "geometry": { "type": "Point", "coordinates": [ 26995.529500000178814, 48189.979299999773502 ] } },
{ "type": "Feature", "properties": { "BUS_STOP_N": "12151", "LOC_DESC": "BEF MOONBEAM TERR" }, "geometry": { "type": "Point", "coordinates": [ 22211.309799999929965, 33430.956700000911951 ] } },
{ "type": "Feature", "properties": { "BUS_STOP_N": "99181", "LOC_DESC": "BEF S'PORE AVIATION AC" }, "geometry": { "type": "Point", "coordinates": [ 45266.77240000013262, 41082.609699999913573 ] } },
{ "type": "Feature", "properties": { "BUS_STOP_N": "53309", "LOC_DESC": "OPP RAFFLES INSTN" }, "geometry": { "type": "Point", "coordinates": [ 29337.565399999730289, 36738.480399999767542 ] } },
{ "type": "Feature", "properties": { "BUS_STOP_N": "53121", "LOC_DESC": "MARYMOUNT STN" }, "geometry": { "type": "Point", "coordinates": [ 28685.053299999795854, 36929.53830000013113 ] } },
{ "type": "Feature", "properties": { "BUS_STOP_N": "14131", "LOC_DESC": "CARIBBEAN AT KEPPEL BAY" }, "geometry": { "type": "Point", "coordinates": [ 26148.053999999538064, 27774.252900000661612 ] } },
{ "type": "Feature", "properties": { "BUS_STOP_N": "46641", "LOC_DESC": "BLK 894C" }, "geometry": { "type": "Point", "coordinates": [ 23182.282200000248849, 46345.674399999901652 ] } },
{ "type": "Feature", "properties": { "BUS_STOP_N": "34029", "LOC_DESC": "BEF LIM CHU KANG LANE 5" }, "geometry": { "type": "Point", "coordinates": [ 14070.071000000461936, 46364.244999999180436 ] } },
{ "type": "Feature", "properties": { "BUS_STOP_N": "59281", "LOC_DESC": "BLK 654" }, "geometry": { "type": "Point", "coordinates": [ 28817.769999999552965, 44959.056700000539422 ] } },
{ "type": "Feature", "properties": { "BUS_STOP_N": "25129", "LOC_DESC": "AFT TUAS AVE 6" }, "geometry": { "type": "Point", "coordinates": [ 7841.235799999907613, 34688.877000000327826 ] } },
{ "type": "Feature", "properties": { "BUS_STOP_N": "18181", "LOC_DESC": "OPP TANGLIN TRUST SCH" }, "geometry": { "type": "Point", "coordinates": [ 23587.962799999862909, 31048.279400000348687 ] } },
{ "type": "Feature", "properties": { "BUS_STOP_N": "54329", "LOC_DESC": "BLK 420" }, "geometry": { "type": "Point", "coordinates": [ 30134.535500000230968, 38500.422199999913573 ] } },
{ "type": "Feature", "properties": { "BUS_STOP_N": "59551", "LOC_DESC": "BLK 722" }, "geometry": { "type": "Point", "coordinates": [ 27435.036000000312924, 45235.431700000539422 ] } },
{ "type": "Feature", "properties": { "BUS_STOP_N": "21161", "LOC_DESC": "BLK 216B" }, "geometry": { "type": "Point", "coordinates": [ 14575.673700000159442, 36961.191800000146031 ] } },
{ "type": "Feature", "properties": { "BUS_STOP_N": "21169", "LOC_DESC": "OPP BLK 216B" }, "geometry": { "type": "Point", "coordinates": [ 14591.959800000302494, 36976.886900000274181 ] } },
{ "type": "Feature", "properties": { "BUS_STOP_N": "40229", "LOC_DESC": "BEF STEVENS STN EXIT 2" }, "geometry": { "type": "Point", "coordinates": [ 27153.580299999564886, 33502.987099999561906 ] } },
{ "type": "Feature", "properties": { "BUS_STOP_N": "40081", "LOC_DESC": "STEVENS STN EXIT 1" }, "geometry": { "type": "Point", "coordinates": [ 27189.30599999986589, 33599.893300000578165 ] } },
{ "type": "Feature", "properties": { "BUS_STOP_N": "40239", "LOC_DESC": "BEF STEVENS STN EXIT 4" }, "geometry": { "type": "Point", "coordinates": [ 27216.414300000295043, 33880.612700000405312 ] } },
{ "type": "Feature", "properties": { "BUS_STOP_N": "13019", "LOC_DESC": "NAPIER STN EXIT 1" }, "geometry": { "type": "Point", "coordinates": [ 26442.912100000306964, 32140.736700000241399 ] } },
{ "type": "Feature", "properties": { "BUS_STOP_N": "13199", "LOC_DESC": "AFT ORCHARD STN EXIT 12" }, "geometry": { "type": "Point", "coordinates": [ 27628.341799999587238, 31619.126199999824166 ] } },
{ "type": "Feature", "properties": { "BUS_STOP_N": "40221", "LOC_DESC": "STEVENS STN EXIT 3" }, "geometry": { "type": "Point", "coordinates": [ 27124.083100000396371, 33484.667799999937415 ] } },
{ "type": "Feature", "properties": { "BUS_STOP_N": "40089", "LOC_DESC": "AFT STEVENS STN EXIT 5" }, "geometry": { "type": "Point", "coordinates": [ 27347.230100000277162, 33640.310699999332428 ] } },
{ "type": "Feature", "properties": { "BUS_STOP_N": "13011", "LOC_DESC": "NAPIER STN EXIT 2" }, "geometry": { "type": "Point", "coordinates": [ 26434.461799999698997, 32090.115000000223517 ] } },
{ "type": "Feature", "properties": { "BUS_STOP_N": "10018", "LOC_DESC": "OUTRAM PK STN EXIT 6 / SGH" }, "geometry": { "type": "Point", "coordinates": [ 28594.082000000402331, 29056.330900000408292 ] } },
{ "type": "Feature", "properties": { "BUS_STOP_N": "13191", "LOC_DESC": "OPP ORCHARD STN EXIT 12" }, "geometry": { "type": "Point", "coordinates": [ 27620.95160000026226, 31675.827800000086427 ] } },
{ "type": "Feature", "properties": { "BUS_STOP_N": "27461", "LOC_DESC": "OPP BLK 276B" }, "geometry": { "type": "Point", "coordinates": [ 13729.162899999879301, 37264.249600000679493 ] } },
{ "type": "Feature", "properties": { "BUS_STOP_N": "27469", "LOC_DESC": "BLK 276B" }, "geometry": { "type": "Point", "coordinates": [ 13702.214599999599159, 37248.982499999925494 ] } },
{ "type": "Feature", "properties": { "BUS_STOP_N": "51071", "LOC_DESC": "MACRITCHIE RESERVOIR" }, "geometry": { "type": "Point", "coordinates": [ 28311.269999999552965, 36036.917600000277162 ] } },
{ "type": "Feature", "properties": { "BUS_STOP_N": "51079", "LOC_DESC": "OPP MACRITCHIE RESVR" }, "geometry": { "type": "Point", "coordinates": [ 28306.064199999906123, 35984.220399999991059 ] } },
{ "type": "Feature", "properties": { "BUS_STOP_N": "51071", "LOC_DESC": "MACRITCHIE RESERVOIR" }, "geometry": { "type": "Point", "coordinates": [ 28282.535899999551475, 36033.927799999713898 ] } },
{ "type": "Feature", "properties": { "BUS_STOP_N": "63231", "LOC_DESC": "BET BLKS 210/211" }, "geometry": { "type": "Point", "coordinates": [ 34050.021200000308454, 37897.675400000065565 ] } },
{ "type": "Feature", "properties": { "BUS_STOP_N": "63239", "LOC_DESC": "OPP BLK 211" }, "geometry": { "type": "Point", "coordinates": [ 34059.29839999973774, 37885.10700000077486 ] } },
{ "type": "Feature", "properties": { "BUS_STOP_N": "10481", "LOC_DESC": "OPP BLK 73" }, "geometry": { "type": "Point", "coordinates": [ 26289.362200000323355, 30019.300300000235438 ] } },
{ "type": "Feature", "properties": { "BUS_STOP_N": "54261", "LOC_DESC": "AFT ANG MO KIO STN EXIT A" }, "geometry": { "type": "Point", "coordinates": [ 29953.264000000432134, 39057.780999999493361 ] } },
{ "type": "Feature", "properties": { "BUS_STOP_N": "46069", "LOC_DESC": "WOODLANDS TRAIN CHECKPT" }, "geometry": { "type": "Point", "coordinates": [ 20886.417200000025332, 47182.050300000235438 ] } },
{ "type": "Feature", "properties": { "BUS_STOP_N": "21779", "LOC_DESC": "AFT YUAN CHING RD" }, "geometry": { "type": "Point", "coordinates": [ 15858.163200000301003, 34296.025900000706315 ] } },
{ "type": "Feature", "properties": { "BUS_STOP_N": "23261", "LOC_DESC": "OPP EXXON MOBIL" }, "geometry": { "type": "Point", "coordinates": [ 11588.437400000169873, 32778.628799999132752 ] } },
{ "type": "Feature", "properties": { "BUS_STOP_N": "42141", "LOC_DESC": "BEF DUNEARN RD" }, "geometry": { "type": "Point", "coordinates": [ 21867.001199999824166, 35373.668600000441074 ] } },
{ "type": "Feature", "properties": { "BUS_STOP_N": "29119", "LOC_DESC": "COMFORTDELGRO ENGRG" }, "geometry": { "type": "Point", "coordinates": [ 18409.530100000090897, 31447.314200000837445 ] } },
{ "type": "Feature", "properties": { "BUS_STOP_N": "40189", "LOC_DESC": "NEWTON STN EXIT B" }, "geometry": { "type": "Point", "coordinates": [ 28560.107699999585748, 32736.379799999296665 ] } },
{ "type": "Feature", "properties": { "BUS_STOP_N": "24489", "LOC_DESC": "AFT JOON KOON WAY" }, "geometry": { "type": "Point", "coordinates": [ 9941.624099999666214, 34220.261700000613928 ] } },
{ "type": "Feature", "properties": { "BUS_STOP_N": "03511", "LOC_DESC": "AFT BAYFRONT STN EXIT E" }, "geometry": { "type": "Point", "coordinates": [ 30857.991899999789894, 29383.342800000682473 ] } },
{ "type": "Feature", "properties": { "BUS_STOP_N": "10469", "LOC_DESC": "BEF MARGARET DR" }, "geometry": { "type": "Point", "coordinates": [ 25660.027400000020862, 30999.789899999275804 ] } },
{ "type": "Feature", "properties": { "BUS_STOP_N": "03019", "LOC_DESC": "OUE BAYFRONT" }, "geometry": { "type": "Point", "coordinates": [ 30203.759899999946356, 29620.417199999094009 ] } },
{ "type": "Feature", "properties": { "BUS_STOP_N": "67029", "LOC_DESC": "AFT DEDAP RD" }, "geometry": { "type": "Point", "coordinates": [ 31534.528900000266731, 41219.636700000613928 ] } },
{ "type": "Feature", "properties": { "BUS_STOP_N": "14489", "LOC_DESC": "BLK 36 MKT/FC" }, "geometry": { "type": "Point", "coordinates": [ 26701.291000000201166, 28304.616900000721216 ] } },
{ "type": "Feature", "properties": { "BUS_STOP_N": "10191", "LOC_DESC": "BLK 78" }, "geometry": { "type": "Point", "coordinates": [ 26407.350499999709427, 30111.924399999901652 ] } },
{ "type": "Feature", "properties": { "BUS_STOP_N": "62079", "LOC_DESC": "AFT BARTLEY STN EXIT B" }, "geometry": { "type": "Point", "coordinates": [ 33166.959999999962747, 36123.173000000417233 ] } },
{ "type": "Feature", "properties": { "BUS_STOP_N": "76329", "LOC_DESC": "BLK 125" }, "geometry": { "type": "Point", "coordinates": [ 40968.11780000012368, 36502.767599999904633 ] } },
{ "type": "Feature", "properties": { "BUS_STOP_N": "46729", "LOC_DESC": "AFT W'LANDS IND PK E7" }, "geometry": { "type": "Point", "coordinates": [ 24540.807300000451505, 48196.714600000530481 ] } },
{ "type": "Feature", "properties": { "BUS_STOP_N": "47021", "LOC_DESC": "KHALSA CRES CTR" }, "geometry": { "type": "Point", "coordinates": [ 22439.925499999895692, 48083.987999999895692 ] } },
{ "type": "Feature", "properties": { "BUS_STOP_N": "25381", "LOC_DESC": "WYN2000 LOGISTICS CTR" }, "geometry": { "type": "Point", "coordinates": [ 7310.311499999836087, 34197.069700000807643 ] } },
{ "type": "Feature", "properties": { "BUS_STOP_N": "19089", "LOC_DESC": "ACS INDEPENDENT" }, "geometry": { "type": "Point", "coordinates": [ 22266.093700000084937, 31781.040300000458956 ] } },
{ "type": "Feature", "properties": { "BUS_STOP_N": "50119", "LOC_DESC": "ST JOSEPH INST JNR" }, "geometry": { "type": "Point", "coordinates": [ 29381.046099999919534, 33392.673100000247359 ] } },
{ "type": "Feature", "properties": { "BUS_STOP_N": "24389", "LOC_DESC": "OPP GE KEPPEL ENERGY SVCS" }, "geometry": { "type": "Point", "coordinates": [ 9325.34429999999702, 32105.490900000557303 ] } },
{ "type": "Feature", "properties": { "BUS_STOP_N": "17081", "LOC_DESC": "AFT WEST COAST HIGHWAY" }, "geometry": { "type": "Point", "coordinates": [ 20351.581299999728799, 31327.590900000184774 ] } },
{ "type": "Feature", "properties": { "BUS_STOP_N": "46871", "LOC_DESC": "BLK 644" }, "geometry": { "type": "Point", "coordinates": [ 24495.722000000067055, 46510.27309999987483 ] } },
{ "type": "Feature", "properties": { "BUS_STOP_N": "17381", "LOC_DESC": "WEST BAY RESORT CONDO" }, "geometry": { "type": "Point", "coordinates": [ 20598.32660000026226, 31275.335400000214577 ] } },
{ "type": "Feature", "properties": { "BUS_STOP_N": "83119", "LOC_DESC": "OPP BLK 16" }, "geometry": { "type": "Point", "coordinates": [ 36039.48519999999553, 33917.153999999165535 ] } },
{ "type": "Feature", "properties": { "BUS_STOP_N": "94071", "LOC_DESC": "OPP BEDOK CAMP 2" }, "geometry": { "type": "Point", "coordinates": [ 41564.792200000025332, 33578.868200000375509 ] } },
{ "type": "Feature", "properties": { "BUS_STOP_N": "28509", "LOC_DESC": "BLK 422" }, "geometry": { "type": "Point", "coordinates": [ 16127.622200000099838, 36904.462400000542402 ] } },
{ "type": "Feature", "properties": { "BUS_STOP_N": "75099", "LOC_DESC": "BLK 897" }, "geometry": { "type": "Point", "coordinates": [ 39225.632299999706447, 36694.807199999690056 ] } },
{ "type": "Feature", "properties": { "BUS_STOP_N": "44141", "LOC_DESC": "PHOENIX STN" }, "geometry": { "type": "Point", "coordinates": [ 19599.677000000141561, 40043.63289999961853 ] } },
{ "type": "Feature", "properties": { "BUS_STOP_N": "23421", "LOC_DESC": "COMFORT HOLDINGS" }, "geometry": { "type": "Point", "coordinates": [ 11447.588499999605119, 31981.134899999946356 ] } },
{ "type": "Feature", "properties": { "BUS_STOP_N": "44869", "LOC_DESC": "BEF BLK 629A CP" }, "geometry": { "type": "Point", "coordinates": [ 19713.417299999855459, 40936.734999999403954 ] } },
{ "type": "Feature", "properties": { "BUS_STOP_N": "46151", "LOC_DESC": "BLK 212" }, "geometry": { "type": "Point", "coordinates": [ 21345.003600000403821, 47498.235799999907613 ] } },
{ "type": "Feature", "properties": { "BUS_STOP_N": "63391", "LOC_DESC": "BLK 639" }, "geometry": { "type": "Point", "coordinates": [ 33220.602800000458956, 39213.187599999830127 ] } },
{ "type": "Feature", "properties": { "BUS_STOP_N": "67409", "LOC_DESC": "Sengkang Stn" }, "geometry": { "type": "Point", "coordinates": [ 34979.826999999582767, 41584.501000000163913 ] } },
{ "type": "Feature", "properties": { "BUS_STOP_N": "55211", "LOC_DESC": "AFT ANG MO KIO FIRE STN" }, "geometry": { "type": "Point", "coordinates": [ 29358.628700000233948, 40895.269200000911951 ] } },
{ "type": "Feature", "properties": { "BUS_STOP_N": "67401", "LOC_DESC": "OPP SENGKANG STN / BLK 260A" }, "geometry": { "type": "Point", "coordinates": [ 34880.525999999605119, 41655.854000000283122 ] } },
{ "type": "Feature", "properties": { "BUS_STOP_N": "03421", "LOC_DESC": "MARINA BAY CRUISE CTR" }, "geometry": { "type": "Point", "coordinates": [ 30964.22690000012517, 27667.392799999564886 ] } },
{ "type": "Feature", "properties": { "BUS_STOP_N": "44829", "LOC_DESC": "OPP BLK 650" }, "geometry": { "type": "Point", "coordinates": [ 20184.040300000458956, 40950.227399999275804 ] } },
{ "type": "Feature", "properties": { "BUS_STOP_N": "44821", "LOC_DESC": "BLK 651" }, "geometry": { "type": "Point", "coordinates": [ 20212.884600000455976, 40930.006400000303984 ] } },
{ "type": "Feature", "properties": { "BUS_STOP_N": "54311", "LOC_DESC": "BLK 332" }, "geometry": { "type": "Point", "coordinates": [ 30145.277400000020862, 38170.48450000025332 ] } },
{ "type": "Feature", "properties": { "BUS_STOP_N": "54521", "LOC_DESC": "BLK 5046" }, "geometry": { "type": "Point", "coordinates": [ 31286.795500000007451, 39499.418299999088049 ] } },
{ "type": "Feature", "properties": { "BUS_STOP_N": "54101", "LOC_DESC": "AFT ANG MO KIO AVE 10" }, "geometry": { "type": "Point", "coordinates": [ 30374.897900000214577, 37712.943900000303984 ] } },
{ "type": "Feature", "properties": { "BUS_STOP_N": "54279", "LOC_DESC": "BLK 427" }, "geometry": { "type": "Point", "coordinates": [ 30296.321800000034273, 39081.229199999943376 ] } },
{ "type": "Feature", "properties": { "BUS_STOP_N": "84611", "LOC_DESC": "OPP WATERFRONT ISLE" }, "geometry": { "type": "Point", "coordinates": [ 38527.864000000059605, 35712.481300000101328 ] } },
{ "type": "Feature", "properties": { "BUS_STOP_N": "46249", "LOC_DESC": "BLK 15" }, "geometry": { "type": "Point", "coordinates": [ 21932.986800000071526, 47078.948899999260902 ] } },
{ "type": "Feature", "properties": { "BUS_STOP_N": "01541", "LOC_DESC": "BUGIS STN EXIT D" }, "geometry": { "type": "Point", "coordinates": [ 30669.536799999885261, 31254.428300000727177 ] } },
{ "type": "Feature", "properties": { "BUS_STOP_N": "81171", "LOC_DESC": "BLK 39" }, "geometry": { "type": "Point", "coordinates": [ 33757.084400000050664, 32211.807600000873208 ] } },
{ "type": "Feature", "properties": { "BUS_STOP_N": "15059", "LOC_DESC": "OPP ALEXANDRA PT" }, "geometry": { "type": "Point", "coordinates": [ 24586.975599999539554, 28818.122199999168515 ] } },
{ "type": "Feature", "properties": { "BUS_STOP_N": "22499", "LOC_DESC": "OPP BLK 662C" }, "geometry": { "type": "Point", "coordinates": [ 13708.422399999573827, 35516.036599999293685 ] } },
{ "type": "Feature", "properties": { "BUS_STOP_N": "77081", "LOC_DESC": "AFT PASIR RIS DR 3" }, "geometry": { "type": "Point", "coordinates": [ 40173.22510000038892, 40249.767300000414252 ] } },
{ "type": "Feature", "properties": { "BUS_STOP_N": "11039", "LOC_DESC": "BLK 19" }, "geometry": { "type": "Point", "coordinates": [ 24295.930499999783933, 30507.634400000795722 ] } },
{ "type": "Feature", "properties": { "BUS_STOP_N": "85029", "LOC_DESC": "AFT BEDOK METH CH" }, "geometry": { "type": "Point", "coordinates": [ 41465.075100000016391, 33875.601199999451637 ] } },
{ "type": "Feature", "properties": { "BUS_STOP_N": "93049", "LOC_DESC": "LAGOON VIEW" }, "geometry": { "type": "Point", "coordinates": [ 39086.332999999634922, 32555.567700000479817 ] } },
{ "type": "Feature", "properties": { "BUS_STOP_N": "67571", "LOC_DESC": "AFT LOR TANGGAM" }, "geometry": { "type": "Point", "coordinates": [ 32529.202800000086427, 41888.065500000491738 ] } },
{ "type": "Feature", "properties": { "BUS_STOP_N": "62159", "LOC_DESC": "OPP RINDU TERR" }, "geometry": { "type": "Point", "coordinates": [ 32933.458899999968708, 36443.6722999997437 ] } },
{ "type": "Feature", "properties": { "BUS_STOP_N": "31061", "LOC_DESC": "OPP LIM CHU KANG CAMP II" }, "geometry": { "type": "Point", "coordinates": [ 12667.675099999643862, 39773.020899999886751 ] } },
{ "type": "Feature", "properties": { "BUS_STOP_N": "60029", "LOC_DESC": "BLK 16" }, "geometry": { "type": "Point", "coordinates": [ 31642.832899999804795, 33275.618400000035763 ] } },
{ "type": "Feature", "properties": { "BUS_STOP_N": "59191", "LOC_DESC": "OPP NORTHLAND SEC SCH" }, "geometry": { "type": "Point", "coordinates": [ 28978.347500000149012, 46468.921700000762939 ] } },
{ "type": "Feature", "properties": { "BUS_STOP_N": "98209", "LOC_DESC": "ENCOMPASS DIGITAL MEDIA" }, "geometry": { "type": "Point", "coordinates": [ 43510.132500000298023, 40384.855299999937415 ] } },
{ "type": "Feature", "properties": { "BUS_STOP_N": "80269", "LOC_DESC": "BEF SIMS AVE" }, "geometry": { "type": "Point", "coordinates": [ 33001.860999999567866, 33047.089800000190735 ] } },
{ "type": "Feature", "properties": { "BUS_STOP_N": "28109", "LOC_DESC": "SMRT ULU PANDAN DEPOT" }, "geometry": { "type": "Point", "coordinates": [ 19765.806800000369549, 35068.119100000709295 ] } },
{ "type": "Feature", "properties": { "BUS_STOP_N": "43161", "LOC_DESC": "BLK 272" }, "geometry": { "type": "Point", "coordinates": [ 19569.648400000296533, 36766.085899999365211 ] } },
{ "type": "Feature", "properties": { "BUS_STOP_N": "63329", "LOC_DESC": "OPP BLK 627" }, "geometry": { "type": "Point", "coordinates": [ 33412.454800000414252, 38961.307800000533462 ] } },
{ "type": "Feature", "properties": { "BUS_STOP_N": "49199", "LOC_DESC": "KRANJI RESERVOIR PK B" }, "geometry": { "type": "Point", "coordinates": [ 17143.752500000409782, 46673.464500000700355 ] } },
{ "type": "Feature", "properties": { "BUS_STOP_N": "53301", "LOC_DESC": "RAFFLES INSTN" }, "geometry": { "type": "Point", "coordinates": [ 29395.100599999539554, 36742.634899999946356 ] } },
{ "type": "Feature", "properties": { "BUS_STOP_N": "78271", "LOC_DESC": "CASA PASIR RIS" }, "geometry": { "type": "Point", "coordinates": [ 42497.656999999657273, 40135.517100000753999 ] } },
{ "type": "Feature", "properties": { "BUS_STOP_N": "67259", "LOC_DESC": "COMPASSVALE STN EXIT B" }, "geometry": { "type": "Point", "coordinates": [ 35419.838999999687076, 41856.176000000908971 ] } },
{ "type": "Feature", "properties": { "BUS_STOP_N": "64401", "LOC_DESC": "OPP BLK 477A" }, "geometry": { "type": "Point", "coordinates": [ 35786.38219999987632, 40053.460100000724196 ] } },
{ "type": "Feature", "properties": { "BUS_STOP_N": "96291", "LOC_DESC": "BLK 223" }, "geometry": { "type": "Point", "coordinates": [ 41848.960900000296533, 36012.722799999639392 ] } },
{ "type": "Feature", "properties": { "BUS_STOP_N": "26109", "LOC_DESC": "BEF TUAS AVE 11" }, "geometry": { "type": "Point", "coordinates": [ 6320.065799999982119, 34395.481699999421835 ] } },
{ "type": "Feature", "properties": { "BUS_STOP_N": "68061", "LOC_DESC": "SING CHINA BLDG" }, "geometry": { "type": "Point", "coordinates": [ 32318.785699999891222, 43238.320199999958277 ] } },
{ "type": "Feature", "properties": { "BUS_STOP_N": "67101", "LOC_DESC": "BLK 250A" }, "geometry": { "type": "Point", "coordinates": [ 35381.481800000183284, 41481.613099999725819 ] } },
{ "type": "Feature", "properties": { "BUS_STOP_N": "58381", "LOC_DESC": "BLK 469B" }, "geometry": { "type": "Point", "coordinates": [ 25788.729000000283122, 47736.023600000888109 ] } },
{ "type": "Feature", "properties": { "BUS_STOP_N": "58219", "LOC_DESC": "OPP SEMBAWANG STN" }, "geometry": { "type": "Point", "coordinates": [ 26493.237599999643862, 47905.941800000146031 ] } },
{ "type": "Feature", "properties": { "BUS_STOP_N": "67349", "LOC_DESC": "BLK 204 CP" }, "geometry": { "type": "Point", "coordinates": [ 34905.116399999707937, 41143.674799999222159 ] } },
{ "type": "Feature", "properties": { "BUS_STOP_N": "49081", "LOC_DESC": "AFT KRANJI CRES" }, "geometry": { "type": "Point", "coordinates": [ 18549.831799999810755, 46169.336799999698997 ] } },
{ "type": "Feature", "properties": { "BUS_STOP_N": "94079", "LOC_DESC": "BEDOK CAMP 2" }, "geometry": { "type": "Point", "coordinates": [ 41562.235100000165403, 33541.169299999251962 ] } },
{ "type": "Feature", "properties": { "BUS_STOP_N": "21429", "LOC_DESC": "BLK 185" }, "geometry": { "type": "Point", "coordinates": [ 14342.526399999856949, 36627.642000000923872 ] } },
{ "type": "Feature", "properties": { "BUS_STOP_N": "30021", "LOC_DESC": "OPP KEAT HONG CAMP" }, "geometry": { "type": "Point", "coordinates": [ 15070.803399999625981, 39607.242200000211596 ] } },
{ "type": "Feature", "properties": { "BUS_STOP_N": "61061", "LOC_DESC": "BLK 148" }, "geometry": { "type": "Point", "coordinates": [ 31876.005800000391901, 34995.708399999886751 ] } },
{ "type": "Feature", "properties": { "BUS_STOP_N": "67361", "LOC_DESC": "BLK 313B" }, "geometry": { "type": "Point", "coordinates": [ 34130.207200000062585, 41433.062599999830127 ] } },
{ "type": "Feature", "properties": { "BUS_STOP_N": "82033", "LOC_DESC": "BLK 414" }, "geometry": { "type": "Point", "coordinates": [ 35233.18819999974221, 33361.843000000342727 ] } },
{ "type": "Feature", "properties": { "BUS_STOP_N": "58161", "LOC_DESC": "BEF SEMBAWANG SHIPYARD G 3" }, "geometry": { "type": "Point", "coordinates": [ 26566.439600000157952, 49119.085100000724196 ] } },
{ "type": "Feature", "properties": { "BUS_STOP_N": "15199", "LOC_DESC": "OPP CURRENCY HSE" }, "geometry": { "type": "Point", "coordinates": [ 23538.440999999642372, 28720.560000000521541 ] } },
{ "type": "Feature", "properties": { "BUS_STOP_N": "80181", "LOC_DESC": "KALLANG SQUASH CTR" }, "geometry": { "type": "Point", "coordinates": [ 33172.073699999600649, 31936.487600000575185 ] } },
{ "type": "Feature", "properties": { "BUS_STOP_N": "31021", "LOC_DESC": "JLN BAHAR POWER STN" }, "geometry": { "type": "Point", "coordinates": [ 12365.592199999839067, 38295.508400000631809 ] } },
{ "type": "Feature", "properties": { "BUS_STOP_N": "55081", "LOC_DESC": "OPP SUNRISE GDNS" }, "geometry": { "type": "Point", "coordinates": [ 30524.956899999640882, 41521.197000000625849 ] } },
{ "type": "Feature", "properties": { "BUS_STOP_N": "40101", "LOC_DESC": "KK WOMEN & CHILD HOSP" }, "geometry": { "type": "Point", "coordinates": [ 29611.958399999886751, 32525.395600000396371 ] } },
{ "type": "Feature", "properties": { "BUS_STOP_N": "24289", "LOC_DESC": "OPP KEPPEL T&T" }, "geometry": { "type": "Point", "coordinates": [ 10370.255499999970198, 32745.515599999576807 ] } },
{ "type": "Feature", "properties": { "BUS_STOP_N": "28709", "LOC_DESC": "BEF OLD TOH TUCK RD" }, "geometry": { "type": "Point", "coordinates": [ 19543.786000000312924, 34870.900800000876188 ] } },
{ "type": "Feature", "properties": { "BUS_STOP_N": "42049", "LOC_DESC": "HUA GUAN GDNS" }, "geometry": { "type": "Point", "coordinates": [ 22588.895899999886751, 35329.635700000450015 ] } },
{ "type": "Feature", "properties": { "BUS_STOP_N": "42319", "LOC_DESC": "BURGUNDY HILL" }, "geometry": { "type": "Point", "coordinates": [ 19887.293399999849498, 35711.785700000822544 ] } },
{ "type": "Feature", "properties": { "BUS_STOP_N": "23119", "LOC_DESC": "AFT FOURTH LOK YANG RD" }, "geometry": { "type": "Point", "coordinates": [ 11886.314100000075996, 34101.441700000315905 ] } },
{ "type": "Feature", "properties": { "BUS_STOP_N": "58369", "LOC_DESC": "BEF ACACIA HOME" }, "geometry": { "type": "Point", "coordinates": [ 25618.571100000292063, 49138.149399999529123 ] } },
{ "type": "Feature", "properties": { "BUS_STOP_N": "24651", "LOC_DESC": "METALL-TREAT IND" }, "geometry": { "type": "Point", "coordinates": [ 9696.341199999675155, 33025.82799999974668 ] } },
{ "type": "Feature", "properties": { "BUS_STOP_N": "95169", "LOC_DESC": "AFT CHANGI FERRY RD" }, "geometry": { "type": "Point", "coordinates": [ 47078.122000000439584, 39381.209100000560284 ] } },
{ "type": "Feature", "properties": { "BUS_STOP_N": "26021", "LOC_DESC": "BEF TUAS AVE 13" }, "geometry": { "type": "Point", "coordinates": [ 7260.339300000108778, 33285.482499999925494 ] } },
{ "type": "Feature", "properties": { "BUS_STOP_N": "42239", "LOC_DESC": "AFT JLN JURONG KECHIL" }, "geometry": { "type": "Point", "coordinates": [ 20964.144500000402331, 35826.632799999788404 ] } },
{ "type": "Feature", "properties": { "BUS_STOP_N": "22169", "LOC_DESC": "AFT INTL RD" }, "geometry": { "type": "Point", "coordinates": [ 12792.751400000415742, 34271.943299999460578 ] } },
{ "type": "Feature", "properties": { "BUS_STOP_N": "42151", "LOC_DESC": "BEAUTY WORLD STN EXIT C" }, "geometry": { "type": "Point", "coordinates": [ 21538.134300000034273, 35806.433599999174476 ] } },
{ "type": "Feature", "properties": { "BUS_STOP_N": "46891", "LOC_DESC": "JORDON FOOD IND" }, "geometry": { "type": "Point", "coordinates": [ 25078.346599999815226, 47762.608799999579787 ] } },
{ "type": "Feature", "properties": { "BUS_STOP_N": "47179", "LOC_DESC": "COMFORTDELGRO ENGRG" }, "geometry": { "type": "Point", "coordinates": [ 24162.075500000268221, 48872.563300000503659 ] } },
{ "type": "Feature", "properties": { "BUS_STOP_N": "11099", "LOC_DESC": "OPP LEEDON GREEN" }, "geometry": { "type": "Point", "coordinates": [ 24777.548999999649823, 32811.113099999725819 ] } },
{ "type": "Feature", "properties": { "BUS_STOP_N": "01349", "LOC_DESC": "OPP BLK 4" }, "geometry": { "type": "Point", "coordinates": [ 31578.126400000415742, 31994.066800000146031 ] } },
{ "type": "Feature", "properties": { "BUS_STOP_N": "54379", "LOC_DESC": "BLK 475" }, "geometry": { "type": "Point", "coordinates": [ 30516.759300000034273, 38321.708300000056624 ] } },
{ "type": "Feature", "properties": { "BUS_STOP_N": "44261", "LOC_DESC": "BLK 270" }, "geometry": { "type": "Point", "coordinates": [ 21437.204800000414252, 39783.698200000450015 ] } },
{ "type": "Feature", "properties": { "BUS_STOP_N": "81111", "LOC_DESC": "PAYA LEBAR STN EXIT B" }, "geometry": { "type": "Point", "coordinates": [ 34545.54700000025332, 33407.464500000700355 ] } },
{ "type": "Feature", "properties": { "BUS_STOP_N": "52401", "LOC_DESC": "BLK 102" }, "geometry": { "type": "Point", "coordinates": [ 29955.016099999658763, 34497.203999999910593 ] } },
{ "type": "Feature", "properties": { "BUS_STOP_N": "60099", "LOC_DESC": "BEF LAVENDER ST" }, "geometry": { "type": "Point", "coordinates": [ 31123.598600000143051, 33054.896900000050664 ] } },
{ "type": "Feature", "properties": { "BUS_STOP_N": "92301", "LOC_DESC": "BEF ST. PATRICK'S RD" }, "geometry": { "type": "Point", "coordinates": [ 36828.982900000177324, 32249.736400000751019 ] } },
{ "type": "Feature", "properties": { "BUS_STOP_N": "27101", "LOC_DESC": "OPP WESTWOOD SEC SCH" }, "geometry": { "type": "Point", "coordinates": [ 13280.185300000011921, 37189.629300000146031 ] } },
{ "type": "Feature", "properties": { "BUS_STOP_N": "53279", "LOC_DESC": "KUO CHUAN PRESBY SCH" }, "geometry": { "type": "Point", "coordinates": [ 30295.964300000108778, 36861.362800000235438 ] } },
{ "type": "Feature", "properties": { "BUS_STOP_N": "27331", "LOC_DESC": "WEST GROVE PR SCH" }, "geometry": { "type": "Point", "coordinates": [ 13093.540000000037253, 36392.71000000089407 ] } },
{ "type": "Feature", "properties": { "BUS_STOP_N": "84419", "LOC_DESC": "BLK 512" }, "geometry": { "type": "Point", "coordinates": [ 38666.310399999842048, 35091.183299999684095 ] } },
{ "type": "Feature", "properties": { "BUS_STOP_N": "48099", "LOC_DESC": "OPP SCDF NEE SOON CAMP" }, "geometry": { "type": "Point", "coordinates": [ 25621.001500000245869, 42760.493599999696016 ] } },
{ "type": "Feature", "properties": { "BUS_STOP_N": "83179", "LOC_DESC": "AFT SIGLAP DR" }, "geometry": { "type": "Point", "coordinates": [ 37563.629599999636412, 32982.540300000458956 ] } },
{ "type": "Feature", "properties": { "BUS_STOP_N": "46071", "LOC_DESC": "BLK 137" }, "geometry": { "type": "Point", "coordinates": [ 21717.675699999555945, 46706.48619999922812 ] } },
{ "type": "Feature", "properties": { "BUS_STOP_N": "93019", "LOC_DESC": "NEPTUNE CT" }, "geometry": { "type": "Point", "coordinates": [ 37798.550999999977648, 32249.591000000014901 ] } },
{ "type": "Feature", "properties": { "BUS_STOP_N": "46179", "LOC_DESC": "BLK 18" }, "geometry": { "type": "Point", "coordinates": [ 21836.424700000323355, 47288.027100000530481 ] } },
{ "type": "Feature", "properties": { "BUS_STOP_N": "54601", "LOC_DESC": "TOWNSVILLE PRI SCH" }, "geometry": { "type": "Point", "coordinates": [ 30425.757000000216067, 37948.790999999269843 ] } },
{ "type": "Feature", "properties": { "BUS_STOP_N": "28251", "LOC_DESC": "S'PORE SCIENCE CTR" }, "geometry": { "type": "Point", "coordinates": [ 17262.827200000174344, 35121.44480000063777 ] } },
{ "type": "Feature", "properties": { "BUS_STOP_N": "18071", "LOC_DESC": "NUH" }, "geometry": { "type": "Point", "coordinates": [ 22554.428399999625981, 30880.551599999889731 ] } },
{ "type": "Feature", "properties": { "BUS_STOP_N": "28249", "LOC_DESC": "JURONG EAST LIB" }, "geometry": { "type": "Point", "coordinates": [ 17500.176300000399351, 34983.661499999463558 ] } },
{ "type": "Feature", "properties": { "BUS_STOP_N": "21231", "LOC_DESC": "BLK 203" }, "geometry": { "type": "Point", "coordinates": [ 14945.055200000293553, 36202.557099999859929 ] } },
{ "type": "Feature", "properties": { "BUS_STOP_N": "44611", "LOC_DESC": "BLK 516" }, "geometry": { "type": "Point", "coordinates": [ 20684.934000000357628, 41010.969799999147654 ] } },
{ "type": "Feature", "properties": { "BUS_STOP_N": "96039", "LOC_DESC": "EXPO HALLS 4/5/6" }, "geometry": { "type": "Point", "coordinates": [ 41941.240000000223517, 35320.907999999821186 ] } },
{ "type": "Feature", "properties": { "BUS_STOP_N": "50031", "LOC_DESC": "OPP NOVENA CH" }, "geometry": { "type": "Point", "coordinates": [ 28936.627600000239909, 33730.094499999657273 ] } },
{ "type": "Feature", "properties": { "BUS_STOP_N": "96091", "LOC_DESC": "AFT UPP CHANGI RD" }, "geometry": { "type": "Point", "coordinates": [ 41885.94400000013411, 35432.459000000730157 ] } },
{ "type": "Feature", "properties": { "BUS_STOP_N": "22519", "LOC_DESC": "BLK 608" }, "geometry": { "type": "Point", "coordinates": [ 13173.737099999561906, 35548.731100000441074 ] } },
{ "type": "Feature", "properties": { "BUS_STOP_N": "22539", "LOC_DESC": "JURONG WEST PR SCH" }, "geometry": { "type": "Point", "coordinates": [ 12984.544900000095367, 35710.235500000417233 ] } },
{ "type": "Feature", "properties": { "BUS_STOP_N": "77349", "LOC_DESC": "BLK 569" }, "geometry": { "type": "Point", "coordinates": [ 40847.355999999679625, 39098.644099999219179 ] } },
{ "type": "Feature", "properties": { "BUS_STOP_N": "77049", "LOC_DESC": "PASIR RIS TOWN PK" }, "geometry": { "type": "Point", "coordinates": [ 41160.619099999777973, 39076.253100000321865 ] } },
{ "type": "Feature", "properties": { "BUS_STOP_N": "80049", "LOC_DESC": "AFT SIMS WAY" }, "geometry": { "type": "Point", "coordinates": [ 32483.471400000154972, 32562.068199999630451 ] } },
{ "type": "Feature", "properties": { "BUS_STOP_N": "80109", "LOC_DESC": "OPP KALLANG STN / BLK 2C" }, "geometry": { "type": "Point", "coordinates": [ 32248.098299999721348, 32832.311699999496341 ] } },
{ "type": "Feature", "properties": { "BUS_STOP_N": "82069", "LOC_DESC": "AFT LOR 106 CHANGI" }, "geometry": { "type": "Point", "coordinates": [ 35739.521499999798834, 33264.031700000166893 ] } },
{ "type": "Feature", "properties": { "BUS_STOP_N": "62129", "LOC_DESC": "BLK 403" }, "geometry": { "type": "Point", "coordinates": [ 32308.589300000108778, 36564.66469999961555 ] } },
{ "type": "Feature", "properties": { "BUS_STOP_N": "01329", "LOC_DESC": "BLK 8" }, "geometry": { "type": "Point", "coordinates": [ 31367.249699999578297, 31917.009999999776483 ] } },
{ "type": "Feature", "properties": { "BUS_STOP_N": "01219", "LOC_DESC": "BLK 461" }, "geometry": { "type": "Point", "coordinates": [ 31051.580699999816716, 31957.808100000023842 ] } },
{ "type": "Feature", "properties": { "BUS_STOP_N": "84039", "LOC_DESC": "BEDOK STN EXIT A" }, "geometry": { "type": "Point", "coordinates": [ 38615.678000000305474, 33977.831199999898672 ] } },
{ "type": "Feature", "properties": { "BUS_STOP_N": "52241", "LOC_DESC": "OPP CALDECOTT STN/SAVH" }, "geometry": { "type": "Point", "coordinates": [ 28636.542600000277162, 35587.491800000891089 ] } },
{ "type": "Feature", "properties": { "BUS_STOP_N": "70059", "LOC_DESC": "BLK 7" }, "geometry": { "type": "Point", "coordinates": [ 33008.52350000012666, 35214.903300000354648 ] } },
{ "type": "Feature", "properties": { "BUS_STOP_N": "80319", "LOC_DESC": "GEYLANG WEST CC" }, "geometry": { "type": "Point", "coordinates": [ 32384.105600000359118, 33024.176599999889731 ] } },
{ "type": "Feature", "properties": { "BUS_STOP_N": "80291", "LOC_DESC": "BLK 82" }, "geometry": { "type": "Point", "coordinates": [ 32339.906200000084937, 33526.626499999314547 ] } },
{ "type": "Feature", "properties": { "BUS_STOP_N": "80309", "LOC_DESC": "AFT GEYLANG WEST CC" }, "geometry": { "type": "Point", "coordinates": [ 32411.495500000193715, 33287.100700000301003 ] } },
{ "type": "Feature", "properties": { "BUS_STOP_N": "80089", "LOC_DESC": "BEF LOR 18 GEYLANG" }, "geometry": { "type": "Point", "coordinates": [ 33277.382500000298023, 32779.531899999827147 ] } },
{ "type": "Feature", "properties": { "BUS_STOP_N": "80311", "LOC_DESC": "BLK 3B" }, "geometry": { "type": "Point", "coordinates": [ 32367.856999999843538, 32966.584899999201298 ] } },
{ "type": "Feature", "properties": { "BUS_STOP_N": "80299", "LOC_DESC": "OPP BLK 82" }, "geometry": { "type": "Point", "coordinates": [ 32297.552199999801815, 33544.718100000172853 ] } },
{ "type": "Feature", "properties": { "BUS_STOP_N": "81089", "LOC_DESC": "ALJUNIED STN" }, "geometry": { "type": "Point", "coordinates": [ 33418.360000000335276, 33155.801999999210238 ] } },
{ "type": "Feature", "properties": { "BUS_STOP_N": "81081", "LOC_DESC": "OPP ALJUNIED STN" }, "geometry": { "type": "Point", "coordinates": [ 33381.41399999987334, 33176.053999999538064 ] } },
{ "type": "Feature", "properties": { "BUS_STOP_N": "01339", "LOC_DESC": "BEF CRAWFORD BRIDGE" }, "geometry": { "type": "Point", "coordinates": [ 31445.818099999800324, 32226.182399999350309 ] } },
{ "type": "Feature", "properties": { "BUS_STOP_N": "07371", "LOC_DESC": "AFT KALLANG RD" }, "geometry": { "type": "Point", "coordinates": [ 31365.536799999885261, 32392.595100000500679 ] } },
{ "type": "Feature", "properties": { "BUS_STOP_N": "80171", "LOC_DESC": "CP F" }, "geometry": { "type": "Point", "coordinates": [ 32883.580799999646842, 31467.44620000012219 ] } },
{ "type": "Feature", "properties": { "BUS_STOP_N": "80179", "LOC_DESC": "OPP CP F" }, "geometry": { "type": "Point", "coordinates": [ 32870.002600000239909, 31438.710500000044703 ] } },
{ "type": "Feature", "properties": { "BUS_STOP_N": "91099", "LOC_DESC": "BEF WILKINSON RD" }, "geometry": { "type": "Point", "coordinates": [ 33723.270200000144541, 31739.265900000929832 ] } },
{ "type": "Feature", "properties": { "BUS_STOP_N": "55109", "LOC_DESC": "SERENITY PK" }, "geometry": { "type": "Point", "coordinates": [ 30957.195899999700487, 41377.957800000905991 ] } },
{ "type": "Feature", "properties": { "BUS_STOP_N": "55101", "LOC_DESC": "OPP SERENITY PK" }, "geometry": { "type": "Point", "coordinates": [ 30949.028599999845028, 41424.489199999719858 ] } },
{ "type": "Feature", "properties": { "BUS_STOP_N": "24401", "LOC_DESC": "OPP HOE HUAT ENGRG" }, "geometry": { "type": "Point", "coordinates": [ 9101.573300000280142, 31410.622099999338388 ] } },
{ "type": "Feature", "properties": { "BUS_STOP_N": "07361", "LOC_DESC": "BEF KALLANG BAHRU" }, "geometry": { "type": "Point", "coordinates": [ 31171.053199999965727, 32666.610600000247359 ] } },
{ "type": "Feature", "properties": { "BUS_STOP_N": "22171", "LOC_DESC": "OPP SECURA S'PORE" }, "geometry": { "type": "Point", "coordinates": [ 12759.150500000454485, 34640.652599999681115 ] } },
{ "type": "Feature", "properties": { "BUS_STOP_N": "09048", "LOC_DESC": "ORCHARD STN / LUCKY PLAZA" }, "geometry": { "type": "Point", "coordinates": [ 28096.40679999999702, 31796.967299999669194 ] } },
{ "type": "Feature", "properties": { "BUS_STOP_N": "23281", "LOC_DESC": "AFT PIONEER RD" }, "geometry": { "type": "Point", "coordinates": [ 10824.129599999636412, 32089.547800000756979 ] } },
{ "type": "Feature", "properties": { "BUS_STOP_N": "23231", "LOC_DESC": "KEPPEL LOGISTICS" }, "geometry": { "type": "Point", "coordinates": [ 10392.964499999769032, 32405.806399999186397 ] } },
{ "type": "Feature", "properties": { "BUS_STOP_N": "57041", "LOC_DESC": "NEE SOON HQ 22 SIB" }, "geometry": { "type": "Point", "coordinates": [ 26733.933299999684095, 43618.956399999558926 ] } },
{ "type": "Feature", "properties": { "BUS_STOP_N": "40279", "LOC_DESC": "KK WOMEN & CHILD HOSP" }, "geometry": { "type": "Point", "coordinates": [ 29424.434899999760091, 32452.744599999859929 ] } },
{ "type": "Feature", "properties": { "BUS_STOP_N": "23349", "LOC_DESC": "BEF PIONEER RD" }, "geometry": { "type": "Point", "coordinates": [ 10803.45299999974668, 32595.895099999383092 ] } },
{ "type": "Feature", "properties": { "BUS_STOP_N": "42119", "LOC_DESC": "SOUTHAVEN II" }, "geometry": { "type": "Point", "coordinates": [ 21226.190999999642372, 36495.754000000655651 ] } },
{ "type": "Feature", "properties": { "BUS_STOP_N": "47101", "LOC_DESC": "BEF SENOKO AVE" }, "geometry": { "type": "Point", "coordinates": [ 25307.769600000232458, 49792.540200000628829 ] } },
{ "type": "Feature", "properties": { "BUS_STOP_N": "21269", "LOC_DESC": "BEF CHIN BEE AVE" }, "geometry": { "type": "Point", "coordinates": [ 14329.410199999809265, 35152.425799999386072 ] } },
{ "type": "Feature", "properties": { "BUS_STOP_N": "77189", "LOC_DESC": "BLK 613" }, "geometry": { "type": "Point", "coordinates": [ 40011.04590000025928, 39721.623999999836087 ] } },
{ "type": "Feature", "properties": { "BUS_STOP_N": "68151", "LOC_DESC": "BEF SHELL AVIATION" }, "geometry": { "type": "Point", "coordinates": [ 31603.564500000327826, 44889.630300000309944 ] } },
{ "type": "Feature", "properties": { "BUS_STOP_N": "54049", "LOC_DESC": "COURTS ANG MO KIO" }, "geometry": { "type": "Point", "coordinates": [ 29337.431699999608099, 39492.486099999397993 ] } },
{ "type": "Feature", "properties": { "BUS_STOP_N": "77069", "LOC_DESC": "OPP RIS GRANDEUR" }, "geometry": { "type": "Point", "coordinates": [ 39956.21889999974519, 39557.609699999913573 ] } },
{ "type": "Feature", "properties": { "BUS_STOP_N": "14391", "LOC_DESC": "OPP BLK 85" }, "geometry": { "type": "Point", "coordinates": [ 25250.654099999926984, 28931.284900000318885 ] } },
{ "type": "Feature", "properties": { "BUS_STOP_N": "46991", "LOC_DESC": "BLK 589" }, "geometry": { "type": "Point", "coordinates": [ 23842.313400000333786, 45487.448200000450015 ] } },
{ "type": "Feature", "properties": { "BUS_STOP_N": "18271", "LOC_DESC": "BLK 85" }, "geometry": { "type": "Point", "coordinates": [ 23169.324900000356138, 30084.319599999114871 ] } },
{ "type": "Feature", "properties": { "BUS_STOP_N": "27531", "LOC_DESC": "BLK 918" }, "geometry": { "type": "Point", "coordinates": [ 11712.749699999578297, 35848.797800000756979 ] } },
{ "type": "Feature", "properties": { "BUS_STOP_N": "14341", "LOC_DESC": "OPP BLK 59" }, "geometry": { "type": "Point", "coordinates": [ 25805.469700000248849, 28708.23450000025332 ] } },
{ "type": "Feature", "properties": { "BUS_STOP_N": "54251", "LOC_DESC": "AFT GRANDEUR 8" }, "geometry": { "type": "Point", "coordinates": [ 29421.959300000220537, 39876.728000000119209 ] } },
{ "type": "Feature", "properties": { "BUS_STOP_N": "50349", "LOC_DESC": "BLK 107" }, "geometry": { "type": "Point", "coordinates": [ 30926.328900000080466, 33500.533800000324845 ] } },
{ "type": "Feature", "properties": { "BUS_STOP_N": "28159", "LOC_DESC": "AFT HONG KAH CIRCLE" }, "geometry": { "type": "Point", "coordinates": [ 15550.415699999779463, 37560.702500000596046 ] } },
{ "type": "Feature", "properties": { "BUS_STOP_N": "25121", "LOC_DESC": "AFT TUAS AVE 8" }, "geometry": { "type": "Point", "coordinates": [ 7789.403900000266731, 34755.761900000274181 ] } },
{ "type": "Feature", "properties": { "BUS_STOP_N": "44391", "LOC_DESC": "AFT BLK 202" }, "geometry": { "type": "Point", "coordinates": [ 18584.737900000065565, 40512.972999999299645 ] } },
{ "type": "Feature", "properties": { "BUS_STOP_N": "77091", "LOC_DESC": "AFT PASIR RIS AVE" }, "geometry": { "type": "Point", "coordinates": [ 40485.058899999596179, 40267.822399999946356 ] } },
{ "type": "Feature", "properties": { "BUS_STOP_N": "52179", "LOC_DESC": "BRADDELL STN / BLK 106" }, "geometry": { "type": "Point", "coordinates": [ 29630.277499999850988, 35873.022299999371171 ] } },
{ "type": "Feature", "properties": { "BUS_STOP_N": "76301", "LOC_DESC": "BLK 283" }, "geometry": { "type": "Point", "coordinates": [ 41382.067599999718368, 36801.735200000926852 ] } },
{ "type": "Feature", "properties": { "BUS_STOP_N": "21579", "LOC_DESC": "JURONG SEC SCH" }, "geometry": { "type": "Point", "coordinates": [ 15737.442800000309944, 34695.429500000551343 ] } },
{ "type": "Feature", "properties": { "BUS_STOP_N": "15101", "LOC_DESC": "OPP LP 31" }, "geometry": { "type": "Point", "coordinates": [ 22687.775000000372529, 29843.481799999251962 ] } },
{ "type": "Feature", "properties": { "BUS_STOP_N": "07011", "LOC_DESC": "PEACE CTR" }, "geometry": { "type": "Point", "coordinates": [ 29836.9527000002563, 31489.122400000691414 ] } },
{ "type": "Feature", "properties": { "BUS_STOP_N": "11429", "LOC_DESC": "OPP BLK 115B" }, "geometry": { "type": "Point", "coordinates": [ 24117.554700000211596, 31874.134400000795722 ] } },
{ "type": "Feature", "properties": { "BUS_STOP_N": "10651", "LOC_DESC": "BLK 161" }, "geometry": { "type": "Point", "coordinates": [ 26008.573200000450015, 29528.16469999961555 ] } },
{ "type": "Feature", "properties": { "BUS_STOP_N": "75271", "LOC_DESC": "BLK 721" }, "geometry": { "type": "Point", "coordinates": [ 39418.17920000012964, 38033.453400000929832 ] } },
{ "type": "Feature", "properties": { "BUS_STOP_N": "48041", "LOC_DESC": "AFT JLN ULU SEMBAWANG" }, "geometry": { "type": "Point", "coordinates": [ 23066.535099999979138, 43835.154699999839067 ] } },
{ "type": "Feature", "properties": { "BUS_STOP_N": "27399", "LOC_DESC": "BET BLKS 859/860" }, "geometry": { "type": "Point", "coordinates": [ 12769.716000000014901, 36753.138100000098348 ] } },
{ "type": "Feature", "properties": { "BUS_STOP_N": "58169", "LOC_DESC": "AFT HOMETEAMNS SEMBAWANG RESORT" }, "geometry": { "type": "Point", "coordinates": [ 26611.195700000040233, 49045.810000000521541 ] } },
{ "type": "Feature", "properties": { "BUS_STOP_N": "24351", "LOC_DESC": "OPP S'PORE TAKADA IND" }, "geometry": { "type": "Point", "coordinates": [ 9636.243700000457466, 31173.838400000706315 ] } },
{ "type": "Feature", "properties": { "BUS_STOP_N": "78251", "LOC_DESC": "LIGHTHOUSE" }, "geometry": { "type": "Point", "coordinates": [ 42050.109000000171363, 40025.822499999776483 ] } },
{ "type": "Feature", "properties": { "BUS_STOP_N": "78259", "LOC_DESC": "OPP LIGHTHOUSE" }, "geometry": { "type": "Point", "coordinates": [ 42036.416400000452995, 40003.975899999961257 ] } },
{ "type": "Feature", "properties": { "BUS_STOP_N": "67281", "LOC_DESC": "BLK 403A" }, "geometry": { "type": "Point", "coordinates": [ 32412.365299999713898, 41240.572200000286102 ] } },
{ "type": "Feature", "properties": { "BUS_STOP_N": "20039", "LOC_DESC": "OPP THE INFINITI" }, "geometry": { "type": "Point", "coordinates": [ 19262.309999999590218, 33694.927999999374151 ] } },
{ "type": "Feature", "properties": { "BUS_STOP_N": "28079", "LOC_DESC": "BLK 210" }, "geometry": { "type": "Point", "coordinates": [ 17459.25789999961853, 35619.287900000810623 ] } },
{ "type": "Feature", "properties": { "BUS_STOP_N": "60081", "LOC_DESC": "ST. ANDREW'S VILLAGE" }, "geometry": { "type": "Point", "coordinates": [ 31681.505800000391901, 34607.442099999636412 ] } },
{ "type": "Feature", "properties": { "BUS_STOP_N": "15131", "LOC_DESC": "KENT RIDGE STN" }, "geometry": { "type": "Point", "coordinates": [ 22588.648000000044703, 30578.414100000634789 ] } },
{ "type": "Feature", "properties": { "BUS_STOP_N": "54269", "LOC_DESC": "OPP ANG MO KIO STN" }, "geometry": { "type": "Point", "coordinates": [ 29978.402999999932945, 39027.470399999991059 ] } },
{ "type": "Feature", "properties": { "BUS_STOP_N": "43641", "LOC_DESC": "OPP HOMETEAMNS" }, "geometry": { "type": "Point", "coordinates": [ 18765.881400000303984, 38593.303600000217557 ] } },
{ "type": "Feature", "properties": { "BUS_STOP_N": "65279", "LOC_DESC": "BET BLK 187/188" }, "geometry": { "type": "Point", "coordinates": [ 36636.080799999646842, 42361.063699999824166 ] } },
{ "type": "Feature", "properties": { "BUS_STOP_N": "11269", "LOC_DESC": "OPP HOLLAND VILLAGE" }, "geometry": { "type": "Point", "coordinates": [ 23671.387099999934435, 32776.73589999973774 ] } },
{ "type": "Feature", "properties": { "BUS_STOP_N": "11261", "LOC_DESC": "HOLLAND VILLAGE" }, "geometry": { "type": "Point", "coordinates": [ 23669.948499999940395, 32729.138000000268221 ] } },
{ "type": "Feature", "properties": { "BUS_STOP_N": "21661", "LOC_DESC": "YUAN CHING SEC SCH" }, "geometry": { "type": "Point", "coordinates": [ 15543.917999999597669, 35998.46000000089407 ] } },
{ "type": "Feature", "properties": { "BUS_STOP_N": "66471", "LOC_DESC": "BEF YIO CHU KANG RD" }, "geometry": { "type": "Point", "coordinates": [ 32572.949799999594688, 40107.865800000727177 ] } },
{ "type": "Feature", "properties": { "BUS_STOP_N": "66479", "LOC_DESC": "AFT YIO CHU KANG RD" }, "geometry": { "type": "Point", "coordinates": [ 32572.675099999643862, 40069.160099999979138 ] } },
{ "type": "Feature", "properties": { "BUS_STOP_N": "46051", "LOC_DESC": "BEF BKE" }, "geometry": { "type": "Point", "coordinates": [ 20547.656200000084937, 46728.478399999439716 ] } },
{ "type": "Feature", "properties": { "BUS_STOP_N": "58489", "LOC_DESC": "WELLINGTON PR SCH" }, "geometry": { "type": "Point", "coordinates": [ 26795.484199999831617, 48274.938300000503659 ] } },
{ "type": "Feature", "properties": { "BUS_STOP_N": "28229", "LOC_DESC": "GERMAN CTR" }, "geometry": { "type": "Point", "coordinates": [ 18274.494300000369549, 34166.425200000405312 ] } },
{ "type": "Feature", "properties": { "BUS_STOP_N": "18329", "LOC_DESC": "UNIVERSITY HEALTH CTR" }, "geometry": { "type": "Point", "coordinates": [ 21506.557300000451505, 31272.926999999210238 ] } },
{ "type": "Feature", "properties": { "BUS_STOP_N": "05649", "LOC_DESC": "OPP CUSTOMS PORT BR HQ" }, "geometry": { "type": "Point", "coordinates": [ 28855.170300000347197, 28320.308199999853969 ] } },
{ "type": "Feature", "properties": { "BUS_STOP_N": "75121", "LOC_DESC": "OPP DARUL GHUFRAN MQUE" }, "geometry": { "type": "Point", "coordinates": [ 39764.324400000274181, 37559.571699999272823 ] } },
{ "type": "Feature", "properties": { "BUS_STOP_N": "01619", "LOC_DESC": "ESPLANADE STN EXIT F" }, "geometry": { "type": "Point", "coordinates": [ 30413.262299999594688, 30735.670299999415874 ] } },
{ "type": "Feature", "properties": { "BUS_STOP_N": "10049", "LOC_DESC": "OPP KG BAHRU TER" }, "geometry": { "type": "Point", "coordinates": [ 28144.932000000029802, 28746.921000000089407 ] } },
{ "type": "Feature", "properties": { "BUS_STOP_N": "10041", "LOC_DESC": "BEF KG BAHRU TER" }, "geometry": { "type": "Point", "coordinates": [ 28218.78899999987334, 28728.260900000110269 ] } },
{ "type": "Feature", "properties": { "BUS_STOP_N": "23449", "LOC_DESC": "AFT BENOI PL" }, "geometry": { "type": "Point", "coordinates": [ 10811.830400000326335, 32780.141100000590086 ] } },
{ "type": "Feature", "properties": { "BUS_STOP_N": "46221", "LOC_DESC": "OPP CASABLANCA" }, "geometry": { "type": "Point", "coordinates": [ 22909.532800000160933, 45838.640699999406934 ] } },
{ "type": "Feature", "properties": { "BUS_STOP_N": "46229", "LOC_DESC": "CASABLANCA" }, "geometry": { "type": "Point", "coordinates": [ 22854.906600000336766, 45772.167899999767542 ] } },
{ "type": "Feature", "properties": { "BUS_STOP_N": "44041", "LOC_DESC": "JUNCTION 10" }, "geometry": { "type": "Point", "coordinates": [ 19883.033400000073016, 40309.699999999254942 ] } },
{ "type": "Feature", "properties": { "BUS_STOP_N": "23441", "LOC_DESC": "BEF BENOI PL" }, "geometry": { "type": "Point", "coordinates": [ 10773.631000000052154, 32825.121999999508262 ] } },
{ "type": "Feature", "properties": { "BUS_STOP_N": "76231", "LOC_DESC": "OPP BLK 390" }, "geometry": { "type": "Point", "coordinates": [ 41817.815100000239909, 37649.05519999936223 ] } },
{ "type": "Feature", "properties": { "BUS_STOP_N": "76239", "LOC_DESC": "BLK 390" }, "geometry": { "type": "Point", "coordinates": [ 41835.648199999704957, 37624.929099999368191 ] } },
{ "type": "Feature", "properties": { "BUS_STOP_N": "67419", "LOC_DESC": "SENGKANG GENERAL HOSP" }, "geometry": { "type": "Point", "coordinates": [ 34737.727699999697506, 41825.853099999949336 ] } },
{ "type": "Feature", "properties": { "BUS_STOP_N": "67411", "LOC_DESC": "OPP SENGKANG GENERAL HOSP" }, "geometry": { "type": "Point", "coordinates": [ 34785.911500000394881, 41845.372099999338388 ] } },
{ "type": "Feature", "properties": { "BUS_STOP_N": "84489", "LOC_DESC": "OPP BEDOK IND PK C" }, "geometry": { "type": "Point", "coordinates": [ 37235.667999999597669, 35581.88429999910295 ] } },
{ "type": "Feature", "properties": { "BUS_STOP_N": "84481", "LOC_DESC": "AFT BEDOK IND PK C" }, "geometry": { "type": "Point", "coordinates": [ 37118.109000000171363, 35521.793999999761581 ] } },
{ "type": "Feature", "properties": { "BUS_STOP_N": "80211", "LOC_DESC": "OPP NATL STADIUM" }, "geometry": { "type": "Point", "coordinates": [ 32701.740500000305474, 32158.539100000634789 ] } },
{ "type": "Feature", "properties": { "BUS_STOP_N": "80219", "LOC_DESC": "NATL STADIUM" }, "geometry": { "type": "Point", "coordinates": [ 32674.220399999991059, 32119.132200000807643 ] } },
{ "type": "Feature", "properties": { "BUS_STOP_N": "80111", "LOC_DESC": "bef Geylang Rd" }, "geometry": { "type": "Point", "coordinates": [ 32696.521599999628961, 32479.016699999570847 ] } },
{ "type": "Feature", "properties": { "BUS_STOP_N": "80119", "LOC_DESC": "aft Geylang Rd" }, "geometry": { "type": "Point", "coordinates": [ 32749.018299999646842, 32483.299200000241399 ] } },
{ "type": "Feature", "properties": { "BUS_STOP_N": "84229", "LOC_DESC": "BLK 111" }, "geometry": { "type": "Point", "coordinates": [ 39332.732800000347197, 34866.251800000667572 ] } },
{ "type": "Feature", "properties": { "BUS_STOP_N": "84569", "LOC_DESC": "OPP BLK 53" }, "geometry": { "type": "Point", "coordinates": [ 37651.193300000391901, 34464.99210000038147 ] } },
{ "type": "Feature", "properties": { "BUS_STOP_N": "99021", "LOC_DESC": "BEF CRANWELL RD" }, "geometry": { "type": "Point", "coordinates": [ 44238.032399999909103, 40962.950899999588728 ] } },
{ "type": "Feature", "properties": { "BUS_STOP_N": "48051", "LOC_DESC": "MANDAI AGROTECH PK" }, "geometry": { "type": "Point", "coordinates": [ 24007.596499999985099, 44125.309699999168515 ] } },
{ "type": "Feature", "properties": { "BUS_STOP_N": "45369", "LOC_DESC": "BLK 765" }, "geometry": { "type": "Point", "coordinates": [ 18716.719100000336766, 41604.59569999948144 ] } },
{ "type": "Feature", "properties": { "BUS_STOP_N": "23279", "LOC_DESC": "BEF BENOI SECTOR" }, "geometry": { "type": "Point", "coordinates": [ 12224.169200000353158, 33024.59940000064671 ] } },
{ "type": "Feature", "properties": { "BUS_STOP_N": "81139", "LOC_DESC": "GRANDLINK SQ" }, "geometry": { "type": "Point", "coordinates": [ 34522.110500000417233, 32968.657700000330806 ] } },
{ "type": "Feature", "properties": { "BUS_STOP_N": "49101", "LOC_DESC": "OPP ORDINANCE SUPPLY BASE" }, "geometry": { "type": "Point", "coordinates": [ 19377.370000000111759, 45776.260099999606609 ] } },
{ "type": "Feature", "properties": { "BUS_STOP_N": "76109", "LOC_DESC": "BLK 302" }, "geometry": { "type": "Point", "coordinates": [ 41552.74349999986589, 37225.57039999961853 ] } },
{ "type": "Feature", "properties": { "BUS_STOP_N": "20231", "LOC_DESC": "BEF HASANAH MQUE" }, "geometry": { "type": "Point", "coordinates": [ 17568.247499999590218, 33835.947699999436736 ] } },
{ "type": "Feature", "properties": { "BUS_STOP_N": "18191", "LOC_DESC": "BEF WHITCHURCH RD" }, "geometry": { "type": "Point", "coordinates": [ 23837.351999999955297, 30745.09320000000298 ] } },
{ "type": "Feature", "properties": { "BUS_STOP_N": "83371", "LOC_DESC": "AFT JLN PARAS" }, "geometry": { "type": "Point", "coordinates": [ 37128.916799999773502, 34283.503599999472499 ] } },
{ "type": "Feature", "properties": { "BUS_STOP_N": "52081", "LOC_DESC": "AFT BLK 195" }, "geometry": { "type": "Point", "coordinates": [ 31069.461799999698997, 34777.990100000053644 ] } },
{ "type": "Feature", "properties": { "BUS_STOP_N": "66521", "LOC_DESC": "BAN TECK HAN BLDG" }, "geometry": { "type": "Point", "coordinates": [ 32491.103600000031292, 39692.150900000706315 ] } },
{ "type": "Feature", "properties": { "BUS_STOP_N": "93099", "LOC_DESC": "SIGLAP STH CC" }, "geometry": { "type": "Point", "coordinates": [ 38950.485299999825656, 32906.767400000244379 ] } },
{ "type": "Feature", "properties": { "BUS_STOP_N": "77271", "LOC_DESC": "AFT PASIR RIS ST 72" }, "geometry": { "type": "Point", "coordinates": [ 39309.667600000277162, 40281.14809999987483 ] } },
{ "type": "Feature", "properties": { "BUS_STOP_N": "95099", "LOC_DESC": "OPP SAF FERRY TER" }, "geometry": { "type": "Point", "coordinates": [ 46410.224799999967217, 41129.487299999222159 ] } },
{ "type": "Feature", "properties": { "BUS_STOP_N": "11419", "LOC_DESC": "HOLLAND V STN EXIT A" }, "geometry": { "type": "Point", "coordinates": [ 23852.362999999895692, 32629.400200000032783 ] } },
{ "type": "Feature", "properties": { "BUS_STOP_N": "22029", "LOC_DESC": "OPP GIVAUDAN" }, "geometry": { "type": "Point", "coordinates": [ 13462.088600000366569, 33853.758600000292063 ] } },
{ "type": "Feature", "properties": { "BUS_STOP_N": "09047", "LOC_DESC": "ORCHARD STN / TANGS PLAZA" }, "geometry": { "type": "Point", "coordinates": [ 27934.583399999886751, 31884.216600000858307 ] } },
{ "type": "Feature", "properties": { "BUS_STOP_N": "47029", "LOC_DESC": "OPP KHALSA CRES CTR" }, "geometry": { "type": "Point", "coordinates": [ 22343.939100000075996, 48067.090500000864267 ] } },
{ "type": "Feature", "properties": { "BUS_STOP_N": "23359", "LOC_DESC": "OPP GUL AVE" }, "geometry": { "type": "Point", "coordinates": [ 10820.159799999557436, 32958.448400000110269 ] } },
{ "type": "Feature", "properties": { "BUS_STOP_N": "23491", "LOC_DESC": "JOO KOON STN EXIT B" }, "geometry": { "type": "Point", "coordinates": [ 10700.332600000314415, 34462.269200000911951 ] } },
{ "type": "Feature", "properties": { "BUS_STOP_N": "47019", "LOC_DESC": "AFT WOODLANDS WATERFRONT PK" }, "geometry": { "type": "Point", "coordinates": [ 21948.654900000430644, 48043.407999999821186 ] } },
{ "type": "Feature", "properties": { "BUS_STOP_N": "20051", "LOC_DESC": "CYCLE & CARRIAGE" }, "geometry": { "type": "Point", "coordinates": [ 18451.868700000457466, 33870.528100000694394 ] } },
{ "type": "Feature", "properties": { "BUS_STOP_N": "24219", "LOC_DESC": "PRECISION PRODUCTS" }, "geometry": { "type": "Point", "coordinates": [ 9004.291500000283122, 33381.083100000396371 ] } },
{ "type": "Feature", "properties": { "BUS_STOP_N": "19011", "LOC_DESC": "BLK 19A CP" }, "geometry": { "type": "Point", "coordinates": [ 22552.765100000426173, 32227.654799999669194 ] } },
{ "type": "Feature", "properties": { "BUS_STOP_N": "80029", "LOC_DESC": "BEF KG BUGIS" }, "geometry": { "type": "Point", "coordinates": [ 31814.829199999570847, 32406.651799999177456 ] } },
{ "type": "Feature", "properties": { "BUS_STOP_N": "80039", "LOC_DESC": "OPP LOR 1 GEYLANG TER" }, "geometry": { "type": "Point", "coordinates": [ 32270.353199999779463, 32476.132699999958277 ] } },
{ "type": "Feature", "properties": { "BUS_STOP_N": "43009", "LOC_DESC": "BT BATOK INT" }, "geometry": { "type": "Point", "coordinates": [ 18845.911299999803305, 36931.212300000712276 ] } },
{ "type": "Feature", "properties": { "BUS_STOP_N": "40269", "LOC_DESC": "LP 57" }, "geometry": { "type": "Point", "coordinates": [ 27246.077499999664724, 35911.143699999898672 ] } },
{ "type": "Feature", "properties": { "BUS_STOP_N": "54239", "LOC_DESC": "BLK 209" }, "geometry": { "type": "Point", "coordinates": [ 29104.868200000375509, 39023.584400000050664 ] } },
{ "type": "Feature", "properties": { "BUS_STOP_N": "04159", "LOC_DESC": "AFT CHIJMES" }, "geometry": { "type": "Point", "coordinates": [ 29972.463200000114739, 30801.605699999257922 ] } },
{ "type": "Feature", "properties": { "BUS_STOP_N": "66291", "LOC_DESC": "AFT MEDWAY DR" }, "geometry": { "type": "Point", "coordinates": [ 31184.982699999585748, 38669.511199999600649 ] } },
{ "type": "Feature", "properties": { "BUS_STOP_N": "23069", "LOC_DESC": "BEF KIAN TECK RD" }, "geometry": { "type": "Point", "coordinates": [ 11588.51410000026226, 34679.097599999979138 ] } },
{ "type": "Feature", "properties": { "BUS_STOP_N": "96021", "LOC_DESC": "OPP EXPO HALLS 1/2/3" }, "geometry": { "type": "Point", "coordinates": [ 41721.920800000429153, 35131.754699999466538 ] } },
{ "type": "Feature", "properties": { "BUS_STOP_N": "45211", "LOC_DESC": "BEF BKE" }, "geometry": { "type": "Point", "coordinates": [ 20941.256099999882281, 43572.467399999499321 ] } },
{ "type": "Feature", "properties": { "BUS_STOP_N": "22221", "LOC_DESC": "AFT PIONEER RD NTH" }, "geometry": { "type": "Point", "coordinates": [ 12932.116200000047684, 34458.496200000867248 ] } },
{ "type": "Feature", "properties": { "BUS_STOP_N": "57029", "LOC_DESC": "AFT THE SPRINGSIDE" }, "geometry": { "type": "Point", "coordinates": [ 26357.399500000290573, 42860.450300000607967 ] } },
{ "type": "Feature", "properties": { "BUS_STOP_N": "29059", "LOC_DESC": "CALTEX S'PORE" }, "geometry": { "type": "Point", "coordinates": [ 17886.831500000320375, 31864.671800000593066 ] } },
{ "type": "Feature", "properties": { "BUS_STOP_N": "84341", "LOC_DESC": "OPP FENGSHAN PR SCH" }, "geometry": { "type": "Point", "coordinates": [ 38990.28139999974519, 34816.999299999326468 ] } },
{ "type": "Feature", "properties": { "BUS_STOP_N": "05189", "LOC_DESC": "OPP SRI MARIAMMAN TP" }, "geometry": { "type": "Point", "coordinates": [ 29326.622800000011921, 29387.439400000497699 ] } },
{ "type": "Feature", "properties": { "BUS_STOP_N": "84669", "LOC_DESC": "BLK 73" }, "geometry": { "type": "Point", "coordinates": [ 40336.158400000073016, 33584.380799999460578 ] } },
{ "type": "Feature", "properties": { "BUS_STOP_N": "54009", "LOC_DESC": "ANG MO KIO INT" }, "geometry": { "type": "Point", "coordinates": [ 29711.811599999666214, 39098.122199999168515 ] } },
{ "type": "Feature", "properties": { "BUS_STOP_N": "09023", "LOC_DESC": "OPP ORCHARD STN / ION" }, "geometry": { "type": "Point", "coordinates": [ 27818.39740000013262, 31757.8597999997437 ] } },
{ "type": "Feature", "properties": { "BUS_STOP_N": "67739", "LOC_DESC": "AFT SENGKANG EAST DR" }, "geometry": { "type": "Point", "coordinates": [ 35643.908800000324845, 40212.948200000450015 ] } },
{ "type": "Feature", "properties": { "BUS_STOP_N": "51031", "LOC_DESC": "S'PORE POLO CLUB" }, "geometry": { "type": "Point", "coordinates": [ 28587.529199999757111, 34867.324799999594688 ] } },
{ "type": "Feature", "properties": { "BUS_STOP_N": "76169", "LOC_DESC": "BLK 248" }, "geometry": { "type": "Point", "coordinates": [ 40702.597799999639392, 37172.809699999168515 ] } },
{ "type": "Feature", "properties": { "BUS_STOP_N": "98229", "LOC_DESC": "HONEYWELL" }, "geometry": { "type": "Point", "coordinates": [ 43733.46239999961108, 39989.475299999117851 ] } },
{ "type": "Feature", "properties": { "BUS_STOP_N": "65259", "LOC_DESC": "PUNGGOL STN / INT" }, "geometry": { "type": "Point", "coordinates": [ 35765.220099999569356, 42986.716399999335408 ] } },
{ "type": "Feature", "properties": { "BUS_STOP_N": "21761", "LOC_DESC": "BLK 138B" }, "geometry": { "type": "Point", "coordinates": [ 15913.622999999672174, 34521.73960000090301 ] } },
{ "type": "Feature", "properties": { "BUS_STOP_N": "10371", "LOC_DESC": "BLK 129" }, "geometry": { "type": "Point", "coordinates": [ 27012.676500000059605, 29557.136299999430776 ] } },
{ "type": "Feature", "properties": { "BUS_STOP_N": "44521", "LOC_DESC": "BLK 280" }, "geometry": { "type": "Point", "coordinates": [ 17898.938099999912083, 40309.942800000309944 ] } },
{ "type": "Feature", "properties": { "BUS_STOP_N": "04111", "LOC_DESC": "CAPITOL BLDG" }, "geometry": { "type": "Point", "coordinates": [ 29997.916000000201166, 30710.064500000327826 ] } },
{ "type": "Feature", "properties": { "BUS_STOP_N": "08041", "LOC_DESC": "YMCA" }, "geometry": { "type": "Point", "coordinates": [ 29611.188099999912083, 31161.567800000309944 ] } },
{ "type": "Feature", "properties": { "BUS_STOP_N": "81201", "LOC_DESC": "OPP GEYLANG METH SEC SCH" }, "geometry": { "type": "Point", "coordinates": [ 33536.355299999937415, 33441.218800000846386 ] } },
{ "type": "Feature", "properties": { "BUS_STOP_N": "21179", "LOC_DESC": "CORPORATION PL" }, "geometry": { "type": "Point", "coordinates": [ 15311.036299999803305, 34229.070900000631809 ] } },
{ "type": "Feature", "properties": { "BUS_STOP_N": "67561", "LOC_DESC": "OPP BLK 432A" }, "geometry": { "type": "Point", "coordinates": [ 32866.195600000210106, 41926.317800000309944 ] } },
{ "type": "Feature", "properties": { "BUS_STOP_N": "92209", "LOC_DESC": "AFT JLN BAIDURI" }, "geometry": { "type": "Point", "coordinates": [ 36700.715200000442564, 32583.033800000324845 ] } },
{ "type": "Feature", "properties": { "BUS_STOP_N": "52161", "LOC_DESC": "BRADDELL STN / BLK 111" }, "geometry": { "type": "Point", "coordinates": [ 29351.436900000087917, 35901.275299999862909 ] } },
{ "type": "Feature", "properties": { "BUS_STOP_N": "92289", "LOC_DESC": "MARINE COVE" }, "geometry": { "type": "Point", "coordinates": [ 36844.875900000333786, 31571.705600000917912 ] } },
{ "type": "Feature", "properties": { "BUS_STOP_N": "51021", "LOC_DESC": "OLD POLICE ACAD" }, "geometry": { "type": "Point", "coordinates": [ 28657.533800000324845, 34723.871400000527501 ] } },
{ "type": "Feature", "properties": { "BUS_STOP_N": "83329", "LOC_DESC": "OPP KEMBANGAN STN" }, "geometry": { "type": "Point", "coordinates": [ 36955.355499999597669, 33794.558599999174476 ] } },
{ "type": "Feature", "properties": { "BUS_STOP_N": "58271", "LOC_DESC": "BLK 335" }, "geometry": { "type": "Point", "coordinates": [ 25939.881199999712408, 47572.236999999731779 ] } },
{ "type": "Feature", "properties": { "BUS_STOP_N": "40249", "LOC_DESC": "ST JOSEPH'S INST" }, "geometry": { "type": "Point", "coordinates": [ 27333.987599999643862, 34124.597400000318885 ] } },
{ "type": "Feature", "properties": { "BUS_STOP_N": "22461", "LOC_DESC": "OPP BLK 653B" }, "geometry": { "type": "Point", "coordinates": [ 12734.940899999812245, 35355.397900000214577 ] } },
{ "type": "Feature", "properties": { "BUS_STOP_N": "43019", "LOC_DESC": "SPRINGDALE CONDO" }, "geometry": { "type": "Point", "coordinates": [ 21076.861999999731779, 36701.57799999974668 ] } },
{ "type": "Feature", "properties": { "BUS_STOP_N": "04339", "LOC_DESC": "FORT CANNING STN EXIT B" }, "geometry": { "type": "Point", "coordinates": [ 29261.896399999968708, 30547.620400000363588 ] } },
{ "type": "Feature", "properties": { "BUS_STOP_N": "21261", "LOC_DESC": "AFT CHIN BEE AVE" }, "geometry": { "type": "Point", "coordinates": [ 14307.614199999719858, 35131.363299999386072 ] } },
{ "type": "Feature", "properties": { "BUS_STOP_N": "95041", "LOC_DESC": "CIAS CARGO TERS" }, "geometry": { "type": "Point", "coordinates": [ 46066.891699999570847, 39397.760800000280142 ] } },
{ "type": "Feature", "properties": { "BUS_STOP_N": "42181", "LOC_DESC": "OPP THE HILLFORD" }, "geometry": { "type": "Point", "coordinates": [ 20873.840699999593198, 36212.866900000721216 ] } },
{ "type": "Feature", "properties": { "BUS_STOP_N": "48061", "LOC_DESC": "BEF MANDAI  AVE" }, "geometry": { "type": "Point", "coordinates": [ 24729.36019999999553, 44176.023000000044703 ] } },
{ "type": "Feature", "properties": { "BUS_STOP_N": "28181", "LOC_DESC": "BEF TOH TUCK LK" }, "geometry": { "type": "Point", "coordinates": [ 19640.648900000378489, 34691.875399999320507 ] } },
{ "type": "Feature", "properties": { "BUS_STOP_N": "19051", "LOC_DESC": "NEW TOWN SEC SCH" }, "geometry": { "type": "Point", "coordinates": [ 21394.45920000039041, 32368.194399999454618 ] } },
{ "type": "Feature", "properties": { "BUS_STOP_N": "47109", "LOC_DESC": "MAXSTEEL ENTERPRISE" }, "geometry": { "type": "Point", "coordinates": [ 25248.87459999974817, 49739.721899999305606 ] } },
{ "type": "Feature", "properties": { "BUS_STOP_N": "26201", "LOC_DESC": "OPP MSD" }, "geometry": { "type": "Point", "coordinates": [ 5584.70160000026226, 34349.413799999281764 ] } },
{ "type": "Feature", "properties": { "BUS_STOP_N": "25371", "LOC_DESC": "AFT TUAS AVE 4" }, "geometry": { "type": "Point", "coordinates": [ 7491.682199999690056, 34024.300499999895692 ] } },
{ "type": "Feature", "properties": { "BUS_STOP_N": "26049", "LOC_DESC": "DAMEN SHIPYARD" }, "geometry": { "type": "Point", "coordinates": [ 6786.829199999570847, 33021.899800000712276 ] } },
{ "type": "Feature", "properties": { "BUS_STOP_N": "71131", "LOC_DESC": "AUTOMOBILE MEGAMART" }, "geometry": { "type": "Point", "coordinates": [ 35588.380900000222027, 34833.774399999529123 ] } },
{ "type": "Feature", "properties": { "BUS_STOP_N": "46481", "LOC_DESC": "AFT W'LANDS IND PK E6" }, "geometry": { "type": "Point", "coordinates": [ 24422.904699999839067, 47924.377699999138713 ] } },
{ "type": "Feature", "properties": { "BUS_STOP_N": "20059", "LOC_DESC": "OPP CYCLE & CARRIAGE" }, "geometry": { "type": "Point", "coordinates": [ 18455.220700000412762, 33958.460200000554323 ] } },
{ "type": "Feature", "properties": { "BUS_STOP_N": "72071", "LOC_DESC": "BLK 133" }, "geometry": { "type": "Point", "coordinates": [ 36742.503800000064075, 34934.806199999526143 ] } },
{ "type": "Feature", "properties": { "BUS_STOP_N": "20249", "LOC_DESC": "BLK 54" }, "geometry": { "type": "Point", "coordinates": [ 17249.463100000284612, 33762.70920000039041 ] } },
{ "type": "Feature", "properties": { "BUS_STOP_N": "14191", "LOC_DESC": "BLK 105 CP" }, "geometry": { "type": "Point", "coordinates": [ 25644.723199999891222, 29293.098500000312924 ] } },
{ "type": "Feature", "properties": { "BUS_STOP_N": "66411", "LOC_DESC": "BLK 326" }, "geometry": { "type": "Point", "coordinates": [ 31976.074799999594688, 36910.850999999791384 ] } },
{ "type": "Feature", "properties": { "BUS_STOP_N": "20241", "LOC_DESC": "OPP BLK 54" }, "geometry": { "type": "Point", "coordinates": [ 17216.853799999691546, 33722.216700000688434 ] } },
{ "type": "Feature", "properties": { "BUS_STOP_N": "15071", "LOC_DESC": "OPP LOR SARHAD" }, "geometry": { "type": "Point", "coordinates": [ 22844.484299999661744, 29317.511800000444055 ] } },
{ "type": "Feature", "properties": { "BUS_STOP_N": "67589", "LOC_DESC": "BLK 314D" }, "geometry": { "type": "Point", "coordinates": [ 34276.863900000229478, 41476.676500000059605 ] } },
{ "type": "Feature", "properties": { "BUS_STOP_N": "17291", "LOC_DESC": "WEST COAST PK" }, "geometry": { "type": "Point", "coordinates": [ 20783.999400000087917, 30346.312999999150634 ] } },
{ "type": "Feature", "properties": { "BUS_STOP_N": "08079", "LOC_DESC": "SCH OF THE ARTS" }, "geometry": { "type": "Point", "coordinates": [ 29752.538800000213087, 31280.342100000008941 ] } },
{ "type": "Feature", "properties": { "BUS_STOP_N": "59809", "LOC_DESC": "OPP BLK 382C" }, "geometry": { "type": "Point", "coordinates": [ 29616.700799999758601, 45959.997400000691414 ] } },
{ "type": "Feature", "properties": { "BUS_STOP_N": "48071", "LOC_DESC": "MANDAI CREMATORIUM" }, "geometry": { "type": "Point", "coordinates": [ 24937.410899999551475, 43725.66579999960959 ] } },
{ "type": "Feature", "properties": { "BUS_STOP_N": "67611", "LOC_DESC": "BLK 204C" }, "geometry": { "type": "Point", "coordinates": [ 34782.050200000405312, 41069.832399999722838 ] } },
{ "type": "Feature", "properties": { "BUS_STOP_N": "94041", "LOC_DESC": "AFT PARBURY AVE" }, "geometry": { "type": "Point", "coordinates": [ 40347.788900000043213, 33161.647299999371171 ] } },
{ "type": "Feature", "properties": { "BUS_STOP_N": "49131", "LOC_DESC": "TAN CHIANG BROS MARBLE" }, "geometry": { "type": "Point", "coordinates": [ 19127.690700000151992, 43328.609600000083447 ] } },
{ "type": "Feature", "properties": { "BUS_STOP_N": "43279", "LOC_DESC": "AFT HILLVIEW STN" }, "geometry": { "type": "Point", "coordinates": [ 20494.005699999630451, 38233.363600000739098 ] } },
{ "type": "Feature", "properties": { "BUS_STOP_N": "17151", "LOC_DESC": "BLK 410" }, "geometry": { "type": "Point", "coordinates": [ 20910.630499999970198, 32668.936899999156594 ] } },
{ "type": "Feature", "properties": { "BUS_STOP_N": "70039", "LOC_DESC": "ALJUNIED PK" }, "geometry": { "type": "Point", "coordinates": [ 33170.858300000429153, 34602.74890000000596 ] } },
{ "type": "Feature", "properties": { "BUS_STOP_N": "75249", "LOC_DESC": "TEMASEK POLY WEST G" }, "geometry": { "type": "Point", "coordinates": [ 38770.743599999696016, 36676.535499999299645 ] } },
{ "type": "Feature", "properties": { "BUS_STOP_N": "71031", "LOC_DESC": "OPP GORDON WAREHSE BLDG" }, "geometry": { "type": "Point", "coordinates": [ 35075.448300000280142, 35711.40430000051856 ] } },
{ "type": "Feature", "properties": { "BUS_STOP_N": "01341", "LOC_DESC": "SOUTHBANK" }, "geometry": { "type": "Point", "coordinates": [ 31468.973899999633431, 32092.214199999347329 ] } },
{ "type": "Feature", "properties": { "BUS_STOP_N": "40201", "LOC_DESC": "CHELSEA GDNS CONDO" }, "geometry": { "type": "Point", "coordinates": [ 27337.989900000393391, 32876.662499999627471 ] } },
{ "type": "Feature", "properties": { "BUS_STOP_N": "42059", "LOC_DESC": "OPP KING ALBERT PK STN" }, "geometry": { "type": "Point", "coordinates": [ 22384.003200000151992, 35398.089600000530481 ] } },
{ "type": "Feature", "properties": { "BUS_STOP_N": "40029", "LOC_DESC": "AFT MAKEPEACE RD" }, "geometry": { "type": "Point", "coordinates": [ 29031.483799999579787, 32637.687899999320507 ] } },
{ "type": "Feature", "properties": { "BUS_STOP_N": "29121", "LOC_DESC": "OPP CLP INTL" }, "geometry": { "type": "Point", "coordinates": [ 17570.239400000311434, 32114.792700000107288 ] } },
{ "type": "Feature", "properties": { "BUS_STOP_N": "25201", "LOC_DESC": "AFT TUAS RD" }, "geometry": { "type": "Point", "coordinates": [ 8563.459999999962747, 33502.667500000447035 ] } },
{ "type": "Feature", "properties": { "BUS_STOP_N": "21491", "LOC_DESC": "BEF INTL RD" }, "geometry": { "type": "Point", "coordinates": [ 14365.535199999809265, 34350.953099999576807 ] } },
{ "type": "Feature", "properties": { "BUS_STOP_N": "46121", "LOC_DESC": "OPP MARSILING LANE MKT/ FC" }, "geometry": { "type": "Point", "coordinates": [ 21673.082299999892712, 47284.358500000089407 ] } },
{ "type": "Feature", "properties": { "BUS_STOP_N": "24679", "LOC_DESC": "OPP HIAP TECK METAL CO" }, "geometry": { "type": "Point", "coordinates": [ 8843.462600000202656, 32408.269500000402331 ] } },
{ "type": "Feature", "properties": { "BUS_STOP_N": "42301", "LOC_DESC": "OPP HSE NO. 19" }, "geometry": { "type": "Point", "coordinates": [ 20803.954300000332296, 35665.068800000473857 ] } },
{ "type": "Feature", "properties": { "BUS_STOP_N": "46721", "LOC_DESC": "BEF W'LANDS IND PK E7" }, "geometry": { "type": "Point", "coordinates": [ 24488.506199999712408, 48239.116599999368191 ] } },
{ "type": "Feature", "properties": { "BUS_STOP_N": "23111", "LOC_DESC": "BEF FOURTH LOK YANG RD" }, "geometry": { "type": "Point", "coordinates": [ 11877.703700000420213, 34086.14750000089407 ] } },
{ "type": "Feature", "properties": { "BUS_STOP_N": "11361", "LOC_DESC": "BUONA VISTA STN EXIT C" }, "geometry": { "type": "Point", "coordinates": [ 23244.120000000111759, 32096.479900000616908 ] } },
{ "type": "Feature", "properties": { "BUS_STOP_N": "40049", "LOC_DESC": "OPP NEWTON STN EXIT C" }, "geometry": { "type": "Point", "coordinates": [ 28614.423799999989569, 32925.300300000235438 ] } },
{ "type": "Feature", "properties": { "BUS_STOP_N": "26079", "LOC_DESC": "BEF TUAS LOOP" }, "geometry": { "type": "Point", "coordinates": [ 6120.036100000143051, 33652.146199999377131 ] } },
{ "type": "Feature", "properties": { "BUS_STOP_N": "81191", "LOC_DESC": "AFT OLD AIRPORT RD" }, "geometry": { "type": "Point", "coordinates": [ 34509.332899999804795, 32385.695000000298023 ] } },
{ "type": "Feature", "properties": { "BUS_STOP_N": "20181", "LOC_DESC": "AYER RAJAH CC" }, "geometry": { "type": "Point", "coordinates": [ 18455.548899999819696, 33639.10700000077486 ] } },
{ "type": "Feature", "properties": { "BUS_STOP_N": "46439", "LOC_DESC": "BLK 880" }, "geometry": { "type": "Point", "coordinates": [ 23478.672399999573827, 47311.549699999392033 ] } },
{ "type": "Feature", "properties": { "BUS_STOP_N": "25349", "LOC_DESC": "TIMES PRINTERS" }, "geometry": { "type": "Point", "coordinates": [ 7879.659799999557436, 33756.842800000682473 ] } },
{ "type": "Feature", "properties": { "BUS_STOP_N": "83309", "LOC_DESC": "AFT STILL LANE" }, "geometry": { "type": "Point", "coordinates": [ 36319.245199999772012, 32522.073999999091029 ] } },
{ "type": "Feature", "properties": { "BUS_STOP_N": "10081", "LOC_DESC": "OPP BLK 120" }, "geometry": { "type": "Point", "coordinates": [ 26783.191399999894202, 29416.861300000920892 ] } },
{ "type": "Feature", "properties": { "BUS_STOP_N": "48091", "LOC_DESC": "SCDF NEE SOON CAMP" }, "geometry": { "type": "Point", "coordinates": [ 25676.968700000084937, 42726.358599999919534 ] } },
{ "type": "Feature", "properties": { "BUS_STOP_N": "82139", "LOC_DESC": "MARANATHA HALL" }, "geometry": { "type": "Point", "coordinates": [ 35347.274799999780953, 32410.394899999722838 ] } },
{ "type": "Feature", "properties": { "BUS_STOP_N": "47589", "LOC_DESC": "BLK 519A CP" }, "geometry": { "type": "Point", "coordinates": [ 23397.815899999812245, 46291.941199999302626 ] } },
{ "type": "Feature", "properties": { "BUS_STOP_N": "21649", "LOC_DESC": "LAKESIDE APT" }, "geometry": { "type": "Point", "coordinates": [ 15963.877700000070035, 35426.151599999517202 ] } },
{ "type": "Feature", "properties": { "BUS_STOP_N": "81149", "LOC_DESC": "THE SUNNY SPRING CONDO" }, "geometry": { "type": "Point", "coordinates": [ 34277.974499999545515, 32715.499500000849366 ] } },
{ "type": "Feature", "properties": { "BUS_STOP_N": "01421", "LOC_DESC": "OPP GOLDEN MILE CPLX" }, "geometry": { "type": "Point", "coordinates": [ 31502.495699999853969, 31744.827099999412894 ] } },
{ "type": "Feature", "properties": { "BUS_STOP_N": "31191", "LOC_DESC": "B26 OLD CHOA CHU KANG RD" }, "geometry": { "type": "Point", "coordinates": [ 14272.077600000426173, 39297.028100000694394 ] } },
{ "type": "Feature", "properties": { "BUS_STOP_N": "47561", "LOC_DESC": "BLK 620" }, "geometry": { "type": "Point", "coordinates": [ 24173.986200000159442, 46102.933199999853969 ] } },
{ "type": "Feature", "properties": { "BUS_STOP_N": "59109", "LOC_DESC": "OPP YISHUN PR SCH" }, "geometry": { "type": "Point", "coordinates": [ 27996.523699999786913, 46235.16609999909997 ] } },
{ "type": "Feature", "properties": { "BUS_STOP_N": "59101", "LOC_DESC": "YISHUN PR SCH" }, "geometry": { "type": "Point", "coordinates": [ 27970.17850000038743, 46212.493899999186397 ] } },
{ "type": "Feature", "properties": { "BUS_STOP_N": "44179", "LOC_DESC": "AFT BT BATOK WEST AVE 5" }, "geometry": { "type": "Point", "coordinates": [ 18428.135999999940395, 38866.516000000759959 ] } },
{ "type": "Feature", "properties": { "BUS_STOP_N": "03539", "LOC_DESC": "Marina Bay Stn" }, "geometry": { "type": "Point", "coordinates": [ 30477.714900000020862, 28886.390399999916553 ] } },
{ "type": "Feature", "properties": { "BUS_STOP_N": "27309", "LOC_DESC": "BLK 705" }, "geometry": { "type": "Point", "coordinates": [ 12537.370199999772012, 35904.266499999910593 ] } },
{ "type": "Feature", "properties": { "BUS_STOP_N": "27321", "LOC_DESC": "BLK 948" }, "geometry": { "type": "Point", "coordinates": [ 12206.665000000037253, 36254.410000000149012 ] } },
{ "type": "Feature", "properties": { "BUS_STOP_N": "62271", "LOC_DESC": "OPP BLK 475B" }, "geometry": { "type": "Point", "coordinates": [ 35379.278199999593198, 39777.457800000905991 ] } },
{ "type": "Feature", "properties": { "BUS_STOP_N": "24009", "LOC_DESC": "JOO KOON INT" }, "geometry": { "type": "Point", "coordinates": [ 10763.817499999888241, 34356.409800000488758 ] } },
{ "type": "Feature", "properties": { "BUS_STOP_N": "59669", "LOC_DESC": "OPP BLK 932" }, "geometry": { "type": "Point", "coordinates": [ 28492.54009999986738, 45329.119200000539422 ] } },
{ "type": "Feature", "properties": { "BUS_STOP_N": "45429", "LOC_DESC": "BLK 666" }, "geometry": { "type": "Point", "coordinates": [ 18725.764399999752641, 42732.502499999478459 ] } },
{ "type": "Feature", "properties": { "BUS_STOP_N": "59641", "LOC_DESC": "BET BLKS 333C/333D" }, "geometry": { "type": "Point", "coordinates": [ 29428.677400000393391, 45943.580000000074506 ] } },
{ "type": "Feature", "properties": { "BUS_STOP_N": "23519", "LOC_DESC": "OPP FAIRPRICE HUB" }, "geometry": { "type": "Point", "coordinates": [ 10869.999699999578297, 34132.966299999505281 ] } },
{ "type": "Feature", "properties": { "BUS_STOP_N": "45409", "LOC_DESC": "BLK 675" }, "geometry": { "type": "Point", "coordinates": [ 18263.232099999673665, 42594.097699999809265 ] } },
{ "type": "Feature", "properties": { "BUS_STOP_N": "59709", "LOC_DESC": "BEF SAFRA YISHUN" }, "geometry": { "type": "Point", "coordinates": [ 28810.489400000311434, 45299.696000000461936 ] } },
{ "type": "Feature", "properties": { "BUS_STOP_N": "77239", "LOC_DESC": "BLK 643" }, "geometry": { "type": "Point", "coordinates": [ 39638.25650000013411, 39940.158299999311566 ] } },
{ "type": "Feature", "properties": { "BUS_STOP_N": "27511", "LOC_DESC": "BLK 974" }, "geometry": { "type": "Point", "coordinates": [ 12397.059899999760091, 35715.753699999302626 ] } },
{ "type": "Feature", "properties": { "BUS_STOP_N": "50251", "LOC_DESC": "FARRER PK STN" }, "geometry": { "type": "Point", "coordinates": [ 30396.713000000454485, 32751.240900000557303 ] } },
{ "type": "Feature", "properties": { "BUS_STOP_N": "22391", "LOC_DESC": "Bef Jln Buroh" }, "geometry": { "type": "Point", "coordinates": [ 12686.446999999694526, 32865.490000000223517 ] } },
{ "type": "Feature", "properties": { "BUS_STOP_N": "63281", "LOC_DESC": "BLK 105 MKT/FC" }, "geometry": { "type": "Point", "coordinates": [ 34293.423100000247359, 37363.274100000038743 ] } },
{ "type": "Feature", "properties": { "BUS_STOP_N": "30089", "LOC_DESC": "AFT HAI INN SEE TP" }, "geometry": { "type": "Point", "coordinates": [ 16958.805100000463426, 39900.709499999880791 ] } },
{ "type": "Feature", "properties": { "BUS_STOP_N": "46761", "LOC_DESC": "BLK 706" }, "geometry": { "type": "Point", "coordinates": [ 24002.601300000213087, 46813.42710000090301 ] } },
{ "type": "Feature", "properties": { "BUS_STOP_N": "66181", "LOC_DESC": "AFT CHARTWELL DR" }, "geometry": { "type": "Point", "coordinates": [ 31173.18680000025779, 37877.039100000634789 ] } },
{ "type": "Feature", "properties": { "BUS_STOP_N": "54219", "LOC_DESC": "OPP MAYFLOWER SEC SCH" }, "geometry": { "type": "Point", "coordinates": [ 28380.313299999572337, 38976.722799999639392 ] } },
{ "type": "Feature", "properties": { "BUS_STOP_N": "53209", "LOC_DESC": "AFT NEA REG OFF" }, "geometry": { "type": "Point", "coordinates": [ 28577.833999999798834, 38111.046900000423193 ] } },
{ "type": "Feature", "properties": { "BUS_STOP_N": "25449", "LOC_DESC": "AFT PIONEER RD" }, "geometry": { "type": "Point", "coordinates": [ 5942.58669999986887, 35289.36089999973774 ] } },
{ "type": "Feature", "properties": { "BUS_STOP_N": "54579", "LOC_DESC": "BLK 540" }, "geometry": { "type": "Point", "coordinates": [ 30398.228600000031292, 39645.286699999123812 ] } },
{ "type": "Feature", "properties": { "BUS_STOP_N": "16131", "LOC_DESC": "OPP KENT RIDGE TER" }, "geometry": { "type": "Point", "coordinates": [ 20884.056300000287592, 30816.256599999964237 ] } },
{ "type": "Feature", "properties": { "BUS_STOP_N": "54349", "LOC_DESC": "BLK 504" }, "geometry": { "type": "Point", "coordinates": [ 29647.764999999664724, 39634.485500000417233 ] } },
{ "type": "Feature", "properties": { "BUS_STOP_N": "90069", "LOC_DESC": "OPP DUNMAN HIGH SCH" }, "geometry": { "type": "Point", "coordinates": [ 33475.975700000301003, 31144.915300000458956 ] } },
{ "type": "Feature", "properties": { "BUS_STOP_N": "57021", "LOC_DESC": "FOREST HILLS CONDO" }, "geometry": { "type": "Point", "coordinates": [ 26335.469899999909103, 42890.90679999999702 ] } },
{ "type": "Feature", "properties": { "BUS_STOP_N": "44059", "LOC_DESC": "BLK 632 CP" }, "geometry": { "type": "Point", "coordinates": [ 19613.106700000353158, 40757.785000000149012 ] } },
{ "type": "Feature", "properties": { "BUS_STOP_N": "43409", "LOC_DESC": "OPP BLK 127" }, "geometry": { "type": "Point", "coordinates": [ 18392.633399999700487, 37173.144099999219179 ] } },
{ "type": "Feature", "properties": { "BUS_STOP_N": "51081", "LOC_DESC": "OPP MARYMOUNT CON SCH" }, "geometry": { "type": "Point", "coordinates": [ 28626.537999999709427, 35864.051599999889731 ] } },
{ "type": "Feature", "properties": { "BUS_STOP_N": "55029", "LOC_DESC": "SEASONS PK" }, "geometry": { "type": "Point", "coordinates": [ 28645.090800000354648, 40837.77419999986887 ] } },
{ "type": "Feature", "properties": { "BUS_STOP_N": "92141", "LOC_DESC": "NAFA ARTS KINDERGARTEN" }, "geometry": { "type": "Point", "coordinates": [ 36883.699599999934435, 32391.956199999898672 ] } },
{ "type": "Feature", "properties": { "BUS_STOP_N": "50019", "LOC_DESC": "PARISH OF CHRIST CH" }, "geometry": { "type": "Point", "coordinates": [ 29590.015999999828637, 32695.216299999505281 ] } },
{ "type": "Feature", "properties": { "BUS_STOP_N": "08058", "LOC_DESC": "AFT DHOBY GHAUT STN" }, "geometry": { "type": "Point", "coordinates": [ 29451.438500000163913, 31262.027499999850988 ] } },
{ "type": "Feature", "properties": { "BUS_STOP_N": "70131", "LOC_DESC": "BEF DAVIDSON RD" }, "geometry": { "type": "Point", "coordinates": [ 33765.831799999810755, 34998.659900000318885 ] } },
{ "type": "Feature", "properties": { "BUS_STOP_N": "96249", "LOC_DESC": "BUILDERS CTR" }, "geometry": { "type": "Point", "coordinates": [ 42828.319899999536574, 34493.322000000625849 ] } },
{ "type": "Feature", "properties": { "BUS_STOP_N": "11181", "LOC_DESC": "OPP BLK 43" }, "geometry": { "type": "Point", "coordinates": [ 23417.684600000269711, 32181.029500000178814 ] } },
{ "type": "Feature", "properties": { "BUS_STOP_N": "57141", "LOC_DESC": "BEF UPP THOMSON RD" }, "geometry": { "type": "Point", "coordinates": [ 26182.319099999964237, 42704.358799999579787 ] } },
{ "type": "Feature", "properties": { "BUS_STOP_N": "18331", "LOC_DESC": "KENT RIDGE STN EXIT A / NUH" }, "geometry": { "type": "Point", "coordinates": [ 22547.669800000265241, 30811.536299999803305 ] } },
{ "type": "Feature", "properties": { "BUS_STOP_N": "70361", "LOC_DESC": "BEF GENTING LK" }, "geometry": { "type": "Point", "coordinates": [ 32462.848500000312924, 34523.846100000664592 ] } },
{ "type": "Feature", "properties": { "BUS_STOP_N": "64519", "LOC_DESC": "BLK 943" }, "geometry": { "type": "Point", "coordinates": [ 33322.197800000198185, 39539.535900000482798 ] } },
{ "type": "Feature", "properties": { "BUS_STOP_N": "54581", "LOC_DESC": "BLK 574" }, "geometry": { "type": "Point", "coordinates": [ 30594.339999999850988, 39234.838500000536442 ] } },
{ "type": "Feature", "properties": { "BUS_STOP_N": "84199", "LOC_DESC": "OPP BLK 220 CP" }, "geometry": { "type": "Point", "coordinates": [ 39378.456399999558926, 34192.296599999070168 ] } },
{ "type": "Feature", "properties": { "BUS_STOP_N": "75571", "LOC_DESC": "BLK 637B" }, "geometry": { "type": "Point", "coordinates": [ 40246.522099999710917, 38418.278999999165535 ] } },
{ "type": "Feature", "properties": { "BUS_STOP_N": "75579", "LOC_DESC": "BLK 630B" }, "geometry": { "type": "Point", "coordinates": [ 40216.809299999848008, 38410.24890000000596 ] } },
{ "type": "Feature", "properties": { "BUS_STOP_N": "84141", "LOC_DESC": "OPP LION HOME FOR ELDERS" }, "geometry": { "type": "Point", "coordinates": [ 39668.22690000012517, 33608.927699999883771 ] } },
{ "type": "Feature", "properties": { "BUS_STOP_N": "97311", "LOC_DESC": "ZUELLIG PHARMA" }, "geometry": { "type": "Point", "coordinates": [ 43535.80449999962002, 37181.959000000730157 ] } },
{ "type": "Feature", "properties": { "BUS_STOP_N": "67491", "LOC_DESC": "OPP FERNVALE PRI SCH" }, "geometry": { "type": "Point", "coordinates": [ 32606.456199999898672, 41422.012499999254942 ] } },
{ "type": "Feature", "properties": { "BUS_STOP_N": "63141", "LOC_DESC": "BLK 209" }, "geometry": { "type": "Point", "coordinates": [ 32621.876500000245869, 37352.997899999842048 ] } },
{ "type": "Feature", "properties": { "BUS_STOP_N": "92279", "LOC_DESC": "D' ECOSIA" }, "geometry": { "type": "Point", "coordinates": [ 36497.570700000040233, 32077.353000000119209 ] } },
{ "type": "Feature", "properties": { "BUS_STOP_N": "21589", "LOC_DESC": "OPP BLK 65" }, "geometry": { "type": "Point", "coordinates": [ 15780.354000000283122, 34928.77140000090003 ] } },
{ "type": "Feature", "properties": { "BUS_STOP_N": "58571", "LOC_DESC": "BEF SEMBAWANG AVE" }, "geometry": { "type": "Point", "coordinates": [ 26176.08420000039041, 47059.411000000312924 ] } },
{ "type": "Feature", "properties": { "BUS_STOP_N": "78051", "LOC_DESC": "BLK 197" }, "geometry": { "type": "Point", "coordinates": [ 42228.786700000055134, 38706.526499999687076 ] } },
{ "type": "Feature", "properties": { "BUS_STOP_N": "23229", "LOC_DESC": "OPP GUL WAY" }, "geometry": { "type": "Point", "coordinates": [ 10017.447300000116229, 32333.379100000485778 ] } },
{ "type": "Feature", "properties": { "BUS_STOP_N": "58579", "LOC_DESC": "AFT SEMBAWANG AVE" }, "geometry": { "type": "Point", "coordinates": [ 26180.952499999664724, 47011.785900000482798 ] } },
{ "type": "Feature", "properties": { "BUS_STOP_N": "75281", "LOC_DESC": "BLK 742A" }, "geometry": { "type": "Point", "coordinates": [ 39155.959300000220537, 38033.346599999815226 ] } },
{ "type": "Feature", "properties": { "BUS_STOP_N": "96069", "LOC_DESC": "MERA TERR P/G" }, "geometry": { "type": "Point", "coordinates": [ 42444.910600000061095, 36522.784499999135733 ] } },
{ "type": "Feature", "properties": { "BUS_STOP_N": "44069", "LOC_DESC": "AFT KJE SLIP RD" }, "geometry": { "type": "Point", "coordinates": [ 19518.427600000053644, 40870.671099999919534 ] } },
{ "type": "Feature", "properties": { "BUS_STOP_N": "65641", "LOC_DESC": "MARINA COUNTRY CLUB" }, "geometry": { "type": "Point", "coordinates": [ 35403.067499999888241, 44131.294099999591708 ] } },
{ "type": "Feature", "properties": { "BUS_STOP_N": "93021", "LOC_DESC": "OPP MANDARIN GDNS" }, "geometry": { "type": "Point", "coordinates": [ 38138.364699999801815, 32336.359200000762939 ] } },
{ "type": "Feature", "properties": { "BUS_STOP_N": "58411", "LOC_DESC": "Blk 404A CP" }, "geometry": { "type": "Point", "coordinates": [ 26136.371500000357628, 48469.260500000789762 ] } },
{ "type": "Feature", "properties": { "BUS_STOP_N": "66301", "LOC_DESC": "BLK 152" }, "geometry": { "type": "Point", "coordinates": [ 32319.752999999560416, 39041.660900000482798 ] } },
{ "type": "Feature", "properties": { "BUS_STOP_N": "70359", "LOC_DESC": "AFT KALLANG SECTOR" }, "geometry": { "type": "Point", "coordinates": [ 32362.365399999544024, 34436.504499999806285 ] } },
{ "type": "Feature", "properties": { "BUS_STOP_N": "28469", "LOC_DESC": "BLK 316" }, "geometry": { "type": "Point", "coordinates": [ 16716.538800000213087, 36468.415599999949336 ] } },
{ "type": "Feature", "properties": { "BUS_STOP_N": "28551", "LOC_DESC": "BLK 560A" }, "geometry": { "type": "Point", "coordinates": [ 15390.615100000053644, 37244.496300000697374 ] } },
{ "type": "Feature", "properties": { "BUS_STOP_N": "46149", "LOC_DESC": "BLK 203" }, "geometry": { "type": "Point", "coordinates": [ 21382.822800000198185, 47250.286199999973178 ] } },
{ "type": "Feature", "properties": { "BUS_STOP_N": "53151", "LOC_DESC": "OPP BLK 263A CP" }, "geometry": { "type": "Point", "coordinates": [ 28891.134800000116229, 37944.57909999974072 ] } },
{ "type": "Feature", "properties": { "BUS_STOP_N": "46771", "LOC_DESC": "OPP ADMIRALTY STN" }, "geometry": { "type": "Point", "coordinates": [ 24323.508200000040233, 46956.649399999529123 ] } },
{ "type": "Feature", "properties": { "BUS_STOP_N": "49111", "LOC_DESC": "AFT JLN LAM HUAT" }, "geometry": { "type": "Point", "coordinates": [ 19331.333100000396371, 46019.676200000569224 ] } },
{ "type": "Feature", "properties": { "BUS_STOP_N": "44311", "LOC_DESC": "OPP BLK 253" }, "geometry": { "type": "Point", "coordinates": [ 21398.68680000025779, 40142.356799999251962 ] } },
{ "type": "Feature", "properties": { "BUS_STOP_N": "45169", "LOC_DESC": "OPP EUROKARS CTR" }, "geometry": { "type": "Point", "coordinates": [ 19238.430900000035763, 42783.184100000187755 ] } },
{ "type": "Feature", "properties": { "BUS_STOP_N": "64169", "LOC_DESC": "OPP SCHENKER" }, "geometry": { "type": "Point", "coordinates": [ 36694.015300000086427, 39252.751299999654293 ] } },
{ "type": "Feature", "properties": { "BUS_STOP_N": "98239", "LOC_DESC": "OPP LOYANG IND EST" }, "geometry": { "type": "Point", "coordinates": [ 43491.642099999822676, 39274.105200000107288 ] } },
{ "type": "Feature", "properties": { "BUS_STOP_N": "59499", "LOC_DESC": "ORCHID PK CONDO" }, "geometry": { "type": "Point", "coordinates": [ 28140.985100000165403, 43892.806199999526143 ] } },
{ "type": "Feature", "properties": { "BUS_STOP_N": "31019", "LOC_DESC": "BEF NANYANG AVE" }, "geometry": { "type": "Point", "coordinates": [ 12495.588600000366569, 38003.262599999085069 ] } },
{ "type": "Feature", "properties": { "BUS_STOP_N": "44809", "LOC_DESC": "BLK 628" }, "geometry": { "type": "Point", "coordinates": [ 19819.783099999651313, 40771.851199999451637 ] } },
{ "type": "Feature", "properties": { "BUS_STOP_N": "28701", "LOC_DESC": "AFT OLD TOH TUCK RD" }, "geometry": { "type": "Point", "coordinates": [ 19607.877100000157952, 34842.062599999830127 ] } },
{ "type": "Feature", "properties": { "BUS_STOP_N": "96031", "LOC_DESC": "OPP EXPO HALLS 4/5/6" }, "geometry": { "type": "Point", "coordinates": [ 41912.225999999791384, 35350.05599999986589 ] } },
{ "type": "Feature", "properties": { "BUS_STOP_N": "21229", "LOC_DESC": "OPP S'PORE AEROSPACE MFG" }, "geometry": { "type": "Point", "coordinates": [ 14944.818599999882281, 36017.351700000464916 ] } },
{ "type": "Feature", "properties": { "BUS_STOP_N": "10471", "LOC_DESC": "BEF TANGLIN RD" }, "geometry": { "type": "Point", "coordinates": [ 25937.487599999643862, 31019.153000000864267 ] } },
{ "type": "Feature", "properties": { "BUS_STOP_N": "28669", "LOC_DESC": "JURONG EAST WAREHSE" }, "geometry": { "type": "Point", "coordinates": [ 18652.931599999777973, 35405.298200000077486 ] } },
{ "type": "Feature", "properties": { "BUS_STOP_N": "21699", "LOC_DESC": "SUMMERDALE" }, "geometry": { "type": "Point", "coordinates": [ 14540.688000000081956, 35987.015300000086427 ] } },
{ "type": "Feature", "properties": { "BUS_STOP_N": "28691", "LOC_DESC": "WANG-FU IND PTE LTD" }, "geometry": { "type": "Point", "coordinates": [ 19567.022099999710917, 35311.817700000479817 ] } },
{ "type": "Feature", "properties": { "BUS_STOP_N": "96099", "LOC_DESC": "AFT UPP CHANGI RD EAST" }, "geometry": { "type": "Point", "coordinates": [ 41852.474000000394881, 35431.182000000029802 ] } },
{ "type": "Feature", "properties": { "BUS_STOP_N": "28231", "LOC_DESC": "JURONG TOWN HALL" }, "geometry": { "type": "Point", "coordinates": [ 17879.485700000077486, 34676.654100000858307 ] } },
{ "type": "Feature", "properties": { "BUS_STOP_N": "21719", "LOC_DESC": "OPP BLK 529" }, "geometry": { "type": "Point", "coordinates": [ 14837.689000000245869, 36660.739000000059605 ] } },
{ "type": "Feature", "properties": { "BUS_STOP_N": "10461", "LOC_DESC": "AFT MARGARET DR" }, "geometry": { "type": "Point", "coordinates": [ 25586.03070000000298, 31022.611300000920892 ] } },
{ "type": "Feature", "properties": { "BUS_STOP_N": "20259", "LOC_DESC": "C'WEALTH SEC SCH" }, "geometry": { "type": "Point", "coordinates": [ 18153.435100000351667, 33546.491800000891089 ] } },
{ "type": "Feature", "properties": { "BUS_STOP_N": "80301", "LOC_DESC": "BEF BLK 19" }, "geometry": { "type": "Point", "coordinates": [ 32471.44579999987036, 33178.36570000089705 ] } },
{ "type": "Feature", "properties": { "BUS_STOP_N": "43159", "LOC_DESC": "BEF GLENDALE PK CONDO" }, "geometry": { "type": "Point", "coordinates": [ 20412.704599999822676, 38478.067800000309944 ] } },
{ "type": "Feature", "properties": { "BUS_STOP_N": "48079", "LOC_DESC": "OPP MANDAI CREMATORIUM" }, "geometry": { "type": "Point", "coordinates": [ 24879.605399999767542, 43891.797199999913573 ] } },
{ "type": "Feature", "properties": { "BUS_STOP_N": "63349", "LOC_DESC": "BLK 708" }, "geometry": { "type": "Point", "coordinates": [ 34228.283999999985099, 38764.780600000172853 ] } },
{ "type": "Feature", "properties": { "BUS_STOP_N": "58419", "LOC_DESC": "Blk 482A CP" }, "geometry": { "type": "Point", "coordinates": [ 26056.790300000458956, 48473.94510000012815 ] } },
{ "type": "Feature", "properties": { "BUS_STOP_N": "52371", "LOC_DESC": "FIRST TOA PAYOH PR SCH" }, "geometry": { "type": "Point", "coordinates": [ 30589.350999999791384, 35788.666699999943376 ] } },
{ "type": "Feature", "properties": { "BUS_STOP_N": "16991", "LOC_DESC": "OPP NAN HUA HIGH SCH" }, "geometry": { "type": "Point", "coordinates": [ 20941.573599999770522, 32230.984300000593066 ] } },
{ "type": "Feature", "properties": { "BUS_STOP_N": "30091", "LOC_DESC": "CHENGTAI NURSERY" }, "geometry": { "type": "Point", "coordinates": [ 16599.960400000214577, 40161.846100000664592 ] } },
{ "type": "Feature", "properties": { "BUS_STOP_N": "64151", "LOC_DESC": "AFT GREENWICH DR" }, "geometry": { "type": "Point", "coordinates": [ 36514.172199999913573, 38918.560399999842048 ] } },
{ "type": "Feature", "properties": { "BUS_STOP_N": "30099", "LOC_DESC": "OPP CHENGTAI NURSERY" }, "geometry": { "type": "Point", "coordinates": [ 16630.285699999891222, 40154.539200000464916 ] } },
{ "type": "Feature", "properties": { "BUS_STOP_N": "30031", "LOC_DESC": "OPP ARMY LOGISTICS BASE" }, "geometry": { "type": "Point", "coordinates": [ 15380.318300000391901, 39624.023199999704957 ] } },
{ "type": "Feature", "properties": { "BUS_STOP_N": "41051", "LOC_DESC": "TAN KAH KEE STN" }, "geometry": { "type": "Point", "coordinates": [ 25103.487999999895692, 34250.737700000405312 ] } },
{ "type": "Feature", "properties": { "BUS_STOP_N": "59189", "LOC_DESC": "BLK 245" }, "geometry": { "type": "Point", "coordinates": [ 28970.845099999569356, 46215.799799999222159 ] } },
{ "type": "Feature", "properties": { "BUS_STOP_N": "59279", "LOC_DESC": "OPP AHMAD IBRAHIM SEC SCH" }, "geometry": { "type": "Point", "coordinates": [ 27519.491399999707937, 46501.847599999979138 ] } },
{ "type": "Feature", "properties": { "BUS_STOP_N": "18121", "LOC_DESC": "OPP AYER RAJAH IND EST" }, "geometry": { "type": "Point", "coordinates": [ 22666.370299999602139, 31111.545399999246001 ] } },
{ "type": "Feature", "properties": { "BUS_STOP_N": "03339", "LOC_DESC": "AFT MARINA GDNS DR" }, "geometry": { "type": "Point", "coordinates": [ 30907.560700000263751, 28610.619799999520183 ] } },
{ "type": "Feature", "properties": { "BUS_STOP_N": "03331", "LOC_DESC": "BEF MARINA GDNS DR" }, "geometry": { "type": "Point", "coordinates": [ 31062.234299999661744, 28784.826799999922514 ] } },
{ "type": "Feature", "properties": { "BUS_STOP_N": "67379", "LOC_DESC": "OPP BLK 313 CP" }, "geometry": { "type": "Point", "coordinates": [ 33989.185700000263751, 41665.286100000143051 ] } },
{ "type": "Feature", "properties": { "BUS_STOP_N": "67371", "LOC_DESC": "BLK 313" }, "geometry": { "type": "Point", "coordinates": [ 33987.324199999682605, 41610.581000000238419 ] } },
{ "type": "Feature", "properties": { "BUS_STOP_N": "21089", "LOC_DESC": "BEF JLN BUROH" }, "geometry": { "type": "Point", "coordinates": [ 15695.21929999999702, 32608.167999999597669 ] } },
{ "type": "Feature", "properties": { "BUS_STOP_N": "71051", "LOC_DESC": "AFT KIM CHUAN RD" }, "geometry": { "type": "Point", "coordinates": [ 34520.987999999895692, 35954.736999999731779 ] } },
{ "type": "Feature", "properties": { "BUS_STOP_N": "59021", "LOC_DESC": "BEF YISHUN AVE 1" }, "geometry": { "type": "Point", "coordinates": [ 27530.646999999880791, 43475.861999999731779 ] } },
{ "type": "Feature", "properties": { "BUS_STOP_N": "59072", "LOC_DESC": "YISHUN STN EXIT E" }, "geometry": { "type": "Point", "coordinates": [ 28241.974499999545515, 45691.784199999645352 ] } },
{ "type": "Feature", "properties": { "BUS_STOP_N": "76209", "LOC_DESC": "BLK 233" }, "geometry": { "type": "Point", "coordinates": [ 40706.640700000338256, 37633.865499999374151 ] } },
{ "type": "Feature", "properties": { "BUS_STOP_N": "81141", "LOC_DESC": "VERSAILLES CONDO" }, "geometry": { "type": "Point", "coordinates": [ 34342.115899999625981, 32698.490599999204278 ] } },
{ "type": "Feature", "properties": { "BUS_STOP_N": "25249", "LOC_DESC": "AFT TUAS WEST RD" }, "geometry": { "type": "Point", "coordinates": [ 7075.508899999782443, 35781.011900000274181 ] } },
{ "type": "Feature", "properties": { "BUS_STOP_N": "25229", "LOC_DESC": "CROWN BEVERAGE CANS S'PORE" }, "geometry": { "type": "Point", "coordinates": [ 7783.83629999961704, 35111.495500000193715 ] } },
{ "type": "Feature", "properties": { "BUS_STOP_N": "65069", "LOC_DESC": "BLK 190C" }, "geometry": { "type": "Point", "coordinates": [ 35676.370099999941885, 41873.644400000572205 ] } },
{ "type": "Feature", "properties": { "BUS_STOP_N": "77071", "LOC_DESC": "BLK 633" }, "geometry": { "type": "Point", "coordinates": [ 40014.947100000455976, 40016.507200000807643 ] } },
{ "type": "Feature", "properties": { "BUS_STOP_N": "44621", "LOC_DESC": "OPP CONCORD PR SCH" }, "geometry": { "type": "Point", "coordinates": [ 17283.241200000047684, 40123.822399999946356 ] } },
{ "type": "Feature", "properties": { "BUS_STOP_N": "04311", "LOC_DESC": "AFT RIVER VALLEY RD" }, "geometry": { "type": "Point", "coordinates": [ 29178.794599999673665, 30796.145099999383092 ] } },
{ "type": "Feature", "properties": { "BUS_STOP_N": "18261", "LOC_DESC": "OPP DSO NATL LABORATORIES" }, "geometry": { "type": "Point", "coordinates": [ 23111.73519999999553, 30282.244300000369549 ] } },
{ "type": "Feature", "properties": { "BUS_STOP_N": "24661", "LOC_DESC": "WP IN SVC 254" }, "geometry": { "type": "Point", "coordinates": [ 9164.444500000216067, 32255.925899999216199 ] } },
{ "type": "Feature", "properties": { "BUS_STOP_N": "23489", "LOC_DESC": "OPP MOLEX" }, "geometry": { "type": "Point", "coordinates": [ 10973.70990000013262, 34428.984400000423193 ] } },
{ "type": "Feature", "properties": { "BUS_STOP_N": "45361", "LOC_DESC": "OPP BLK 765" }, "geometry": { "type": "Point", "coordinates": [ 18722.313299999572337, 41586.273800000548363 ] } },
{ "type": "Feature", "properties": { "BUS_STOP_N": "13063", "LOC_DESC": "RV SUITES" }, "geometry": { "type": "Point", "coordinates": [ 27587.67200000025332, 30871.032800000160933 ] } },
{ "type": "Feature", "properties": { "BUS_STOP_N": "10409", "LOC_DESC": "BLK 50" }, "geometry": { "type": "Point", "coordinates": [ 25514.148299999535084, 30038.176799999549985 ] } },
{ "type": "Feature", "properties": { "BUS_STOP_N": "59259", "LOC_DESC": "DARUL MAKMUR MQUE" }, "geometry": { "type": "Point", "coordinates": [ 28056.324599999934435, 46534.610700000077486 ] } },
{ "type": "Feature", "properties": { "BUS_STOP_N": "84439", "LOC_DESC": "OPP BLK 3014" }, "geometry": { "type": "Point", "coordinates": [ 41006.474000000394881, 35222.880200000479817 ] } },
{ "type": "Feature", "properties": { "BUS_STOP_N": "22569", "LOC_DESC": "OPP BLK 660" }, "geometry": { "type": "Point", "coordinates": [ 13662.238099999725819, 35205.630200000479817 ] } },
{ "type": "Feature", "properties": { "BUS_STOP_N": "23409", "LOC_DESC": "MOBIL MARINE TER" }, "geometry": { "type": "Point", "coordinates": [ 11972.197499999776483, 31761.872600000351667 ] } },
{ "type": "Feature", "properties": { "BUS_STOP_N": "92109", "LOC_DESC": "OPP KATONG SHOP CTR" }, "geometry": { "type": "Point", "coordinates": [ 35593.301699999719858, 31773.415999999269843 ] } },
{ "type": "Feature", "properties": { "BUS_STOP_N": "96229", "LOC_DESC": "S'PORE EXPO" }, "geometry": { "type": "Point", "coordinates": [ 41878.892900000326335, 34827.195199999958277 ] } },
{ "type": "Feature", "properties": { "BUS_STOP_N": "65091", "LOC_DESC": "BLK 301A" }, "geometry": { "type": "Point", "coordinates": [ 36149.83420000039041, 42873.712600000202656 ] } },
{ "type": "Feature", "properties": { "BUS_STOP_N": "17369", "LOC_DESC": "AFT WEST COAST LK" }, "geometry": { "type": "Point", "coordinates": [ 20269.49890000000596, 31192.691600000485778 ] } },
{ "type": "Feature", "properties": { "BUS_STOP_N": "13081", "LOC_DESC": "ST. THOMAS WK" }, "geometry": { "type": "Point", "coordinates": [ 28330.968999999575317, 30921.614399999380112 ] } },
{ "type": "Feature", "properties": { "BUS_STOP_N": "76559", "LOC_DESC": "Aft Tampines Stn Exit E" }, "geometry": { "type": "Point", "coordinates": [ 40273.580900000408292, 37526.177899999544024 ] } },
{ "type": "Feature", "properties": { "BUS_STOP_N": "67729", "LOC_DESC": "BEF PUNGGOL RD" }, "geometry": { "type": "Point", "coordinates": [ 35284.724000000394881, 40160.663499999791384 ] } },
{ "type": "Feature", "properties": { "BUS_STOP_N": "68019", "LOC_DESC": "AFT JLN KAYU" }, "geometry": { "type": "Point", "coordinates": [ 32144.463499999605119, 41437.264000000432134 ] } },
{ "type": "Feature", "properties": { "BUS_STOP_N": "97031", "LOC_DESC": "AFT JLN BENA" }, "geometry": { "type": "Point", "coordinates": [ 43051.925999999977648, 37440.821299999952316 ] } },
{ "type": "Feature", "properties": { "BUS_STOP_N": "67711", "LOC_DESC": "BEF SENGKANG FIRE STN" }, "geometry": { "type": "Point", "coordinates": [ 34841.393500000238419, 40238.818199999630451 ] } },
{ "type": "Feature", "properties": { "BUS_STOP_N": "22511", "LOC_DESC": "BLK 658C" }, "geometry": { "type": "Point", "coordinates": [ 13185.589999999850988, 35515.619000000879169 ] } },
{ "type": "Feature", "properties": { "BUS_STOP_N": "98301", "LOC_DESC": "AVILA GDNS" }, "geometry": { "type": "Point", "coordinates": [ 42641.259300000034273, 38009.980399999767542 ] } },
{ "type": "Feature", "properties": { "BUS_STOP_N": "95181", "LOC_DESC": "MENLO WORLDWIDE" }, "geometry": { "type": "Point", "coordinates": [ 46769.31900000013411, 39875.954800000414252 ] } },
{ "type": "Feature", "properties": { "BUS_STOP_N": "47099", "LOC_DESC": "MASTERDON" }, "geometry": { "type": "Point", "coordinates": [ 24855.833800000138581, 49488.096999999135733 ] } },
{ "type": "Feature", "properties": { "BUS_STOP_N": "72079", "LOC_DESC": "BLK 609" }, "geometry": { "type": "Point", "coordinates": [ 36762.148400000296533, 34918.546700000762939 ] } },
{ "type": "Feature", "properties": { "BUS_STOP_N": "59811", "LOC_DESC": "Blk 477B" }, "geometry": { "type": "Point", "coordinates": [ 30090.917700000107288, 45474.148199999704957 ] } },
{ "type": "Feature", "properties": { "BUS_STOP_N": "65681", "LOC_DESC": "BEF NORTHSHORE CRES" }, "geometry": { "type": "Point", "coordinates": [ 36369.896599999628961, 44434.441099999472499 ] } },
{ "type": "Feature", "properties": { "BUS_STOP_N": "40111", "LOC_DESC": "FERREL RESIDENCES" }, "geometry": { "type": "Point", "coordinates": [ 27925.906899999827147, 33368.668099999427795 ] } },
{ "type": "Feature", "properties": { "BUS_STOP_N": "58209", "LOC_DESC": "AFT PAKISTAN RD" }, "geometry": { "type": "Point", "coordinates": [ 27700.107099999673665, 48539.945699999108911 ] } },
{ "type": "Feature", "properties": { "BUS_STOP_N": "11169", "LOC_DESC": "C'WEALTH STN EXIT B / C" }, "geometry": { "type": "Point", "coordinates": [ 24146.47829999960959, 31638.893899999558926 ] } },
{ "type": "Feature", "properties": { "BUS_STOP_N": "15111", "LOC_DESC": "SCI PK 2 / THE GALEN" }, "geometry": { "type": "Point", "coordinates": [ 22604.896399999968708, 29908.711500000208616 ] } },
{ "type": "Feature", "properties": { "BUS_STOP_N": "82229", "LOC_DESC": "KG UBI CC" }, "geometry": { "type": "Point", "coordinates": [ 35480.347599999979138, 33304.784900000318885 ] } },
{ "type": "Feature", "properties": { "BUS_STOP_N": "64179", "LOC_DESC": "BEF BUANGKOK EAST DR" }, "geometry": { "type": "Point", "coordinates": [ 36850.042500000447035, 39571.418199999257922 ] } },
{ "type": "Feature", "properties": { "BUS_STOP_N": "45251", "LOC_DESC": "OPP KRANJI SEC SCH" }, "geometry": { "type": "Point", "coordinates": [ 17621.21129999961704, 41466.703199999406934 ] } },
{ "type": "Feature", "properties": { "BUS_STOP_N": "93069", "LOC_DESC": "AFT SIGLAP RD" }, "geometry": { "type": "Point", "coordinates": [ 37907.588499999605119, 32657.689999999478459 ] } },
{ "type": "Feature", "properties": { "BUS_STOP_N": "44569", "LOC_DESC": "BLK 295" }, "geometry": { "type": "Point", "coordinates": [ 17754.96059999987483, 40014.453900000080466 ] } },
{ "type": "Feature", "properties": { "BUS_STOP_N": "24129", "LOC_DESC": "OPP YEOW SAN PTE LTD" }, "geometry": { "type": "Point", "coordinates": [ 9810.577600000426173, 34261.450899999588728 ] } },
{ "type": "Feature", "properties": { "BUS_STOP_N": "25461", "LOC_DESC": "AFT TUAS WEST AVE" }, "geometry": { "type": "Point", "coordinates": [ 5695.652300000190735, 34622.309100000187755 ] } },
{ "type": "Feature", "properties": { "BUS_STOP_N": "14271", "LOC_DESC": "AL-AMIN MQUE" }, "geometry": { "type": "Point", "coordinates": [ 26428.939699999988079, 28677.794900000095367 ] } },
{ "type": "Feature", "properties": { "BUS_STOP_N": "22059", "LOC_DESC": "AFT BUROH ST" }, "geometry": { "type": "Point", "coordinates": [ 12923.800499999895692, 32974.028400000184774 ] } },
{ "type": "Feature", "properties": { "BUS_STOP_N": "78211", "LOC_DESC": "BLK 204" }, "geometry": { "type": "Point", "coordinates": [ 42368.370500000193715, 38885.246400000527501 ] } },
{ "type": "Feature", "properties": { "BUS_STOP_N": "46101", "LOC_DESC": "W'LANDS CHECKPT" }, "geometry": { "type": "Point", "coordinates": [ 20690.376799999736249, 47353.745200000703335 ] } },
{ "type": "Feature", "properties": { "BUS_STOP_N": "65199", "LOC_DESC": "AFT PUNGGOL RD" }, "geometry": { "type": "Point", "coordinates": [ 36025.56140000000596, 41986.816299999132752 ] } },
{ "type": "Feature", "properties": { "BUS_STOP_N": "20029", "LOC_DESC": "OPP NEWEST" }, "geometry": { "type": "Point", "coordinates": [ 19585.966000000014901, 33332.713999999687076 ] } },
{ "type": "Feature", "properties": { "BUS_STOP_N": "71159", "LOC_DESC": "BLK 3026" }, "geometry": { "type": "Point", "coordinates": [ 34808.820899999700487, 34453.349199999123812 ] } },
{ "type": "Feature", "properties": { "BUS_STOP_N": "99111", "LOC_DESC": "CHANGI GOLF CLUB" }, "geometry": { "type": "Point", "coordinates": [ 44789.720599999651313, 41520.513900000602007 ] } },
{ "type": "Feature", "properties": { "BUS_STOP_N": "46671", "LOC_DESC": "BEF 888 PLAZA" }, "geometry": { "type": "Point", "coordinates": [ 23699.011900000274181, 46510.899000000208616 ] } },
{ "type": "Feature", "properties": { "BUS_STOP_N": "66039", "LOC_DESC": "BLK 307" }, "geometry": { "type": "Point", "coordinates": [ 31705.79660000000149, 37423.559900000691414 ] } },
{ "type": "Feature", "properties": { "BUS_STOP_N": "84061", "LOC_DESC": "THE TANAMERA CONDO" }, "geometry": { "type": "Point", "coordinates": [ 40126.351599999703467, 34235.351500000804663 ] } },
{ "type": "Feature", "properties": { "BUS_STOP_N": "67441", "LOC_DESC": "SENGKANG COMMUNITY HUB" }, "geometry": { "type": "Point", "coordinates": [ 34691.508100000210106, 41575.949100000783801 ] } },
{ "type": "Feature", "properties": { "BUS_STOP_N": "64369", "LOC_DESC": "BLK 532" }, "geometry": { "type": "Point", "coordinates": [ 34466.597799999639392, 39815.305099999532104 ] } },
{ "type": "Feature", "properties": { "BUS_STOP_N": "65689", "LOC_DESC": "AFT NORTHSHORE CRES" }, "geometry": { "type": "Point", "coordinates": [ 36309.968399999663234, 44466.191099999472499 ] } },
{ "type": "Feature", "properties": { "BUS_STOP_N": "65661", "LOC_DESC": "BLK 421C" }, "geometry": { "type": "Point", "coordinates": [ 36009.017400000244379, 44523.209000000730157 ] } },
{ "type": "Feature", "properties": { "BUS_STOP_N": "70031", "LOC_DESC": "OPP ALJUNIED PK" }, "geometry": { "type": "Point", "coordinates": [ 33126.942699999548495, 34616.56980000063777 ] } },
{ "type": "Feature", "properties": { "BUS_STOP_N": "65651", "LOC_DESC": "BLK 413C" }, "geometry": { "type": "Point", "coordinates": [ 35574.888199999928474, 44340.751900000497699 ] } },
{ "type": "Feature", "properties": { "BUS_STOP_N": "46419", "LOC_DESC": "EVERGREEN PR SCH" }, "geometry": { "type": "Point", "coordinates": [ 23639.199799999594688, 47242.773399999365211 ] } },
{ "type": "Feature", "properties": { "BUS_STOP_N": "01519", "LOC_DESC": "THE GATEWAY" }, "geometry": { "type": "Point", "coordinates": [ 30839.955699999816716, 31265.10249999910593 ] } },
{ "type": "Feature", "properties": { "BUS_STOP_N": "21111", "LOC_DESC": "AFT JURONG PIER RD" }, "geometry": { "type": "Point", "coordinates": [ 14550.98340000025928, 32970.468800000846386 ] } },
{ "type": "Feature", "properties": { "BUS_STOP_N": "84521", "LOC_DESC": "BLK 506" }, "geometry": { "type": "Point", "coordinates": [ 39198.349700000137091, 34958.950600000098348 ] } },
{ "type": "Feature", "properties": { "BUS_STOP_N": "84221", "LOC_DESC": "BLK 109" }, "geometry": { "type": "Point", "coordinates": [ 39308.1097999997437, 34887.852399999275804 ] } },
{ "type": "Feature", "properties": { "BUS_STOP_N": "22349", "LOC_DESC": "BLK 734A CP" }, "geometry": { "type": "Point", "coordinates": [ 13260.577200000174344, 36378.872099999338388 ] } },
{ "type": "Feature", "properties": { "BUS_STOP_N": "98021", "LOC_DESC": "BLK 275" }, "geometry": { "type": "Point", "coordinates": [ 42708.589700000360608, 38540.266200000420213 ] } },
{ "type": "Feature", "properties": { "BUS_STOP_N": "98019", "LOC_DESC": "OPP BLK 149A" }, "geometry": { "type": "Point", "coordinates": [ 42436.552400000393391, 38222.307299999520183 ] } },
{ "type": "Feature", "properties": { "BUS_STOP_N": "63059", "LOC_DESC": "BLK 22" }, "geometry": { "type": "Point", "coordinates": [ 34289.512000000104308, 38490.17879999987781 ] } },
{ "type": "Feature", "properties": { "BUS_STOP_N": "63051", "LOC_DESC": "OPP BLK 370" }, "geometry": { "type": "Point", "coordinates": [ 34214.249099999666214, 38471.025200000032783 ] } },
{ "type": "Feature", "properties": { "BUS_STOP_N": "97091", "LOC_DESC": "BEF SELARANG WAY" }, "geometry": { "type": "Point", "coordinates": [ 43887.333399999886751, 39454.006100000813603 ] } },
{ "type": "Feature", "properties": { "BUS_STOP_N": "76061", "LOC_DESC": "BLK 938" }, "geometry": { "type": "Point", "coordinates": [ 40079.475999999791384, 36698.080000000074506 ] } },
{ "type": "Feature", "properties": { "BUS_STOP_N": "67429", "LOC_DESC": "CHENG LIM STN EXIT A" }, "geometry": { "type": "Point", "coordinates": [ 34715.413499999791384, 42035.538100000470877 ] } },
{ "type": "Feature", "properties": { "BUS_STOP_N": "11541", "LOC_DESC": "OPP QUEENS" }, "geometry": { "type": "Point", "coordinates": [ 24924.854899999685585, 30531.713899999856949 ] } },
{ "type": "Feature", "properties": { "BUS_STOP_N": "11551", "LOC_DESC": "TIONG GHEE TP" }, "geometry": { "type": "Point", "coordinates": [ 24747.910899999551475, 30408.233999999240041 ] } },
{ "type": "Feature", "properties": { "BUS_STOP_N": "33021", "LOC_DESC": "OPP NEO TIEW RD" }, "geometry": { "type": "Point", "coordinates": [ 13521.134399999864399, 44830.130499999970198 ] } },
{ "type": "Feature", "properties": { "BUS_STOP_N": "55071", "LOC_DESC": "BEF ECON MEDICARE CTR" }, "geometry": { "type": "Point", "coordinates": [ 30155.688799999654293, 41594.225700000301003 ] } },
{ "type": "Feature", "properties": { "BUS_STOP_N": "10151", "LOC_DESC": "CTRL GREEN CONDO" }, "geometry": { "type": "Point", "coordinates": [ 27485.229399999603629, 29791.111700000241399 ] } },
{ "type": "Feature", "properties": { "BUS_STOP_N": "21569", "LOC_DESC": "OPP BLK 158" }, "geometry": { "type": "Point", "coordinates": [ 15712.521499999798834, 34494.365299999713898 ] } },
{ "type": "Feature", "properties": { "BUS_STOP_N": "21561", "LOC_DESC": "BLK 158" }, "geometry": { "type": "Point", "coordinates": [ 15695.800999999977648, 34566.825200000777841 ] } },
{ "type": "Feature", "properties": { "BUS_STOP_N": "46111", "LOC_DESC": "BLK 23" }, "geometry": { "type": "Point", "coordinates": [ 21372.014299999922514, 47000.910800000652671 ] } },
{ "type": "Feature", "properties": { "BUS_STOP_N": "10129", "LOC_DESC": "BLK 121" }, "geometry": { "type": "Point", "coordinates": [ 27480.227699999697506, 29420.720000000670552 ] } },
{ "type": "Feature", "properties": { "BUS_STOP_N": "55339", "LOC_DESC": "AFT FLORISSA PK" }, "geometry": { "type": "Point", "coordinates": [ 28418.523900000378489, 40995.934900000691414 ] } },
{ "type": "Feature", "properties": { "BUS_STOP_N": "45389", "LOC_DESC": "BLK 619" }, "geometry": { "type": "Point", "coordinates": [ 18428.080199999734759, 42500.946000000461936 ] } },
{ "type": "Feature", "properties": { "BUS_STOP_N": "66029", "LOC_DESC": "ST GABRIEL'S PR SCH" }, "geometry": { "type": "Point", "coordinates": [ 31121.158999999985099, 36915.910499999299645 ] } },
{ "type": "Feature", "properties": { "BUS_STOP_N": "21389", "LOC_DESC": "OPP ST. JOSEPH'S HOME" }, "geometry": { "type": "Point", "coordinates": [ 14170.402099999599159, 36846.42820000089705 ] } },
{ "type": "Feature", "properties": { "BUS_STOP_N": "55079", "LOC_DESC": "AFT ECON MEDICARE CTR" }, "geometry": { "type": "Point", "coordinates": [ 30227.539800000376999, 41539.699599999934435 ] } },
{ "type": "Feature", "properties": { "BUS_STOP_N": "55059", "LOC_DESC": "ST ELECTRONICS" }, "geometry": { "type": "Point", "coordinates": [ 29749.05530000012368, 41553.881599999964237 ] } },
{ "type": "Feature", "properties": { "BUS_STOP_N": "92249", "LOC_DESC": "OPP AMBER GDNS" }, "geometry": { "type": "Point", "coordinates": [ 35555.654500000178814, 31551.614700000733137 ] } },
{ "type": "Feature", "properties": { "BUS_STOP_N": "19019", "LOC_DESC": "BLK 27" }, "geometry": { "type": "Point", "coordinates": [ 22601.44510000012815, 32261.008300000801682 ] } },
{ "type": "Feature", "properties": { "BUS_STOP_N": "54071", "LOC_DESC": "BLK 310C" }, "geometry": { "type": "Point", "coordinates": [ 29277.98369999974966, 38489.883899999782443 ] } },
{ "type": "Feature", "properties": { "BUS_STOP_N": "01029", "LOC_DESC": "OPP NATL LIB" }, "geometry": { "type": "Point", "coordinates": [ 30345.826399999670684, 31007.644600000232458 ] } },
{ "type": "Feature", "properties": { "BUS_STOP_N": "21049", "LOC_DESC": "BEF JLN TERUSAN" }, "geometry": { "type": "Point", "coordinates": [ 15396.124900000169873, 33824.753900000825524 ] } },
{ "type": "Feature", "properties": { "BUS_STOP_N": "21041", "LOC_DESC": "AFT JLN TERUSAN" }, "geometry": { "type": "Point", "coordinates": [ 15394.25069999974221, 33699.280099999159575 ] } },
{ "type": "Feature", "properties": { "BUS_STOP_N": "04249", "LOC_DESC": "OPP THE TREASURY" }, "geometry": { "type": "Point", "coordinates": [ 29888.566399999894202, 30320.319299999624491 ] } },
{ "type": "Feature", "properties": { "BUS_STOP_N": "18049", "LOC_DESC": "OPP SCIENCE PK" }, "geometry": { "type": "Point", "coordinates": [ 23420.309899999760091, 30279.464900000020862 ] } },
{ "type": "Feature", "properties": { "BUS_STOP_N": "52151", "LOC_DESC": "BLK 131" }, "geometry": { "type": "Point", "coordinates": [ 29144.226400000043213, 35571.584400000050664 ] } },
{ "type": "Feature", "properties": { "BUS_STOP_N": "05431", "LOC_DESC": "TOWER 15" }, "geometry": { "type": "Point", "coordinates": [ 28959.697200000286102, 28497.808100000023842 ] } },
{ "type": "Feature", "properties": { "BUS_STOP_N": "59671", "LOC_DESC": "BEF YISHUN STN" }, "geometry": { "type": "Point", "coordinates": [ 28198.465099999681115, 45495.26039999909699 ] } },
{ "type": "Feature", "properties": { "BUS_STOP_N": "45581", "LOC_DESC": "BLK 325" }, "geometry": { "type": "Point", "coordinates": [ 22060.688099999912083, 45874.688300000503659 ] } },
{ "type": "Feature", "properties": { "BUS_STOP_N": "45589", "LOC_DESC": "OPP BLK 325" }, "geometry": { "type": "Point", "coordinates": [ 22087.52240000013262, 45853.438799999654293 ] } },
{ "type": "Feature", "properties": { "BUS_STOP_N": "26051", "LOC_DESC": "BLASTING ABRASIVES" }, "geometry": { "type": "Point", "coordinates": [ 6631.183000000193715, 33189.57120000012219 ] } },
{ "type": "Feature", "properties": { "BUS_STOP_N": "26041", "LOC_DESC": "HIAP SENG ENGRG LTD" }, "geometry": { "type": "Point", "coordinates": [ 6837.068900000303984, 32994.176000000908971 ] } },
{ "type": "Feature", "properties": { "BUS_STOP_N": "26039", "LOC_DESC": "ASIA POLYURETHANE" }, "geometry": { "type": "Point", "coordinates": [ 7119.942099999636412, 33157.973300000652671 ] } },
{ "type": "Feature", "properties": { "BUS_STOP_N": "40379", "LOC_DESC": "BLK 467 CP" }, "geometry": { "type": "Point", "coordinates": [ 18011.436200000345707, 37724.999399999156594 ] } },
{ "type": "Feature", "properties": { "BUS_STOP_N": "40371", "LOC_DESC": "OPP BLK 465A" }, "geometry": { "type": "Point", "coordinates": [ 17965.081100000068545, 37797.389499999582767 ] } },
{ "type": "Feature", "properties": { "BUS_STOP_N": "41031", "LOC_DESC": "BEF CROWN CTR" }, "geometry": { "type": "Point", "coordinates": [ 25611.905799999833107, 33925.586400000378489 ] } },
{ "type": "Feature", "properties": { "BUS_STOP_N": "42099", "LOC_DESC": "BEAUTY WORLD STN EXIT A" }, "geometry": { "type": "Point", "coordinates": [ 21605.81180000025779, 35965.270700000226498 ] } },
{ "type": "Feature", "properties": { "BUS_STOP_N": "43359", "LOC_DESC": "BLK 169" }, "geometry": { "type": "Point", "coordinates": [ 17723.532599999569356, 36555.468900000676513 ] } },
{ "type": "Feature", "properties": { "BUS_STOP_N": "43369", "LOC_DESC": "BLK 183" }, "geometry": { "type": "Point", "coordinates": [ 18036.42949999962002, 36554.093000000342727 ] } },
{ "type": "Feature", "properties": { "BUS_STOP_N": "24689", "LOC_DESC": "JURONG INSP CTR" }, "geometry": { "type": "Point", "coordinates": [ 8579.625599999912083, 32657.983899999409914 ] } },
{ "type": "Feature", "properties": { "BUS_STOP_N": "46881", "LOC_DESC": "OLD CHANG KEE BLDG" }, "geometry": { "type": "Point", "coordinates": [ 24876.788800000213087, 47938.909299999475479 ] } },
{ "type": "Feature", "properties": { "BUS_STOP_N": "42309", "LOC_DESC": "HSE NO. 45" }, "geometry": { "type": "Point", "coordinates": [ 20832.204699999652803, 35572.430500000715256 ] } },
{ "type": "Feature", "properties": { "BUS_STOP_N": "12149", "LOC_DESC": "HENRY PK" }, "geometry": { "type": "Point", "coordinates": [ 22370.753299999982119, 33111.63120000064373 ] } },
{ "type": "Feature", "properties": { "BUS_STOP_N": "84539", "LOC_DESC": "BEDOK NTH STN EXIT B" }, "geometry": { "type": "Point", "coordinates": [ 37481.733599999919534, 35247.903699999675155 ] } },
{ "type": "Feature", "properties": { "BUS_STOP_N": "26461", "LOC_DESC": "AFT TUAS STH AVE 8" }, "geometry": { "type": "Point", "coordinates": [ 5233.488599999807775, 31320.231200000271201 ] } },
{ "type": "Feature", "properties": { "BUS_STOP_N": "17301", "LOC_DESC": "OPP WEST COAST VIEW" }, "geometry": { "type": "Point", "coordinates": [ 20381.59429999999702, 30875.988500000908971 ] } },
{ "type": "Feature", "properties": { "BUS_STOP_N": "47131", "LOC_DESC": "FUJI OIL S'PORE" }, "geometry": { "type": "Point", "coordinates": [ 24540.842600000090897, 49799.243599999696016 ] } },
{ "type": "Feature", "properties": { "BUS_STOP_N": "20261", "LOC_DESC": "AFT PANDAN GDNS" }, "geometry": { "type": "Point", "coordinates": [ 18223.63329999987036, 33766.636800000444055 ] } },
{ "type": "Feature", "properties": { "BUS_STOP_N": "72051", "LOC_DESC": "KAKI BT IND EST" }, "geometry": { "type": "Point", "coordinates": [ 35873.787999999709427, 35069.23200000077486 ] } },
{ "type": "Feature", "properties": { "BUS_STOP_N": "71191", "LOC_DESC": "AFT DEFU LANE 12" }, "geometry": { "type": "Point", "coordinates": [ 35226.257000000216067, 35945.168400000780821 ] } },
{ "type": "Feature", "properties": { "BUS_STOP_N": "24699", "LOC_DESC": "BEF TUAS RD" }, "geometry": { "type": "Point", "coordinates": [ 8354.127399999648333, 32859.17259999923408 ] } },
{ "type": "Feature", "properties": { "BUS_STOP_N": "42311", "LOC_DESC": "OPP BURGUNDY HILL" }, "geometry": { "type": "Point", "coordinates": [ 19871.566499999724329, 35627.871799999848008 ] } },
{ "type": "Feature", "properties": { "BUS_STOP_N": "42091", "LOC_DESC": "BEAUTY WORLD STN EXIT B" }, "geometry": { "type": "Point", "coordinates": [ 21549.136500000022352, 36128.008400000631809 ] } },
{ "type": "Feature", "properties": { "BUS_STOP_N": "07531", "LOC_DESC": "ROCHOR STN" }, "geometry": { "type": "Point", "coordinates": [ 30133.962600000202656, 31781.25650000013411 ] } },
{ "type": "Feature", "properties": { "BUS_STOP_N": "46129", "LOC_DESC": "MARSILING LANE MKT/ FC" }, "geometry": { "type": "Point", "coordinates": [ 21703.498100000433624, 47264.677899999544024 ] } },
{ "type": "Feature", "properties": { "BUS_STOP_N": "20269", "LOC_DESC": "BEF PANDAN GDNS" }, "geometry": { "type": "Point", "coordinates": [ 18257.758100000210106, 33745.764000000432134 ] } },
{ "type": "Feature", "properties": { "BUS_STOP_N": "42179", "LOC_DESC": "AFT CHUN TIN RD" }, "geometry": { "type": "Point", "coordinates": [ 21068.636699999682605, 36016.230499999597669 ] } },
{ "type": "Feature", "properties": { "BUS_STOP_N": "44109", "LOC_DESC": "OPP HONG SAN TERR" }, "geometry": { "type": "Point", "coordinates": [ 18456.83600000012666, 39905.083599999547005 ] } },
{ "type": "Feature", "properties": { "BUS_STOP_N": "44349", "LOC_DESC": "BET BLKS 443A/443B" }, "geometry": { "type": "Point", "coordinates": [ 20875.233199999667704, 40349.598799999803305 ] } },
{ "type": "Feature", "properties": { "BUS_STOP_N": "48049", "LOC_DESC": "BEF JLN ULU SEMBAWANG" }, "geometry": { "type": "Point", "coordinates": [ 23092.614000000059605, 43798.224099999293685 ] } },
{ "type": "Feature", "properties": { "BUS_STOP_N": "24331", "LOC_DESC": "OPP HONG HANG BLDG" }, "geometry": { "type": "Point", "coordinates": [ 9694.340699999593198, 32322.680700000375509 ] } },
{ "type": "Feature", "properties": { "BUS_STOP_N": "27351", "LOC_DESC": "BLK 715" }, "geometry": { "type": "Point", "coordinates": [ 12726.03179999999702, 36253.834499999880791 ] } },
{ "type": "Feature", "properties": { "BUS_STOP_N": "28681", "LOC_DESC": "TOH GUAN CTR" }, "geometry": { "type": "Point", "coordinates": [ 19276.04590000025928, 35482.972899999469519 ] } },
{ "type": "Feature", "properties": { "BUS_STOP_N": "84631", "LOC_DESC": "OPP WATERFRONT WAVES" }, "geometry": { "type": "Point", "coordinates": [ 38711.869599999859929, 35657.38880000077188 ] } },
{ "type": "Feature", "properties": { "BUS_STOP_N": "59571", "LOC_DESC": "OPP NORTHBROOKS SEC SCH" }, "geometry": { "type": "Point", "coordinates": [ 29156.090900000184774, 44759.411599999293685 ] } },
{ "type": "Feature", "properties": { "BUS_STOP_N": "80189", "LOC_DESC": "OPP KALLANG SQUASH CTR" }, "geometry": { "type": "Point", "coordinates": [ 33200.037100000306964, 31915.199599999934435 ] } },
{ "type": "Feature", "properties": { "BUS_STOP_N": "55271", "LOC_DESC": "AFT LENTOR FLYOVER" }, "geometry": { "type": "Point", "coordinates": [ 27911.606700000353158, 41875.780500000342727 ] } },
{ "type": "Feature", "properties": { "BUS_STOP_N": "28371", "LOC_DESC": "BEF JURONG WEST ST 51" }, "geometry": { "type": "Point", "coordinates": [ 15837.992999999783933, 36336.66609999909997 ] } },
{ "type": "Feature", "properties": { "BUS_STOP_N": "27329", "LOC_DESC": "BLK 840" }, "geometry": { "type": "Point", "coordinates": [ 12268.903900000266731, 36233.467399999499321 ] } },
{ "type": "Feature", "properties": { "BUS_STOP_N": "67089", "LOC_DESC": "BEF FERNVALE LANE" }, "geometry": { "type": "Point", "coordinates": [ 31954.640300000086427, 41325.301100000739098 ] } },
{ "type": "Feature", "properties": { "BUS_STOP_N": "44171", "LOC_DESC": "BEF BT BATOK WEST AVE 5" }, "geometry": { "type": "Point", "coordinates": [ 18408.540000000037253, 38898.073000000789762 ] } },
{ "type": "Feature", "properties": { "BUS_STOP_N": "44161", "LOC_DESC": "AFT BT BATOK WEST AVE 5" }, "geometry": { "type": "Point", "coordinates": [ 18715.042899999767542, 39184.373299999162555 ] } },
{ "type": "Feature", "properties": { "BUS_STOP_N": "44169", "LOC_DESC": "BEF BT BATOK WEST AVE 5" }, "geometry": { "type": "Point", "coordinates": [ 18740.860999999567866, 39155.360999999567866 ] } },
{ "type": "Feature", "properties": { "BUS_STOP_N": "24299", "LOC_DESC": "AFT GUL WAY" }, "geometry": { "type": "Point", "coordinates": [ 10014.027700000442564, 32720.245899999514222 ] } },
{ "type": "Feature", "properties": { "BUS_STOP_N": "95039", "LOC_DESC": "AIRFREIGHT TER BLDG" }, "geometry": { "type": "Point", "coordinates": [ 45941.663200000301003, 39363.198699999600649 ] } },
{ "type": "Feature", "properties": { "BUS_STOP_N": "23499", "LOC_DESC": "JOO KOON STN EXIT A" }, "geometry": { "type": "Point", "coordinates": [ 10712.180100000463426, 34421.839299999177456 ] } },
{ "type": "Feature", "properties": { "BUS_STOP_N": "25361", "LOC_DESC": "YAN SAN METALS PTE LTD" }, "geometry": { "type": "Point", "coordinates": [ 7723.763100000098348, 34133.233799999579787 ] } },
{ "type": "Feature", "properties": { "BUS_STOP_N": "24509", "LOC_DESC": "AFT TUAS FLYOVER" }, "geometry": { "type": "Point", "coordinates": [ 9173.998999999836087, 34068.158800000324845 ] } },
{ "type": "Feature", "properties": { "BUS_STOP_N": "22161", "LOC_DESC": "AFT LOK YANG WAY" }, "geometry": { "type": "Point", "coordinates": [ 12758.638799999840558, 34185.972799999639392 ] } },
{ "type": "Feature", "properties": { "BUS_STOP_N": "47199", "LOC_DESC": "BEF SENOKO DR" }, "geometry": { "type": "Point", "coordinates": [ 24587.57660000026226, 49203.007500000298023 ] } },
{ "type": "Feature", "properties": { "BUS_STOP_N": "22319", "LOC_DESC": "BEF ENTERPRISE RD" }, "geometry": { "type": "Point", "coordinates": [ 13770.191800000146031, 34903.041400000452995 ] } },
{ "type": "Feature", "properties": { "BUS_STOP_N": "22189", "LOC_DESC": "PIONEER JUNCTION" }, "geometry": { "type": "Point", "coordinates": [ 12792.624200000427663, 35089.678300000727177 ] } },
{ "type": "Feature", "properties": { "BUS_STOP_N": "48149", "LOC_DESC": "MANDAI CREMATORIUM & COLUMBARIUM" }, "geometry": { "type": "Point", "coordinates": [ 25299.769399999640882, 44112.470399999991059 ] } },
{ "type": "Feature", "properties": { "BUS_STOP_N": "23161", "LOC_DESC": "AFT KIAN TECK RD" }, "geometry": { "type": "Point", "coordinates": [ 11912.017799999564886, 34457.68129999935627 ] } },
{ "type": "Feature", "properties": { "BUS_STOP_N": "26431", "LOC_DESC": "AFT TUAS STH AVE 9" }, "geometry": { "type": "Point", "coordinates": [ 6055.912299999967217, 30769.6418999992311 ] } },
{ "type": "Feature", "properties": { "BUS_STOP_N": "76069", "LOC_DESC": "BLK 147" }, "geometry": { "type": "Point", "coordinates": [ 40106.190799999982119, 36747.969000000506639 ] } },
{ "type": "Feature", "properties": { "BUS_STOP_N": "03129", "LOC_DESC": "UIC BLDG" }, "geometry": { "type": "Point", "coordinates": [ 29827.196299999952316, 28982.180700000375509 ] } },
{ "type": "Feature", "properties": { "BUS_STOP_N": "85099", "LOC_DESC": "TANAH MERAH STN EXIT A" }, "geometry": { "type": "Point", "coordinates": [ 40585.055499999783933, 34343.001000000163913 ] } },
{ "type": "Feature", "properties": { "BUS_STOP_N": "85091", "LOC_DESC": "TANAH MERAH STN EXIT B" }, "geometry": { "type": "Point", "coordinates": [ 40597.713800000026822, 34422.67339999973774 ] } },
{ "type": "Feature", "properties": { "BUS_STOP_N": "43119", "LOC_DESC": "BEF HAZEL PK TERR" }, "geometry": { "type": "Point", "coordinates": [ 20175.805399999953806, 39485.7043999992311 ] } },
{ "type": "Feature", "properties": { "BUS_STOP_N": "43071", "LOC_DESC": "OPP DAIRY FARM RD" }, "geometry": { "type": "Point", "coordinates": [ 20617.78070000000298, 38577.073000000789762 ] } },
{ "type": "Feature", "properties": { "BUS_STOP_N": "43111", "LOC_DESC": "MIN OF DEFENCE" }, "geometry": { "type": "Point", "coordinates": [ 20168.749800000339746, 39371.535099999979138 ] } },
{ "type": "Feature", "properties": { "BUS_STOP_N": "43109", "LOC_DESC": "CASHEW STN" }, "geometry": { "type": "Point", "coordinates": [ 20284.023699999786913, 39149.542999999597669 ] } },
{ "type": "Feature", "properties": { "BUS_STOP_N": "21771", "LOC_DESC": "AFT CORPORATION DR" }, "geometry": { "type": "Point", "coordinates": [ 15815.411999999545515, 34314.143699999898672 ] } },
{ "type": "Feature", "properties": { "BUS_STOP_N": "58609", "LOC_DESC": "BLK 109A" }, "geometry": { "type": "Point", "coordinates": [ 27679.802000000141561, 47737.12360000051558 ] } },
{ "type": "Feature", "properties": { "BUS_STOP_N": "18051", "LOC_DESC": "ONE-NORTH STN" }, "geometry": { "type": "Point", "coordinates": [ 22822.873399999924004, 31252.128499999642372 ] } },
{ "type": "Feature", "properties": { "BUS_STOP_N": "03218", "LOC_DESC": "OPP MAS BLDG" }, "geometry": { "type": "Point", "coordinates": [ 29521.54839999973774, 28521.999500000849366 ] } },
{ "type": "Feature", "properties": { "BUS_STOP_N": "54181", "LOC_DESC": "MAYFLOWER STN EXIT 6" }, "geometry": { "type": "Point", "coordinates": [ 28356.336199999786913, 39178.798900000751019 ] } },
{ "type": "Feature", "properties": { "BUS_STOP_N": "54189", "LOC_DESC": "MAYFLOWER STN EXIT 5" }, "geometry": { "type": "Point", "coordinates": [ 28387.599499999545515, 39154.739800000563264 ] } },
{ "type": "Feature", "properties": { "BUS_STOP_N": "54191", "LOC_DESC": "MAYFLOWER STN EXIT 2" }, "geometry": { "type": "Point", "coordinates": [ 28449.67339999973774, 39578.041999999433756 ] } },
{ "type": "Feature", "properties": { "BUS_STOP_N": "28499", "LOC_DESC": "JURONG POLYCLINIC" }, "geometry": { "type": "Point", "coordinates": [ 16557.872899999842048, 36857.039000000804663 ] } },
{ "type": "Feature", "properties": { "BUS_STOP_N": "60251", "LOC_DESC": "BLK 15" }, "geometry": { "type": "Point", "coordinates": [ 31163.240199999883771, 34093.128900000825524 ] } },
{ "type": "Feature", "properties": { "BUS_STOP_N": "64101", "LOC_DESC": "OPP GRACEHAVEN S ARMY" }, "geometry": { "type": "Point", "coordinates": [ 32813.827899999916553, 39356.916600000113249 ] } },
{ "type": "Feature", "properties": { "BUS_STOP_N": "22541", "LOC_DESC": "BLK 655" }, "geometry": { "type": "Point", "coordinates": [ 12903.203599999658763, 35241.498199999332428 ] } },
{ "type": "Feature", "properties": { "BUS_STOP_N": "93081", "LOC_DESC": "OPP CHIANG CT" }, "geometry": { "type": "Point", "coordinates": [ 38667.860000000335276, 32860.60869999974966 ] } },
{ "type": "Feature", "properties": { "BUS_STOP_N": "22351", "LOC_DESC": "OPP BLK 717" }, "geometry": { "type": "Point", "coordinates": [ 12938.182400000281632, 36098.135999999940395 ] } },
{ "type": "Feature", "properties": { "BUS_STOP_N": "64061", "LOC_DESC": "OPP S'GOON SEC SCH" }, "geometry": { "type": "Point", "coordinates": [ 35554.358500000089407, 39734.109300000593066 ] } },
{ "type": "Feature", "properties": { "BUS_STOP_N": "83249", "LOC_DESC": "FLAMINGO VALLEY" }, "geometry": { "type": "Point", "coordinates": [ 37841.133200000040233, 33344.320199999958277 ] } },
{ "type": "Feature", "properties": { "BUS_STOP_N": "45401", "LOC_DESC": "BLK 681" }, "geometry": { "type": "Point", "coordinates": [ 18276.686499999836087, 42747.179700000211596 ] } },
{ "type": "Feature", "properties": { "BUS_STOP_N": "59229", "LOC_DESC": "YISHUN IND PK A" }, "geometry": { "type": "Point", "coordinates": [ 28102.090300000272691, 46748.588199999183416 ] } },
{ "type": "Feature", "properties": { "BUS_STOP_N": "60021", "LOC_DESC": "CHUBB S'PORE" }, "geometry": { "type": "Point", "coordinates": [ 31712.194299999624491, 33389.888599999248981 ] } },
{ "type": "Feature", "properties": { "BUS_STOP_N": "66541", "LOC_DESC": "BLK 980C" }, "geometry": { "type": "Point", "coordinates": [ 33347.020200000144541, 40216.751199999824166 ] } },
{ "type": "Feature", "properties": { "BUS_STOP_N": "83111", "LOC_DESC": "BLK 17" }, "geometry": { "type": "Point", "coordinates": [ 36008.51549999974668, 33974.991399999707937 ] } },
{ "type": "Feature", "properties": { "BUS_STOP_N": "16221", "LOC_DESC": "OPP HAW PAR VILLA STN" }, "geometry": { "type": "Point", "coordinates": [ 22192.524799999780953, 29504.221200000494719 ] } },
{ "type": "Feature", "properties": { "BUS_STOP_N": "60221", "LOC_DESC": "BLK 73/GEYLANG BAHRU STN" }, "geometry": { "type": "Point", "coordinates": [ 32178.081699999980628, 33810.426599999889731 ] } },
{ "type": "Feature", "properties": { "BUS_STOP_N": "46879", "LOC_DESC": "OPP BLK 644" }, "geometry": { "type": "Point", "coordinates": [ 24528.154000000096858, 46519.472999999299645 ] } },
{ "type": "Feature", "properties": { "BUS_STOP_N": "64249", "LOC_DESC": "BLK 327" }, "geometry": { "type": "Point", "coordinates": [ 34967.690700000151992, 38895.236600000411272 ] } },
{ "type": "Feature", "properties": { "BUS_STOP_N": "59239", "LOC_DESC": "BLK 291" }, "geometry": { "type": "Point", "coordinates": [ 28401.822999999858439, 46371.921800000593066 ] } },
{ "type": "Feature", "properties": { "BUS_STOP_N": "42131", "LOC_DESC": "AFT LANTANA AVE" }, "geometry": { "type": "Point", "coordinates": [ 23649.965400000102818, 34538.759600000455976 ] } },
{ "type": "Feature", "properties": { "BUS_STOP_N": "10221", "LOC_DESC": "GANGES CTR" }, "geometry": { "type": "Point", "coordinates": [ 27751.634700000286102, 30302.956199999898672 ] } },
{ "type": "Feature", "properties": { "BUS_STOP_N": "54619", "LOC_DESC": "OPP BLK 220" }, "geometry": { "type": "Point", "coordinates": [ 28793.504300000146031, 38524.835999999195337 ] } },
{ "type": "Feature", "properties": { "BUS_STOP_N": "43899", "LOC_DESC": "BEF BAIRY FARM CRES" }, "geometry": { "type": "Point", "coordinates": [ 20853.645899999886751, 38392.210799999535084 ] } },
{ "type": "Feature", "properties": { "BUS_STOP_N": "43891", "LOC_DESC": "AFT DAIRY FARM CRES" }, "geometry": { "type": "Point", "coordinates": [ 20866.835400000214577, 38418.298800000920892 ] } },
{ "type": "Feature", "properties": { "BUS_STOP_N": "43969", "LOC_DESC": "BEF DAIRY FARM HTS" }, "geometry": { "type": "Point", "coordinates": [ 21245.666600000113249, 38512.278999999165535 ] } },
{ "type": "Feature", "properties": { "BUS_STOP_N": "24239", "LOC_DESC": "BEF GUL ST 1" }, "geometry": { "type": "Point", "coordinates": [ 9712.107599999755621, 33559.387000000104308 ] } },
{ "type": "Feature", "properties": { "BUS_STOP_N": "50261", "LOC_DESC": "KENTISH LODGE" }, "geometry": { "type": "Point", "coordinates": [ 30212.978900000452995, 33160.775200000032783 ] } },
{ "type": "Feature", "properties": { "BUS_STOP_N": "46861", "LOC_DESC": "OPP BLK 624B" }, "geometry": { "type": "Point", "coordinates": [ 24302.417999999597669, 46318.445699999108911 ] } },
{ "type": "Feature", "properties": { "BUS_STOP_N": "43599", "LOC_DESC": "BT VIEW SEC SCH" }, "geometry": { "type": "Point", "coordinates": [ 18949.033400000073016, 36359.703099999576807 ] } },
{ "type": "Feature", "properties": { "BUS_STOP_N": "27261", "LOC_DESC": "HALL 4" }, "geometry": { "type": "Point", "coordinates": [ 11711.875199999660254, 36219.456900000572205 ] } },
{ "type": "Feature", "properties": { "BUS_STOP_N": "11599", "LOC_DESC": "BLK 153" }, "geometry": { "type": "Point", "coordinates": [ 24637.167999999597669, 30734.32740000076592 ] } },
{ "type": "Feature", "properties": { "BUS_STOP_N": "40099", "LOC_DESC": "AFT DUNKIRK AVE" }, "geometry": { "type": "Point", "coordinates": [ 26902.25719999987632, 33786.585899999365211 ] } },
{ "type": "Feature", "properties": { "BUS_STOP_N": "64259", "LOC_DESC": "BLK 925A CP" }, "geometry": { "type": "Point", "coordinates": [ 33496.903099999763072, 39891.707399999722838 ] } },
{ "type": "Feature", "properties": { "BUS_STOP_N": "43371", "LOC_DESC": "BLK 109" }, "geometry": { "type": "Point", "coordinates": [ 18275.53969999961555, 36545.665200000628829 ] } },
{ "type": "Feature", "properties": { "BUS_STOP_N": "21551", "LOC_DESC": "BLK 151" }, "geometry": { "type": "Point", "coordinates": [ 15505.590200000442564, 34315.79450000077486 ] } },
{ "type": "Feature", "properties": { "BUS_STOP_N": "55189", "LOC_DESC": "YIO CHU KANG STN" }, "geometry": { "type": "Point", "coordinates": [ 29174.678000000305474, 40502.429400000721216 ] } },
{ "type": "Feature", "properties": { "BUS_STOP_N": "14041", "LOC_DESC": "BLK 54" }, "geometry": { "type": "Point", "coordinates": [ 25685.155500000342727, 28426.090800000354648 ] } },
{ "type": "Feature", "properties": { "BUS_STOP_N": "54211", "LOC_DESC": "MAYFLOWER SEC SCH" }, "geometry": { "type": "Point", "coordinates": [ 28341.426500000059605, 38969.004899999126792 ] } },
{ "type": "Feature", "properties": { "BUS_STOP_N": "84041", "LOC_DESC": "BLK 221A" }, "geometry": { "type": "Point", "coordinates": [ 39288.172100000083447, 34105.053300000727177 ] } },
{ "type": "Feature", "properties": { "BUS_STOP_N": "83141", "LOC_DESC": "AFT LOR G TELOK KURAU" }, "geometry": { "type": "Point", "coordinates": [ 36357.856800000183284, 33332.1418999992311 ] } },
{ "type": "Feature", "properties": { "BUS_STOP_N": "44721", "LOC_DESC": "OPP JELAPANG STN" }, "geometry": { "type": "Point", "coordinates": [ 20372.365199999883771, 40947.004699999466538 ] } },
{ "type": "Feature", "properties": { "BUS_STOP_N": "59801", "LOC_DESC": "BLK 382C" }, "geometry": { "type": "Point", "coordinates": [ 29609.045199999585748, 45938.367799999192357 ] } },
{ "type": "Feature", "properties": { "BUS_STOP_N": "97019", "LOC_DESC": "OPP SALVATION ARMY" }, "geometry": { "type": "Point", "coordinates": [ 42696.984000000171363, 37221.683000000193715 ] } },
{ "type": "Feature", "properties": { "BUS_STOP_N": "29011", "LOC_DESC": "OPP SANMINA-SCI" }, "geometry": { "type": "Point", "coordinates": [ 16904.631199999712408, 32324.385600000619888 ] } },
{ "type": "Feature", "properties": { "BUS_STOP_N": "66419", "LOC_DESC": "BLK 330" }, "geometry": { "type": "Point", "coordinates": [ 32005.536500000394881, 36921.43779999949038 ] } },
{ "type": "Feature", "properties": { "BUS_STOP_N": "10109", "LOC_DESC": "BT MERAH SEC SCH" }, "geometry": { "type": "Point", "coordinates": [ 25771.964300000108778, 29760.497999999672174 ] } },
{ "type": "Feature", "properties": { "BUS_STOP_N": "31049", "LOC_DESC": "AFT CHR CEMY PATH 9" }, "geometry": { "type": "Point", "coordinates": [ 12511.740000000223517, 39017.612999999895692 ] } },
{ "type": "Feature", "properties": { "BUS_STOP_N": "66311", "LOC_DESC": "BLK 141A" }, "geometry": { "type": "Point", "coordinates": [ 32560.548999999649823, 38851.794399999082088 ] } },
{ "type": "Feature", "properties": { "BUS_STOP_N": "64359", "LOC_DESC": "MONTFORT SCH" }, "geometry": { "type": "Point", "coordinates": [ 34217.385999999940395, 39702.457000000402331 ] } },
{ "type": "Feature", "properties": { "BUS_STOP_N": "53131", "LOC_DESC": "BLK 319" }, "geometry": { "type": "Point", "coordinates": [ 28782.251600000075996, 37256.007699999958277 ] } },
{ "type": "Feature", "properties": { "BUS_STOP_N": "53381", "LOC_DESC": "BISHAN NTH SHOP MALL" }, "geometry": { "type": "Point", "coordinates": [ 29294.994199999608099, 37806.770800000056624 ] } },
{ "type": "Feature", "properties": { "BUS_STOP_N": "58449", "LOC_DESC": "SPORE SPORTS SCH" }, "geometry": { "type": "Point", "coordinates": [ 23073.012400000356138, 45427.360799999907613 ] } },
{ "type": "Feature", "properties": { "BUS_STOP_N": "16241", "LOC_DESC": "BEF WEST COAST PK" }, "geometry": { "type": "Point", "coordinates": [ 21342.788900000043213, 30166.418500000610948 ] } },
{ "type": "Feature", "properties": { "BUS_STOP_N": "22429", "LOC_DESC": "OPP NATL OXYGEN PTE LTD" }, "geometry": { "type": "Point", "coordinates": [ 13062.355100000277162, 32173.225299999117851 ] } },
{ "type": "Feature", "properties": { "BUS_STOP_N": "44801", "LOC_DESC": "OPP BLK 628" }, "geometry": { "type": "Point", "coordinates": [ 19733.710699999704957, 40777.630499999970198 ] } },
{ "type": "Feature", "properties": { "BUS_STOP_N": "56289", "LOC_DESC": "BEF SHANGRI-LA WALK" }, "geometry": { "type": "Point", "coordinates": [ 27891.841500000096858, 39142.115499999374151 ] } },
{ "type": "Feature", "properties": { "BUS_STOP_N": "67569", "LOC_DESC": "BLK 432A" }, "geometry": { "type": "Point", "coordinates": [ 32870.237499999813735, 41891.961899999529123 ] } },
{ "type": "Feature", "properties": { "BUS_STOP_N": "52279", "LOC_DESC": "BLK 56" }, "geometry": { "type": "Point", "coordinates": [ 29846.5, 35460.498400000855327 ] } },
{ "type": "Feature", "properties": { "BUS_STOP_N": "46271", "LOC_DESC": "OPP BLK 802" }, "geometry": { "type": "Point", "coordinates": [ 22715.941499999724329, 46900.808299999684095 ] } },
{ "type": "Feature", "properties": { "BUS_STOP_N": "11481", "LOC_DESC": "QUEENSTOWN LIB" }, "geometry": { "type": "Point", "coordinates": [ 24968.299300000071526, 31158.49070000089705 ] } },
{ "type": "Feature", "properties": { "BUS_STOP_N": "21619", "LOC_DESC": "AFT CORPORATION RD" }, "geometry": { "type": "Point", "coordinates": [ 15192.2972999997437, 35570.283099999651313 ] } },
{ "type": "Feature", "properties": { "BUS_STOP_N": "51119", "LOC_DESC": "BEF ANDREW RD" }, "geometry": { "type": "Point", "coordinates": [ 27924.987300000153482, 35808.275499999523163 ] } },
{ "type": "Feature", "properties": { "BUS_STOP_N": "59271", "LOC_DESC": "BLK 118" }, "geometry": { "type": "Point", "coordinates": [ 27462.216000000014901, 46439.334000000730157 ] } },
{ "type": "Feature", "properties": { "BUS_STOP_N": "64551", "LOC_DESC": "BLK 836" }, "geometry": { "type": "Point", "coordinates": [ 34348.287999999709427, 39104.13120000064373 ] } },
{ "type": "Feature", "properties": { "BUS_STOP_N": "40069", "LOC_DESC": "ANGLO-CHINESE SCH" }, "geometry": { "type": "Point", "coordinates": [ 28127.534599999897182, 33391.996200000867248 ] } },
{ "type": "Feature", "properties": { "BUS_STOP_N": "55151", "LOC_DESC": "ANG MO KIO COMMUNITY HOSP" }, "geometry": { "type": "Point", "coordinates": [ 28773.654000000096858, 40591.29700000025332 ] } },
{ "type": "Feature", "properties": { "BUS_STOP_N": "09139", "LOC_DESC": "AFT CUSCADEN RD" }, "geometry": { "type": "Point", "coordinates": [ 26934.881400000303984, 31775.246600000187755 ] } },
{ "type": "Feature", "properties": { "BUS_STOP_N": "65409", "LOC_DESC": "BEF BLK 264" }, "geometry": { "type": "Point", "coordinates": [ 35367.561700000427663, 43123.965099999681115 ] } },
{ "type": "Feature", "properties": { "BUS_STOP_N": "76369", "LOC_DESC": "BLK 496F" }, "geometry": { "type": "Point", "coordinates": [ 41014.657899999991059, 38037.662900000810623 ] } },
{ "type": "Feature", "properties": { "BUS_STOP_N": "54389", "LOC_DESC": "BLK 465" }, "geometry": { "type": "Point", "coordinates": [ 30587.075299999676645, 38706.900900000706315 ] } },
{ "type": "Feature", "properties": { "BUS_STOP_N": "44229", "LOC_DESC": "BEF PENDING STN" }, "geometry": { "type": "Point", "coordinates": [ 21112.23450000025332, 39834.63120000064373 ] } },
{ "type": "Feature", "properties": { "BUS_STOP_N": "50241", "LOC_DESC": "OPP S'PORE KHALSA ASSN" }, "geometry": { "type": "Point", "coordinates": [ 30671.334599999710917, 33277.044999999925494 ] } },
{ "type": "Feature", "properties": { "BUS_STOP_N": "82061", "LOC_DESC": "EUNOS STN / INT" }, "geometry": { "type": "Point", "coordinates": [ 35699.805100000463426, 33452.559299999848008 ] } },
{ "type": "Feature", "properties": { "BUS_STOP_N": "07031", "LOC_DESC": "TEKKA CTR" }, "geometry": { "type": "Point", "coordinates": [ 29996.982699999585748, 32011.166600000113249 ] } },
{ "type": "Feature", "properties": { "BUS_STOP_N": "83101", "LOC_DESC": "EUNOS STN" }, "geometry": { "type": "Point", "coordinates": [ 35969.78110000025481, 33665.212700000032783 ] } },
{ "type": "Feature", "properties": { "BUS_STOP_N": "71091", "LOC_DESC": "BLK 637" }, "geometry": { "type": "Point", "coordinates": [ 35838.263399999588728, 34763.371799999848008 ] } },
{ "type": "Feature", "properties": { "BUS_STOP_N": "43089", "LOC_DESC": "AFT ASSUMPTION ENG SCH" }, "geometry": { "type": "Point", "coordinates": [ 20544.403199999593198, 38786.541899999603629 ] } },
{ "type": "Feature", "properties": { "BUS_STOP_N": "43069", "LOC_DESC": "HILLVIEW STN EXIT A" }, "geometry": { "type": "Point", "coordinates": [ 20695.42960000038147, 38304.859600000083447 ] } },
{ "type": "Feature", "properties": { "BUS_STOP_N": "43099", "LOC_DESC": "ASSUMPTION PATHWAY SCH" }, "geometry": { "type": "Point", "coordinates": [ 20404.564100000075996, 38972.375199999660254 ] } },
{ "type": "Feature", "properties": { "BUS_STOP_N": "43091", "LOC_DESC": "BEF CASHEW STN" }, "geometry": { "type": "Point", "coordinates": [ 20365.916600000113249, 38966.926200000569224 ] } },
{ "type": "Feature", "properties": { "BUS_STOP_N": "43081", "LOC_DESC": "OPP ASSUMPTION ENG SCH" }, "geometry": { "type": "Point", "coordinates": [ 20538.929299999959767, 38704.093000000342727 ] } },
{ "type": "Feature", "properties": { "BUS_STOP_N": "12061", "LOC_DESC": "BLK 109" }, "geometry": { "type": "Point", "coordinates": [ 21040.676400000229478, 33769.736700000241399 ] } },
{ "type": "Feature", "properties": { "BUS_STOP_N": "12069", "LOC_DESC": "OPP BLK 109A" }, "geometry": { "type": "Point", "coordinates": [ 21071.390100000426173, 33732.302799999713898 ] } },
{ "type": "Feature", "properties": { "BUS_STOP_N": "66079", "LOC_DESC": "PUB RECREATION CLUB" }, "geometry": { "type": "Point", "coordinates": [ 31785.841900000348687, 36161.090900000184774 ] } },
{ "type": "Feature", "properties": { "BUS_STOP_N": "75551", "LOC_DESC": "BLK 641A" }, "geometry": { "type": "Point", "coordinates": [ 40266.243900000117719, 38704.550499999895692 ] } },
{ "type": "Feature", "properties": { "BUS_STOP_N": "11009", "LOC_DESC": "GHIM MOH TER" }, "geometry": { "type": "Point", "coordinates": [ 23100.580099999904633, 32604.363299999386072 ] } },
{ "type": "Feature", "properties": { "BUS_STOP_N": "54051", "LOC_DESC": "BEF ANG MO KIO AVE 5" }, "geometry": { "type": "Point", "coordinates": [ 29260.373999999836087, 39814.363299999386072 ] } },
{ "type": "Feature", "properties": { "BUS_STOP_N": "99109", "LOC_DESC": "OPP GOVT CHALETS" }, "geometry": { "type": "Point", "coordinates": [ 44522.984899999573827, 41458.846200000494719 ] } },
{ "type": "Feature", "properties": { "BUS_STOP_N": "09141", "LOC_DESC": "BRITISH COUNCIL" }, "geometry": { "type": "Point", "coordinates": [ 26706.143600000068545, 31973.499600000679493 ] } },
{ "type": "Feature", "properties": { "BUS_STOP_N": "20179", "LOC_DESC": "AFT TEBAN GDNS RD" }, "geometry": { "type": "Point", "coordinates": [ 17522.795699999667704, 33581.769500000402331 ] } },
{ "type": "Feature", "properties": { "BUS_STOP_N": "84319", "LOC_DESC": "BLK 428" }, "geometry": { "type": "Point", "coordinates": [ 38500.516999999992549, 34668.684699999168515 ] } },
{ "type": "Feature", "properties": { "BUS_STOP_N": "43539", "LOC_DESC": "OPP BLK 140" }, "geometry": { "type": "Point", "coordinates": [ 17990.175099999643862, 37060.660299999639392 ] } },
{ "type": "Feature", "properties": { "BUS_STOP_N": "98011", "LOC_DESC": "BLK 149A" }, "geometry": { "type": "Point", "coordinates": [ 42426.11019999999553, 38255.314400000497699 ] } },
{ "type": "Feature", "properties": { "BUS_STOP_N": "71059", "LOC_DESC": "BEF KIM CHUAN RD" }, "geometry": { "type": "Point", "coordinates": [ 34529.269000000320375, 35861.93099999986589 ] } },
{ "type": "Feature", "properties": { "BUS_STOP_N": "82171", "LOC_DESC": "BEF MANGIS RD" }, "geometry": { "type": "Point", "coordinates": [ 35755.433899999596179, 32900.104399999603629 ] } },
{ "type": "Feature", "properties": { "BUS_STOP_N": "73049", "LOC_DESC": "AIR FORCE SCH" }, "geometry": { "type": "Point", "coordinates": [ 35327.191800000146031, 36978.177600000053644 ] } },
{ "type": "Feature", "properties": { "BUS_STOP_N": "99189", "LOC_DESC": "S'PORE AVIATION AC" }, "geometry": { "type": "Point", "coordinates": [ 45395.868300000205636, 41143.694900000467896 ] } },
{ "type": "Feature", "properties": { "BUS_STOP_N": "40179", "LOC_DESC": "ENV BLDG" }, "geometry": { "type": "Point", "coordinates": [ 28387.241799999959767, 32622.633099999278784 ] } },
{ "type": "Feature", "properties": { "BUS_STOP_N": "59261", "LOC_DESC": "BLK 174" }, "geometry": { "type": "Point", "coordinates": [ 27797.783999999985099, 46578.568900000303984 ] } },
{ "type": "Feature", "properties": { "BUS_STOP_N": "54221", "LOC_DESC": "OPP ANG MO KIO PRI SCH" }, "geometry": { "type": "Point", "coordinates": [ 28703.960400000214577, 39108.279500000178814 ] } },
{ "type": "Feature", "properties": { "BUS_STOP_N": "92119", "LOC_DESC": "ROXY SQ" }, "geometry": { "type": "Point", "coordinates": [ 35724.620000000111759, 31862.663200000301003 ] } },
{ "type": "Feature", "properties": { "BUS_STOP_N": "32059", "LOC_DESC": "OPP TRACK 11" }, "geometry": { "type": "Point", "coordinates": [ 13298.512699999846518, 43426.166600000113249 ] } },
{ "type": "Feature", "properties": { "BUS_STOP_N": "50249", "LOC_DESC": "S'PORE KHALSA ASSN" }, "geometry": { "type": "Point", "coordinates": [ 30597.44579999987036, 33288.494599999859929 ] } },
{ "type": "Feature", "properties": { "BUS_STOP_N": "82159", "LOC_DESC": "AFT TEMBELING RD" }, "geometry": { "type": "Point", "coordinates": [ 35480.03000000026077, 32842.072100000455976 ] } },
{ "type": "Feature", "properties": { "BUS_STOP_N": "64571", "LOC_DESC": "BLK 438" }, "geometry": { "type": "Point", "coordinates": [ 34634.838100000284612, 40005.352700000628829 ] } },
{ "type": "Feature", "properties": { "BUS_STOP_N": "76171", "LOC_DESC": "BLK 266" }, "geometry": { "type": "Point", "coordinates": [ 41041.520800000056624, 37099.614199999719858 ] } },
{ "type": "Feature", "properties": { "BUS_STOP_N": "66549", "LOC_DESC": "OPP BLK 980C" }, "geometry": { "type": "Point", "coordinates": [ 33380.015800000168383, 40253.502299999818206 ] } },
{ "type": "Feature", "properties": { "BUS_STOP_N": "78081", "LOC_DESC": "BLK 467" }, "geometry": { "type": "Point", "coordinates": [ 41692.246899999678135, 39514.565400000661612 ] } },
{ "type": "Feature", "properties": { "BUS_STOP_N": "11049", "LOC_DESC": "OPP BLESSED SACRAMENT CH" }, "geometry": { "type": "Point", "coordinates": [ 24241.598699999973178, 30856.731100000441074 ] } },
{ "type": "Feature", "properties": { "BUS_STOP_N": "26321", "LOC_DESC": "BEF TUAS STH ST 2" }, "geometry": { "type": "Point", "coordinates": [ 5506.021800000220537, 32056.644999999552965 ] } },
{ "type": "Feature", "properties": { "BUS_STOP_N": "99009", "LOC_DESC": "CHANGI VILLAGE TER" }, "geometry": { "type": "Point", "coordinates": [ 45184.036899999715388, 41253.148299999535084 ] } },
{ "type": "Feature", "properties": { "BUS_STOP_N": "05199", "LOC_DESC": "OPP HONG LIM CPLX" }, "geometry": { "type": "Point", "coordinates": [ 29493.507699999958277, 29667.185799999162555 ] } },
{ "type": "Feature", "properties": { "BUS_STOP_N": "70139", "LOC_DESC": "AFT JLN BELANGKAS" }, "geometry": { "type": "Point", "coordinates": [ 33554.721300000324845, 34929.868000000715256 ] } },
{ "type": "Feature", "properties": { "BUS_STOP_N": "24629", "LOC_DESC": "OPP OCEAN TANKER" }, "geometry": { "type": "Point", "coordinates": [ 7620.162899999879301, 32323.975899999961257 ] } },
{ "type": "Feature", "properties": { "BUS_STOP_N": "17299", "LOC_DESC": "OPP WEST COAST PK" }, "geometry": { "type": "Point", "coordinates": [ 20811.890100000426173, 30394.624299999326468 ] } },
{ "type": "Feature", "properties": { "BUS_STOP_N": "45151", "LOC_DESC": "OPP MULTISTATES TRADING" }, "geometry": { "type": "Point", "coordinates": [ 19205.126899999566376, 42522.671499999240041 ] } },
{ "type": "Feature", "properties": { "BUS_STOP_N": "22551", "LOC_DESC": "BLK 657" }, "geometry": { "type": "Point", "coordinates": [ 13228.791799999773502, 35241.94679999910295 ] } },
{ "type": "Feature", "properties": { "BUS_STOP_N": "10449", "LOC_DESC": "BLK 44" }, "geometry": { "type": "Point", "coordinates": [ 25633.440899999812245, 29894.22719999961555 ] } },
{ "type": "Feature", "properties": { "BUS_STOP_N": "59219", "LOC_DESC": "OPP BLK 288" }, "geometry": { "type": "Point", "coordinates": [ 28467.80559999961406, 46903.607499999925494 ] } },
{ "type": "Feature", "properties": { "BUS_STOP_N": "93029", "LOC_DESC": "MANDARIN GDNS" }, "geometry": { "type": "Point", "coordinates": [ 38168.546799999661744, 32312.414100000634789 ] } },
{ "type": "Feature", "properties": { "BUS_STOP_N": "98071", "LOC_DESC": "LOYANG WAY 4 / SOXAL" }, "geometry": { "type": "Point", "coordinates": [ 44145.251400000415742, 40193.651799999177456 ] } },
{ "type": "Feature", "properties": { "BUS_STOP_N": "25511", "LOC_DESC": "MICHELMAN" }, "geometry": { "type": "Point", "coordinates": [ 6578.676500000059605, 34668.856100000441074 ] } },
{ "type": "Feature", "properties": { "BUS_STOP_N": "70119", "LOC_DESC": "CENCON BLDG" }, "geometry": { "type": "Point", "coordinates": [ 32939.185700000263751, 34772.154100000858307 ] } },
{ "type": "Feature", "properties": { "BUS_STOP_N": "06049", "LOC_DESC": "BEF OUTRAM FLYOVER" }, "geometry": { "type": "Point", "coordinates": [ 28211.140100000426173, 29678.151100000366569 ] } },
{ "type": "Feature", "properties": { "BUS_STOP_N": "12121", "LOC_DESC": "BLK 7" }, "geometry": { "type": "Point", "coordinates": [ 22849.026300000026822, 32654.772099999710917 ] } },
{ "type": "Feature", "properties": { "BUS_STOP_N": "80191", "LOC_DESC": "OPP S'PORE INDOOR STADIUM" }, "geometry": { "type": "Point", "coordinates": [ 32729.884700000286102, 31457.644700000062585 ] } },
{ "type": "Feature", "properties": { "BUS_STOP_N": "50041", "LOC_DESC": "NOVENA LODGE" }, "geometry": { "type": "Point", "coordinates": [ 28921.379499999806285, 33976.573499999940395 ] } },
{ "type": "Feature", "properties": { "BUS_STOP_N": "27159", "LOC_DESC": "BLK 924" }, "geometry": { "type": "Point", "coordinates": [ 12051.736800000071526, 35838.606399999931455 ] } },
{ "type": "Feature", "properties": { "BUS_STOP_N": "54161", "LOC_DESC": "OPP BLK 255" }, "geometry": { "type": "Point", "coordinates": [ 28156.606499999761581, 39237.546700000762939 ] } },
{ "type": "Feature", "properties": { "BUS_STOP_N": "28101", "LOC_DESC": "OPP SMRT ULU PANDAN DEPOT" }, "geometry": { "type": "Point", "coordinates": [ 19732.763700000010431, 35046.906899999827147 ] } },
{ "type": "Feature", "properties": { "BUS_STOP_N": "17359", "LOC_DESC": "BEF CLEMENTI RD" }, "geometry": { "type": "Point", "coordinates": [ 20533.74959999974817, 30632.665400000289083 ] } },
{ "type": "Feature", "properties": { "BUS_STOP_N": "44329", "LOC_DESC": "BANGKIT STN" }, "geometry": { "type": "Point", "coordinates": [ 21240.941800000146031, 40252.689799999818206 ] } },
{ "type": "Feature", "properties": { "BUS_STOP_N": "58241", "LOC_DESC": "SEMBAWANG INT" }, "geometry": { "type": "Point", "coordinates": [ 26542.125300000421703, 47653.777400000020862 ] } },
{ "type": "Feature", "properties": { "BUS_STOP_N": "95081", "LOC_DESC": "CHANGI BEACH CP 5" }, "geometry": { "type": "Point", "coordinates": [ 46323.629200000315905, 41258.507699999958277 ] } },
{ "type": "Feature", "properties": { "BUS_STOP_N": "42149", "LOC_DESC": "AFT BUKIT TIMAH RD" }, "geometry": { "type": "Point", "coordinates": [ 21911.824199999682605, 35354.936300000175834 ] } },
{ "type": "Feature", "properties": { "BUS_STOP_N": "29111", "LOC_DESC": "TRANSERVE" }, "geometry": { "type": "Point", "coordinates": [ 18376.186300000175834, 31379.61629999987781 ] } },
{ "type": "Feature", "properties": { "BUS_STOP_N": "24339", "LOC_DESC": "HONG HANG BLDG" }, "geometry": { "type": "Point", "coordinates": [ 9689.326100000180304, 32297.330600000917912 ] } },
{ "type": "Feature", "properties": { "BUS_STOP_N": "42231", "LOC_DESC": "BEF JLN JURONG KECHIL" }, "geometry": { "type": "Point", "coordinates": [ 21026.837899999693036, 35860.179700000211596 ] } },
{ "type": "Feature", "properties": { "BUS_STOP_N": "10379", "LOC_DESC": "BLK 25B" }, "geometry": { "type": "Point", "coordinates": [ 27063.80460000038147, 29579.834599999710917 ] } },
{ "type": "Feature", "properties": { "BUS_STOP_N": "54629", "LOC_DESC": "OPP BLK 223" }, "geometry": { "type": "Point", "coordinates": [ 28515.955299999564886, 38627.409299999475479 ] } },
{ "type": "Feature", "properties": { "BUS_STOP_N": "43391", "LOC_DESC": "BT BATOK CC" }, "geometry": { "type": "Point", "coordinates": [ 18480.646499999798834, 36895.10700000077486 ] } },
{ "type": "Feature", "properties": { "BUS_STOP_N": "58079", "LOC_DESC": "AFT JLN BASONG" }, "geometry": { "type": "Point", "coordinates": [ 28118.923499999567866, 48606.033800000324845 ] } },
{ "type": "Feature", "properties": { "BUS_STOP_N": "93011", "LOC_DESC": "OPP NEPTUNE CT" }, "geometry": { "type": "Point", "coordinates": [ 37818.831000000238419, 32287.160000000149012 ] } },
{ "type": "Feature", "properties": { "BUS_STOP_N": "77351", "LOC_DESC": "BLK 562" }, "geometry": { "type": "Point", "coordinates": [ 41005.311999999918044, 38878.80599999986589 ] } },
{ "type": "Feature", "properties": { "BUS_STOP_N": "67221", "LOC_DESC": "RUMBIA STN EXIT B/ BLK 153" }, "geometry": { "type": "Point", "coordinates": [ 36121.076000000350177, 41469.197000000625849 ] } },
{ "type": "Feature", "properties": { "BUS_STOP_N": "64351", "LOC_DESC": "OPP MONTFORT SCH" }, "geometry": { "type": "Point", "coordinates": [ 34087.27419999986887, 39639.750399999320507 ] } },
{ "type": "Feature", "properties": { "BUS_STOP_N": "63361", "LOC_DESC": "OPP S'GOON SPORTS CPLX" }, "geometry": { "type": "Point", "coordinates": [ 32507.333700000308454, 37732.627499999478459 ] } },
{ "type": "Feature", "properties": { "BUS_STOP_N": "85041", "LOC_DESC": "MAN FATT LAM TP" }, "geometry": { "type": "Point", "coordinates": [ 41115.146999999880791, 34299.07799999974668 ] } },
{ "type": "Feature", "properties": { "BUS_STOP_N": "94021", "LOC_DESC": "BEF SENNETT RD" }, "geometry": { "type": "Point", "coordinates": [ 39675.99100000038743, 33002.495999999344349 ] } },
{ "type": "Feature", "properties": { "BUS_STOP_N": "53249", "LOC_DESC": "BLK 210" }, "geometry": { "type": "Point", "coordinates": [ 29750.222000000067055, 37488.66300000064075 ] } },
{ "type": "Feature", "properties": { "BUS_STOP_N": "43349", "LOC_DESC": "OPP PRINCESS E PR SCH" }, "geometry": { "type": "Point", "coordinates": [ 17697.320000000298023, 36889.971999999135733 ] } },
{ "type": "Feature", "properties": { "BUS_STOP_N": "17031", "LOC_DESC": "KENT RIDGE SEC SCH" }, "geometry": { "type": "Point", "coordinates": [ 20467.374400000087917, 31564.117000000551343 ] } },
{ "type": "Feature", "properties": { "BUS_STOP_N": "11051", "LOC_DESC": "OPP QUEENSTOWN POLYCLINIC" }, "geometry": { "type": "Point", "coordinates": [ 24338.479299999773502, 31273.06140000000596 ] } },
{ "type": "Feature", "properties": { "BUS_STOP_N": "20031", "LOC_DESC": "THE INFINITI" }, "geometry": { "type": "Point", "coordinates": [ 19261.614299999549985, 33632.582000000402331 ] } },
{ "type": "Feature", "properties": { "BUS_STOP_N": "54621", "LOC_DESC": "BLK 223" }, "geometry": { "type": "Point", "coordinates": [ 28492.922100000083447, 38664.926500000059605 ] } },
{ "type": "Feature", "properties": { "BUS_STOP_N": "16141", "LOC_DESC": "TENTERA DIRAJA MQUE" }, "geometry": { "type": "Point", "coordinates": [ 20909.559000000357628, 31144.303999999538064 ] } },
{ "type": "Feature", "properties": { "BUS_STOP_N": "71011", "LOC_DESC": "AFT PAYA LEBAR RD" }, "geometry": { "type": "Point", "coordinates": [ 34341.39809999987483, 35145.768400000408292 ] } },
{ "type": "Feature", "properties": { "BUS_STOP_N": "43399", "LOC_DESC": "OPP BLK 120" }, "geometry": { "type": "Point", "coordinates": [ 18513.004999999888241, 36969.53999999910593 ] } },
{ "type": "Feature", "properties": { "BUS_STOP_N": "78171", "LOC_DESC": "BLK 108" }, "geometry": { "type": "Point", "coordinates": [ 41739.087000000290573, 38881.341000000014901 ] } },
{ "type": "Feature", "properties": { "BUS_STOP_N": "44739", "LOC_DESC": "BLK 180" }, "geometry": { "type": "Point", "coordinates": [ 20356.031999999657273, 40062.742799999192357 ] } },
{ "type": "Feature", "properties": { "BUS_STOP_N": "77011", "LOC_DESC": "OPP BLK 515" }, "geometry": { "type": "Point", "coordinates": [ 40153.318699999712408, 39539.459799999371171 ] } },
{ "type": "Feature", "properties": { "BUS_STOP_N": "09149", "LOC_DESC": "OPP BRITISH COUNCIL" }, "geometry": { "type": "Point", "coordinates": [ 26663.834599999710917, 32046.33559999987483 ] } },
{ "type": "Feature", "properties": { "BUS_STOP_N": "43829", "LOC_DESC": "SYMPHONY HTS" }, "geometry": { "type": "Point", "coordinates": [ 20656.053600000217557, 37662.017699999734759 ] } },
{ "type": "Feature", "properties": { "BUS_STOP_N": "43821", "LOC_DESC": "OPP SYMPHONY HTS" }, "geometry": { "type": "Point", "coordinates": [ 20685.686999999918044, 37648.32289999909699 ] } },
{ "type": "Feature", "properties": { "BUS_STOP_N": "43049", "LOC_DESC": "OPP HUME PK CONDO" }, "geometry": { "type": "Point", "coordinates": [ 20830.348299999721348, 37521.347599999979138 ] } },
{ "type": "Feature", "properties": { "BUS_STOP_N": "43029", "LOC_DESC": "OPP THE HILLSIDE" }, "geometry": { "type": "Point", "coordinates": [ 20953.846099999733269, 37138.932000000029802 ] } },
{ "type": "Feature", "properties": { "BUS_STOP_N": "43021", "LOC_DESC": "AFT OLD JURONG RD" }, "geometry": { "type": "Point", "coordinates": [ 20930.954699999652803, 37052.32740000076592 ] } },
{ "type": "Feature", "properties": { "BUS_STOP_N": "72029", "LOC_DESC": "OPP BLK 646" }, "geometry": { "type": "Point", "coordinates": [ 36159.510099999606609, 34791.067500000819564 ] } },
{ "type": "Feature", "properties": { "BUS_STOP_N": "84709", "LOC_DESC": "OPP BLK 150" }, "geometry": { "type": "Point", "coordinates": [ 36809.726700000464916, 35407.724500000476837 ] } },
{ "type": "Feature", "properties": { "BUS_STOP_N": "72049", "LOC_DESC": "OPP BLK 660A CP" }, "geometry": { "type": "Point", "coordinates": [ 36272.345800000242889, 35238.673000000417233 ] } },
{ "type": "Feature", "properties": { "BUS_STOP_N": "72041", "LOC_DESC": "BLK 660A CP" }, "geometry": { "type": "Point", "coordinates": [ 36242.605499999597669, 35207.982300000265241 ] } },
{ "type": "Feature", "properties": { "BUS_STOP_N": "72039", "LOC_DESC": "KAKI BT STN EXIT A" }, "geometry": { "type": "Point", "coordinates": [ 36526.419700000435114, 35296.372899999842048 ] } },
{ "type": "Feature", "properties": { "BUS_STOP_N": "72031", "LOC_DESC": "BEF KAKI BT STN EXIT B" }, "geometry": { "type": "Point", "coordinates": [ 36515.910899999551475, 35266.510600000619888 ] } },
{ "type": "Feature", "properties": { "BUS_STOP_N": "72061", "LOC_DESC": "BLK 122" }, "geometry": { "type": "Point", "coordinates": [ 36525.334499999880791, 34884.166400000452995 ] } },
{ "type": "Feature", "properties": { "BUS_STOP_N": "72021", "LOC_DESC": "BLK 646" }, "geometry": { "type": "Point", "coordinates": [ 36112.70299999974668, 34792.042500000447035 ] } },
{ "type": "Feature", "properties": { "BUS_STOP_N": "72069", "LOC_DESC": "BLK 121" }, "geometry": { "type": "Point", "coordinates": [ 36523.253499999642372, 34857.887800000607967 ] } },
{ "type": "Feature", "properties": { "BUS_STOP_N": "04019", "LOC_DESC": "OPP BENCOOLEN STN EXIT B" }, "geometry": { "type": "Point", "coordinates": [ 29832.39159999974072, 31167.1402000002563 ] } },
{ "type": "Feature", "properties": { "BUS_STOP_N": "08069", "LOC_DESC": "BENCOOLEN STN EXIT B" }, "geometry": { "type": "Point", "coordinates": [ 29795.149500000290573, 31168.276000000536442 ] } },
{ "type": "Feature", "properties": { "BUS_STOP_N": "76219", "LOC_DESC": "BLK 230E" }, "geometry": { "type": "Point", "coordinates": [ 41091.052600000053644, 37618.446299999952316 ] } },
{ "type": "Feature", "properties": { "BUS_STOP_N": "67731", "LOC_DESC": "BEF SENGKANG EAST DR" }, "geometry": { "type": "Point", "coordinates": [ 35575.557500000111759, 40240.72440000064671 ] } },
{ "type": "Feature", "properties": { "BUS_STOP_N": "98309", "LOC_DESC": "CARISSA PK" }, "geometry": { "type": "Point", "coordinates": [ 42619.887299999594688, 38001.374199999496341 ] } },
{ "type": "Feature", "properties": { "BUS_STOP_N": "67499", "LOC_DESC": "FERNVALE PRI SCH" }, "geometry": { "type": "Point", "coordinates": [ 32610.380300000309944, 41397.578099999576807 ] } },
{ "type": "Feature", "properties": { "BUS_STOP_N": "81179", "LOC_DESC": "BLK 22" }, "geometry": { "type": "Point", "coordinates": [ 33762.48340000025928, 32179.873500000685453 ] } },
{ "type": "Feature", "properties": { "BUS_STOP_N": "96329", "LOC_DESC": "DHL" }, "geometry": { "type": "Point", "coordinates": [ 42665.624200000427663, 34916.640900000929832 ] } },
{ "type": "Feature", "properties": { "BUS_STOP_N": "96341", "LOC_DESC": "AFT SUNNY METAL & ENGRG" }, "geometry": { "type": "Point", "coordinates": [ 43247.997999999672174, 35014.213400000706315 ] } },
{ "type": "Feature", "properties": { "BUS_STOP_N": "28361", "LOC_DESC": "JURONG LAKE" }, "geometry": { "type": "Point", "coordinates": [ 16213.372200000099838, 36262.868599999696016 ] } },
{ "type": "Feature", "properties": { "BUS_STOP_N": "46629", "LOC_DESC": "THE WOODGROVE" }, "geometry": { "type": "Point", "coordinates": [ 22159.674300000071526, 45688.879799999296665 ] } },
{ "type": "Feature", "properties": { "BUS_STOP_N": "56089", "LOC_DESC": "AFT SLE" }, "geometry": { "type": "Point", "coordinates": [ 26361.715099999681115, 41547.02419999986887 ] } },
{ "type": "Feature", "properties": { "BUS_STOP_N": "05039", "LOC_DESC": "NEW BRIDGE CTR" }, "geometry": { "type": "Point", "coordinates": [ 29019.481900000013411, 29478.366699999198318 ] } },
{ "type": "Feature", "properties": { "BUS_STOP_N": "53231", "LOC_DESC": "Bishan Stn" }, "geometry": { "type": "Point", "coordinates": [ 29628.125, 36991.403000000864267 ] } },
{ "type": "Feature", "properties": { "BUS_STOP_N": "01419", "LOC_DESC": "ST JOHN HQ" }, "geometry": { "type": "Point", "coordinates": [ 31324.570000000298023, 31586.28999999910593 ] } },
{ "type": "Feature", "properties": { "BUS_STOP_N": "48019", "LOC_DESC": "MANDAI CAMP 2" }, "geometry": { "type": "Point", "coordinates": [ 21554.564500000327826, 43585.833200000226498 ] } },
{ "type": "Feature", "properties": { "BUS_STOP_N": "26011", "LOC_DESC": "BEF TUAS AVE 11" }, "geometry": { "type": "Point", "coordinates": [ 7465.193199999630451, 33504.145099999383092 ] } },
{ "type": "Feature", "properties": { "BUS_STOP_N": "43351", "LOC_DESC": "BLK 168" }, "geometry": { "type": "Point", "coordinates": [ 17737.266499999910593, 36572.420399999246001 ] } },
{ "type": "Feature", "properties": { "BUS_STOP_N": "65179", "LOC_DESC": "CORAL EDGE STN EXIT A" }, "geometry": { "type": "Point", "coordinates": [ 36740.848000000230968, 41802.956199999898672 ] } },
{ "type": "Feature", "properties": { "BUS_STOP_N": "14011", "LOC_DESC": "BEF MT FABER LODGE" }, "geometry": { "type": "Point", "coordinates": [ 27133.145700000226498, 27830.273700000718236 ] } },
{ "type": "Feature", "properties": { "BUS_STOP_N": "21539", "LOC_DESC": "OPP KAILY PACKAGING" }, "geometry": { "type": "Point", "coordinates": [ 14982.125300000421703, 34847.754200000315905 ] } },
{ "type": "Feature", "properties": { "BUS_STOP_N": "14039", "LOC_DESC": "OPP ST. THERESA'S CONVENT" }, "geometry": { "type": "Point", "coordinates": [ 26901.877399999648333, 28782.487099999561906 ] } },
{ "type": "Feature", "properties": { "BUS_STOP_N": "22159", "LOC_DESC": "OPP HITACHI" }, "geometry": { "type": "Point", "coordinates": [ 12784.895800000056624, 33685.857999999076128 ] } },
{ "type": "Feature", "properties": { "BUS_STOP_N": "44119", "LOC_DESC": "BLK 204" }, "geometry": { "type": "Point", "coordinates": [ 18655.951000000350177, 40282.810200000181794 ] } },
{ "type": "Feature", "properties": { "BUS_STOP_N": "58071", "LOC_DESC": "BEF JLN BASONG" }, "geometry": { "type": "Point", "coordinates": [ 28064.301400000229478, 48545.993699999526143 ] } },
{ "type": "Feature", "properties": { "BUS_STOP_N": "76409", "LOC_DESC": "BLK 259" }, "geometry": { "type": "Point", "coordinates": [ 41082.186499999836087, 37434.675000000745058 ] } },
{ "type": "Feature", "properties": { "BUS_STOP_N": "66319", "LOC_DESC": "BET BLKS 142/148" }, "geometry": { "type": "Point", "coordinates": [ 32517.418100000359118, 38925.549300000071526 ] } },
{ "type": "Feature", "properties": { "BUS_STOP_N": "66421", "LOC_DESC": "BLK 537" }, "geometry": { "type": "Point", "coordinates": [ 32464.153900000266731, 39519.891200000420213 ] } },
{ "type": "Feature", "properties": { "BUS_STOP_N": "94051", "LOC_DESC": "OPP TEMASEK SEC SCH" }, "geometry": { "type": "Point", "coordinates": [ 40703.669800000265241, 33264.383199999108911 ] } },
{ "type": "Feature", "properties": { "BUS_STOP_N": "56051", "LOC_DESC": "OPP TAGORE RD" }, "geometry": { "type": "Point", "coordinates": [ 27154.127100000157952, 40502.70920000039041 ] } },
{ "type": "Feature", "properties": { "BUS_STOP_N": "54499", "LOC_DESC": "BEF CTE" }, "geometry": { "type": "Point", "coordinates": [ 31027.353099999949336, 39886.274100000038743 ] } },
{ "type": "Feature", "properties": { "BUS_STOP_N": "63399", "LOC_DESC": "BLK 632" }, "geometry": { "type": "Point", "coordinates": [ 33224.020200000144541, 39130.937899999320507 ] } },
{ "type": "Feature", "properties": { "BUS_STOP_N": "77019", "LOC_DESC": "BLK 515" }, "geometry": { "type": "Point", "coordinates": [ 40272.746799999848008, 39525.687100000679493 ] } },
{ "type": "Feature", "properties": { "BUS_STOP_N": "43329", "LOC_DESC": "BLK 146" }, "geometry": { "type": "Point", "coordinates": [ 18155.184600000269711, 36879.977399999275804 ] } },
{ "type": "Feature", "properties": { "BUS_STOP_N": "58109", "LOC_DESC": "OPP BLK 311" }, "geometry": { "type": "Point", "coordinates": [ 26866.258500000461936, 47586.82660000026226 ] } },
{ "type": "Feature", "properties": { "BUS_STOP_N": "22251", "LOC_DESC": "BLK 665A" }, "geometry": { "type": "Point", "coordinates": [ 13449.082700000144541, 35875.532500000670552 ] } },
{ "type": "Feature", "properties": { "BUS_STOP_N": "52171", "LOC_DESC": "BRADDELL STN / BLK 107" }, "geometry": { "type": "Point", "coordinates": [ 29617.814899999648333, 35901.11570000089705 ] } },
{ "type": "Feature", "properties": { "BUS_STOP_N": "12021", "LOC_DESC": "BEF MOONBEAM WALK" }, "geometry": { "type": "Point", "coordinates": [ 22328.962899999693036, 33482.253900000825524 ] } },
{ "type": "Feature", "properties": { "BUS_STOP_N": "67591", "LOC_DESC": "BLK 286B" }, "geometry": { "type": "Point", "coordinates": [ 34908.42200000025332, 42186.193199999630451 ] } },
{ "type": "Feature", "properties": { "BUS_STOP_N": "12131", "LOC_DESC": "AFT GROVE AVE" }, "geometry": { "type": "Point", "coordinates": [ 22628.518899999558926, 32938.725099999457598 ] } },
{ "type": "Feature", "properties": { "BUS_STOP_N": "81161", "LOC_DESC": "BLK 56" }, "geometry": { "type": "Point", "coordinates": [ 33541.310200000181794, 32537.741200000047684 ] } },
{ "type": "Feature", "properties": { "BUS_STOP_N": "28641", "LOC_DESC": "BLK 284" }, "geometry": { "type": "Point", "coordinates": [ 18300.399299999698997, 35698.837099999189377 ] } },
{ "type": "Feature", "properties": { "BUS_STOP_N": "25009", "LOC_DESC": "TUAS TER" }, "geometry": { "type": "Point", "coordinates": [ 6417.620400000363588, 36343.346499999985099 ] } },
{ "type": "Feature", "properties": { "BUS_STOP_N": "23131", "LOC_DESC": "MES LOGISTIC HUB" }, "geometry": { "type": "Point", "coordinates": [ 11384.165199999697506, 34193.048000000417233 ] } },
{ "type": "Feature", "properties": { "BUS_STOP_N": "64619", "LOC_DESC": "OPP BLK 913" }, "geometry": { "type": "Point", "coordinates": [ 33713.075000000186265, 40010.474999999627471 ] } },
{ "type": "Feature", "properties": { "BUS_STOP_N": "40331", "LOC_DESC": "BLK 460D" }, "geometry": { "type": "Point", "coordinates": [ 17643.85120000038296, 37276.17850000038743 ] } },
{ "type": "Feature", "properties": { "BUS_STOP_N": "95139", "LOC_DESC": "POLICE PASS OFF" }, "geometry": { "type": "Point", "coordinates": [ 46443.775600000284612, 40846.058399999514222 ] } },
{ "type": "Feature", "properties": { "BUS_STOP_N": "25109", "LOC_DESC": "SMC MFG" }, "geometry": { "type": "Point", "coordinates": [ 7291.478699999861419, 35207.349600000306964 ] } },
{ "type": "Feature", "properties": { "BUS_STOP_N": "28539", "LOC_DESC": "BLK 538" }, "geometry": { "type": "Point", "coordinates": [ 14886.790400000289083, 36882.361700000241399 ] } },
{ "type": "Feature", "properties": { "BUS_STOP_N": "67599", "LOC_DESC": "OPP BLK 293D" }, "geometry": { "type": "Point", "coordinates": [ 34844.810899999924004, 42127.118400000035763 ] } },
{ "type": "Feature", "properties": { "BUS_STOP_N": "64149", "LOC_DESC": "LP 137" }, "geometry": { "type": "Point", "coordinates": [ 36413.998499999754131, 38566.944199999794364 ] } },
{ "type": "Feature", "properties": { "BUS_STOP_N": "61119", "LOC_DESC": "BLK 103B" }, "geometry": { "type": "Point", "coordinates": [ 32281.105399999767542, 35295.164499999955297 ] } },
{ "type": "Feature", "properties": { "BUS_STOP_N": "13089", "LOC_DESC": "OPP ST. THOMAS WK" }, "geometry": { "type": "Point", "coordinates": [ 28303.287100000306964, 30901.451199999079108 ] } },
{ "type": "Feature", "properties": { "BUS_STOP_N": "23041", "LOC_DESC": "OPP JURONG CAMP" }, "geometry": { "type": "Point", "coordinates": [ 12102.244199999608099, 35055.68099999986589 ] } },
{ "type": "Feature", "properties": { "BUS_STOP_N": "33031", "LOC_DESC": "AFT JLN BAHTERA" }, "geometry": { "type": "Point", "coordinates": [ 13635.868300000205636, 45088.382699999958277 ] } },
{ "type": "Feature", "properties": { "BUS_STOP_N": "26211", "LOC_DESC": "FRAMO S'PORE PTE LTD" }, "geometry": { "type": "Point", "coordinates": [ 6133.655100000090897, 30388.875399999320507 ] } },
{ "type": "Feature", "properties": { "BUS_STOP_N": "68069", "LOC_DESC": "OPP SING CHINA BLDG" }, "geometry": { "type": "Point", "coordinates": [ 32334.442800000309944, 43262.853000000119209 ] } },
{ "type": "Feature", "properties": { "BUS_STOP_N": "54359", "LOC_DESC": "BLK 502" }, "geometry": { "type": "Point", "coordinates": [ 29851.110700000077486, 39793.679300000891089 ] } },
{ "type": "Feature", "properties": { "BUS_STOP_N": "25111", "LOC_DESC": "AFT TUAS AVE 10" }, "geometry": { "type": "Point", "coordinates": [ 7579.918300000019372, 34954.862999999895692 ] } },
{ "type": "Feature", "properties": { "BUS_STOP_N": "55131", "LOC_DESC": "BLK 612" }, "geometry": { "type": "Point", "coordinates": [ 28711.375199999660254, 40119.394899999722838 ] } },
{ "type": "Feature", "properties": { "BUS_STOP_N": "58309", "LOC_DESC": "OPP 3M BLDG" }, "geometry": { "type": "Point", "coordinates": [ 25441.24170000012964, 47369.242900000885129 ] } },
{ "type": "Feature", "properties": { "BUS_STOP_N": "28491", "LOC_DESC": "OPP JURONG POLYCLINIC" }, "geometry": { "type": "Point", "coordinates": [ 16587.031000000424683, 36801.539100000634789 ] } },
{ "type": "Feature", "properties": { "BUS_STOP_N": "33011", "LOC_DESC": "B19 LIM CHU KANG RD" }, "geometry": { "type": "Point", "coordinates": [ 13413.885599999688566, 44602.89780000038445 ] } },
{ "type": "Feature", "properties": { "BUS_STOP_N": "67229", "LOC_DESC": "RUMBIA STN EXIT A" }, "geometry": { "type": "Point", "coordinates": [ 36092.682000000029802, 41454.975999999791384 ] } },
{ "type": "Feature", "properties": { "BUS_STOP_N": "53241", "LOC_DESC": "OPP BLK 217" }, "geometry": { "type": "Point", "coordinates": [ 29847.174999999813735, 37575.58699999935925 ] } },
{ "type": "Feature", "properties": { "BUS_STOP_N": "17059", "LOC_DESC": "REGENT PK" }, "geometry": { "type": "Point", "coordinates": [ 20014.498100000433624, 33238.525900000706315 ] } },
{ "type": "Feature", "properties": { "BUS_STOP_N": "53281", "LOC_DESC": "BLK 169" }, "geometry": { "type": "Point", "coordinates": [ 30340.171699999831617, 36547.572300000116229 ] } },
{ "type": "Feature", "properties": { "BUS_STOP_N": "21629", "LOC_DESC": "BLK 334" }, "geometry": { "type": "Point", "coordinates": [ 15684.940899999812245, 35743.585200000554323 ] } },
{ "type": "Feature", "properties": { "BUS_STOP_N": "24179", "LOC_DESC": "OPP HONG HOCK HARDWARE" }, "geometry": { "type": "Point", "coordinates": [ 9251.557000000029802, 32414.279799999669194 ] } },
{ "type": "Feature", "properties": { "BUS_STOP_N": "43751", "LOC_DESC": "OPP BLK 443D" }, "geometry": { "type": "Point", "coordinates": [ 17230.533499999903142, 37556.12529999949038 ] } },
{ "type": "Feature", "properties": { "BUS_STOP_N": "92309", "LOC_DESC": "EAST COAST APTS" }, "geometry": { "type": "Point", "coordinates": [ 36832.792899999767542, 32290.391799999400973 ] } },
{ "type": "Feature", "properties": { "BUS_STOP_N": "77061", "LOC_DESC": "RIS GRANDEUR" }, "geometry": { "type": "Point", "coordinates": [ 39914.253299999982119, 39524.689600000157952 ] } },
{ "type": "Feature", "properties": { "BUS_STOP_N": "46781", "LOC_DESC": "BEF ADMIRALTY PR SCH" }, "geometry": { "type": "Point", "coordinates": [ 24425.951899999752641, 47154.64299999922514 ] } },
{ "type": "Feature", "properties": { "BUS_STOP_N": "24159", "LOC_DESC": "AFT JOO KOON RD" }, "geometry": { "type": "Point", "coordinates": [ 10562.755499999970198, 34347.683599999174476 ] } },
{ "type": "Feature", "properties": { "BUS_STOP_N": "25331", "LOC_DESC": "CHUGOKU MARINE PAINTS" }, "geometry": { "type": "Point", "coordinates": [ 8019.662399999797344, 33605.214900000020862 ] } },
{ "type": "Feature", "properties": { "BUS_STOP_N": "58301", "LOC_DESC": "3M BLDG" }, "geometry": { "type": "Point", "coordinates": [ 25469.217000000178814, 47390.382200000807643 ] } },
{ "type": "Feature", "properties": { "BUS_STOP_N": "28299", "LOC_DESC": "BLK 253" }, "geometry": { "type": "Point", "coordinates": [ 17262.442400000058115, 36310.360500000417233 ] } },
{ "type": "Feature", "properties": { "BUS_STOP_N": "46141", "LOC_DESC": "BLK 32" }, "geometry": { "type": "Point", "coordinates": [ 21317.240899999625981, 47258.349600000306964 ] } },
{ "type": "Feature", "properties": { "BUS_STOP_N": "60161", "LOC_DESC": "ST. MICHAEL'S PL" }, "geometry": { "type": "Point", "coordinates": [ 31593.596599999815226, 34116.806700000539422 ] } },
{ "type": "Feature", "properties": { "BUS_STOP_N": "91111", "LOC_DESC": "CP B1" }, "geometry": { "type": "Point", "coordinates": [ 34585.855200000107288, 30859.905999999493361 ] } },
{ "type": "Feature", "properties": { "BUS_STOP_N": "92121", "LOC_DESC": "OPP THE HOLY FAMILY CH" }, "geometry": { "type": "Point", "coordinates": [ 36159.773199999704957, 32167.638900000602007 ] } },
{ "type": "Feature", "properties": { "BUS_STOP_N": "26221", "LOC_DESC": "OPP YLS STEEL" }, "geometry": { "type": "Point", "coordinates": [ 6152.315499999560416, 30631.027699999511242 ] } },
{ "type": "Feature", "properties": { "BUS_STOP_N": "54061", "LOC_DESC": "BLK 244" }, "geometry": { "type": "Point", "coordinates": [ 28088.362300000153482, 38809.664799999445677 ] } },
{ "type": "Feature", "properties": { "BUS_STOP_N": "65201", "LOC_DESC": "OPP BLK 201A" }, "geometry": { "type": "Point", "coordinates": [ 35824.699199999682605, 42520.835699999704957 ] } },
{ "type": "Feature", "properties": { "BUS_STOP_N": "63159", "LOC_DESC": "HIGHLAND CTR" }, "geometry": { "type": "Point", "coordinates": [ 32866.185300000011921, 37467.252299999818206 ] } },
{ "type": "Feature", "properties": { "BUS_STOP_N": "83151", "LOC_DESC": "PARKWAY EAST HOSP" }, "geometry": { "type": "Point", "coordinates": [ 36441.948200000450015, 33018.291400000452995 ] } },
{ "type": "Feature", "properties": { "BUS_STOP_N": "81209", "LOC_DESC": "GEYLANG METH PR SCH" }, "geometry": { "type": "Point", "coordinates": [ 33678.152300000190735, 33410.330099999904633 ] } },
{ "type": "Feature", "properties": { "BUS_STOP_N": "47511", "LOC_DESC": "BLK 554" }, "geometry": { "type": "Point", "coordinates": [ 23897.099000000394881, 45960.268500000238419 ] } },
{ "type": "Feature", "properties": { "BUS_STOP_N": "95189", "LOC_DESC": "EXPEDITORS" }, "geometry": { "type": "Point", "coordinates": [ 46706.925699999555945, 40074.370400000363588 ] } },
{ "type": "Feature", "properties": { "BUS_STOP_N": "67581", "LOC_DESC": "BLK 319A" }, "geometry": { "type": "Point", "coordinates": [ 34278.885999999940395, 41435.349199999123812 ] } },
{ "type": "Feature", "properties": { "BUS_STOP_N": "68129", "LOC_DESC": "AFT  WEST CAMP ROAD" }, "geometry": { "type": "Point", "coordinates": [ 31076.891900000162423, 43046.891799999400973 ] } },
{ "type": "Feature", "properties": { "BUS_STOP_N": "10301", "LOC_DESC": "OPP BLK 108" }, "geometry": { "type": "Point", "coordinates": [ 25506.332799999974668, 30961.302699999883771 ] } },
{ "type": "Feature", "properties": { "BUS_STOP_N": "23379", "LOC_DESC": "OPP JOO KOON INT" }, "geometry": { "type": "Point", "coordinates": [ 10878.321999999694526, 34303.685000000521541 ] } },
{ "type": "Feature", "properties": { "BUS_STOP_N": "27539", "LOC_DESC": "BEF XINGNAN PRI SCH" }, "geometry": { "type": "Point", "coordinates": [ 11702.349100000225008, 35870.399000000208616 ] } },
{ "type": "Feature", "properties": { "BUS_STOP_N": "27501", "LOC_DESC": "NTUC HEALTH NURSING HOME" }, "geometry": { "type": "Point", "coordinates": [ 12242.444899999536574, 35898.12639999948442 ] } },
{ "type": "Feature", "properties": { "BUS_STOP_N": "27529", "LOC_DESC": "OPP BLK 987A" }, "geometry": { "type": "Point", "coordinates": [ 12505.261900000274181, 35382.256100000813603 ] } },
{ "type": "Feature", "properties": { "BUS_STOP_N": "27509", "LOC_DESC": "BEF YUNNAN CRES" }, "geometry": { "type": "Point", "coordinates": [ 12207.869599999859929, 35847.237299999222159 ] } },
{ "type": "Feature", "properties": { "BUS_STOP_N": "23371", "LOC_DESC": "BEF JOO KOON INT" }, "geometry": { "type": "Point", "coordinates": [ 10834.701000000350177, 34250.198000000789762 ] } },
{ "type": "Feature", "properties": { "BUS_STOP_N": "59651", "LOC_DESC": "Blk 348B" }, "geometry": { "type": "Point", "coordinates": [ 28941.227400000207126, 45428.470200000330806 ] } },
{ "type": "Feature", "properties": { "BUS_STOP_N": "75149", "LOC_DESC": "BLK 867A" }, "geometry": { "type": "Point", "coordinates": [ 39162.363199999555945, 37564.312300000339746 ] } },
{ "type": "Feature", "properties": { "BUS_STOP_N": "77289", "LOC_DESC": "BLK 738" }, "geometry": { "type": "Point", "coordinates": [ 39411.884700000286102, 40102.829700000584126 ] } },
{ "type": "Feature", "properties": { "BUS_STOP_N": "45381", "LOC_DESC": "BLK 673A" }, "geometry": { "type": "Point", "coordinates": [ 18444.933299999684095, 42520.593800000846386 ] } },
{ "type": "Feature", "properties": { "BUS_STOP_N": "24499", "LOC_DESC": "PANASONIC IND DEVICES" }, "geometry": { "type": "Point", "coordinates": [ 10285.299499999731779, 34244.097699999809265 ] } },
{ "type": "Feature", "properties": { "BUS_STOP_N": "27521", "LOC_DESC": "BLK 986 CP" }, "geometry": { "type": "Point", "coordinates": [ 12506.629599999636412, 35443.04700000025332 ] } },
{ "type": "Feature", "properties": { "BUS_STOP_N": "46509", "LOC_DESC": "MARSILING PK" }, "geometry": { "type": "Point", "coordinates": [ 21059.429800000041723, 46645.068399999290705 ] } },
{ "type": "Feature", "properties": { "BUS_STOP_N": "46171", "LOC_DESC": "OPP BLK 19" }, "geometry": { "type": "Point", "coordinates": [ 21845.28830000013113, 47307.619799999520183 ] } },
{ "type": "Feature", "properties": { "BUS_STOP_N": "53379", "LOC_DESC": "BLK 245" }, "geometry": { "type": "Point", "coordinates": [ 29179.934999999590218, 38021.760900000110269 ] } },
{ "type": "Feature", "properties": { "BUS_STOP_N": "63031", "LOC_DESC": "KOVAN STN EXIT B" }, "geometry": { "type": "Point", "coordinates": [ 33782.911799999885261, 38072.694099999964237 ] } },
{ "type": "Feature", "properties": { "BUS_STOP_N": "11451", "LOC_DESC": "BLK 72" }, "geometry": { "type": "Point", "coordinates": [ 23959.747000000439584, 31416.79619999974966 ] } },
{ "type": "Feature", "properties": { "BUS_STOP_N": "59529", "LOC_DESC": "OPP YISHUN EMERALD" }, "geometry": { "type": "Point", "coordinates": [ 27834.002600000239909, 46889.182900000363588 ] } },
{ "type": "Feature", "properties": { "BUS_STOP_N": "49219", "LOC_DESC": "OPP PUB QUARTER" }, "geometry": { "type": "Point", "coordinates": [ 17077.966300000436604, 46696.698799999430776 ] } },
{ "type": "Feature", "properties": { "BUS_STOP_N": "55129", "LOC_DESC": "BLK 604" }, "geometry": { "type": "Point", "coordinates": [ 28245.678999999538064, 40161.070800000801682 ] } },
{ "type": "Feature", "properties": { "BUS_STOP_N": "77051", "LOC_DESC": "BLK 115" }, "geometry": { "type": "Point", "coordinates": [ 41556.979100000113249, 39014.367900000885129 ] } },
{ "type": "Feature", "properties": { "BUS_STOP_N": "78201", "LOC_DESC": "OPP BLK 242" }, "geometry": { "type": "Point", "coordinates": [ 42331.817900000140071, 39259.101099999621511 ] } },
{ "type": "Feature", "properties": { "BUS_STOP_N": "76391", "LOC_DESC": "BLK 418" }, "geometry": { "type": "Point", "coordinates": [ 40702.292299999855459, 37837.530300000682473 ] } },
{ "type": "Feature", "properties": { "BUS_STOP_N": "78151", "LOC_DESC": "BLK 230" }, "geometry": { "type": "Point", "coordinates": [ 42182.834300000220537, 39370.581599999219179 ] } },
{ "type": "Feature", "properties": { "BUS_STOP_N": "45201", "LOC_DESC": "OPP POLICE TACTICAL TRG CAMP" }, "geometry": { "type": "Point", "coordinates": [ 20500.482200000435114, 43588.42339999973774 ] } },
{ "type": "Feature", "properties": { "BUS_STOP_N": "67081", "LOC_DESC": "AFT YIO CHU KANG RD" }, "geometry": { "type": "Point", "coordinates": [ 31998.13289999961853, 41345.253599999472499 ] } },
{ "type": "Feature", "properties": { "BUS_STOP_N": "11449", "LOC_DESC": "BLK 37B" }, "geometry": { "type": "Point", "coordinates": [ 24030.644000000320375, 31190.072000000625849 ] } },
{ "type": "Feature", "properties": { "BUS_STOP_N": "57039", "LOC_DESC": "SPIRITUAL GRACE PRESBY CH" }, "geometry": { "type": "Point", "coordinates": [ 26520.801599999889731, 43111.407800000160933 ] } },
{ "type": "Feature", "properties": { "BUS_STOP_N": "21159", "LOC_DESC": "SIN SOON HUAT" }, "geometry": { "type": "Point", "coordinates": [ 15438.974000000394881, 33432.962999999523163 ] } },
{ "type": "Feature", "properties": { "BUS_STOP_N": "67291", "LOC_DESC": "RENJONG STATION EXIT B" }, "geometry": { "type": "Point", "coordinates": [ 34286.020999999716878, 41009.610799999907613 ] } },
{ "type": "Feature", "properties": { "BUS_STOP_N": "67299", "LOC_DESC": "RENJONG STN EXIT A" }, "geometry": { "type": "Point", "coordinates": [ 34274.591000000014901, 40974.596899999305606 ] } },
{ "type": "Feature", "properties": { "BUS_STOP_N": "66611", "LOC_DESC": "BLK 985A" }, "geometry": { "type": "Point", "coordinates": [ 33203.984699999913573, 40319.787299999967217 ] } },
{ "type": "Feature", "properties": { "BUS_STOP_N": "47659", "LOC_DESC": "BLKS 685A" }, "geometry": { "type": "Point", "coordinates": [ 24902.338000000454485, 47010.457100000232458 ] } },
{ "type": "Feature", "properties": { "BUS_STOP_N": "28651", "LOC_DESC": "OPP IMM BLDG" }, "geometry": { "type": "Point", "coordinates": [ 18498.043700000271201, 35252.054800000041723 ] } },
{ "type": "Feature", "properties": { "BUS_STOP_N": "47651", "LOC_DESC": "BLK 684B" }, "geometry": { "type": "Point", "coordinates": [ 24876.627799999900162, 47034.35869999974966 ] } },
{ "type": "Feature", "properties": { "BUS_STOP_N": "66619", "LOC_DESC": "BLK 981B" }, "geometry": { "type": "Point", "coordinates": [ 33204.437699999660254, 40301.316700000315905 ] } },
{ "type": "Feature", "properties": { "BUS_STOP_N": "59819", "LOC_DESC": "BLK 467C" }, "geometry": { "type": "Point", "coordinates": [ 30071.361899999901652, 45419.577500000596046 ] } },
{ "type": "Feature", "properties": { "BUS_STOP_N": "59701", "LOC_DESC": "OPP SAFRA YISHUN" }, "geometry": { "type": "Point", "coordinates": [ 28773.5625, 45250.912799999117851 ] } },
{ "type": "Feature", "properties": { "BUS_STOP_N": "59691", "LOC_DESC": "BEF BLK 935" }, "geometry": { "type": "Point", "coordinates": [ 28302.291199999861419, 45174.978499999269843 ] } },
{ "type": "Feature", "properties": { "BUS_STOP_N": "75488", "LOC_DESC": "OPP BLK 609D" }, "geometry": { "type": "Point", "coordinates": [ 39671.907999999821186, 38440.329800000414252 ] } },
{ "type": "Feature", "properties": { "BUS_STOP_N": "46961", "LOC_DESC": "BLK 547" }, "geometry": { "type": "Point", "coordinates": [ 23502.242200000211596, 45803.025900000706315 ] } },
{ "type": "Feature", "properties": { "BUS_STOP_N": "46669", "LOC_DESC": "W'LANDS PR SCH" }, "geometry": { "type": "Point", "coordinates": [ 23378.808299999684095, 46567.448499999940395 ] } },
{ "type": "Feature", "properties": { "BUS_STOP_N": "65061", "LOC_DESC": "BLK 298A" }, "geometry": { "type": "Point", "coordinates": [ 35628.467799999751151, 41871.172100000083447 ] } },
{ "type": "Feature", "properties": { "BUS_STOP_N": "58341", "LOC_DESC": "BLK 405" }, "geometry": { "type": "Point", "coordinates": [ 26171.664099999703467, 48255.129200000315905 ] } },
{ "type": "Feature", "properties": { "BUS_STOP_N": "44601", "LOC_DESC": "BLK 413" }, "geometry": { "type": "Point", "coordinates": [ 20783.478500000201166, 40455.28800000064075 ] } },
{ "type": "Feature", "properties": { "BUS_STOP_N": "28169", "LOC_DESC": "AFT HONG KAH FLYOVER" }, "geometry": { "type": "Point", "coordinates": [ 15344.138299999758601, 37581.964999999850988 ] } },
{ "type": "Feature", "properties": { "BUS_STOP_N": "12111", "LOC_DESC": "BEF CLEMENTI RD" }, "geometry": { "type": "Point", "coordinates": [ 21220.482800000347197, 33489.593699999153614 ] } },
{ "type": "Feature", "properties": { "BUS_STOP_N": "17101", "LOC_DESC": "BLK 352" }, "geometry": { "type": "Point", "coordinates": [ 21153.925400000065565, 32992.027899999171495 ] } },
{ "type": "Feature", "properties": { "BUS_STOP_N": "50279", "LOC_DESC": "FARRER PK STN EXIT D" }, "geometry": { "type": "Point", "coordinates": [ 30152.43859999999404, 32748.170399999246001 ] } },
{ "type": "Feature", "properties": { "BUS_STOP_N": "67059", "LOC_DESC": "SELETAR HILLS EST" }, "geometry": { "type": "Point", "coordinates": [ 32425.485100000165403, 40992.635800000280142 ] } },
{ "type": "Feature", "properties": { "BUS_STOP_N": "65719", "LOC_DESC": null }, "geometry": { "type": "Point", "coordinates": [ 36701.61699999962002, 44318.951999999582767 ] } },
{ "type": "Feature", "properties": { "BUS_STOP_N": "65711", "LOC_DESC": null }, "geometry": { "type": "Point", "coordinates": [ 36731.012299999594688, 44328.780999999493361 ] } },
{ "type": "Feature", "properties": { "BUS_STOP_N": "24619", "LOC_DESC": "OPP MARINTEKNIK" }, "geometry": { "type": "Point", "coordinates": [ 7886.968100000172853, 32606.976999999955297 ] } },
{ "type": "Feature", "properties": { "BUS_STOP_N": "24611", "LOC_DESC": "BEF MARINTEKNIK" }, "geometry": { "type": "Point", "coordinates": [ 7873.583100000396371, 32566.273199999704957 ] } },
{ "type": "Feature", "properties": { "BUS_STOP_N": "80151", "LOC_DESC": null }, "geometry": { "type": "Point", "coordinates": [ 30702.851700000464916, 30952.917700000107288 ] } },
{ "type": "Feature", "properties": { "BUS_STOP_N": "91059", "LOC_DESC": "AFT MARGATE RD" }, "geometry": { "type": "Point", "coordinates": [ 34116.885999999940395, 31431.708599999547005 ] } },
{ "type": "Feature", "properties": { "BUS_STOP_N": "75559", "LOC_DESC": "BLK 646B" }, "geometry": { "type": "Point", "coordinates": [ 40219.214100000448525, 38725.391100000590086 ] } },
{ "type": "Feature", "properties": { "BUS_STOP_N": "75561", "LOC_DESC": "BLK 648C" }, "geometry": { "type": "Point", "coordinates": [ 40014.196000000461936, 38738.882999999448657 ] } },
{ "type": "Feature", "properties": { "BUS_STOP_N": "46561", "LOC_DESC": "Blk 183C" }, "geometry": { "type": "Point", "coordinates": [ 21764.583399999886751, 46281.303099999204278 ] } },
{ "type": "Feature", "properties": { "BUS_STOP_N": "46569", "LOC_DESC": "BLK 178" }, "geometry": { "type": "Point", "coordinates": [ 21782.417999999597669, 46268.119999999180436 ] } },
{ "type": "Feature", "properties": { "BUS_STOP_N": "75541", "LOC_DESC": "OPP BLK 648A" }, "geometry": { "type": "Point", "coordinates": [ 40051.373999999836087, 38931.574699999764562 ] } },
{ "type": "Feature", "properties": { "BUS_STOP_N": "75549", "LOC_DESC": "BLK 648A" }, "geometry": { "type": "Point", "coordinates": [ 40029.066999999806285, 38913.895500000566244 ] } },
{ "type": "Feature", "properties": { "BUS_STOP_N": "61099", "LOC_DESC": "POTONG PASIR CC" }, "geometry": { "type": "Point", "coordinates": [ 31761.603699999861419, 34952.50730000063777 ] } },
{ "type": "Feature", "properties": { "BUS_STOP_N": "46579", "LOC_DESC": "BLK 154" }, "geometry": { "type": "Point", "coordinates": [ 21577.121000000275671, 46280.106799999251962 ] } },
{ "type": "Feature", "properties": { "BUS_STOP_N": "65561", "LOC_DESC": "BLK 659A" }, "geometry": { "type": "Point", "coordinates": [ 37674.973699999973178, 42485.896500000730157 ] } },
{ "type": "Feature", "properties": { "BUS_STOP_N": "50121", "LOC_DESC": "NATL SKIN CTR" }, "geometry": { "type": "Point", "coordinates": [ 29787.189100000075996, 33510.568299999460578 ] } },
{ "type": "Feature", "properties": { "BUS_STOP_N": "50129", "LOC_DESC": "OPP NATL SKIN CTR" }, "geometry": { "type": "Point", "coordinates": [ 29764.562599999830127, 33468.997300000861287 ] } },
{ "type": "Feature", "properties": { "BUS_STOP_N": "10119", "LOC_DESC": "OPP PACIFIC TECH CTR" }, "geometry": { "type": "Point", "coordinates": [ 25550.853000000119209, 29820.091000000014901 ] } },
{ "type": "Feature", "properties": { "BUS_STOP_N": "10441", "LOC_DESC": "OPP BLK 44" }, "geometry": { "type": "Point", "coordinates": [ 25581.583999999798834, 29892.832000000402331 ] } },
{ "type": "Feature", "properties": { "BUS_STOP_N": "40439", "LOC_DESC": "OPP BLK 236A" }, "geometry": { "type": "Point", "coordinates": [ 16624.382699999958277, 38136.100099999457598 ] } },
{ "type": "Feature", "properties": { "BUS_STOP_N": "18241", "LOC_DESC": "7 SCI PK DR (GENEO)" }, "geometry": { "type": "Point", "coordinates": [ 22851.905100000090897, 30368.771099999547005 ] } },
{ "type": "Feature", "properties": { "BUS_STOP_N": "65489", "LOC_DESC": "ONE PUNGGOL" }, "geometry": { "type": "Point", "coordinates": [ 36049.628499999642372, 43339.635600000619888 ] } },
{ "type": "Feature", "properties": { "BUS_STOP_N": "27271", "LOC_DESC": "BLK 962" }, "geometry": { "type": "Point", "coordinates": [ 12213.4222999997437, 36031.456299999728799 ] } },
{ "type": "Feature", "properties": { "BUS_STOP_N": "27279", "LOC_DESC": "BLK 953" }, "geometry": { "type": "Point", "coordinates": [ 12180.36849999986589, 36028.9543999992311 ] } },
{ "type": "Feature", "properties": { "BUS_STOP_N": "84069", "LOC_DESC": "BLK 55" }, "geometry": { "type": "Point", "coordinates": [ 40103.635300000198185, 34192.6875 ] } },
{ "type": "Feature", "properties": { "BUS_STOP_N": "44701", "LOC_DESC": "BLK 548B" }, "geometry": { "type": "Point", "coordinates": [ 20840.851099999621511, 41256.115599999204278 ] } },
{ "type": "Feature", "properties": { "BUS_STOP_N": "44691", "LOC_DESC": "BLK 485" }, "geometry": { "type": "Point", "coordinates": [ 21101.169300000183284, 41143.590199999511242 ] } },
{ "type": "Feature", "properties": { "BUS_STOP_N": "53391", "LOC_DESC": "OPP BLK 203" }, "geometry": { "type": "Point", "coordinates": [ 29522.944600000046194, 37387.498700000345707 ] } },
{ "type": "Feature", "properties": { "BUS_STOP_N": "53399", "LOC_DESC": "BLK 202" }, "geometry": { "type": "Point", "coordinates": [ 29530.121000000275671, 37410.254200000315905 ] } },
{ "type": "Feature", "properties": { "BUS_STOP_N": "67539", "LOC_DESC": "BLK 122C" }, "geometry": { "type": "Point", "coordinates": [ 36153.300999999977648, 41075.64159999974072 ] } },
{ "type": "Feature", "properties": { "BUS_STOP_N": "44449", "LOC_DESC": "PALM GDNS" }, "geometry": { "type": "Point", "coordinates": [ 18460.383399999700487, 40096.407199999317527 ] } },
{ "type": "Feature", "properties": { "BUS_STOP_N": "65161", "LOC_DESC": "MERDIAN STN EXIT B" }, "geometry": { "type": "Point", "coordinates": [ 36394.421799999661744, 42123.599999999627471 ] } },
{ "type": "Feature", "properties": { "BUS_STOP_N": "67481", "LOC_DESC": "FERNVALE STN/BLK 439A" }, "geometry": { "type": "Point", "coordinates": [ 32944.993700000457466, 41494.766699999570847 ] } },
{ "type": "Feature", "properties": { "BUS_STOP_N": "65169", "LOC_DESC": "MERIDIAN STN EXIT A" }, "geometry": { "type": "Point", "coordinates": [ 36444.395299999974668, 42044.379699999466538 ] } },
{ "type": "Feature", "properties": { "BUS_STOP_N": "65309", "LOC_DESC": "DAMAI STN EXIT A" }, "geometry": { "type": "Point", "coordinates": [ 36448.548299999907613, 42980.631300000473857 ] } },
{ "type": "Feature", "properties": { "BUS_STOP_N": "65381", "LOC_DESC": "PUNGGOL SEC SCH" }, "geometry": { "type": "Point", "coordinates": [ 36509.567499999888241, 42661.546599999070168 ] } },
{ "type": "Feature", "properties": { "BUS_STOP_N": "44191", "LOC_DESC": "OPP BLK 171" }, "geometry": { "type": "Point", "coordinates": [ 20615.396999999880791, 40082.589700000360608 ] } }
]
}
